{"features":[{"type":"Feature","geometry":{"type":"Point","coordinates":[139.6787834985,35.5136526163]},"properties":{"名称":"関東地方整備局京浜河川事務所","種類":"国の機関","高さ":"16"}},{"type":"Feature","geometry":{"type":"Point","coordinates":[139.6813712787,35.5106475662]},"properties":{"名称":"神奈川労働局鶴見労働基準監督署","種類":"国の機関","高さ":"11.1"}},{"type":"Feature","geometry":{"type":"Point","coordinates":[139.6863851683,35.5078716651]},"properties":{"名称":"関東地方整備局京浜河川事務所鶴見出張所","種類":"国の機関","高さ":"7.7"}},{"type":"Feature","geometry":{"type":"Point","coordinates":[139.6806827382,35.5066571662]},"properties":{"名称":"東京国税局鶴見税務署","種類":"国の機関","高さ":"11.3"}},{"type":"Feature","geometry":{"type":"Point","coordinates":[139.682395278,35.5084960153]},"properties":{"名称":"横浜市鶴見区役所","種類":"地方の機関","高さ":"36"}},{"type":"Feature","geometry":{"type":"Point","coordinates":[139.6817751585,35.5081080056]},"properties":{"名称":"鶴見警察署","種類":"警察署","高さ":"19.7"}},{"type":"Feature","geometry":{"type":"Point","coordinates":[139.6523994784,35.5311038404]},"properties":{"名称":"鶴見警察署駒岡交番","種類":"警察署","高さ":"4.5"}},{"type":"Feature","geometry":{"type":"Point","coordinates":[139.653259774,35.5038267279]},"properties":{"名称":"鶴見警察署向谷交番","種類":"警察署","高さ":"4.3"}},{"type":"Feature","geometry":{"type":"Point","coordinates":[139.6874687404,35.5167303259]},"properties":{"名称":"鶴見警察署市場交番","種類":"警察署","高さ":"6"}},{"type":"Feature","geometry":{"type":"Point","coordinates":[139.6654929103,35.5327874591]},"properties":{"名称":"鶴見警察署上末吉交番","種類":"警察署","高さ":"5.5"}},{"type":"Feature","geometry":{"type":"Point","coordinates":[139.6847017304,35.5235047164]},"properties":{"名称":"鶴見警察署尻手交番","種類":"警察署","高さ":"6.4"}},{"type":"Feature","geometry":{"type":"Point","coordinates":[139.6899495383,35.5032857245]},"properties":{"名称":"鶴見警察署潮田交番","種類":"警察署","高さ":"6.6"}},{"type":"Feature","geometry":{"type":"Point","coordinates":[139.6757273879,35.508468396]},"properties":{"名称":"鶴見警察署鶴見駅西口交番","種類":"警察署","高さ":"6.2"}},{"type":"Feature","geometry":{"type":"Point","coordinates":[139.6773581378,35.5082183366]},"properties":{"名称":"鶴見警察署鶴見駅前交番","種類":"警察署","高さ":"6.6"}},{"type":"Feature","geometry":{"type":"Point","coordinates":[139.6644217469,35.5101666878]},"properties":{"名称":"鶴見警察署東寺尾交番","種類":"警察署","高さ":"5.4"}},{"type":"Feature","geometry":{"type":"Point","coordinates":[139.6468718456,35.5161978998]},"properties":{"名称":"鶴見警察署北寺尾駐在所","種類":"警察署","高さ":"7.5"}},{"type":"Feature","geometry":{"type":"Point","coordinates":[139.6861632074,35.5008985444]},"properties":{"名称":"鶴見警察署本町通交番","種類":"警察署","高さ":"5.9"}},{"type":"Feature","geometry":{"type":"Point","coordinates":[139.6723602495,35.5215574478]},"properties":{"名称":"鶴見警察署末吉交番","種類":"警察署","高さ":"6.3"}},{"type":"Feature","geometry":{"type":"Point","coordinates":[139.6806564926,35.5386424583]},"properties":{"名称":"鶴見警察署矢向駅前交番","種類":"警察署","高さ":"5.6"}},{"type":"Feature","geometry":{"type":"Point","coordinates":[139.681016573,35.5318266938]},"properties":{"名称":"鶴見警察署矢向交番","種類":"警察署","高さ":"9.3"}},{"type":"Feature","geometry":{"type":"Point","coordinates":[139.6951989181,35.5000168535]},"properties":{"名称":"横浜市消防局鶴見消防署入船消防出張所","種類":"消防署","高さ":"13"}},{"type":"Feature","geometry":{"type":"Point","coordinates":[139.6775626365,35.5029962654]},"properties":{"名称":"横浜市消防局鶴見消防署生麦消防出張所","種類":"消防署","高さ":"7.9"}},{"type":"Feature","geometry":{"type":"Point","coordinates":[139.6546623558,35.5150260589]},"properties":{"名称":"横浜市消防局鶴見消防署寺尾消防出張所","種類":"消防署","高さ":"6.9"}},{"type":"Feature","geometry":{"type":"Point","coordinates":[139.6525332578,35.5304363707]},"properties":{"名称":"横浜市消防局鶴見消防署駒岡消防出張所","種類":"消防署","高さ":"17.2"}},{"type":"Feature","geometry":{"type":"Point","coordinates":[139.6808653723,35.5356562781]},"properties":{"名称":"横浜市消防局鶴見消防署矢向消防出張所","種類":"消防署","高さ":"7"}},{"type":"Feature","geometry":{"type":"Point","coordinates":[139.6827008883,35.5081027256]},"properties":{"名称":"横浜市消防局鶴見消防署","種類":"消防署","高さ":"14.2"}},{"type":"Feature","geometry":{"type":"Point","coordinates":[139.6738928988,35.5165379272]},"properties":{"名称":"横浜市消防局鶴見消防署末吉消防出張所","種類":"消防署","高さ":"8.3"}},{"type":"Feature","geometry":{"type":"Point","coordinates":[139.6548416961,35.516228109]},"properties":{"名称":"市立旭小学校","種類":"学校","高さ":"10.9"}},{"type":"Feature","geometry":{"type":"Point","coordinates":[139.67514976,35.5228645376]},"properties":{"名称":"市立下末吉小学校","種類":"学校","高さ":"10.8"}},{"type":"Feature","geometry":{"type":"Point","coordinates":[139.6827052801,35.5228089768]},"properties":{"名称":"市立市場小学校","種類":"学校","高さ":"14.7"}},{"type":"Feature","geometry":{"type":"Point","coordinates":[139.6540662947,35.5071701287]},"properties":{"名称":"市立上寺尾小学校","種類":"学校","高さ":"15"}},{"type":"Feature","geometry":{"type":"Point","coordinates":[139.6621498199,35.5343090001]},"properties":{"名称":"市立上末吉小学校","種類":"学校","高さ":"14.4"}},{"type":"Feature","geometry":{"type":"Point","coordinates":[139.6766220408,35.5328367481]},"properties":{"名称":"市立新鶴見小学校","種類":"学校","高さ":"13.9"}},{"type":"Feature","geometry":{"type":"Point","coordinates":[139.6899829586,35.5068645247]},"properties":{"名称":"市立潮田小学校","種類":"学校","高さ":"11.3"}},{"type":"Feature","geometry":{"type":"Point","coordinates":[139.684071879,35.5092219759]},"properties":{"名称":"市立鶴見小学校","種類":"学校","高さ":"14.2"}},{"type":"Feature","geometry":{"type":"Point","coordinates":[139.664337046,35.5037846475]},"properties":{"名称":"市立東台小学校","種類":"学校","高さ":"7.4"}},{"type":"Feature","geometry":{"type":"Point","coordinates":[139.6928280686,35.5012217143]},"properties":{"名称":"市立入船小学校","種類":"学校","高さ":"10.9"}},{"type":"Feature","geometry":{"type":"Point","coordinates":[139.644343994,35.5099201397]},"properties":{"名称":"市立馬場小学校","種類":"学校","高さ":"11.2"}},{"type":"Feature","geometry":{"type":"Point","coordinates":[139.69206641,35.5123367349]},"properties":{"名称":"市立平安小学校","種類":"学校","高さ":"7.2"}},{"type":"Feature","geometry":{"type":"Point","coordinates":[139.6750391481,35.5126286467]},"properties":{"名称":"市立豊岡小学校","種類":"学校","高さ":"11"}},{"type":"Feature","geometry":{"type":"Point","coordinates":[139.6695108691,35.5246701081]},"properties":{"名称":"市立末吉小学校","種類":"学校","高さ":"11"}},{"type":"Feature","geometry":{"type":"Point","coordinates":[139.6790387515,35.5333923077]},"properties":{"名称":"市立矢向小学校","種類":"学校","高さ":"11.2"}},{"type":"Feature","geometry":{"type":"Point","coordinates":[139.6832886198,35.5152256363]},"properties":{"名称":"市立市場中学校","種類":"学校","高さ":"15"}},{"type":"Feature","geometry":{"type":"Point","coordinates":[139.6591221877,35.5198828493]},"properties":{"名称":"市立寺尾中学校","種類":"学校","高さ":"7.4"}},{"type":"Feature","geometry":{"type":"Point","coordinates":[139.6388995934,35.51219791]},"properties":{"名称":"市立上の宮中学校","種類":"学校","高さ":"11.7"}},{"type":"Feature","geometry":{"type":"Point","coordinates":[139.691878619,35.506735755]},"properties":{"名称":"市立潮田中学校","種類":"学校","高さ":"11.2"}},{"type":"Feature","geometry":{"type":"Point","coordinates":[139.6846218785,35.5098923152]},"properties":{"名称":"市立鶴見中学校","種類":"学校","高さ":"11.5"}},{"type":"Feature","geometry":{"type":"Point","coordinates":[139.6641775387,35.5231423285]},"properties":{"名称":"市立末吉中学校","種類":"学校","高さ":"14.5"}},{"type":"Feature","geometry":{"type":"Point","coordinates":[139.6747062304,35.528854058]},"properties":{"名称":"市立矢向中学校","種類":"学校","高さ":"10.9"}},{"type":"Feature","geometry":{"type":"Point","coordinates":[139.6629182776,35.5193611081]},"properties":{"名称":"県立鶴見高等学校","種類":"学校","高さ":"11.4"}},{"type":"Feature","geometry":{"type":"Point","coordinates":[139.6513894638,35.5051051289]},"properties":{"名称":"市立東高等学校","種類":"学校","高さ":"14.4"}},{"type":"Feature","geometry":{"type":"Point","coordinates":[139.6587051768,35.5161145584]},"properties":{"名称":"私立白鵬女子高等学校","種類":"学校","高さ":"13.3"}},{"type":"Feature","geometry":{"type":"Point","coordinates":[139.6580343248,35.5041743181]},"properties":{"名称":"市立寺尾小学校","種類":"学校","高さ":"10.8"}},{"type":"Feature","geometry":{"type":"Point","coordinates":[139.6814344365,35.500153935]},"properties":{"名称":"市立下野谷小学校","種類":"学校","高さ":"15"}},{"type":"Feature","geometry":{"type":"Point","coordinates":[139.6996074891,35.5018946035]},"properties":{"名称":"市立寛政中学校","種類":"学校","高さ":"13"}},{"type":"Feature","geometry":{"type":"Point","coordinates":[139.6731817166,35.5046925267]},"properties":{"名称":"鶴見大学短期大学部","種類":"学校","高さ":"17.5"}},{"type":"Feature","geometry":{"type":"Point","coordinates":[139.6933053795,35.5085138748]},"properties":{"名称":"県立鶴見総合高等学校","種類":"学校","高さ":"11.3"}},{"type":"Feature","geometry":{"type":"Point","coordinates":[139.650677456,35.5168923496]},"properties":{"名称":"市立獅子ケ谷小学校","種類":"学校","高さ":"14.2"}},{"type":"Feature","geometry":{"type":"Point","coordinates":[139.654815919,35.5355826702]},"properties":{"名称":"県立鶴見養護学校","種類":"学校","高さ":"7.3"}},{"type":"Feature","geometry":{"type":"Point","coordinates":[139.6741857273,35.5059284362]},"properties":{"名称":"鶴見大学","種類":"学校","高さ":"22.7"}},{"type":"Feature","geometry":{"type":"Point","coordinates":[139.6515436758,35.5161163793]},"properties":{"名称":"私立橘学苑中学校","種類":"学校","高さ":"12.3"}},{"type":"Feature","geometry":{"type":"Point","coordinates":[139.6546882277,35.5289015298]},"properties":{"名称":"市立駒岡小学校","種類":"学校","高さ":"14.4"}},{"type":"Feature","geometry":{"type":"Point","coordinates":[139.6663599958,35.505298407]},"properties":{"名称":"私立鶴見大学附属高等学校","種類":"学校","高さ":"16.7"}},{"type":"Feature","geometry":{"type":"Point","coordinates":[139.6782117811,35.5296020275]},"properties":{"名称":"汐田総合病院","種類":"病院","高さ":"25.8"}},{"type":"Feature","geometry":{"type":"Point","coordinates":[139.6707099183,35.5188012775]},"properties":{"名称":"佐々木病院","種類":"病院","高さ":"12.2"}},{"type":"Feature","geometry":{"type":"Point","coordinates":[139.6721619984,35.5148810073]},"properties":{"名称":"徳田病院","種類":"病院","高さ":"10.3"}},{"type":"Feature","geometry":{"type":"Point","coordinates":[139.675273968,35.5105161867]},"properties":{"名称":"さいわい鶴見病院","種類":"病院","高さ":"14"}},{"type":"Feature","geometry":{"type":"Point","coordinates":[139.665385066,35.5066701476]},"properties":{"名称":"平和病院","種類":"病院","高さ":"12.7"}},{"type":"Feature","geometry":{"type":"Point","coordinates":[139.67515948,35.5238472575]},"properties":{"名称":"済生会横浜市東部病院","種類":"病院","高さ":"43.1"}},{"type":"Feature","geometry":{"type":"Point","coordinates":[139.6832329578,35.5078367555]},"properties":{"名称":"鶴見郵便局","種類":"郵便局","高さ":"18.3"}},{"type":"Feature","geometry":{"type":"Point","coordinates":[139.6545040137,35.5013071177]},"properties":{"名称":"横浜東寺尾一郵便局","種類":"郵便局","高さ":"4.3"}},{"type":"Feature","geometry":{"type":"Point","coordinates":[139.6873662181,35.501639985]},"properties":{"名称":"横浜仲通郵便局","種類":"郵便局","高さ":"14.6"}},{"type":"Feature","geometry":{"type":"Point","coordinates":[139.6971063394,35.5025243541]},"properties":{"名称":"横浜大東郵便局","種類":"郵便局","高さ":"4.6"}},{"type":"Feature","geometry":{"type":"Point","coordinates":[139.6505332842,35.5069708491]},"properties":{"名称":"横浜馬場郵便局","種類":"郵便局","高さ":"7.4"}},{"type":"Feature","geometry":{"type":"Point","coordinates":[139.6777197779,35.5094727866]},"properties":{"名称":"鶴見駅前郵便局","種類":"郵便局","高さ":"30.3"}},{"type":"Feature","geometry":{"type":"Point","coordinates":[139.6641996467,35.510113778]},"properties":{"名称":"横浜東寺尾郵便局","種類":"郵便局","高さ":"8.7"}},{"type":"Feature","geometry":{"type":"Point","coordinates":[139.6747466776,35.5117838964]},"properties":{"名称":"横浜豊岡郵便局","種類":"郵便局","高さ":"13.3"}},{"type":"Feature","geometry":{"type":"Point","coordinates":[139.69012961,35.5122333455]},"properties":{"名称":"横浜栄町通郵便局","種類":"郵便局","高さ":"9.6"}},{"type":"Feature","geometry":{"type":"Point","coordinates":[139.6428608044,35.5124828796]},"properties":{"名称":"横浜北寺尾郵便局","種類":"郵便局","高さ":"9.4"}},{"type":"Feature","geometry":{"type":"Point","coordinates":[139.6616871871,35.5173035087]},"properties":{"名称":"横浜北寺尾三郵便局","種類":"郵便局","高さ":"5.2"}},{"type":"Feature","geometry":{"type":"Point","coordinates":[139.6828354704,35.5223185467]},"properties":{"名称":"横浜元宮郵便局","種類":"郵便局","高さ":"6.6"}},{"type":"Feature","geometry":{"type":"Point","coordinates":[139.6671384995,35.5304001688]},"properties":{"名称":"横浜上末吉郵便局","種類":"郵便局","高さ":"10.2"}},{"type":"Feature","geometry":{"type":"Point","coordinates":[139.6820900415,35.5306626174]},"properties":{"名称":"尻手駅前郵便局","種類":"郵便局","高さ":"11.7"}},{"type":"Feature","geometry":{"type":"Point","coordinates":[139.678826782,35.5378987982]},"properties":{"名称":"横浜矢向郵便局","種類":"郵便局","高さ":"10"}},{"type":"Feature","geometry":{"type":"Point","coordinates":[139.6729186979,35.5145829269]},"properties":{"名称":"横浜佃野郵便局","種類":"郵便局","高さ":"7.4"}},{"type":"Feature","geometry":{"type":"Point","coordinates":[139.6519829277,35.5257203499]},"properties":{"名称":"横浜駒岡郵便局","種類":"郵便局","高さ":"9.3"}},{"type":"Feature","geometry":{"type":"Point","coordinates":[139.6681092806,35.5342261089]},"properties":{"名称":"福山通運（横浜支店）","種類":"指定公共機関","高さ":"9.9"}},{"type":"Feature","geometry":{"type":"Point","coordinates":[139.6831980085,35.5085881958]},"properties":{"名称":"東京電力パワーグリッド株式会社鶴見支社","種類":"指定公共機関","高さ":"15.4"}},{"type":"Feature","geometry":{"type":"Point","coordinates":[139.6824270708,35.4594201524]},"properties":{"名称":"横浜税関大黒埠頭出張所","種類":"国の機関","高さ":"19.2"}},{"type":"Feature","geometry":{"type":"Point","coordinates":[139.6640932239,35.4944564163]},"properties":{"名称":"鶴見警察署岸谷交番","種類":"警察署","高さ":"6.2"}},{"type":"Feature","geometry":{"type":"Point","coordinates":[139.6741180164,35.4995438158]},"properties":{"名称":"鶴見警察署生麦交番","種類":"警察署","高さ":"6.2"}},{"type":"Feature","geometry":{"type":"Point","coordinates":[139.6735659806,35.460836823]},"properties":{"名称":"横浜市消防局鶴見消防署鶴見水上消防出張所","種類":"消防署","高さ":"12.5"}},{"type":"Feature","geometry":{"type":"Point","coordinates":[139.6728693337,35.4878226747]},"properties":{"名称":"横浜市消防局鶴見消防署大黒町消防出張所","種類":"消防署","高さ":"7.4"}},{"type":"Feature","geometry":{"type":"Point","coordinates":[139.6619513943,35.4973551673]},"properties":{"名称":"横浜市消防局鶴見消防署岸谷消防出張所","種類":"消防署","高さ":"7.8"}},{"type":"Feature","geometry":{"type":"Point","coordinates":[139.6618439139,35.493531247]},"properties":{"名称":"市立岸谷小学校","種類":"学校","高さ":"14.8"}},{"type":"Feature","geometry":{"type":"Point","coordinates":[139.6877041578,35.4987919443]},"properties":{"名称":"市立汐入小学校","種類":"学校","高さ":"11.4"}},{"type":"Feature","geometry":{"type":"Point","coordinates":[139.6712050448,35.495809006]},"properties":{"名称":"市立生麦小学校","種類":"学校","高さ":"11.1"}},{"type":"Feature","geometry":{"type":"Point","coordinates":[139.659333993,35.4934044968]},"properties":{"名称":"市立生麦中学校","種類":"学校","高さ":"10.7"}},{"type":"Feature","geometry":{"type":"Point","coordinates":[139.6630473241,35.4955033965]},"properties":{"名称":"私立法政大学国際高等学校","種類":"学校","高さ":"10.7"}},{"type":"Feature","geometry":{"type":"Point","coordinates":[139.659552744,35.4985340476]},"properties":{"名称":"横浜商科大学(つるみキャンパス)","種類":"学校","高さ":"11.1"}},{"type":"Feature","geometry":{"type":"Point","coordinates":[139.6837709457,35.4887382942]},"properties":{"名称":"横浜市立大学鶴見キャンパス","種類":"学校","高さ":"26.9"}},{"type":"Feature","geometry":{"type":"Point","coordinates":[139.6784500762,35.4982941156]},"properties":{"名称":"市立横浜サイエンスフロンティア高等学校","種類":"学校","高さ":"13.4"}},{"type":"Feature","geometry":{"type":"Point","coordinates":[139.6587153038,35.4962210271]},"properties":{"名称":"ふれあい鶴見ホスピタル","種類":"病院","高さ":"7.8"}},{"type":"Feature","geometry":{"type":"Point","coordinates":[139.6664391448,35.4969497867]},"properties":{"名称":"横浜岸谷郵便局","種類":"郵便局","高さ":"6.7"}},{"type":"Feature","geometry":{"type":"Point","coordinates":[139.6808088461,35.4981575955]},"properties":{"名称":"横浜下野谷町郵便局","種類":"郵便局","高さ":"15.2"}},{"type":"Feature","geometry":{"type":"Point","coordinates":[139.6701661452,35.4958843162]},"properties":{"名称":"横浜生麦郵便局","種類":"郵便局","高さ":"30.5"}},{"type":"Feature","geometry":{"type":"Point","coordinates":[139.7047588359,35.4764321212]},"properties":{"名称":"東京瓦斯株式会社(扇島工場)","種類":"指定公共機関","高さ":"15.2"}},{"type":"Feature","geometry":{"type":"Point","coordinates":[139.6723015741,35.4910867257]},"properties":{"名称":"西濃運輸（鶴見支店）","種類":"指定公共機関","高さ":"26.8"}},{"type":"Feature","geometry":{"type":"Point","coordinates":[139.6038714345,35.4751424106]},"properties":{"名称":"関東地方整備局横浜国道事務所","種類":"国の機関","高さ":"7.7"}},{"type":"Feature","geometry":{"type":"Point","coordinates":[139.6095448552,35.4763919102]},"properties":{"名称":"神奈川警察署三ツ沢交番","種類":"警察署","高さ":"6.3"}},{"type":"Feature","geometry":{"type":"Point","coordinates":[139.609988917,35.4879644914]},"properties":{"名称":"神奈川警察署神大寺交番","種類":"警察署","高さ":"6.6"}},{"type":"Feature","geometry":{"type":"Point","coordinates":[139.6193056557,35.4723865597]},"properties":{"名称":"神奈川警察署沢渡交番","種類":"警察署","高さ":"11"}},{"type":"Feature","geometry":{"type":"Point","coordinates":[139.5894046646,35.4907622432]},"properties":{"名称":"神奈川警察署羽沢交番","種類":"警察署","高さ":"3.4"}},{"type":"Feature","geometry":{"type":"Point","coordinates":[139.6249491886,35.4878474801]},"properties":{"名称":"神奈川警察署六角橋交番","種類":"警察署","高さ":"6.4"}},{"type":"Feature","geometry":{"type":"Point","coordinates":[139.6020659852,35.482392412]},"properties":{"名称":"横浜市消防局神奈川消防署片倉消防出張所","種類":"消防署","高さ":"7.4"}},{"type":"Feature","geometry":{"type":"Point","coordinates":[139.587343694,35.4885590733]},"properties":{"名称":"市立羽沢小学校","種類":"学校","高さ":"14.4"}},{"type":"Feature","geometry":{"type":"Point","coordinates":[139.6082181347,35.4760693702]},"properties":{"名称":"市立三ツ沢小学校","種類":"学校","高さ":"15.4"}},{"type":"Feature","geometry":{"type":"Point","coordinates":[139.6210937886,35.4899757208]},"properties":{"名称":"市立神橋小学校","種類":"学校","高さ":"7.7"}},{"type":"Feature","geometry":{"type":"Point","coordinates":[139.6089548467,35.4878368418]},"properties":{"名称":"市立神大寺小学校","種類":"学校","高さ":"14.9"}},{"type":"Feature","geometry":{"type":"Point","coordinates":[139.6028735054,35.4822575118]},"properties":{"名称":"市立中丸小学校","種類":"学校","高さ":"14.6"}},{"type":"Feature","geometry":{"type":"Point","coordinates":[139.6122326264,35.485059071]},"properties":{"名称":"市立南神大寺小学校","種類":"学校","高さ":"14.9"}},{"type":"Feature","geometry":{"type":"Point","coordinates":[139.6167659949,35.4711070296]},"properties":{"名称":"私立精華小学校","種類":"学校","高さ":"14.5"}},{"type":"Feature","geometry":{"type":"Point","coordinates":[139.6199826272,35.48197573]},"properties":{"名称":"私立捜真小学校","種類":"学校","高さ":"11.5"}},{"type":"Feature","geometry":{"type":"Point","coordinates":[139.6243447373,35.4770276692]},"properties":{"名称":"市立栗田谷中学校","種類":"学校","高さ":"14.6"}},{"type":"Feature","geometry":{"type":"Point","coordinates":[139.6150256064,35.4802249203]},"properties":{"名称":"市立松本中学校","種類":"学校","高さ":"14.4"}},{"type":"Feature","geometry":{"type":"Point","coordinates":[139.588260435,35.4939757344]},"properties":{"名称":"市立菅田中学校","種類":"学校","高さ":"11.4"}},{"type":"Feature","geometry":{"type":"Point","coordinates":[139.6137326777,35.4907257211]},"properties":{"名称":"市立六角橋中学校","種類":"学校","高さ":"11.1"}},{"type":"Feature","geometry":{"type":"Point","coordinates":[139.6172700749,35.4712319894]},"properties":{"名称":"私立神奈川学園中学校","種類":"学校","高さ":"13.2"}},{"type":"Feature","geometry":{"type":"Point","coordinates":[139.6101268546,35.4726399104]},"properties":{"名称":"県立横浜翠嵐高等学校","種類":"学校","高さ":"15.2"}},{"type":"Feature","geometry":{"type":"Point","coordinates":[139.6002611358,35.4903258623]},"properties":{"名称":"県立城郷高等学校","種類":"学校","高さ":"16.2"}},{"type":"Feature","geometry":{"type":"Point","coordinates":[139.6175221055,35.4716130997]},"properties":{"名称":"私立神奈川学園高等学校","種類":"学校","高さ":"14.4"}},{"type":"Feature","geometry":{"type":"Point","coordinates":[139.6203098671,35.4812478897]},"properties":{"名称":"私立捜真女学校高等学部","種類":"学校","高さ":"15.5"}},{"type":"Feature","geometry":{"type":"Point","coordinates":[139.6233113477,35.4821933297]},"properties":{"名称":"市立斎藤分小学校","種類":"学校","高さ":"11.8"}},{"type":"Feature","geometry":{"type":"Point","coordinates":[139.6203478478,35.4849038697]},"properties":{"名称":"神奈川大学(横浜キャンパス)","種類":"学校","高さ":"22.2"}},{"type":"Feature","geometry":{"type":"Point","coordinates":[139.6233260252,35.4680677986]},"properties":{"名称":"情報セキュリティ大学院大学","種類":"学校","高さ":"28.6"}},{"type":"Feature","geometry":{"type":"Point","coordinates":[139.5781500948,35.496212925]},"properties":{"名称":"市立菅田の丘小学校","種類":"学校","高さ":"14.5"}},{"type":"Feature","geometry":{"type":"Point","coordinates":[139.5881362843,35.4861836038]},"properties":{"名称":"脳神経外科東横浜病院","種類":"病院","高さ":"11.8"}},{"type":"Feature","geometry":{"type":"Point","coordinates":[139.6223581253,35.4682629588]},"properties":{"名称":"横浜鶴屋町郵便局","種類":"郵便局","高さ":"31.2"}},{"type":"Feature","geometry":{"type":"Point","coordinates":[139.6193474562,35.4724464896]},"properties":{"名称":"横浜沢渡郵便局","種類":"郵便局","高さ":"11.7"}},{"type":"Feature","geometry":{"type":"Point","coordinates":[139.6089701551,35.4763654009]},"properties":{"名称":"横浜三ッ沢郵便局","種類":"郵便局","高さ":"12.1"}},{"type":"Feature","geometry":{"type":"Point","coordinates":[139.6133381059,35.4811249108]},"properties":{"名称":"横浜ガーデン山郵便局","種類":"郵便局","高さ":"9.4"}},{"type":"Feature","geometry":{"type":"Point","coordinates":[139.6044522266,35.4869700818]},"properties":{"名称":"横浜片倉郵便局","種類":"郵便局","高さ":"7.9"}},{"type":"Feature","geometry":{"type":"Point","coordinates":[139.6157679071,35.4870384706]},"properties":{"名称":"横浜神大寺郵便局","種類":"郵便局","高さ":"7.4"}},{"type":"Feature","geometry":{"type":"Point","coordinates":[139.5874086246,35.4916310938]},"properties":{"名称":"横浜羽沢郵便局","種類":"郵便局","高さ":"7.4"}},{"type":"Feature","geometry":{"type":"Point","coordinates":[139.6176588085,35.4942272008]},"properties":{"名称":"横浜六角橋北郵便局","種類":"郵便局","高さ":"12.1"}},{"type":"Feature","geometry":{"type":"Point","coordinates":[139.574036234,35.4978467158]},"properties":{"名称":"横浜菅田郵便局","種類":"郵便局","高さ":"4.1"}},{"type":"Feature","geometry":{"type":"Point","coordinates":[139.6227286868,35.4761808794]},"properties":{"名称":"横浜反町郵便局","種類":"郵便局","高さ":"7.8"}},{"type":"Feature","geometry":{"type":"Point","coordinates":[139.6399545678,35.4717072673]},"properties":{"名称":"関東地方整備局横浜港湾空港技術調査事務所","種類":"国の機関","高さ":"12"}},{"type":"Feature","geometry":{"type":"Point","coordinates":[139.6376111567,35.4672802671]},"properties":{"名称":"関東地方整備局横浜港湾空港技術調査事務所水理・環境実験センター","種類":"国の機関","高さ":"11.3"}},{"type":"Feature","geometry":{"type":"Point","coordinates":[139.6565915927,35.4927864371]},"properties":{"名称":"関東地方整備局横浜国道事務所神奈川出張所","種類":"国の機関","高さ":"10.6"}},{"type":"Feature","geometry":{"type":"Point","coordinates":[139.6441940105,35.4855937976]},"properties":{"名称":"横浜地方法務局神奈川出張所","種類":"国の機関","高さ":"11"}},{"type":"Feature","geometry":{"type":"Point","coordinates":[139.6311420385,35.4800261083]},"properties":{"名称":"神奈川簡易裁判所","種類":"国の機関","高さ":"6.7"}},{"type":"Feature","geometry":{"type":"Point","coordinates":[139.6328784874,35.4735014983]},"properties":{"名称":"神奈川警察署","種類":"警察署","高さ":"23.8"}},{"type":"Feature","geometry":{"type":"Point","coordinates":[139.6285065362,35.4672778579]},"properties":{"名称":"神奈川警察署ポートサイド交番","種類":"警察署","高さ":"7.7"}},{"type":"Feature","geometry":{"type":"Point","coordinates":[139.6402749804,35.4859879682]},"properties":{"名称":"神奈川警察署浦島丘交番","種類":"警察署","高さ":"5.9"}},{"type":"Feature","geometry":{"type":"Point","coordinates":[139.6523192618,35.4903092772]},"properties":{"名称":"神奈川警察署新子安交番","種類":"警察署","高さ":"6"}},{"type":"Feature","geometry":{"type":"Point","coordinates":[139.64137208,35.4817293379]},"properties":{"名称":"神奈川警察署神奈川通交番","種類":"警察署","高さ":"6.6"}},{"type":"Feature","geometry":{"type":"Point","coordinates":[139.6466396925,35.4960581881]},"properties":{"名称":"神奈川警察署神之木交番","種類":"警察署","高さ":"7.5"}},{"type":"Feature","geometry":{"type":"Point","coordinates":[139.6319356085,35.4804155489]},"properties":{"名称":"神奈川警察署西神奈川交番","種類":"警察署","高さ":"6.6"}},{"type":"Feature","geometry":{"type":"Point","coordinates":[139.6461421716,35.4919064982]},"properties":{"名称":"神奈川警察署大口駅前交番","種類":"警察署","高さ":"7.8"}},{"type":"Feature","geometry":{"type":"Point","coordinates":[139.6340036281,35.4772780782]},"properties":{"名称":"神奈川警察署東神奈川駅前交番","種類":"警察署","高さ":"5.9"}},{"type":"Feature","geometry":{"type":"Point","coordinates":[139.6487493519,35.4887950673]},"properties":{"名称":"神奈川警察署入江交番","種類":"警察署","高さ":"6.9"}},{"type":"Feature","geometry":{"type":"Point","coordinates":[139.63737923,35.4882622885]},"properties":{"名称":"神奈川警察署白幡交番","種類":"警察署","高さ":"6"}},{"type":"Feature","geometry":{"type":"Point","coordinates":[139.626616727,35.4752329089]},"properties":{"名称":"神奈川警察署反町交番","種類":"警察署","高さ":"13"}},{"type":"Feature","geometry":{"type":"Point","coordinates":[139.6425408795,35.4816305176]},"properties":{"名称":"横浜市消防局神奈川消防署浦島消防出張所","種類":"消防署","高さ":"7"}},{"type":"Feature","geometry":{"type":"Point","coordinates":[139.6433864022,35.4983096287]},"properties":{"名称":"横浜市消防局神奈川消防署松見消防出張所","種類":"消防署","高さ":"4.7"}},{"type":"Feature","geometry":{"type":"Point","coordinates":[139.635954828,35.4775034976]},"properties":{"名称":"市立神奈川小学校","種類":"学校","高さ":"11.9"}},{"type":"Feature","geometry":{"type":"Point","coordinates":[139.6257047763,35.4735868492]},"properties":{"名称":"市立青木小学校","種類":"学校","高さ":"14.8"}},{"type":"Feature","geometry":{"type":"Point","coordinates":[139.637899471,35.4955312689]},"properties":{"名称":"市立大口台小学校","種類":"学校","高さ":"14.7"}},{"type":"Feature","geometry":{"type":"Point","coordinates":[139.6510939029,35.4960590276]},"properties":{"名称":"市立錦台中学校","種類":"学校","高さ":"11.4"}},{"type":"Feature","geometry":{"type":"Point","coordinates":[139.6310281767,35.4714790777]},"properties":{"名称":"市立幸ケ谷小学校","種類":"学校","高さ":"18.2"}},{"type":"Feature","geometry":{"type":"Point","coordinates":[139.6285546681,35.4806845292]},"properties":{"名称":"市立二谷小学校","種類":"学校","高さ":"14.6"}},{"type":"Feature","geometry":{"type":"Point","coordinates":[139.628941678,35.4814668288]},"properties":{"名称":"県立神奈川総合高等学校","種類":"学校","高さ":"44.5"}},{"type":"Feature","geometry":{"type":"Point","coordinates":[139.6296421915,35.4814687326]},"properties":{"名称":"県立神奈川工業高等学校","種類":"学校","高さ":"14.3"}},{"type":"Feature","geometry":{"type":"Point","coordinates":[139.6367216297,35.4839617985]},"properties":{"名称":"市立浦島小学校","種類":"学校","高さ":"14.6"}},{"type":"Feature","geometry":{"type":"Point","coordinates":[139.6412507099,35.4859092981]},"properties":{"名称":"市立浦島丘中学校","種類":"学校","高さ":"11"}},{"type":"Feature","geometry":{"type":"Point","coordinates":[139.6546097022,35.490420587]},"properties":{"名称":"市立子安小学校","種類":"学校","高さ":"14.6"}},{"type":"Feature","geometry":{"type":"Point","coordinates":[139.6402787376,35.4907944735]},"properties":{"名称":"私立横浜創英中学校","種類":"学校","高さ":"15.6"}},{"type":"Feature","geometry":{"type":"Point","coordinates":[139.6590655684,35.4912218987]},"properties":{"名称":"私立浅野中学校","種類":"学校","高さ":"19.4"}},{"type":"Feature","geometry":{"type":"Point","coordinates":[139.6595528822,35.4907631383]},"properties":{"名称":"私立浅野高等学校","種類":"学校","高さ":"33.3"}},{"type":"Feature","geometry":{"type":"Point","coordinates":[139.6383290406,35.4918476086]},"properties":{"名称":"市立神奈川中学校","種類":"学校","高さ":"15.2"}},{"type":"Feature","geometry":{"type":"Point","coordinates":[139.6455881027,35.4973620587]},"properties":{"名称":"市立西寺尾小学校","種類":"学校","高さ":"11.6"}},{"type":"Feature","geometry":{"type":"Point","coordinates":[139.6394963705,35.4907944735]},"properties":{"名称":"私立横浜創英高等学校","種類":"学校","高さ":"14.2"}},{"type":"Feature","geometry":{"type":"Point","coordinates":[139.6466500226,35.4991032487]},"properties":{"名称":"市立西寺尾第二小学校","種類":"学校","高さ":"15"}},{"type":"Feature","geometry":{"type":"Point","coordinates":[139.6317855304,35.4914404592]},"properties":{"名称":"市立白幡小学校","種類":"学校","高さ":"11.4"}},{"type":"Feature","geometry":{"type":"Point","coordinates":[139.6420739812,35.4945692187]},"properties":{"名称":"市立盲特別支援学校","種類":"学校","高さ":"12.4"}},{"type":"Feature","geometry":{"type":"Point","coordinates":[139.6476978722,35.4923630083]},"properties":{"名称":"大口東総合病院","種類":"病院","高さ":"14"}},{"type":"Feature","geometry":{"type":"Point","coordinates":[139.6342753282,35.4807765581]},"properties":{"名称":"済生会神奈川県病院","種類":"病院","高さ":"28.1"}},{"type":"Feature","geometry":{"type":"Point","coordinates":[139.6364179568,35.467299627]},"properties":{"名称":"横浜中央市場内郵便局","種類":"郵便局","高さ":"21.3"}},{"type":"Feature","geometry":{"type":"Point","coordinates":[139.6288614667,35.4705089585]},"properties":{"名称":"神奈川宮前郵便局","種類":"郵便局","高さ":"30.8"}},{"type":"Feature","geometry":{"type":"Point","coordinates":[139.6346076181,35.4760732878]},"properties":{"名称":"東神奈川駅前郵便局","種類":"郵便局","高さ":"13.1"}},{"type":"Feature","geometry":{"type":"Point","coordinates":[139.631266938,35.4793311985]},"properties":{"名称":"横浜西神奈川郵便局","種類":"郵便局","高さ":"14.6"}},{"type":"Feature","geometry":{"type":"Point","coordinates":[139.6375238999,35.4853534383]},"properties":{"名称":"神奈川白幡郵便局","種類":"郵便局","高さ":"9.4"}},{"type":"Feature","geometry":{"type":"Point","coordinates":[139.6497305419,35.4879262079]},"properties":{"名称":"横浜入江郵便局","種類":"郵便局","高さ":"8.9"}},{"type":"Feature","geometry":{"type":"Point","coordinates":[139.6267552892,35.48807519]},"properties":{"名称":"横浜六角橋郵便局","種類":"郵便局","高さ":"6.5"}},{"type":"Feature","geometry":{"type":"Point","coordinates":[139.6547423618,35.4883387471]},"properties":{"名称":"横浜新子安郵便局","種類":"郵便局","高さ":"7.3"}},{"type":"Feature","geometry":{"type":"Point","coordinates":[139.646840472,35.4930411485]},"properties":{"名称":"大口駅前郵便局","種類":"郵便局","高さ":"39.3"}},{"type":"Feature","geometry":{"type":"Point","coordinates":[139.6455416819,35.4938901879]},"properties":{"名称":"横浜大口郵便局","種類":"郵便局","高さ":"12.1"}},{"type":"Feature","geometry":{"type":"Point","coordinates":[139.6464930125,35.4979808686]},"properties":{"名称":"横浜西寺尾郵便局","種類":"郵便局","高さ":"9.7"}},{"type":"Feature","geometry":{"type":"Point","coordinates":[139.641606799,35.4786315078]},"properties":{"名称":"神奈川郵便局","種類":"郵便局","高さ":"38.6"}},{"type":"Feature","geometry":{"type":"Point","coordinates":[139.6345413183,35.4764194684]},"properties":{"名称":"首都高速道路株式会社神奈川管理局","種類":"指定公共機関","高さ":"12.9"}},{"type":"Feature","geometry":{"type":"Point","coordinates":[139.6555150713,35.4839147666]},"properties":{"名称":"佐川急便（西関東支店）","種類":"指定公共機関","高さ":"29.3"}},{"type":"Feature","geometry":{"type":"Point","coordinates":[139.6602500328,35.4885651662]},"properties":{"名称":"ＪＸＴＧエネルギー株式会社横浜製造所","種類":"指定公共機関","高さ":"11.7"}},{"type":"Feature","geometry":{"type":"Point","coordinates":[139.5834287756,35.500390675]},"properties":{"名称":"神奈川警察署菅田交番","種類":"警察署","高さ":"6.6"}},{"type":"Feature","geometry":{"type":"Point","coordinates":[139.5922106969,35.5007656744]},"properties":{"名称":"横浜市消防局神奈川消防署菅田消防出張所","種類":"消防署","高さ":"7.5"}},{"type":"Feature","geometry":{"type":"Point","coordinates":[139.6169545928,35.4536146578]},"properties":{"名称":"横浜市西区役所","種類":"地方の機関","高さ":"17.2"}},{"type":"Feature","geometry":{"type":"Point","coordinates":[139.6198818438,35.457822458]},"properties":{"名称":"戸部警察署","種類":"警察署","高さ":"19.7"}},{"type":"Feature","geometry":{"type":"Point","coordinates":[139.6210914026,35.4528269879]},"properties":{"名称":"戸部警察署伊勢町交番","種類":"警察署","高さ":"8.7"}},{"type":"Feature","geometry":{"type":"Point","coordinates":[139.6178922321,35.4460535171]},"properties":{"名称":"戸部警察署一本松交番","種類":"警察署","高さ":"6.7"}},{"type":"Feature","geometry":{"type":"Point","coordinates":[139.6202253949,35.4646489684]},"properties":{"名称":"戸部警察署横浜駅相鉄口交番","種類":"警察署","高さ":"17"}},{"type":"Feature","geometry":{"type":"Point","coordinates":[139.6234048055,35.4654840786]},"properties":{"名称":"戸部警察署横浜駅東口交番","種類":"警察署","高さ":"4.1"}},{"type":"Feature","geometry":{"type":"Point","coordinates":[139.6147893238,35.4608997688]},"properties":{"名称":"戸部警察署岡野交番","種類":"警察署","高さ":"6.7"}},{"type":"Feature","geometry":{"type":"Point","coordinates":[139.6231922642,35.4594896677]},"properties":{"名称":"戸部警察署高島交番","種類":"警察署","高さ":"6.9"}},{"type":"Feature","geometry":{"type":"Point","coordinates":[139.6214339654,35.4661957483]},"properties":{"名称":"戸部警察署横浜駅西口警備派出所","種類":"警察署","高さ":"6.8"}},{"type":"Feature","geometry":{"type":"Point","coordinates":[139.6117701642,35.4653751295]},"properties":{"名称":"戸部警察署浅間町交番","種類":"警察署","高さ":"7"}},{"type":"Feature","geometry":{"type":"Point","coordinates":[139.612815062,35.4508648585]},"properties":{"名称":"戸部警察署藤棚町交番","種類":"警察署","高さ":"6.7"}},{"type":"Feature","geometry":{"type":"Point","coordinates":[139.6129047024,35.4540665082]},"properties":{"名称":"戸部警察署浜松町交番","種類":"警察署","高さ":"6.5"}},{"type":"Feature","geometry":{"type":"Point","coordinates":[139.623690082,35.4464801073]},"properties":{"名称":"戸部警察署野毛山公園交番","種類":"警察署","高さ":"6.6"}},{"type":"Feature","geometry":{"type":"Point","coordinates":[139.6144772108,35.4450788978]},"properties":{"名称":"横浜市消防局西消防署境之谷消防出張所","種類":"消防署","高さ":"19.7"}},{"type":"Feature","geometry":{"type":"Point","coordinates":[139.6196098339,35.4576197481]},"properties":{"名称":"横浜市消防局西消防署","種類":"消防署","高さ":"16.7"}},{"type":"Feature","geometry":{"type":"Point","coordinates":[139.6078328122,35.4589760691]},"properties":{"名称":"横浜市消防局西消防署浅間町消防出張所","種類":"消防署","高さ":"8"}},{"type":"Feature","geometry":{"type":"Point","coordinates":[139.6188990423,35.4468646678]},"properties":{"名称":"市立一本松小学校","種類":"学校","高さ":"16.2"}},{"type":"Feature","geometry":{"type":"Point","coordinates":[139.6124124711,35.4488272986]},"properties":{"名称":"市立稲荷台小学校","種類":"学校","高さ":"11.2"}},{"type":"Feature","geometry":{"type":"Point","coordinates":[139.6085658732,35.4662813102]},"properties":{"名称":"市立宮谷小学校","種類":"学校","高さ":"15.2"}},{"type":"Feature","geometry":{"type":"Point","coordinates":[139.615787993,35.4537535483]},"properties":{"名称":"市立西前小学校","種類":"学校","高さ":"11.1"}},{"type":"Feature","geometry":{"type":"Point","coordinates":[139.6238157322,35.4432813363]},"properties":{"名称":"市立東小学校","種類":"学校","高さ":"16.1"}},{"type":"Feature","geometry":{"type":"Point","coordinates":[139.6157880232,35.4575313181]},"properties":{"名称":"市立平沼小学校","種類":"学校","高さ":"7.9"}},{"type":"Feature","geometry":{"type":"Point","coordinates":[139.611963893,35.4619754491]},"properties":{"名称":"市立岡野中学校","種類":"学校","高さ":"10.9"}},{"type":"Feature","geometry":{"type":"Point","coordinates":[139.6185458729,35.4517934575]},"properties":{"名称":"市立西中学校","種類":"学校","高さ":"11.4"}},{"type":"Feature","geometry":{"type":"Point","coordinates":[139.6146967935,35.4613418593]},"properties":{"名称":"県立横浜平沼高等学校","種類":"学校","高さ":"28.3"}},{"type":"Feature","geometry":{"type":"Point","coordinates":[139.6248441626,35.4478286568]},"properties":{"名称":"市立老松中学校","種類":"学校","高さ":"15.5"}},{"type":"Feature","geometry":{"type":"Point","coordinates":[139.6218024751,35.4531199609]},"properties":{"名称":"市立戸部小学校","種類":"学校","高さ":"14.8"}},{"type":"Feature","geometry":{"type":"Point","coordinates":[139.6227875539,35.4590453181]},"properties":{"名称":"八洲学園大学","種類":"学校","高さ":"31.2"}},{"type":"Feature","geometry":{"type":"Point","coordinates":[139.6060996326,35.4618173201]},"properties":{"名称":"市立浅間台小学校","種類":"学校","高さ":"14.3"}},{"type":"Feature","geometry":{"type":"Point","coordinates":[139.6096084038,35.4688810003]},"properties":{"名称":"市立軽井沢中学校","種類":"学校","高さ":"18.9"}},{"type":"Feature","geometry":{"type":"Point","coordinates":[139.6249137551,35.4617763577]},"properties":{"名称":"市立みなとみらい本町小学校","種類":"学校","高さ":"15.6"}},{"type":"Feature","geometry":{"type":"Point","coordinates":[139.6165760109,35.4439984376]},"properties":{"名称":"横浜霞ヶ丘郵便局","種類":"郵便局","高さ":"8.2"}},{"type":"Feature","geometry":{"type":"Point","coordinates":[139.6109241416,35.4496041287]},"properties":{"名称":"横浜久保町郵便局","種類":"郵便局","高さ":"9.7"}},{"type":"Feature","geometry":{"type":"Point","coordinates":[139.6244399933,35.4510308569]},"properties":{"名称":"横浜戸部郵便局","種類":"郵便局","高さ":"10.6"}},{"type":"Feature","geometry":{"type":"Point","coordinates":[139.6165436824,35.4526307077]},"properties":{"名称":"横浜藤棚郵便局","種類":"郵便局","高さ":"10.1"}},{"type":"Feature","geometry":{"type":"Point","coordinates":[139.6204761238,35.4562197283]},"properties":{"名称":"横浜戸部本町郵便局","種類":"郵便局","高さ":"14.1"}},{"type":"Feature","geometry":{"type":"Point","coordinates":[139.6072342024,35.4572082995]},"properties":{"名称":"横浜洪福寺郵便局","種類":"郵便局","高さ":"12.1"}},{"type":"Feature","geometry":{"type":"Point","coordinates":[139.6115241635,35.4644177994]},"properties":{"名称":"横浜浅間町郵便局","種類":"郵便局","高さ":"14.2"}},{"type":"Feature","geometry":{"type":"Point","coordinates":[139.6198054952,35.4653890584]},"properties":{"名称":"横浜駅西口郵便局","種類":"郵便局","高さ":"8.2"}},{"type":"Feature","geometry":{"type":"Point","coordinates":[139.6226364047,35.4645617186]},"properties":{"名称":"横浜中央郵便局","種類":"郵便局","高さ":"17.7"}},{"type":"Feature","geometry":{"type":"Point","coordinates":[139.6150295838,35.4657457291]},"properties":{"名称":"横浜北幸郵便局","種類":"郵便局","高さ":"36.4"}},{"type":"Feature","geometry":{"type":"Point","coordinates":[139.6196476745,35.462620739]},"properties":{"名称":"東日本旅客鉄道株式会社(横浜支社)","種類":"指定公共機関","高さ":"29"}},{"type":"Feature","geometry":{"type":"Point","coordinates":[139.6230171945,35.4623803183]},"properties":{"名称":"東京電力パワーグリッド株式会社神奈川総支社","種類":"指定公共機関","高さ":"131.9"}},{"type":"Feature","geometry":{"type":"Point","coordinates":[139.622098362,35.4474718574]},"properties":{"名称":"横浜市立野毛山動物園","種類":"博物館・美術館","高さ":"7.6"}},{"type":"Feature","geometry":{"type":"Point","coordinates":[139.6319245057,35.4639431774]},"properties":{"名称":"関東地方整備局京浜港湾事務所","種類":"国の機関","高さ":"16.5"}},{"type":"Feature","geometry":{"type":"Point","coordinates":[139.6334390849,35.4587347371]},"properties":{"名称":"戸部警察署みなとみらい交番","種類":"警察署","高さ":"19.3"}},{"type":"Feature","geometry":{"type":"Point","coordinates":[139.6332596855,35.459398087]},"properties":{"名称":"けいゆう病院","種類":"病院","高さ":"60.1"}},{"type":"Feature","geometry":{"type":"Point","coordinates":[139.6305935646,35.4570868573]},"properties":{"名称":"横浜美術館","種類":"博物館・美術館","高さ":"44.6"}},{"type":"Feature","geometry":{"type":"Point","coordinates":[139.6227139221,35.4425626764]},"properties":{"名称":"横浜赤門郵便局","種類":"郵便局","高さ":"7.9"}},{"type":"Feature","geometry":{"type":"Point","coordinates":[139.6422877353,35.4491281549]},"properties":{"名称":"横浜税関","種類":"国の機関","高さ":"53"}},{"type":"Feature","geometry":{"type":"Point","coordinates":[139.6454965248,35.448542275]},"properties":{"名称":"横浜税関監視分庁舎","種類":"国の機関","高さ":"8.1"}},{"type":"Feature","geometry":{"type":"Point","coordinates":[139.6413304027,35.4330989245]},"properties":{"名称":"植物防疫所研修センター","種類":"国の機関","高さ":"7.8"}},{"type":"Feature","geometry":{"type":"Point","coordinates":[139.6528940948,35.4398304636]},"properties":{"名称":"東京管区気象台横浜地方気象台","種類":"国の機関","高さ":"10.6"}},{"type":"Feature","geometry":{"type":"Point","coordinates":[139.6401842637,35.4410245551]},"properties":{"名称":"横浜家庭裁判所","種類":"国の機関","高さ":"19.2"}},{"type":"Feature","geometry":{"type":"Point","coordinates":[139.6568258956,35.4421571732]},"properties":{"名称":"横浜植物防疫所調査研究部","種類":"国の機関","高さ":"8.9"}},{"type":"Feature","geometry":{"type":"Point","coordinates":[139.6417158146,35.446539905]},"properties":{"名称":"横浜簡易裁判所","種類":"国の機関","高さ":"67.4"}},{"type":"Feature","geometry":{"type":"Point","coordinates":[139.6385777943,35.4447243952]},"properties":{"名称":"関東信越厚生局神奈川事務所","種類":"国の機関","高さ":"38.7"}},{"type":"Feature","geometry":{"type":"Point","coordinates":[139.6422710142,35.4427017645]},"properties":{"名称":"神奈川労働局横浜公共職業安定所","種類":"国の機関","高さ":"45.9"}},{"type":"Feature","geometry":{"type":"Point","coordinates":[139.671417326,35.4332853708]},"properties":{"名称":"横浜税関本牧埠頭出張所","種類":"国の機関","高さ":"12.3"}},{"type":"Feature","geometry":{"type":"Point","coordinates":[139.6378110025,35.4382272948]},"properties":{"名称":"神奈川労働局横浜公共職業安定所横浜港労働出張所(寿町庁舎)","種類":"国の機関","高さ":"8.2"}},{"type":"Feature","geometry":{"type":"Point","coordinates":[139.634223574,35.4503411461]},"properties":{"名称":"横浜市役所","種類":"地方の機関","高さ":"156.3"}},{"type":"Feature","geometry":{"type":"Point","coordinates":[139.6425102247,35.4477813148]},"properties":{"名称":"神奈川県庁舎","種類":"ランドマーク","高さ":"49.4"}},{"type":"Feature","geometry":{"type":"Point","coordinates":[139.6422324039,35.4447257645]},"properties":{"名称":"横浜市中区役所","種類":"地方の機関","高さ":"33.6"}},{"type":"Feature","geometry":{"type":"Point","coordinates":[139.6411213353,35.4499479752]},"properties":{"名称":"神奈川県警察本部","種類":"警察署","高さ":"93"}},{"type":"Feature","geometry":{"type":"Point","coordinates":[139.6312754119,35.4398888452]},"properties":{"名称":"伊勢佐木警察署","種類":"警察署","高さ":"22.3"}},{"type":"Feature","geometry":{"type":"Point","coordinates":[139.6453295053,35.448304755]},"properties":{"名称":"横浜水上警察署","種類":"警察署","高さ":"25.3"}},{"type":"Feature","geometry":{"type":"Point","coordinates":[139.643676894,35.4435591044]},"properties":{"名称":"加賀町警察署","種類":"警察署","高さ":"25"}},{"type":"Feature","geometry":{"type":"Point","coordinates":[139.6642493142,35.4295410313]},"properties":{"名称":"山手警察署","種類":"警察署","高さ":"18.9"}},{"type":"Feature","geometry":{"type":"Point","coordinates":[139.6283539318,35.4413189763]},"properties":{"名称":"伊勢佐木警察署伊勢佐木町交番","種類":"警察署","高さ":"6.6"}},{"type":"Feature","geometry":{"type":"Point","coordinates":[139.6272740316,35.4386787556]},"properties":{"名称":"伊勢佐木警察署横浜橋交番","種類":"警察署","高さ":"16.5"}},{"type":"Feature","geometry":{"type":"Point","coordinates":[139.6251298115,35.4410323366]},"properties":{"名称":"伊勢佐木警察署黄金町交番","種類":"警察署","高さ":"7.9"}},{"type":"Feature","geometry":{"type":"Point","coordinates":[139.6336133833,35.4456845156]},"properties":{"名称":"伊勢佐木警察署吉田橋交番","種類":"警察署","高さ":"6.4"}},{"type":"Feature","geometry":{"type":"Point","coordinates":[139.6313860039,35.4494138166]},"properties":{"名称":"伊勢佐木警察署桜木町駅前交番","種類":"警察署","高さ":"3.2"}},{"type":"Feature","geometry":{"type":"Point","coordinates":[139.6381551325,35.4375441445]},"properties":{"名称":"伊勢佐木警察署寿町交番","種類":"警察署","高さ":"6.1"}},{"type":"Feature","geometry":{"type":"Point","coordinates":[139.6308681837,35.4469165161]},"properties":{"名称":"伊勢佐木警察署都橋交番","種類":"警察署","高さ":"6.7"}},{"type":"Feature","geometry":{"type":"Point","coordinates":[139.6541169955,35.4442730635]},"properties":{"名称":"横浜水上警察署山下ふ頭交番","種類":"警察署","高さ":"6.7"}},{"type":"Feature","geometry":{"type":"Point","coordinates":[139.6383171648,35.4535128857]},"properties":{"名称":"横浜水上警察署新港町交番","種類":"警察署","高さ":"6.7"}},{"type":"Feature","geometry":{"type":"Point","coordinates":[139.6508866452,35.4417415539]},"properties":{"名称":"加賀町警察署元町交番","種類":"警察署","高さ":"9.9"}},{"type":"Feature","geometry":{"type":"Point","coordinates":[139.6472282048,35.4437162048]},"properties":{"名称":"加賀町警察署山下町交番","種類":"警察署","高さ":"6.6"}},{"type":"Feature","geometry":{"type":"Point","coordinates":[139.6373288337,35.4448007559]},"properties":{"名称":"加賀町警察署尾上町交番","種類":"警察署","高さ":"7.1"}},{"type":"Feature","geometry":{"type":"Point","coordinates":[139.6418921251,35.4474723051]},"properties":{"名称":"加賀町警察署本町交番","種類":"警察署","高さ":"3.8"}},{"type":"Feature","geometry":{"type":"Point","coordinates":[139.657900694,35.4339892527]},"properties":{"名称":"山手警察署見晴通交番","種類":"警察署","高さ":"6.5"}},{"type":"Feature","geometry":{"type":"Point","coordinates":[139.6537120346,35.4399396637]},"properties":{"名称":"山手警察署港の見える丘公園前交番","種類":"警察署","高さ":"6.7"}},{"type":"Feature","geometry":{"type":"Point","coordinates":[139.6424620302,35.4185050732]},"properties":{"名称":"山手警察署根岸交番","種類":"警察署","高さ":"6.5"}},{"type":"Feature","geometry":{"type":"Point","coordinates":[139.6377653617,35.4307233745]},"properties":{"名称":"山手警察署山元町交番","種類":"警察署","高さ":"7.2"}},{"type":"Feature","geometry":{"type":"Point","coordinates":[139.6459709824,35.4271807433]},"properties":{"名称":"山手警察署山手駅前交番","種類":"警察署","高さ":"8.5"}},{"type":"Feature","geometry":{"type":"Point","coordinates":[139.6465826133,35.4340476738]},"properties":{"名称":"山手警察署麦田町交番","種類":"警察署","高さ":"6.6"}},{"type":"Feature","geometry":{"type":"Point","coordinates":[139.6687462653,35.4323080813]},"properties":{"名称":"山手警察署本牧ふ頭交番","種類":"警察署","高さ":"5.9"}},{"type":"Feature","geometry":{"type":"Point","coordinates":[139.6655028432,35.422440991]},"properties":{"名称":"山手警察署本牧三之谷交番","種類":"警察署","高さ":"6.4"}},{"type":"Feature","geometry":{"type":"Point","coordinates":[139.6554544127,35.4210591422]},"properties":{"名称":"横浜市消防局中消防署本牧和田消防出張所","種類":"消防署","高さ":"19.4"}},{"type":"Feature","geometry":{"type":"Point","coordinates":[139.6413231116,35.4244711132]},"properties":{"名称":"横浜市消防局中消防署山元町消防出張所","種類":"消防署","高さ":"7.9"}},{"type":"Feature","geometry":{"type":"Point","coordinates":[139.6669418146,35.4299428616]},"properties":{"名称":"横浜市消防局中消防署北方消防出張所","種類":"消防署","高さ":"5.6"}},{"type":"Feature","geometry":{"type":"Point","coordinates":[139.6310304222,35.4397143858]},"properties":{"名称":"横浜市消防局中消防署","種類":"消防署","高さ":"18.1"}},{"type":"Feature","geometry":{"type":"Point","coordinates":[139.6446213148,35.4454202046]},"properties":{"名称":"横浜市消防局中消防署山下町消防出張所","種類":"消防署","高さ":"32.6"}},{"type":"Feature","geometry":{"type":"Point","coordinates":[139.638004661,35.4276870544]},"properties":{"名称":"市立山元小学校","種類":"学校","高さ":"11.2"}},{"type":"Feature","geometry":{"type":"Point","coordinates":[139.656516273,35.4273308526]},"properties":{"名称":"市立大鳥小学校","種類":"学校","高さ":"15.4"}},{"type":"Feature","geometry":{"type":"Point","coordinates":[139.6537951746,35.436522353]},"properties":{"名称":"市立北方小学校","種類":"学校","高さ":"14.9"}},{"type":"Feature","geometry":{"type":"Point","coordinates":[139.662287864,35.4246702418]},"properties":{"名称":"市立本牧小学校","種類":"学校","高さ":"12.1"}},{"type":"Feature","geometry":{"type":"Point","coordinates":[139.6516618338,35.434708523]},"properties":{"名称":"私立横浜雙葉小学校","種類":"学校","高さ":"10.8"}},{"type":"Feature","geometry":{"type":"Point","coordinates":[139.632786163,35.4428087255]},"properties":{"名称":"市立横浜吉田中学校","種類":"学校","高さ":"22.8"}},{"type":"Feature","geometry":{"type":"Point","coordinates":[139.6431768742,35.441336875]},"properties":{"名称":"市立港中学校","種類":"学校","高さ":"16.3"}},{"type":"Feature","geometry":{"type":"Point","coordinates":[139.6692322541,35.423698001]},"properties":{"名称":"市立大鳥中学校","種類":"学校","高さ":"16.7"}},{"type":"Feature","geometry":{"type":"Point","coordinates":[139.6451063415,35.4257444729]},"properties":{"名称":"市立仲尾台中学校","種類":"学校","高さ":"15.3"}},{"type":"Feature","geometry":{"type":"Point","coordinates":[139.6525149491,35.4244566861]},"properties":{"名称":"県立横浜緑ケ丘高等学校","種類":"学校","高さ":"12"}},{"type":"Feature","geometry":{"type":"Point","coordinates":[139.6579207447,35.4358321328]},"properties":{"名称":"私立聖坂養護学校","種類":"学校","高さ":"10.3"}},{"type":"Feature","geometry":{"type":"Point","coordinates":[139.6554183818,35.4183196919]},"properties":{"名称":"市立間門小学校","種類":"学校","高さ":"11"}},{"type":"Feature","geometry":{"type":"Point","coordinates":[139.6539731316,35.4182579419]},"properties":{"名称":"県立横浜立野高等学校","種類":"学校","高さ":"13"}},{"type":"Feature","geometry":{"type":"Point","coordinates":[139.6565732326,35.4221495117]},"properties":{"名称":"市立本牧中学校","種類":"学校","高さ":"12.8"}},{"type":"Feature","geometry":{"type":"Point","coordinates":[139.6426991012,35.4226430233]},"properties":{"名称":"私立聖光学院高等学校","種類":"学校","高さ":"15"}},{"type":"Feature","geometry":{"type":"Point","coordinates":[139.6402368129,35.4350972741]},"properties":{"名称":"私立横浜共立学園中学校","種類":"学校","高さ":"23.7"}},{"type":"Feature","geometry":{"type":"Point","coordinates":[139.6489883039,35.4360576333]},"properties":{"名称":"市立元街小学校","種類":"学校","高さ":"14.6"}},{"type":"Feature","geometry":{"type":"Point","coordinates":[139.6424210839,35.4419128549]},"properties":{"名称":"市立みなと総合高等学校","種類":"学校","高さ":"30.4"}},{"type":"Feature","geometry":{"type":"Point","coordinates":[139.6287796039,35.4505175666]},"properties":{"名称":"市立本町小学校","種類":"学校","高さ":"12"}},{"type":"Feature","geometry":{"type":"Point","coordinates":[139.6450667517,35.4271067634]},"properties":{"名称":"市立立野小学校","種類":"学校","高さ":"15.5"}},{"type":"Feature","geometry":{"type":"Point","coordinates":[139.642362762,35.4299946542]},"properties":{"名称":"私立横浜訓盲学院","種類":"学校","高さ":"3.3"}},{"type":"Feature","geometry":{"type":"Point","coordinates":[139.6481885341,35.4364346238]},"properties":{"名称":"フェリス女学院大学山手キャンパス","種類":"学校","高さ":"8.6"}},{"type":"Feature","geometry":{"type":"Point","coordinates":[139.6482600721,35.4276702333]},"properties":{"名称":"国立横浜国立大学教育学部附属横浜小学校","種類":"学校","高さ":"13.1"}},{"type":"Feature","geometry":{"type":"Point","coordinates":[139.6372457244,35.4493355562]},"properties":{"名称":"東京藝術大学横浜キャンパス","種類":"学校","高さ":"18.9"}},{"type":"Feature","geometry":{"type":"Point","coordinates":[139.6654692336,35.4212521411]},"properties":{"名称":"本牧病院","種類":"病院","高さ":"10.7"}},{"type":"Feature","geometry":{"type":"Point","coordinates":[139.6440433638,35.4410299345]},"properties":{"名称":"横浜中央病院","種類":"病院","高さ":"15.2"}},{"type":"Feature","geometry":{"type":"Point","coordinates":[139.6355212632,35.4422669951]},"properties":{"名称":"ふれあい横浜ホスピタル","種類":"病院","高さ":"72.4"}},{"type":"Feature","geometry":{"type":"Point","coordinates":[139.634557022,35.4381466349]},"properties":{"名称":"横浜?済会病院","種類":"病院","高さ":"19.9"}},{"type":"Feature","geometry":{"type":"Point","coordinates":[139.6432602251,35.4469202048]},"properties":{"名称":"横浜港郵便局","種類":"郵便局","高さ":"40.4"}},{"type":"Feature","geometry":{"type":"Point","coordinates":[139.6288841225,35.4401913262]},"properties":{"名称":"横浜中郵便局","種類":"郵便局","高さ":"8.3"}},{"type":"Feature","geometry":{"type":"Point","coordinates":[139.6323848136,35.4499197563]},"properties":{"名称":"横浜桜木郵便局","種類":"郵便局","高さ":"34.7"}},{"type":"Feature","geometry":{"type":"Point","coordinates":[139.6583777223,35.4214373311]},"properties":{"名称":"横浜間門郵便局","種類":"郵便局","高さ":"19"}},{"type":"Feature","geometry":{"type":"Point","coordinates":[139.6668422441,35.4221173105]},"properties":{"名称":"横浜本牧元町郵便局","種類":"郵便局","高さ":"9.5"}},{"type":"Feature","geometry":{"type":"Point","coordinates":[139.6664709839,35.4261776716]},"properties":{"名称":"横浜本牧原郵便局","種類":"郵便局","高さ":"22.9"}},{"type":"Feature","geometry":{"type":"Point","coordinates":[139.6473264824,35.4290948334]},"properties":{"名称":"横浜大和郵便局","種類":"郵便局","高さ":"7.6"}},{"type":"Feature","geometry":{"type":"Point","coordinates":[139.6381592721,35.4313453843]},"properties":{"名称":"横浜山元町郵便局","種類":"郵便局","高さ":"9.5"}},{"type":"Feature","geometry":{"type":"Point","coordinates":[139.6595201246,35.4312276321]},"properties":{"名称":"横浜本牧郵便局","種類":"郵便局","高さ":"9.5"}},{"type":"Feature","geometry":{"type":"Point","coordinates":[139.6521022333,35.4325251928]},"properties":{"名称":"横浜北方郵便局","種類":"郵便局","高さ":"13.4"}},{"type":"Feature","geometry":{"type":"Point","coordinates":[139.6438855531,35.4380978143]},"properties":{"名称":"石川町駅前郵便局","種類":"郵便局","高さ":"9.8"}},{"type":"Feature","geometry":{"type":"Point","coordinates":[139.6342736424,35.4404964458]},"properties":{"名称":"横浜長者町郵便局","種類":"郵便局","高さ":"26.9"}},{"type":"Feature","geometry":{"type":"Point","coordinates":[139.6478819947,35.441848524]},"properties":{"名称":"横浜中華街郵便局","種類":"郵便局","高さ":"30.9"}},{"type":"Feature","geometry":{"type":"Point","coordinates":[139.6390121939,35.4452251656]},"properties":{"名称":"横浜住吉町郵便局","種類":"郵便局","高さ":"29"}},{"type":"Feature","geometry":{"type":"Point","coordinates":[139.6281734627,35.4456826563]},"properties":{"名称":"横浜日之出町郵便局","種類":"郵便局","高さ":"28.2"}},{"type":"Feature","geometry":{"type":"Point","coordinates":[139.6396720043,35.446657925]},"properties":{"名称":"横浜太田町郵便局","種類":"郵便局","高さ":"23.7"}},{"type":"Feature","geometry":{"type":"Point","coordinates":[139.6386267243,35.4485038252]},"properties":{"名称":"横浜本町郵便局","種類":"郵便局","高さ":"37.4"}},{"type":"Feature","geometry":{"type":"Point","coordinates":[139.6425994944,35.4436079547]},"properties":{"名称":"東日本電信電話株式会社(神奈川支店)","種類":"指定公共機関","高さ":"26.5"}},{"type":"Feature","geometry":{"type":"Point","coordinates":[139.6410601044,35.4458721152]},"properties":{"名称":"日本銀行(横浜支店)","種類":"指定公共機関","高さ":"7.4"}},{"type":"Feature","geometry":{"type":"Point","coordinates":[139.6462072145,35.4453841246]},"properties":{"名称":"NHK横浜放送局","種類":"指定公共機関","高さ":"49.7"}},{"type":"Feature","geometry":{"type":"Point","coordinates":[139.6339868638,35.4466914155]},"properties":{"名称":"日本通運株式会社(横浜支店)","種類":"指定公共機関","高さ":"37.4"}},{"type":"Feature","geometry":{"type":"Point","coordinates":[139.6450966248,35.4471545347]},"properties":{"名称":"シルク博物館","種類":"博物館・美術館","高さ":"42.7"}},{"type":"Feature","geometry":{"type":"Point","coordinates":[139.639594231,35.4229154732]},"properties":{"名称":"馬の博物館","種類":"博物館・美術館","高さ":"6.2"}},{"type":"Feature","geometry":{"type":"Point","coordinates":[139.6362333142,35.4491004762]},"properties":{"名称":"神奈川県立歴史博物館","種類":"博物館・美術館","高さ":"27.4"}},{"type":"Feature","geometry":{"type":"Point","coordinates":[139.6685303627,35.41643016]},"properties":{"名称":"市立本牧南小学校","種類":"学校","高さ":"15"}},{"type":"Feature","geometry":{"type":"Point","coordinates":[139.6010011052,35.4162257768]},"properties":{"名称":"南警察署大岡町交番","種類":"警察署","高さ":"6.5"}},{"type":"Feature","geometry":{"type":"Point","coordinates":[139.5884559637,35.4139566778]},"properties":{"名称":"南警察署別所町交番","種類":"警察署","高さ":"5.9"}},{"type":"Feature","geometry":{"type":"Point","coordinates":[139.6059743958,35.4131351966]},"properties":{"名称":"横浜市消防局南消防署大岡消防出張所","種類":"消防署","高さ":"8.2"}},{"type":"Feature","geometry":{"type":"Point","coordinates":[139.6049264749,35.412448066]},"properties":{"名称":"市立藤の木小学校","種類":"学校","高さ":"11.2"}},{"type":"Feature","geometry":{"type":"Point","coordinates":[139.5906396141,35.413805408]},"properties":{"名称":"市立南が丘中学校","種類":"学校","高さ":"14.9"}},{"type":"Feature","geometry":{"type":"Point","coordinates":[139.6061486652,35.4107536261]},"properties":{"名称":"市立藤の木中学校","種類":"学校","高さ":"9.8"}},{"type":"Feature","geometry":{"type":"Point","coordinates":[139.6006082057,35.415844717]},"properties":{"名称":"横浜大岡郵便局","種類":"郵便局","高さ":"7.6"}},{"type":"Feature","geometry":{"type":"Point","coordinates":[139.602291726,35.4223780474]},"properties":{"名称":"南警察署","種類":"警察署","高さ":"15.9"}},{"type":"Feature","geometry":{"type":"Point","coordinates":[139.6021728083,35.4323177277]},"properties":{"名称":"南警察署井土ケ谷交番","種類":"警察署","高さ":"6.6"}},{"type":"Feature","geometry":{"type":"Point","coordinates":[139.5964151077,35.4379186489]},"properties":{"名称":"南警察署永田交番","種類":"警察署","高さ":"6.1"}},{"type":"Feature","geometry":{"type":"Point","coordinates":[139.6154825894,35.4345536471]},"properties":{"名称":"南警察署吉野町交番","種類":"警察署","高さ":"7.9"}},{"type":"Feature","geometry":{"type":"Point","coordinates":[139.6137146104,35.4423981175]},"properties":{"名称":"南警察署久保山交番","種類":"警察署","高さ":"7.3"}},{"type":"Feature","geometry":{"type":"Point","coordinates":[139.5826581346,35.4261647593]},"properties":{"名称":"南警察署大池交番","種類":"警察署","高さ":"6.5"}},{"type":"Feature","geometry":{"type":"Point","coordinates":[139.6206670101,35.4309533158]},"properties":{"名称":"南警察署中村橋交番","種類":"警察署","高さ":"7.5"}},{"type":"Feature","geometry":{"type":"Point","coordinates":[139.6054413273,35.4269675468]},"properties":{"名称":"南警察署通町交番","種類":"警察署","高さ":"6.4"}},{"type":"Feature","geometry":{"type":"Point","coordinates":[139.6150374989,35.4299024665]},"properties":{"名称":"南警察署東蒔田町交番","種類":"警察署","高さ":"6.5"}},{"type":"Feature","geometry":{"type":"Point","coordinates":[139.6120939599,35.4359642675]},"properties":{"名称":"南警察署南太田交番","種類":"警察署","高さ":"6.9"}},{"type":"Feature","geometry":{"type":"Point","coordinates":[139.5957135259,35.4261721082]},"properties":{"名称":"南警察署六ツ川交番","種類":"警察署","高さ":"6.9"}},{"type":"Feature","geometry":{"type":"Point","coordinates":[139.5857152449,35.4233848788]},"properties":{"名称":"横浜市消防局南消防署六ツ川消防出張所","種類":"消防署","高さ":"7"}},{"type":"Feature","geometry":{"type":"Point","coordinates":[139.6095913588,35.4310651673]},"properties":{"名称":"横浜市消防局南消防署蒔田消防出張所","種類":"消防署","高さ":"14.5"}},{"type":"Feature","geometry":{"type":"Point","coordinates":[139.6032833562,35.4210757371]},"properties":{"名称":"市立横浜総合高等学校","種類":"学校","高さ":"19"}},{"type":"Feature","geometry":{"type":"Point","coordinates":[139.5995655574,35.4326980279]},"properties":{"名称":"市立井土ケ谷小学校","種類":"学校","高さ":"15.3"}},{"type":"Feature","geometry":{"type":"Point","coordinates":[139.5915276575,35.4355147389]},"properties":{"名称":"市立永田小学校","種類":"学校","高さ":"15.1"}},{"type":"Feature","geometry":{"type":"Point","coordinates":[139.5894543364,35.4326980388]},"properties":{"名称":"市立永田台小学校","種類":"学校","高さ":"14.7"}},{"type":"Feature","geometry":{"type":"Point","coordinates":[139.6132644082,35.4258783564]},"properties":{"名称":"市立蒔田小学校","種類":"学校","高さ":"9.9"}},{"type":"Feature","geometry":{"type":"Point","coordinates":[139.617494311,35.441025087]},"properties":{"名称":"市立太田小学校","種類":"学校","高さ":"14.9"}},{"type":"Feature","geometry":{"type":"Point","coordinates":[139.600898797,35.4258924877]},"properties":{"名称":"市立大岡小学校","種類":"学校","高さ":"11.2"}},{"type":"Feature","geometry":{"type":"Point","coordinates":[139.5987022556,35.4190924176]},"properties":{"名称":"市立南小学校","種類":"学校","高さ":"11.5"}},{"type":"Feature","geometry":{"type":"Point","coordinates":[139.5817902136,35.4170519086]},"properties":{"名称":"市立別所小学校","種類":"学校","高さ":"15.2"}},{"type":"Feature","geometry":{"type":"Point","coordinates":[139.5841299153,35.4289606392]},"properties":{"名称":"市立六つ川小学校","種類":"学校","高さ":"11.9"}},{"type":"Feature","geometry":{"type":"Point","coordinates":[139.5809427849,35.4285050798]},"properties":{"名称":"市立六つ川台小学校","種類":"学校","高さ":"14.7"}},{"type":"Feature","geometry":{"type":"Point","coordinates":[139.609801788,35.4276213365]},"properties":{"名称":"私立青山学院横浜英和小学校","種類":"学校","高さ":"12.6"}},{"type":"Feature","geometry":{"type":"Point","coordinates":[139.587371046,35.4338091596]},"properties":{"名称":"市立永田中学校","種類":"学校","高さ":"14.7"}},{"type":"Feature","geometry":{"type":"Point","coordinates":[139.6168701092,35.4326624068]},"properties":{"名称":"市立共進中学校","種類":"学校","高さ":"14.8"}},{"type":"Feature","geometry":{"type":"Point","coordinates":[139.5971143866,35.4270640584]},"properties":{"名称":"市立南中学校","種類":"学校","高さ":"15.1"}},{"type":"Feature","geometry":{"type":"Point","coordinates":[139.5783709845,35.4288924999]},"properties":{"名称":"市立六ツ川中学校","種類":"学校","高さ":"11.5"}},{"type":"Feature","geometry":{"type":"Point","coordinates":[139.6093522688,35.432270107]},"properties":{"名称":"市立蒔田中学校","種類":"学校","高さ":"15.6"}},{"type":"Feature","geometry":{"type":"Point","coordinates":[139.5778736542,35.42485237]},"properties":{"名称":"市立六つ川西小学校","種類":"学校","高さ":"8.9"}},{"type":"Feature","geometry":{"type":"Point","coordinates":[139.6102107089,35.4341712172]},"properties":{"名称":"市立横浜商業高等学校","種類":"学校","高さ":"13"}},{"type":"Feature","geometry":{"type":"Point","coordinates":[139.6111373697,35.4351449276]},"properties":{"名称":"市立南太田小学校","種類":"学校","高さ":"15.1"}},{"type":"Feature","geometry":{"type":"Point","coordinates":[139.6167797403,35.4355991368]},"properties":{"名称":"市立日枝小学校","種類":"学校","高さ":"15.3"}},{"type":"Feature","geometry":{"type":"Point","coordinates":[139.6093858395,35.4377348873]},"properties":{"名称":"県立横浜清陵高等学校","種類":"学校","高さ":"19"}},{"type":"Feature","geometry":{"type":"Point","coordinates":[139.6187080911,35.4416179173]},"properties":{"名称":"私立関東学院高等学校","種類":"学校","高さ":"19.7"}},{"type":"Feature","geometry":{"type":"Point","coordinates":[139.6209782411,35.4418667766]},"properties":{"名称":"私立関東学院小学校","種類":"学校","高さ":"18"}},{"type":"Feature","geometry":{"type":"Point","coordinates":[139.6190217811,35.4422138666]},"properties":{"名称":"私立関東学院中学校","種類":"学校","高さ":"18.7"}},{"type":"Feature","geometry":{"type":"Point","coordinates":[139.5794623335,35.4227921092]},"properties":{"名称":"県立横浜南養護学校","種類":"学校","高さ":"21.6"}},{"type":"Feature","geometry":{"type":"Point","coordinates":[139.6045654767,35.4221424967]},"properties":{"名称":"国立横浜国立大学教育学部附属特別支援学校","種類":"学校","高さ":"8"}},{"type":"Feature","geometry":{"type":"Point","coordinates":[139.6029265764,35.422781387]},"properties":{"名称":"国立横浜国立大学教育学部附属横浜中学校","種類":"学校","高さ":"13.4"}},{"type":"Feature","geometry":{"type":"Point","coordinates":[139.5854385852,35.4270592194]},"properties":{"名称":"県立横浜国際高等学校","種類":"学校","高さ":"16"}},{"type":"Feature","geometry":{"type":"Point","coordinates":[139.6146731295,35.4358136766]},"properties":{"名称":"佐藤病院","種類":"病院","高さ":"14.1"}},{"type":"Feature","geometry":{"type":"Point","coordinates":[139.6007155674,35.4328374281]},"properties":{"名称":"横浜南郵便局","種類":"郵便局","高さ":"9.2"}},{"type":"Feature","geometry":{"type":"Point","coordinates":[139.5850364546,35.4238831492]},"properties":{"名称":"横浜六ツ川一郵便局","種類":"郵便局","高さ":"10"}},{"type":"Feature","geometry":{"type":"Point","coordinates":[139.5987665759,35.4240081077]},"properties":{"名称":"横浜弘明寺郵便局","種類":"郵便局","高さ":"11.9"}},{"type":"Feature","geometry":{"type":"Point","coordinates":[139.5778427744,35.4264044201]},"properties":{"名称":"横浜六ツ川郵便局","種類":"郵便局","高さ":"8"}},{"type":"Feature","geometry":{"type":"Point","coordinates":[139.6038462176,35.4271618374]},"properties":{"名称":"横浜中島郵便局","種類":"郵便局","高さ":"9.7"}},{"type":"Feature","geometry":{"type":"Point","coordinates":[139.6178503897,35.4297931267]},"properties":{"名称":"横浜中村橋郵便局","種類":"郵便局","高さ":"13.6"}},{"type":"Feature","geometry":{"type":"Point","coordinates":[139.5873940361,35.4325353597]},"properties":{"名称":"横浜南永田郵便局","種類":"郵便局","高さ":"34.2"}},{"type":"Feature","geometry":{"type":"Point","coordinates":[139.6116508885,35.4325207667]},"properties":{"名称":"横浜宿町郵便局","種類":"郵便局","高さ":"12.1"}},{"type":"Feature","geometry":{"type":"Point","coordinates":[139.6216498407,35.4373516265]},"properties":{"名称":"横浜吉野町郵便局","種類":"郵便局","高さ":"13.6"}},{"type":"Feature","geometry":{"type":"Point","coordinates":[139.6156934603,35.4386776667]},"properties":{"名称":"横浜南太田郵便局","種類":"郵便局","高さ":"12.3"}},{"type":"Feature","geometry":{"type":"Point","coordinates":[139.5971776079,35.4378987693]},"properties":{"名称":"横浜永田郵便局","種類":"郵便局","高さ":"10.3"}},{"type":"Feature","geometry":{"type":"Point","coordinates":[139.6275410613,35.4344309559]},"properties":{"名称":"横浜市南区役所","種類":"地方の機関","高さ":"13.6"}},{"type":"Feature","geometry":{"type":"Point","coordinates":[139.627148051,35.4329233953]},"properties":{"名称":"神奈川県警察中村町分庁舎","種類":"警察署","高さ":"8.6"}},{"type":"Feature","geometry":{"type":"Point","coordinates":[139.6281066361,35.4348549503]},"properties":{"名称":"南警察署浦舟町交番","種類":"警察署","高さ":"0"}},{"type":"Feature","geometry":{"type":"Point","coordinates":[139.6303754809,35.4336161752]},"properties":{"名称":"南警察署八幡町交番","種類":"警察署","高さ":"9.1"}},{"type":"Feature","geometry":{"type":"Point","coordinates":[139.635735432,35.4341952347]},"properties":{"名称":"市立石川小学校","種類":"学校","高さ":"13.4"}},{"type":"Feature","geometry":{"type":"Point","coordinates":[139.6333996509,35.4312282346]},"properties":{"名称":"市立平楽中学校","種類":"学校","高さ":"16.3"}},{"type":"Feature","geometry":{"type":"Point","coordinates":[139.6265532714,35.4365781056]},"properties":{"名称":"市立南吉田小学校","種類":"学校","高さ":"14.7"}},{"type":"Feature","geometry":{"type":"Point","coordinates":[139.6258252309,35.4329567657]},"properties":{"名称":"市立中村小学校","種類":"学校","高さ":"15.2"}},{"type":"Feature","geometry":{"type":"Point","coordinates":[139.6266578809,35.4328417954]},"properties":{"名称":"市立中村特別支援学校","種類":"学校","高さ":"5.8"}},{"type":"Feature","geometry":{"type":"Point","coordinates":[139.625980151,35.4340001862]},"properties":{"名称":"市立浦舟特別支援学校","種類":"学校","高さ":"44.1"}},{"type":"Feature","geometry":{"type":"Point","coordinates":[139.6250957503,35.4336721855]},"properties":{"名称":"横浜市立大学附属市民総合医療センター","種類":"病院","高さ":"76.3"}},{"type":"Feature","geometry":{"type":"Point","coordinates":[139.6272817913,35.4349870761]},"properties":{"名称":"横浜浦舟郵便局","種類":"郵便局","高さ":"30.8"}},{"type":"Feature","geometry":{"type":"Point","coordinates":[139.5978160222,35.4677671515]},"properties":{"名称":"保土ケ谷簡易裁判所","種類":"国の機関","高さ":"7.7"}},{"type":"Feature","geometry":{"type":"Point","coordinates":[139.5972787792,35.445747299]},"properties":{"名称":"東京国税局保土ヶ谷税務署","種類":"国の機関","高さ":"14.5"}},{"type":"Feature","geometry":{"type":"Point","coordinates":[139.5995794801,35.4470852293]},"properties":{"名称":"神奈川労働局横浜西労働基準監督署","種類":"国の機関","高さ":"19.2"}},{"type":"Feature","geometry":{"type":"Point","coordinates":[139.5959929916,35.4599013603]},"properties":{"名称":"横浜市保土ケ谷区役所","種類":"地方の機関","高さ":"23"}},{"type":"Feature","geometry":{"type":"Point","coordinates":[139.5967067009,35.4605359408]},"properties":{"名称":"保土ケ谷警察署","種類":"警察署","高さ":"23"}},{"type":"Feature","geometry":{"type":"Point","coordinates":[139.5977753033,35.472245951]},"properties":{"名称":"保土ケ谷警察署岡沢町交番","種類":"警察署","高さ":"5.9"}},{"type":"Feature","geometry":{"type":"Point","coordinates":[139.5813077981,35.4519770614]},"properties":{"名称":"保土ケ谷警察署花見台交番","種類":"警察署","高さ":"6.4"}},{"type":"Feature","geometry":{"type":"Point","coordinates":[139.5996671104,35.4489461795]},"properties":{"名称":"保土ケ谷警察署岩間町交番","種類":"警察署","高さ":"6.5"}},{"type":"Feature","geometry":{"type":"Point","coordinates":[139.6008983917,35.4586674503]},"properties":{"名称":"保土ケ谷警察署宮田町交番","種類":"警察署","高さ":"6.1"}},{"type":"Feature","geometry":{"type":"Point","coordinates":[139.5780594572,35.4452484416]},"properties":{"名称":"保土ケ谷警察署元町橋交番","種類":"警察署","高さ":"7"}},{"type":"Feature","geometry":{"type":"Point","coordinates":[139.5520308548,35.4524734541]},"properties":{"名称":"保土ケ谷警察署今井町駐在所","種類":"警察署","高さ":"6.6"}},{"type":"Feature","geometry":{"type":"Point","coordinates":[139.567622052,35.4876926251]},"properties":{"名称":"保土ケ谷警察署上菅田交番","種類":"警察署","高さ":"4.4"}},{"type":"Feature","geometry":{"type":"Point","coordinates":[139.5632314167,35.4528362332]},"properties":{"名称":"保土ケ谷警察署新桜ヶ丘駐在所","種類":"警察署","高さ":"6.4"}},{"type":"Feature","geometry":{"type":"Point","coordinates":[139.5939596608,35.4582101403]},"properties":{"名称":"保土ケ谷警察署星川交番","種類":"警察署","高さ":"8"}},{"type":"Feature","geometry":{"type":"Point","coordinates":[139.5661623806,35.478599565]},"properties":{"名称":"保土ケ谷警察署西谷交番","種類":"警察署","高さ":"6.9"}},{"type":"Feature","geometry":{"type":"Point","coordinates":[139.5645807393,35.4731935951]},"properties":{"名称":"保土ケ谷警察署川島町駐在所","種類":"警察署","高さ":"7.1"}},{"type":"Feature","geometry":{"type":"Point","coordinates":[139.5960133589,35.4440134493]},"properties":{"名称":"保土ケ谷警察署保土ケ谷橋交番","種類":"警察署","高さ":"7.2"}},{"type":"Feature","geometry":{"type":"Point","coordinates":[139.5784221202,35.4675715328]},"properties":{"名称":"保土ケ谷警察署両郡橋交番","種類":"警察署","高さ":"6.1"}},{"type":"Feature","geometry":{"type":"Point","coordinates":[139.5861383211,35.4656282921]},"properties":{"名称":"保土ケ谷警察署和田町交番","種類":"警察署","高さ":"6.4"}},{"type":"Feature","geometry":{"type":"Point","coordinates":[139.5738710454,35.4356980413]},"properties":{"名称":"横浜市消防局保土ヶ谷消防署権太坂消防出張所","種類":"消防署","高さ":"14.1"}},{"type":"Feature","geometry":{"type":"Point","coordinates":[139.5938433584,35.4441980201]},"properties":{"名称":"横浜市消防局保土ヶ谷消防署本陣消防出張所","種類":"消防署","高さ":"9.5"}},{"type":"Feature","geometry":{"type":"Point","coordinates":[139.5643807051,35.4445727022]},"properties":{"名称":"横浜市消防局保土ヶ谷消防署今井消防出張所","種類":"消防署","高さ":"7.1"}},{"type":"Feature","geometry":{"type":"Point","coordinates":[139.5961276607,35.4547538105]},"properties":{"名称":"横浜市消防局保土ヶ谷消防署","種類":"消防署","高さ":"14.7"}},{"type":"Feature","geometry":{"type":"Point","coordinates":[139.5700339812,35.4775106843]},"properties":{"名称":"横浜市消防局保土ヶ谷消防署西谷消防出張所","種類":"消防署","高さ":"7.5"}},{"type":"Feature","geometry":{"type":"Point","coordinates":[139.5684234785,35.4637767839]},"properties":{"名称":"横浜市消防局旭消防署市沢消防出張所","種類":"消防署","高さ":"7.9"}},{"type":"Feature","geometry":{"type":"Point","coordinates":[139.5746488961,35.4416980315]},"properties":{"名称":"市立権太坂小学校","種類":"学校","高さ":"14.1"}},{"type":"Feature","geometry":{"type":"Point","coordinates":[139.5584544153,35.4466424836]},"properties":{"名称":"市立今井小学校","種類":"学校","高さ":"15.1"}},{"type":"Feature","geometry":{"type":"Point","coordinates":[139.5798339504,35.4648755026]},"properties":{"名称":"市立坂本小学校","種類":"学校","高さ":"14.6"}},{"type":"Feature","geometry":{"type":"Point","coordinates":[139.590731819,35.4507446105]},"properties":{"名称":"市立桜台小学校","種類":"学校","高さ":"11.2"}},{"type":"Feature","geometry":{"type":"Point","coordinates":[139.5761489475,35.4479758015]},"properties":{"名称":"市立初音が丘小学校","種類":"学校","高さ":"11.2"}},{"type":"Feature","geometry":{"type":"Point","coordinates":[139.5780102814,35.4762257537]},"properties":{"名称":"市立上星川小学校","種類":"学校","高さ":"14.7"}},{"type":"Feature","geometry":{"type":"Point","coordinates":[139.5568992922,35.4957812975]},"properties":{"名称":"市立新井小学校","種類":"学校","高さ":"15"}},{"type":"Feature","geometry":{"type":"Point","coordinates":[139.5870100178,35.44128136]},"properties":{"名称":"市立瀬戸ケ谷小学校","種類":"学校","高さ":"15.3"}},{"type":"Feature","geometry":{"type":"Point","coordinates":[139.5891954105,35.4615272616]},"properties":{"名称":"市立星川小学校","種類":"学校","高さ":"11.8"}},{"type":"Feature","geometry":{"type":"Point","coordinates":[139.5858640504,35.4604445015]},"properties":{"名称":"市立仏向小学校","種類":"学校","高さ":"14.8"}},{"type":"Feature","geometry":{"type":"Point","coordinates":[139.599355042,35.4614858702]},"properties":{"名称":"市立峯小学校","種類":"学校","高さ":"11.4"}},{"type":"Feature","geometry":{"type":"Point","coordinates":[139.6015860391,35.4433610886]},"properties":{"名称":"市立岩井原中学校","種類":"学校","高さ":"15"}},{"type":"Feature","geometry":{"type":"Point","coordinates":[139.5765432483,35.4557662818]},"properties":{"名称":"市立橘中学校","種類":"学校","高さ":"14.6"}},{"type":"Feature","geometry":{"type":"Point","coordinates":[139.5684991127,35.4900919256]},"properties":{"名称":"市立上菅田中学校","種類":"学校","高さ":"14.5"}},{"type":"Feature","geometry":{"type":"Point","coordinates":[139.5646036901,35.474255735]},"properties":{"名称":"市立西谷中学校","種類":"学校","高さ":"15.1"}},{"type":"Feature","geometry":{"type":"Point","coordinates":[139.585371199,35.451642461]},"properties":{"名称":"市立桜丘高等学校","種類":"学校","高さ":"14.9"}},{"type":"Feature","geometry":{"type":"Point","coordinates":[139.5748711063,35.4434202612]},"properties":{"名称":"県立光陵高等学校","種類":"学校","高さ":"11.7"}},{"type":"Feature","geometry":{"type":"Point","coordinates":[139.5537346653,35.4506986238]},"properties":{"名称":"県立商工高等学校","種類":"学校","高さ":"19.3"}},{"type":"Feature","geometry":{"type":"Point","coordinates":[139.5631086279,35.4657585342]},"properties":{"名称":"県立保土ケ谷高等学校","種類":"学校","高さ":"18.5"}},{"type":"Feature","geometry":{"type":"Point","coordinates":[139.598454439,35.4414480194]},"properties":{"名称":"私立横浜清風高等学校","種類":"学校","高さ":"14.9"}},{"type":"Feature","geometry":{"type":"Point","coordinates":[139.6048348628,35.4615114401]},"properties":{"名称":"市立宮田中学校","種類":"学校","高さ":"11"}},{"type":"Feature","geometry":{"type":"Point","coordinates":[139.5679629199,35.4734360844]},"properties":{"名称":"市立川島小学校","種類":"学校","高さ":"12.9"}},{"type":"Feature","geometry":{"type":"Point","coordinates":[139.5723349961,35.442464702]},"properties":{"名称":"県立保土ケ谷養護学校","種類":"学校","高さ":"7.6"}},{"type":"Feature","geometry":{"type":"Point","coordinates":[139.6018874594,35.4428605987]},"properties":{"名称":"市立富士見台小学校","種類":"学校","高さ":"11.7"}},{"type":"Feature","geometry":{"type":"Point","coordinates":[139.5867536579,35.4469397508]},"properties":{"名称":"市立岩崎小学校","種類":"学校","高さ":"9.2"}},{"type":"Feature","geometry":{"type":"Point","coordinates":[139.5854550785,35.4497099005]},"properties":{"名称":"市立岩崎中学校","種類":"学校","高さ":"15"}},{"type":"Feature","geometry":{"type":"Point","coordinates":[139.5948535506,35.4547630907]},"properties":{"名称":"市立保土ケ谷小学校","種類":"学校","高さ":"11.7"}},{"type":"Feature","geometry":{"type":"Point","coordinates":[139.5975657707,35.4566146607]},"properties":{"名称":"市立帷子小学校","種類":"学校","高さ":"8.4"}},{"type":"Feature","geometry":{"type":"Point","coordinates":[139.5843727305,35.4662532124]},"properties":{"名称":"市立保土ケ谷中学校","種類":"学校","高さ":"14.8"}},{"type":"Feature","geometry":{"type":"Point","coordinates":[139.5857832215,35.4693065628]},"properties":{"名称":"市立常盤台小学校","種類":"学校","高さ":"14.5"}},{"type":"Feature","geometry":{"type":"Point","coordinates":[139.5924741924,35.4733535323]},"properties":{"名称":"横浜国立大学","種類":"学校","高さ":"7.9"}},{"type":"Feature","geometry":{"type":"Point","coordinates":[139.562918706,35.451130543]},"properties":{"名称":"市立藤塚小学校","種類":"学校","高さ":"7.6"}},{"type":"Feature","geometry":{"type":"Point","coordinates":[139.5748353528,35.4860201947]},"properties":{"名称":"市立上菅田特別支援学校","種類":"学校","高さ":"7.9"}},{"type":"Feature","geometry":{"type":"Point","coordinates":[139.5963713932,35.4728368615]},"properties":{"名称":"市立ろう特別支援学校","種類":"学校","高さ":"8.2"}},{"type":"Feature","geometry":{"type":"Point","coordinates":[139.5552406409,35.4897105073]},"properties":{"名称":"市立新井中学校桜坂分校","種類":"学校","高さ":"7.5"}},{"type":"Feature","geometry":{"type":"Point","coordinates":[139.5648700325,35.4927464461]},"properties":{"名称":"市立上菅田笹の丘小学校","種類":"学校","高さ":"15.3"}},{"type":"Feature","geometry":{"type":"Point","coordinates":[139.5834534516,35.472830563]},"properties":{"名称":"横浜保土ケ谷中央病院","種類":"病院","高さ":"26.5"}},{"type":"Feature","geometry":{"type":"Point","coordinates":[139.6048277698,35.4426023086]},"properties":{"名称":"聖隷横浜病院","種類":"病院","高さ":"12.8"}},{"type":"Feature","geometry":{"type":"Point","coordinates":[139.5764889449,35.4336676802]},"properties":{"名称":"イムス横浜狩場脳神経外科病院","種類":"病院","高さ":"14.4"}},{"type":"Feature","geometry":{"type":"Point","coordinates":[139.6001378038,35.4724671012]},"properties":{"名称":"横浜市立市民病院","種類":"病院","高さ":"39.9"}},{"type":"Feature","geometry":{"type":"Point","coordinates":[139.596341301,35.4608227508]},"properties":{"名称":"保土ヶ谷郵便局","種類":"郵便局","高さ":"37.1"}},{"type":"Feature","geometry":{"type":"Point","coordinates":[139.6006771698,35.4437583993]},"properties":{"名称":"横浜岩井郵便局","種類":"郵便局","高さ":"9.9"}},{"type":"Feature","geometry":{"type":"Point","coordinates":[139.5645921052,35.4444747822]},"properties":{"名称":"横浜今井郵便局","種類":"郵便局","高さ":"4.3"}},{"type":"Feature","geometry":{"type":"Point","coordinates":[139.5808859477,35.4462948313]},"properties":{"名称":"横浜保土ヶ谷三郵便局","種類":"郵便局","高さ":"9"}},{"type":"Feature","geometry":{"type":"Point","coordinates":[139.5971070798,35.4463831396]},"properties":{"名称":"横浜帷子郵便局","種類":"郵便局","高さ":"6.8"}},{"type":"Feature","geometry":{"type":"Point","coordinates":[139.5917968098,35.4508755005]},"properties":{"名称":"横浜桜ヶ丘郵便局","種類":"郵便局","高さ":"7.1"}},{"type":"Feature","geometry":{"type":"Point","coordinates":[139.602242051,35.4526029992]},"properties":{"名称":"横浜岩間郵便局","種類":"郵便局","高さ":"10.3"}},{"type":"Feature","geometry":{"type":"Point","coordinates":[139.5977048207,35.4536752596]},"properties":{"名称":"横浜ビジネスパーク内郵便局","種類":"郵便局","高さ":"49.6"}},{"type":"Feature","geometry":{"type":"Point","coordinates":[139.5936578708,35.4579899305]},"properties":{"名称":"横浜星川郵便局","種類":"郵便局","高さ":"11.6"}},{"type":"Feature","geometry":{"type":"Point","coordinates":[139.5871148212,35.4656850519]},"properties":{"名称":"横浜和田郵便局","種類":"郵便局","高さ":"6.9"}},{"type":"Feature","geometry":{"type":"Point","coordinates":[139.577328231,35.4702958737]},"properties":{"名称":"横浜上星川郵便局","種類":"郵便局","高さ":"7"}},{"type":"Feature","geometry":{"type":"Point","coordinates":[139.5702910603,35.4757622042]},"properties":{"名称":"横浜西谷郵便局","種類":"郵便局","高さ":"9.3"}},{"type":"Feature","geometry":{"type":"Point","coordinates":[139.5675010518,35.4877098058]},"properties":{"名称":"横浜上菅田郵便局","種類":"郵便局","高さ":"3.5"}},{"type":"Feature","geometry":{"type":"Point","coordinates":[139.552522251,35.4912305472]},"properties":{"名称":"横浜千丸台郵便局","種類":"郵便局","高さ":"14.9"}},{"type":"Feature","geometry":{"type":"Point","coordinates":[139.5848533972,35.4396751502]},"properties":{"名称":"横浜狩場郵便局","種類":"郵便局","高さ":"11.8"}},{"type":"Feature","geometry":{"type":"Point","coordinates":[139.5851554617,35.4714034025]},"properties":{"名称":"横浜常盤台郵便局","種類":"郵便局","高さ":"9.9"}},{"type":"Feature","geometry":{"type":"Point","coordinates":[139.6184861057,35.4024264444]},"properties":{"名称":"横浜市磯子区役所","種類":"地方の機関","高さ":"22"}},{"type":"Feature","geometry":{"type":"Point","coordinates":[139.6247140974,35.4128423844]},"properties":{"名称":"磯子警察署","種類":"警察署","高さ":"16.2"}},{"type":"Feature","geometry":{"type":"Point","coordinates":[139.6176179752,35.399524654]},"properties":{"名称":"磯子警察署磯子駅前交番","種類":"警察署","高さ":"6.3"}},{"type":"Feature","geometry":{"type":"Point","coordinates":[139.609019944,35.4011461848]},"properties":{"名称":"磯子警察署汐見台交番","種類":"警察署","高さ":"4.4"}},{"type":"Feature","geometry":{"type":"Point","coordinates":[139.6100051107,35.3756021829]},"properties":{"名称":"磯子警察署上中里交番","種類":"警察署","高さ":"6.7"}},{"type":"Feature","geometry":{"type":"Point","coordinates":[139.6106546031,35.394674454]},"properties":{"名称":"磯子警察署森交番","種類":"警察署","高さ":"6.1"}},{"type":"Feature","geometry":{"type":"Point","coordinates":[139.6198276328,35.3851119026]},"properties":{"名称":"磯子警察署杉田交番","種類":"警察署","高さ":"6.5"}},{"type":"Feature","geometry":{"type":"Point","coordinates":[139.5960312493,35.377850244]},"properties":{"名称":"磯子警察署洋光台交番","種類":"警察署","高さ":"6.4"}},{"type":"Feature","geometry":{"type":"Point","coordinates":[139.5990499707,35.3843880745]},"properties":{"名称":"横浜市消防局磯子消防署洋光台消防出張所","種類":"消防署","高さ":"8.2"}},{"type":"Feature","geometry":{"type":"Point","coordinates":[139.6173428629,35.3891981132]},"properties":{"名称":"横浜市消防局磯子消防署杉田消防出張所","種類":"消防署","高さ":"19.8"}},{"type":"Feature","geometry":{"type":"Point","coordinates":[139.6243203679,35.4124461845]},"properties":{"名称":"横浜市消防局磯子消防署","種類":"消防署","高さ":"19.9"}},{"type":"Feature","geometry":{"type":"Point","coordinates":[139.622148747,35.4141980543]},"properties":{"名称":"市立磯子小学校","種類":"学校","高さ":"14.8"}},{"type":"Feature","geometry":{"type":"Point","coordinates":[139.614565356,35.4078925147]},"properties":{"名称":"市立山王台小学校","種類":"学校","高さ":"13.3"}},{"type":"Feature","geometry":{"type":"Point","coordinates":[139.6070374638,35.4009758651]},"properties":{"名称":"市立汐見台小学校","種類":"学校","高さ":"3.2"}},{"type":"Feature","geometry":{"type":"Point","coordinates":[139.6159818543,35.3975314344]},"properties":{"名称":"市立森東小学校","種類":"学校","高さ":"15.9"}},{"type":"Feature","geometry":{"type":"Point","coordinates":[139.6202316522,35.3777814822]},"properties":{"名称":"市立梅林小学校","種類":"学校","高さ":"11"}},{"type":"Feature","geometry":{"type":"Point","coordinates":[139.613308276,35.4059508109]},"properties":{"名称":"市立浜小学校","種類":"学校","高さ":"5.1"}},{"type":"Feature","geometry":{"type":"Point","coordinates":[139.5955927596,35.3841981353]},"properties":{"名称":"市立洋光台第一小学校","種類":"学校","高さ":"15.3"}},{"type":"Feature","geometry":{"type":"Point","coordinates":[139.5972871385,35.3730870437]},"properties":{"名称":"市立洋光台第四小学校","種類":"学校","高さ":"14.8"}},{"type":"Feature","geometry":{"type":"Point","coordinates":[139.5998982794,35.3764203737]},"properties":{"名称":"市立洋光台第二小学校","種類":"学校","高さ":"14.7"}},{"type":"Feature","geometry":{"type":"Point","coordinates":[139.6138404729,35.3911780836]},"properties":{"名称":"市立屏風浦小学校","種類":"学校","高さ":"11"}},{"type":"Feature","geometry":{"type":"Point","coordinates":[139.6171209574,35.4165591756]},"properties":{"名称":"市立岡村中学校","種類":"学校","高さ":"10.9"}},{"type":"Feature","geometry":{"type":"Point","coordinates":[139.6113430351,35.4070591951]},"properties":{"名称":"市立汐見台中学校","種類":"学校","高さ":"14.7"}},{"type":"Feature","geometry":{"type":"Point","coordinates":[139.6052039722,35.3926147749]},"properties":{"名称":"市立森中学校","種類":"学校","高さ":"14.8"}},{"type":"Feature","geometry":{"type":"Point","coordinates":[139.6111761311,35.3783092629]},"properties":{"名称":"市立浜中学校","種類":"学校","高さ":"11.4"}},{"type":"Feature","geometry":{"type":"Point","coordinates":[139.5891483492,35.3835036956]},"properties":{"名称":"市立洋光台第一中学校","種類":"学校","高さ":"14.7"}},{"type":"Feature","geometry":{"type":"Point","coordinates":[139.6026482696,35.3743648234]},"properties":{"名称":"市立洋光台第二中学校","種類":"学校","高さ":"15"}},{"type":"Feature","geometry":{"type":"Point","coordinates":[139.6050373518,35.3907258945]},"properties":{"名称":"県立磯子工業高等学校","種類":"学校","高さ":"6.8"}},{"type":"Feature","geometry":{"type":"Point","coordinates":[139.5900927389,35.3823370256]},"properties":{"名称":"市立洋光台第三小学校","種類":"学校","高さ":"14.7"}},{"type":"Feature","geometry":{"type":"Point","coordinates":[139.6167213624,35.3855201529]},"properties":{"名称":"市立杉田小学校","種類":"学校","高さ":"14.9"}},{"type":"Feature","geometry":{"type":"Point","coordinates":[139.6093982292,35.3691148321]},"properties":{"名称":"市立さわの里小学校","種類":"学校","高さ":"15.2"}},{"type":"Feature","geometry":{"type":"Point","coordinates":[139.6113693186,35.3631496418]},"properties":{"名称":"県立横浜氷取沢高等学校","種類":"学校","高さ":"15.1"}},{"type":"Feature","geometry":{"type":"Point","coordinates":[139.6217593665,35.4070280442]},"properties":{"名称":"磯子中央病院","種類":"病院","高さ":"19.3"}},{"type":"Feature","geometry":{"type":"Point","coordinates":[139.6079069744,35.4015038147]},"properties":{"名称":"神奈川県立汐見台病院","種類":"病院","高さ":"20.4"}},{"type":"Feature","geometry":{"type":"Point","coordinates":[139.6154426039,35.393356274]},"properties":{"名称":"磯子郵便局","種類":"郵便局","高さ":"9.1"}},{"type":"Feature","geometry":{"type":"Point","coordinates":[139.5965481084,35.3701258441]},"properties":{"名称":"横浜洋光台南郵便局","種類":"郵便局","高さ":"4.3"}},{"type":"Feature","geometry":{"type":"Point","coordinates":[139.6121398499,35.3704747022]},"properties":{"名称":"横浜上中里郵便局","種類":"郵便局","高さ":"17.4"}},{"type":"Feature","geometry":{"type":"Point","coordinates":[139.6132386721,35.3817294431]},"properties":{"名称":"横浜杉田西郵便局","種類":"郵便局","高さ":"14.8"}},{"type":"Feature","geometry":{"type":"Point","coordinates":[139.6192158429,35.3859524325]},"properties":{"名称":"横浜杉田郵便局","種類":"郵便局","高さ":"99.1"}},{"type":"Feature","geometry":{"type":"Point","coordinates":[139.6124826527,35.3897734136]},"properties":{"名称":"横浜中原郵便局","種類":"郵便局","高さ":"7"}},{"type":"Feature","geometry":{"type":"Point","coordinates":[139.6225197767,35.407585274]},"properties":{"名称":"磯子浜西郵便局","種類":"郵便局","高さ":"5.8"}},{"type":"Feature","geometry":{"type":"Point","coordinates":[139.6097686165,35.4154603458]},"properties":{"名称":"横浜岡村郵便局","種類":"郵便局","高さ":"7.2"}},{"type":"Feature","geometry":{"type":"Point","coordinates":[139.5946748192,35.3805260045]},"properties":{"名称":"洋光台駅前郵便局","種類":"郵便局","高さ":"7.6"}},{"type":"Feature","geometry":{"type":"Point","coordinates":[139.612776657,35.4178264962]},"properties":{"名称":"磯子警察署岡村交番","種類":"警察署","高さ":"6.9"}},{"type":"Feature","geometry":{"type":"Point","coordinates":[139.6238957195,35.4236515951]},"properties":{"名称":"磯子警察署丸山交番","種類":"警察署","高さ":"3.4"}},{"type":"Feature","geometry":{"type":"Point","coordinates":[139.6112886471,35.4213445464]},"properties":{"名称":"市立岡村小学校","種類":"学校","高さ":"11.2"}},{"type":"Feature","geometry":{"type":"Point","coordinates":[139.6209266189,35.4220313758]},"properties":{"名称":"市立滝頭小学校","種類":"学校","高さ":"14.7"}},{"type":"Feature","geometry":{"type":"Point","coordinates":[139.6151075326,35.4169709762]},"properties":{"名称":"私立横浜学園中学校","種類":"学校","高さ":"11.9"}},{"type":"Feature","geometry":{"type":"Point","coordinates":[139.6155015716,35.4178618465]},"properties":{"名称":"私立横浜学園高等学校","種類":"学校","高さ":"9.7"}},{"type":"Feature","geometry":{"type":"Point","coordinates":[139.6207321389,35.4238647051]},"properties":{"名称":"市立横浜商業高等学校別科","種類":"学校","高さ":"17.8"}},{"type":"Feature","geometry":{"type":"Point","coordinates":[139.618179518,35.4224032556]},"properties":{"名称":"横浜市立脳卒中・神経脊椎センター","種類":"病院","高さ":"19.9"}},{"type":"Feature","geometry":{"type":"Point","coordinates":[139.6206811485,35.4194414648]},"properties":{"名称":"横浜滝頭郵便局","種類":"郵便局","高さ":"8.4"}},{"type":"Feature","geometry":{"type":"Point","coordinates":[139.632926619,35.4177536042]},"properties":{"名称":"市立根岸小学校","種類":"学校","高さ":"12.7"}},{"type":"Feature","geometry":{"type":"Point","coordinates":[139.6385846296,35.4172767533]},"properties":{"名称":"根岸駅前郵便局","種類":"郵便局","高さ":"12.7"}},{"type":"Feature","geometry":{"type":"Point","coordinates":[139.6280625185,35.4192128645]},"properties":{"名称":"横浜坂下郵便局","種類":"郵便局","高さ":"9.6"}},{"type":"Feature","geometry":{"type":"Point","coordinates":[139.628187358,35.414153164]},"properties":{"名称":"動物検疫所","種類":"国の機関","高さ":"7.3"}},{"type":"Feature","geometry":{"type":"Point","coordinates":[139.6344572507,35.416072887]},"properties":{"名称":"磯子警察署根岸駅前交番","種類":"警察署","高さ":"21"}},{"type":"Feature","geometry":{"type":"Point","coordinates":[139.6314523589,35.4149731638]},"properties":{"名称":"市立根岸中学校","種類":"学校","高さ":"15.2"}},{"type":"Feature","geometry":{"type":"Point","coordinates":[139.6264283578,35.4149151643]},"properties":{"名称":"横浜中浜郵便局","種類":"郵便局","高さ":"7.2"}},{"type":"Feature","geometry":{"type":"Point","coordinates":[139.6323263572,35.4042501631]},"properties":{"名称":"東京瓦斯株式会社(根岸工場)","種類":"指定公共機関","高さ":"14.3"}},{"type":"Feature","geometry":{"type":"Point","coordinates":[139.6284743532,35.3830951621]},"properties":{"名称":"ヤマト運輸（横浜主管支店）","種類":"指定公共機関","高さ":"23.5"}},{"type":"Feature","geometry":{"type":"Point","coordinates":[139.6380213594,35.4145421631]},"properties":{"名称":"ＪＸＴＧエネルギー株式会社根岸製油所","種類":"指定公共機関","高さ":"17.2"}},{"type":"Feature","geometry":{"type":"Point","coordinates":[139.6244146461,35.3366239882]},"properties":{"名称":"金沢警察署","種類":"警察署","高さ":"23.8"}},{"type":"Feature","geometry":{"type":"Point","coordinates":[139.6112317664,35.3449187701]},"properties":{"名称":"金沢警察署釜利谷交番","種類":"警察署","高さ":"8.4"}},{"type":"Feature","geometry":{"type":"Point","coordinates":[139.5952419032,35.3393481312]},"properties":{"名称":"金沢警察署釜利谷西駐在所","種類":"警察署","高さ":"4.2"}},{"type":"Feature","geometry":{"type":"Point","coordinates":[139.622755397,35.3440513197]},"properties":{"名称":"金沢警察署金沢文庫駅前交番","種類":"警察署","高さ":"6.5"}},{"type":"Feature","geometry":{"type":"Point","coordinates":[139.6217919602,35.3677667812]},"properties":{"名称":"金沢警察署西富岡駐在所","種類":"警察署","高さ":"7.7"}},{"type":"Feature","geometry":{"type":"Point","coordinates":[139.613863148,35.3576209608]},"properties":{"名称":"金沢警察署能見台交番","種類":"警察署","高さ":"3.9"}},{"type":"Feature","geometry":{"type":"Point","coordinates":[139.5959167032,35.3390604515]},"properties":{"名称":"横浜市消防局金沢消防署釜利谷消防出張所","種類":"消防署","高さ":"7.7"}},{"type":"Feature","geometry":{"type":"Point","coordinates":[139.6191407384,35.3530825204]},"properties":{"名称":"横浜市消防局金沢消防署能見台消防出張所","種類":"消防署","高さ":"7.9"}},{"type":"Feature","geometry":{"type":"Point","coordinates":[139.6183428703,35.3697696915]},"properties":{"名称":"横浜市消防局金沢消防署富岡消防出張所","種類":"消防署","高さ":"11.1"}},{"type":"Feature","geometry":{"type":"Point","coordinates":[139.6187034556,35.3349327739]},"properties":{"名称":"市立金沢高等学校","種類":"学校","高さ":"14.8"}},{"type":"Feature","geometry":{"type":"Point","coordinates":[139.6080091451,35.3436982904]},"properties":{"名称":"市立釜利谷小学校","種類":"学校","高さ":"11.4"}},{"type":"Feature","geometry":{"type":"Point","coordinates":[139.620231601,35.372142612]},"properties":{"名称":"市立小田小学校","種類":"学校","高さ":"11.6"}},{"type":"Feature","geometry":{"type":"Point","coordinates":[139.6141284505,35.3620999302]},"properties":{"名称":"市立西富岡小学校","種類":"学校","高さ":"14.9"}},{"type":"Feature","geometry":{"type":"Point","coordinates":[139.622231489,35.3580037807]},"properties":{"名称":"市立能見台小学校","種類":"学校","高さ":"11.7"}},{"type":"Feature","geometry":{"type":"Point","coordinates":[139.6221480659,35.3387538889]},"properties":{"名称":"市立八景小学校","種類":"学校","高さ":"7.7"}},{"type":"Feature","geometry":{"type":"Point","coordinates":[139.6248704711,35.3668093005]},"properties":{"名称":"市立富岡小学校","種類":"学校","高さ":"11.1"}},{"type":"Feature","geometry":{"type":"Point","coordinates":[139.6191760808,35.3707815016]},"properties":{"名称":"市立小田中学校","種類":"学校","高さ":"11.5"}},{"type":"Feature","geometry":{"type":"Point","coordinates":[139.6141759687,35.3610037618]},"properties":{"名称":"市立富岡中学校","種類":"学校","高さ":"14.9"}},{"type":"Feature","geometry":{"type":"Point","coordinates":[139.6084535868,35.3515871314]},"properties":{"名称":"県立釜利谷高等学校","種類":"学校","高さ":"11.4"}},{"type":"Feature","geometry":{"type":"Point","coordinates":[139.6150092174,35.3533926809]},"properties":{"名称":"市立能見台南小学校","種類":"学校","高さ":"11.6"}},{"type":"Feature","geometry":{"type":"Point","coordinates":[139.6078188938,35.3337789204]},"properties":{"名称":"市立高舟台小学校","種類":"学校","高さ":"14.7"}},{"type":"Feature","geometry":{"type":"Point","coordinates":[139.6041480043,35.337365001]},"properties":{"名称":"市立釜利谷中学校","種類":"学校","高さ":"11.7"}},{"type":"Feature","geometry":{"type":"Point","coordinates":[139.6057173145,35.3387055502]},"properties":{"名称":"市立釜利谷南小学校","種類":"学校","高さ":"11.3"}},{"type":"Feature","geometry":{"type":"Point","coordinates":[139.6178980659,35.3415038698]},"properties":{"名称":"市立金沢中学校","種類":"学校","高さ":"11.2"}},{"type":"Feature","geometry":{"type":"Point","coordinates":[139.5933847029,35.343894738]},"properties":{"名称":"市立西金沢義務教育学校","種類":"学校","高さ":"14.6"}},{"type":"Feature","geometry":{"type":"Point","coordinates":[139.6174535764,35.3446149595]},"properties":{"名称":"市立釜利谷東小学校","種類":"学校","高さ":"11.1"}},{"type":"Feature","geometry":{"type":"Point","coordinates":[139.5947313347,35.3460316225]},"properties":{"名称":"市立西金沢義務教育学校分校舎","種類":"学校","高さ":"11.3"}},{"type":"Feature","geometry":{"type":"Point","coordinates":[139.6183290748,35.3338449989]},"properties":{"名称":"横浜市立大学金沢八景キャンパス","種類":"学校","高さ":"4.6"}},{"type":"Feature","geometry":{"type":"Point","coordinates":[139.5974451935,35.3370594615]},"properties":{"名称":"関東学院大学横浜・金沢文庫キャンパス","種類":"学校","高さ":"11.8"}},{"type":"Feature","geometry":{"type":"Point","coordinates":[139.6139422054,35.344068155]},"properties":{"名称":"金沢文庫病院","種類":"病院","高さ":"12.4"}},{"type":"Feature","geometry":{"type":"Point","coordinates":[139.6247246668,35.3367074182]},"properties":{"名称":"横浜金沢郵便局","種類":"郵便局","高さ":"16.5"}},{"type":"Feature","geometry":{"type":"Point","coordinates":[139.5952556033,35.3386927512]},"properties":{"名称":"横浜釜利谷西郵便局","種類":"郵便局","高さ":"7.5"}},{"type":"Feature","geometry":{"type":"Point","coordinates":[139.6242380874,35.3413737291]},"properties":{"名称":"横浜金沢文庫郵便局","種類":"郵便局","高さ":"13.5"}},{"type":"Feature","geometry":{"type":"Point","coordinates":[139.6114071455,35.3425875706]},"properties":{"名称":"横浜釜利谷郵便局","種類":"郵便局","高さ":"9.4"}},{"type":"Feature","geometry":{"type":"Point","coordinates":[139.619798877,35.3427517797]},"properties":{"名称":"金沢文庫駅前郵便局","種類":"郵便局","高さ":"11.8"}},{"type":"Feature","geometry":{"type":"Point","coordinates":[139.6138049483,35.3577128113]},"properties":{"名称":"横浜能見台郵便局","種類":"郵便局","高さ":"4.3"}},{"type":"Feature","geometry":{"type":"Point","coordinates":[139.5963513992,35.3487252081]},"properties":{"名称":"横浜市立金沢動物園","種類":"博物館・美術館","高さ":"6.2"}},{"type":"Feature","geometry":{"type":"Point","coordinates":[139.6060504867,35.3289532733]},"properties":{"名称":"金沢警察署大道交番","種類":"警察署","高さ":"6.8"}},{"type":"Feature","geometry":{"type":"Point","coordinates":[139.6205633445,35.3280191585]},"properties":{"名称":"金沢警察署六浦交番","種類":"警察署","高さ":"6.8"}},{"type":"Feature","geometry":{"type":"Point","coordinates":[139.6124243429,35.325540159]},"properties":{"名称":"金沢警察署六浦川交番","種類":"警察署","高さ":"3.5"}},{"type":"Feature","geometry":{"type":"Point","coordinates":[139.6121757459,35.324871952]},"properties":{"名称":"横浜市消防局金沢消防署六浦消防出張所","種類":"消防署","高さ":"8.1"}},{"type":"Feature","geometry":{"type":"Point","coordinates":[139.620148343,35.3193651572]},"properties":{"名称":"市立瀬ヶ崎小学校","種類":"学校","高さ":"11.1"}},{"type":"Feature","geometry":{"type":"Point","coordinates":[139.6110373437,35.3266701592]},"properties":{"名称":"市立大道小学校","種類":"学校","高さ":"11"}},{"type":"Feature","geometry":{"type":"Point","coordinates":[139.6125871865,35.3298556416]},"properties":{"名称":"市立六浦小学校","種類":"学校","高さ":"14.8"}},{"type":"Feature","geometry":{"type":"Point","coordinates":[139.6013943428,35.3308961602]},"properties":{"名称":"市立大道中学校","種類":"学校","高さ":"14.3"}},{"type":"Feature","geometry":{"type":"Point","coordinates":[139.6178143438,35.3246981583]},"properties":{"名称":"市立六浦中学校","種類":"学校","高さ":"14.4"}},{"type":"Feature","geometry":{"type":"Point","coordinates":[139.6112033417,35.3158931587]},"properties":{"名称":"市立六浦南小学校","種類":"学校","高さ":"11.2"}},{"type":"Feature","geometry":{"type":"Point","coordinates":[139.5950363409,35.3232821608]},"properties":{"名称":"市立朝比奈小学校","種類":"学校","高さ":"15"}},{"type":"Feature","geometry":{"type":"Point","coordinates":[139.624183344,35.3237601575]},"properties":{"名称":"関東学院大学横浜・金沢八景キャンパス","種類":"学校","高さ":"11.5"}},{"type":"Feature","geometry":{"type":"Point","coordinates":[139.6224883434,35.3207561574]},"properties":{"名称":"横浜南共済病院","種類":"病院","高さ":"31.1"}},{"type":"Feature","geometry":{"type":"Point","coordinates":[139.6206153432,35.3206851579]},"properties":{"名称":"横浜六浦郵便局","種類":"郵便局","高さ":"9.6"}},{"type":"Feature","geometry":{"type":"Point","coordinates":[139.6102343429,35.3226461587]},"properties":{"名称":"六浦駅前郵便局","種類":"郵便局","高さ":"9.6"}},{"type":"Feature","geometry":{"type":"Point","coordinates":[139.6144023439,35.3277651591]},"properties":{"名称":"横浜六浦川郵便局","種類":"郵便局","高さ":"7.1"}},{"type":"Feature","geometry":{"type":"Point","coordinates":[139.6054113429,35.3282441596]},"properties":{"名称":"横浜大道郵便局","種類":"郵便局","高さ":"7.5"}},{"type":"Feature","geometry":{"type":"Point","coordinates":[139.6293143446,35.3231701567]},"properties":{"名称":"私立横浜創学館高等学校","種類":"学校","高さ":"15.4"}},{"type":"Feature","geometry":{"type":"Point","coordinates":[139.6255436478,35.3235346524]},"properties":{"名称":"私立関東学院六浦中学校","種類":"学校","高さ":"14.7"}},{"type":"Feature","geometry":{"type":"Point","coordinates":[139.6274253446,35.3236431572]},"properties":{"名称":"私立関東学院六浦小学校","種類":"学校","高さ":"14.2"}},{"type":"Feature","geometry":{"type":"Point","coordinates":[139.631067346,35.3323951573]},"properties":{"名称":"済生会若草病院","種類":"病院","高さ":"14.6"}},{"type":"Feature","geometry":{"type":"Point","coordinates":[139.6257913459,35.3328401586]},"properties":{"名称":"横浜金沢八景郵便局","種類":"郵便局","高さ":"7.8"}},{"type":"Feature","geometry":{"type":"Point","coordinates":[139.6483433569,35.3878101602]},"properties":{"名称":"東京出入国在留管理局横浜支局","種類":"国の機関","高さ":"19.3"}},{"type":"Feature","geometry":{"type":"Point","coordinates":[139.6271763469,35.3384761589]},"properties":{"名称":"神奈川労働局横浜南公共職業安定所","種類":"国の機関","高さ":"7.6"}},{"type":"Feature","geometry":{"type":"Point","coordinates":[139.6356563507,35.358920159]},"properties":{"名称":"横浜検疫所輸入食品検疫・検査センター","種類":"国の機関","高さ":"8.4"}},{"type":"Feature","geometry":{"type":"Point","coordinates":[139.6253153463,35.3382441582]},"properties":{"名称":"横浜地方法務局金沢出張所","種類":"国の機関","高さ":"5.6"}},{"type":"Feature","geometry":{"type":"Point","coordinates":[139.640241354,35.3769581598]},"properties":{"名称":"関東地方整備局横浜国道事務所金沢国道出張所","種類":"国の機関","高さ":"8.2"}},{"type":"Feature","geometry":{"type":"Point","coordinates":[139.6392313516,35.3603091589]},"properties":{"名称":"東京国税局横浜南税務署","種類":"国の機関","高さ":"19.3"}},{"type":"Feature","geometry":{"type":"Point","coordinates":[139.6420803522,35.3611021584]},"properties":{"名称":"金沢警察署幸浦交番","種類":"警察署","高さ":"7.1"}},{"type":"Feature","geometry":{"type":"Point","coordinates":[139.6370903491,35.3435811581]},"properties":{"名称":"金沢警察署柴町駐在所","種類":"警察署","高さ":"6.8"}},{"type":"Feature","geometry":{"type":"Point","coordinates":[139.633107347,35.3333841578]},"properties":{"名称":"金沢警察署洲崎交番","種類":"警察署","高さ":"7.9"}},{"type":"Feature","geometry":{"type":"Point","coordinates":[139.62974235,35.3599831601]},"properties":{"名称":"金沢警察署能見台駅前交番","種類":"警察署","高さ":"7.5"}},{"type":"Feature","geometry":{"type":"Point","coordinates":[139.6339063523,35.36896616]},"properties":{"名称":"金沢警察署富岡交番","種類":"警察署","高さ":"6.4"}},{"type":"Feature","geometry":{"type":"Point","coordinates":[139.6385323539,35.37547916]},"properties":{"名称":"金沢警察署並木交番","種類":"警察署","高さ":"3.7"}},{"type":"Feature","geometry":{"type":"Point","coordinates":[139.6443933522,35.3616881582]},"properties":{"名称":"横浜市消防局金沢消防署幸浦消防出張所","種類":"消防署","高さ":"8"}},{"type":"Feature","geometry":{"type":"Point","coordinates":[139.6319953525,35.3719871603]},"properties":{"名称":"横浜市消防局金沢消防署東富岡消防出張所","種類":"消防署","高さ":"7.7"}},{"type":"Feature","geometry":{"type":"Point","coordinates":[139.6372113534,35.37746116]},"properties":{"名称":"県立金沢養護学校","種類":"学校","高さ":"9.3"}},{"type":"Feature","geometry":{"type":"Point","coordinates":[139.6294813469,35.3357261584]},"properties":{"名称":"市立金沢小学校","種類":"学校","高さ":"11.1"}},{"type":"Feature","geometry":{"type":"Point","coordinates":[139.6330653489,35.3476410519]},"properties":{"名称":"市立西柴小学校","種類":"学校","高さ":"14.9"}},{"type":"Feature","geometry":{"type":"Point","coordinates":[139.6311483473,35.3400871582]},"properties":{"名称":"市立文庫小学校","種類":"学校","高さ":"10.9"}},{"type":"Feature","geometry":{"type":"Point","coordinates":[139.6390588096,35.3729643037]},"properties":{"名称":"市立並木第一小学校","種類":"学校","高さ":"4.3"}},{"type":"Feature","geometry":{"type":"Point","coordinates":[139.6293423493,35.3528091597]},"properties":{"名称":"市立西柴中学校","種類":"学校","高さ":"14.5"}},{"type":"Feature","geometry":{"type":"Point","coordinates":[139.6410373514,35.3593931587]},"properties":{"名称":"市立並木中学校","種類":"学校","高さ":"7.9"}},{"type":"Feature","geometry":{"type":"Point","coordinates":[139.6276203503,35.3624761603]},"properties":{"名称":"私立横浜高等学校","種類":"学校","高さ":"11"}},{"type":"Feature","geometry":{"type":"Point","coordinates":[139.6411013511,35.356069158]},"properties":{"名称":"市立並木第四小学校","種類":"学校","高さ":"11.4"}},{"type":"Feature","geometry":{"type":"Point","coordinates":[139.6347808599,35.3662100839]},"properties":{"名称":"県立金沢総合高等学校","種類":"学校","高さ":"15.3"}},{"type":"Feature","geometry":{"type":"Point","coordinates":[139.6374653527,35.3726091598]},"properties":{"名称":"市立富岡東中学校","種類":"学校","高さ":"11.7"}},{"type":"Feature","geometry":{"type":"Point","coordinates":[139.6515373506,35.343393156]},"properties":{"名称":"横浜市立大学福浦キャンパス","種類":"学校","高さ":"25.9"}},{"type":"Feature","geometry":{"type":"Point","coordinates":[139.6271203507,35.3631701601]},"properties":{"名称":"私立横浜中学校","種類":"学校","高さ":"13.9"}},{"type":"Feature","geometry":{"type":"Point","coordinates":[139.6411643529,35.3667481594]},"properties":{"名称":"市立並木中央小学校","種類":"学校","高さ":"4.1"}},{"type":"Feature","geometry":{"type":"Point","coordinates":[139.6252713468,35.3371841587]},"properties":{"名称":"金沢病院","種類":"病院","高さ":"17.7"}},{"type":"Feature","geometry":{"type":"Point","coordinates":[139.6513033507,35.3445261562]},"properties":{"名称":"横浜市立大学附属病院","種類":"病院","高さ":"40.4"}},{"type":"Feature","geometry":{"type":"Point","coordinates":[139.627743349,35.3520451596]},"properties":{"名称":"横浜片吹郵便局","種類":"郵便局","高さ":"7.4"}},{"type":"Feature","geometry":{"type":"Point","coordinates":[139.6478073515,35.3540531578]},"properties":{"名称":"横浜金沢振興センター郵便局","種類":"郵便局","高さ":"14.2"}},{"type":"Feature","geometry":{"type":"Point","coordinates":[139.6272203504,35.36087216]},"properties":{"名称":"能見台駅前郵便局","種類":"郵便局","高さ":"7.2"}},{"type":"Feature","geometry":{"type":"Point","coordinates":[139.6381593523,35.3651891596]},"properties":{"名称":"横浜金沢シーサイドタウン郵便局","種類":"郵便局","高さ":"7.4"}},{"type":"Feature","geometry":{"type":"Point","coordinates":[139.628418351,35.3671771606]},"properties":{"名称":"横浜富岡郵便局","種類":"郵便局","高さ":"7.4"}},{"type":"Feature","geometry":{"type":"Point","coordinates":[139.638434353,35.3697181601]},"properties":{"名称":"横浜並木郵便局","種類":"郵便局","高さ":"20.5"}},{"type":"Feature","geometry":{"type":"Point","coordinates":[139.6251063517,35.3738661615]},"properties":{"名称":"椿ヶ丘簡易郵便局","種類":"郵便局","高さ":"6.5"}},{"type":"Feature","geometry":{"type":"Point","coordinates":[139.6505563564,35.3854611594]},"properties":{"名称":"福山通運（横浜南支店）","種類":"指定公共機関","高さ":"8.5"}},{"type":"Feature","geometry":{"type":"Point","coordinates":[139.6496813524,35.3582051578]},"properties":{"名称":"西濃運輸（横浜南支店）","種類":"指定公共機関","高さ":"11.3"}},{"type":"Feature","geometry":{"type":"Point","coordinates":[139.6287023481,35.3438861586]},"properties":{"名称":"神奈川県立金沢文庫","種類":"博物館・美術館","高さ":"9.7"}},{"type":"Feature","geometry":{"type":"Point","coordinates":[139.6474253494,35.3374471561]},"properties":{"名称":"横浜・八景島シーパラダイスアクアミュージアム","種類":"博物館・美術館","高さ":"17.3"}},{"type":"Feature","geometry":{"type":"Point","coordinates":[139.6330166246,35.5189851917]},"properties":{"名称":"横浜市港北区役所","種類":"地方の機関","高さ":"16.9"}},{"type":"Feature","geometry":{"type":"Point","coordinates":[139.6319146591,35.5556716246]},"properties":{"名称":"港北警察署下田交番","種類":"警察署","高さ":"6.2"}},{"type":"Feature","geometry":{"type":"Point","coordinates":[139.6317110629,35.5098514112]},"properties":{"名称":"港北警察署菊名駅前交番","種類":"警察署","高さ":"5.8"}},{"type":"Feature","geometry":{"type":"Point","coordinates":[139.6263099675,35.5434496137]},"properties":{"名称":"港北警察署吉田口交番","種類":"警察署","高さ":"6"}},{"type":"Feature","geometry":{"type":"Point","coordinates":[139.6352612374,35.5371937628]},"properties":{"名称":"港北警察署綱島駅前交番","種類":"警察署","高さ":"6.5"}},{"type":"Feature","geometry":{"type":"Point","coordinates":[139.6330107442,35.5208645816]},"properties":{"名称":"港北警察署大倉山交番","種類":"警察署","高さ":"6.5"}},{"type":"Feature","geometry":{"type":"Point","coordinates":[139.6343053063,35.5298849522]},"properties":{"名称":"港北警察署樽町交番","種類":"警察署","高さ":"6.3"}},{"type":"Feature","geometry":{"type":"Point","coordinates":[139.6359478084,35.5477774035]},"properties":{"名称":"港北警察署日吉本町交番","種類":"警察署","高さ":"6.5"}},{"type":"Feature","geometry":{"type":"Point","coordinates":[139.6531024567,35.5478142893]},"properties":{"名称":"港北警察署日吉東交番","種類":"警察署","高さ":"4.6"}},{"type":"Feature","geometry":{"type":"Point","coordinates":[139.6334296239,35.5187046715]},"properties":{"名称":"横浜市消防局港北消防署","種類":"消防署","高さ":"10"}},{"type":"Feature","geometry":{"type":"Point","coordinates":[139.6301232363,35.5368435726]},"properties":{"名称":"横浜市消防局港北消防署綱島消防出張所","種類":"消防署","高さ":"7.6"}},{"type":"Feature","geometry":{"type":"Point","coordinates":[139.6466432809,35.5513683624]},"properties":{"名称":"横浜市消防局港北消防署日吉消防出張所","種類":"消防署","高さ":"13.6"}},{"type":"Feature","geometry":{"type":"Point","coordinates":[139.6301381096,35.5572636345]},"properties":{"名称":"市立下田小学校","種類":"学校","高さ":"15.1"}},{"type":"Feature","geometry":{"type":"Point","coordinates":[139.6347923434,35.513081891]},"properties":{"名称":"市立菊名小学校","種類":"学校","高さ":"14"}},{"type":"Feature","geometry":{"type":"Point","coordinates":[139.6352884297,35.5525341637]},"properties":{"名称":"市立駒林小学校","種類":"学校","高さ":"14.7"}},{"type":"Feature","geometry":{"type":"Point","coordinates":[139.6279569959,35.5373633936]},"properties":{"名称":"市立綱島小学校","種類":"学校","高さ":"11.2"}},{"type":"Feature","geometry":{"type":"Point","coordinates":[139.6405370479,35.5377741622]},"properties":{"名称":"市立綱島東小学校","種類":"学校","高さ":"14.8"}},{"type":"Feature","geometry":{"type":"Point","coordinates":[139.6387607757,35.5237256808]},"properties":{"名称":"市立師岡小学校","種類":"学校","高さ":"14.6"}},{"type":"Feature","geometry":{"type":"Point","coordinates":[139.6255940036,35.5189201418]},"properties":{"名称":"市立大綱小学校","種類":"学校","高さ":"14.5"}},{"type":"Feature","geometry":{"type":"Point","coordinates":[139.6297590658,35.5318460424]},"properties":{"名称":"市立大曽根小学校","種類":"学校","高さ":"14.6"}},{"type":"Feature","geometry":{"type":"Point","coordinates":[139.6434488106,35.5528236628]},"properties":{"名称":"市立日吉台小学校","種類":"学校","高さ":"11.1"}},{"type":"Feature","geometry":{"type":"Point","coordinates":[139.6393998183,35.5448645627]},"properties":{"名称":"市立日吉南小学校","種類":"学校","高さ":"14.7"}},{"type":"Feature","geometry":{"type":"Point","coordinates":[139.6307608873,35.5439201233]},"properties":{"名称":"市立北綱島小学校","種類":"学校","高さ":"15.4"}},{"type":"Feature","geometry":{"type":"Point","coordinates":[139.6576221423,35.5541701112]},"properties":{"名称":"市立矢上小学校","種類":"学校","高さ":"24.4"}},{"type":"Feature","geometry":{"type":"Point","coordinates":[139.6423164165,35.528392351]},"properties":{"名称":"市立樽町中学校","種類":"学校","高さ":"14.5"}},{"type":"Feature","geometry":{"type":"Point","coordinates":[139.627094218,35.5512812344]},"properties":{"名称":"市立日吉台西中学校","種類":"学校","高さ":"11.2"}},{"type":"Feature","geometry":{"type":"Point","coordinates":[139.6368656287,35.5476340128]},"properties":{"名称":"市立日吉台中学校","種類":"学校","高さ":"14.7"}},{"type":"Feature","geometry":{"type":"Point","coordinates":[139.6359262221,35.5000576401]},"properties":{"名称":"市立港北小学校","種類":"学校","高さ":"11"}},{"type":"Feature","geometry":{"type":"Point","coordinates":[139.6269226409,35.5029228605]},"properties":{"名称":"市立篠原小学校","種類":"学校","高さ":"15.4"}},{"type":"Feature","geometry":{"type":"Point","coordinates":[139.6291606535,35.5150742219]},"properties":{"名称":"私立英理女子学院高等学校","種類":"学校","高さ":"12.3"}},{"type":"Feature","geometry":{"type":"Point","coordinates":[139.6497026013,35.5516263623]},"properties":{"名称":"私立慶應義塾高等学校","種類":"学校","高さ":"13.8"}},{"type":"Feature","geometry":{"type":"Point","coordinates":[139.6423540198,35.5519110228]},"properties":{"名称":"私立慶應義塾普通部","種類":"学校","高さ":"12.2"}},{"type":"Feature","geometry":{"type":"Point","coordinates":[139.6541496421,35.5558821322]},"properties":{"名称":"慶應義塾大学矢上キャンパス","種類":"学校","高さ":"18.4"}},{"type":"Feature","geometry":{"type":"Point","coordinates":[139.6308220879,35.5433707032]},"properties":{"名称":"市立北綱島特別支援学校","種類":"学校","高さ":"15"}},{"type":"Feature","geometry":{"type":"Point","coordinates":[139.6470096422,35.5447469027]},"properties":{"名称":"私立日本大学中学校","種類":"学校","高さ":"19"}},{"type":"Feature","geometry":{"type":"Point","coordinates":[139.6463148393,35.5443971223]},"properties":{"名称":"私立日本大学高等学校","種類":"学校","高さ":"19.7"}},{"type":"Feature","geometry":{"type":"Point","coordinates":[139.6481973307,35.554434333]},"properties":{"名称":"慶應義塾大学日吉キャンパス","種類":"学校","高さ":"21.4"}},{"type":"Feature","geometry":{"type":"Point","coordinates":[139.6352946628,35.5093777604]},"properties":{"名称":"菊名記念病院","種類":"病院","高さ":"13.1"}},{"type":"Feature","geometry":{"type":"Point","coordinates":[139.6453928811,35.5555842829]},"properties":{"名称":"内藤外科胃腸科医院","種類":"病院","高さ":"16.1"}},{"type":"Feature","geometry":{"type":"Point","coordinates":[139.6325631939,35.5148484908]},"properties":{"名称":"港北郵便局","種類":"郵便局","高さ":"11.8"}},{"type":"Feature","geometry":{"type":"Point","coordinates":[139.6314491771,35.5430370933]},"properties":{"名称":"綱島郵便局","種類":"郵便局","高さ":"8.5"}},{"type":"Feature","geometry":{"type":"Point","coordinates":[139.6318069729,35.5098342809]},"properties":{"名称":"神奈川菊名郵便局","種類":"郵便局","高さ":"7.6"}},{"type":"Feature","geometry":{"type":"Point","coordinates":[139.6390481756,35.5230050207]},"properties":{"名称":"横浜師岡郵便局","種類":"郵便局","高さ":"6.5"}},{"type":"Feature","geometry":{"type":"Point","coordinates":[139.6516072602,35.5443128615]},"properties":{"名称":"横浜日吉七郵便局","種類":"郵便局","高さ":"5.2"}},{"type":"Feature","geometry":{"type":"Point","coordinates":[139.6355623689,35.5480102138]},"properties":{"名称":"横浜南日吉郵便局","種類":"郵便局","高さ":"6.9"}},{"type":"Feature","geometry":{"type":"Point","coordinates":[139.6451950911,35.5539357527]},"properties":{"名称":"日吉郵便局","種類":"郵便局","高さ":"7.2"}},{"type":"Feature","geometry":{"type":"Point","coordinates":[139.6275268595,35.558227405]},"properties":{"名称":"横浜下田郵便局","種類":"郵便局","高さ":"4.9"}},{"type":"Feature","geometry":{"type":"Point","coordinates":[139.633132785,35.5276222219]},"properties":{"名称":"横浜樽町郵便局","種類":"郵便局","高さ":"7.9"}},{"type":"Feature","geometry":{"type":"Point","coordinates":[139.6312488345,35.5209225215]},"properties":{"名称":"横浜大倉山郵便局","種類":"郵便局","高さ":"9.5"}},{"type":"Feature","geometry":{"type":"Point","coordinates":[139.6347512405,35.5594775241]},"properties":{"名称":"日吉の森庭園美術館","種類":"博物館・美術館","高さ":"3.8"}},{"type":"Feature","geometry":{"type":"Point","coordinates":[139.5983651071,35.4997982235]},"properties":{"名称":"横浜鳥山郵便局","種類":"郵便局","高さ":"12.3"}},{"type":"Feature","geometry":{"type":"Point","coordinates":[139.6309324913,35.49990454]},"properties":{"名称":"港北警察署菊名池交番","種類":"警察署","高さ":"5.7"}},{"type":"Feature","geometry":{"type":"Point","coordinates":[139.6322294101,35.4941300699]},"properties":{"名称":"港北警察署仲手原交番","種類":"警察署","高さ":"6.5"}},{"type":"Feature","geometry":{"type":"Point","coordinates":[139.6274914796,35.4931508003]},"properties":{"名称":"私立清心女子高等学校","種類":"学校","高さ":"18"}},{"type":"Feature","geometry":{"type":"Point","coordinates":[139.6282851194,35.4910882499]},"properties":{"名称":"横浜篠原台郵便局","種類":"郵便局","高さ":"5.8"}},{"type":"Feature","geometry":{"type":"Point","coordinates":[139.5997916992,35.5122348545]},"properties":{"名称":"関東地方整備局京浜河川事務所新横浜出張所","種類":"国の機関","高さ":"18.5"}},{"type":"Feature","geometry":{"type":"Point","coordinates":[139.6145747104,35.5094826926]},"properties":{"名称":"神奈川労働局港北公共職業安定所(新横浜駅前庁舎)","種類":"国の機関","高さ":"31.4"}},{"type":"Feature","geometry":{"type":"Point","coordinates":[139.6157786409,35.5082493621]},"properties":{"名称":"神奈川労働局横浜北労働基準監督署","種類":"国の機関","高さ":"40.4"}},{"type":"Feature","geometry":{"type":"Point","coordinates":[139.6238995721,35.5147257018]},"properties":{"名称":"東京国税局神奈川税務署","種類":"国の機関","高さ":"18.7"}},{"type":"Feature","geometry":{"type":"Point","coordinates":[139.6216904619,35.514444002]},"properties":{"名称":"港北警察署","種類":"警察署","高さ":"19"}},{"type":"Feature","geometry":{"type":"Point","coordinates":[139.6231587579,35.5490242645]},"properties":{"名称":"港北警察署高田交番","種類":"警察署","高さ":"6.3"}},{"type":"Feature","geometry":{"type":"Point","coordinates":[139.6001252689,35.5080453237]},"properties":{"名称":"港北警察署小机交番","種類":"警察署","高さ":"7.1"}},{"type":"Feature","geometry":{"type":"Point","coordinates":[139.6157828001,35.5073748721]},"properties":{"名称":"港北警察署新横浜駅前交番","種類":"警察署","高さ":"7.2"}},{"type":"Feature","geometry":{"type":"Point","coordinates":[139.61887968,35.5027855312]},"properties":{"名称":"横浜市消防局港北消防署篠原消防出張所","種類":"消防署","高さ":"7.2"}},{"type":"Feature","geometry":{"type":"Point","coordinates":[139.5965106091,35.5150312645]},"properties":{"名称":"横浜市消防局港北消防署小机消防出張所","種類":"消防署","高さ":"8"}},{"type":"Feature","geometry":{"type":"Point","coordinates":[139.6092779536,35.5319928246]},"properties":{"名称":"横浜市消防局港北消防署新羽消防出張所","種類":"消防署","高さ":"5.6"}},{"type":"Feature","geometry":{"type":"Point","coordinates":[139.6158164872,35.5515867856]},"properties":{"名称":"横浜市消防局港北消防署高田消防出張所","種類":"消防署","高さ":"8"}},{"type":"Feature","geometry":{"type":"Point","coordinates":[139.6194672286,35.5565131755]},"properties":{"名称":"市立高田小学校","種類":"学校","高さ":"11.2"}},{"type":"Feature","geometry":{"type":"Point","coordinates":[139.6249681181,35.5523462343]},"properties":{"名称":"市立高田東小学校","種類":"学校","高さ":"14.9"}},{"type":"Feature","geometry":{"type":"Point","coordinates":[139.6151494598,35.5020034919]},"properties":{"名称":"市立篠原西小学校","種類":"学校","高さ":"14.3"}},{"type":"Feature","geometry":{"type":"Point","coordinates":[139.5977557381,35.5053995335]},"properties":{"名称":"市立小机小学校","種類":"学校","高さ":"15"}},{"type":"Feature","geometry":{"type":"Point","coordinates":[139.6024827488,35.5051423836]},"properties":{"名称":"市立城郷小学校","種類":"学校","高さ":"11.3"}},{"type":"Feature","geometry":{"type":"Point","coordinates":[139.6080106922,35.5227534744]},"properties":{"名称":"市立新羽小学校","種類":"学校","高さ":"15.7"}},{"type":"Feature","geometry":{"type":"Point","coordinates":[139.6098996633,35.5333090346]},"properties":{"名称":"市立新田小学校","種類":"学校","高さ":"8.7"}},{"type":"Feature","geometry":{"type":"Point","coordinates":[139.6191308234,35.524310073]},"properties":{"名称":"市立太尾小学校","種類":"学校","高さ":"16"}},{"type":"Feature","geometry":{"type":"Point","coordinates":[139.6175387276,35.5568645661]},"properties":{"名称":"市立高田中学校","種類":"学校","高さ":"8"}},{"type":"Feature","geometry":{"type":"Point","coordinates":[139.6205240108,35.5047035612]},"properties":{"名称":"市立篠原中学校","種類":"学校","高さ":"14.4"}},{"type":"Feature","geometry":{"type":"Point","coordinates":[139.5874282373,35.5058342147]},"properties":{"名称":"市立城郷中学校","種類":"学校","高さ":"14.5"}},{"type":"Feature","geometry":{"type":"Point","coordinates":[139.6073162815,35.5226423641]},"properties":{"名称":"市立新羽中学校","種類":"学校","高さ":"14.3"}},{"type":"Feature","geometry":{"type":"Point","coordinates":[139.6248220734,35.5206556528]},"properties":{"名称":"市立大綱中学校","種類":"学校","高さ":"15.4"}},{"type":"Feature","geometry":{"type":"Point","coordinates":[139.6135938491,35.5011701622]},"properties":{"名称":"県立岸根高等学校","種類":"学校","高さ":"14.7"}},{"type":"Feature","geometry":{"type":"Point","coordinates":[139.6175742631,35.5241488931]},"properties":{"名称":"県立港北高等学校","種類":"学校","高さ":"15.6"}},{"type":"Feature","geometry":{"type":"Point","coordinates":[139.6050991912,35.5202020645]},"properties":{"名称":"県立新羽高等学校","種類":"学校","高さ":"15"}},{"type":"Feature","geometry":{"type":"Point","coordinates":[139.6219066726,35.5160129827]},"properties":{"名称":"市立大豆戸小学校","種類":"学校","高さ":"14.7"}},{"type":"Feature","geometry":{"type":"Point","coordinates":[139.6177886151,35.5384756843]},"properties":{"名称":"市立新吉田小学校","種類":"学校","高さ":"14.3"}},{"type":"Feature","geometry":{"type":"Point","coordinates":[139.6225898662,35.541214054]},"properties":{"名称":"市立新田中学校","種類":"学校","高さ":"14.9"}},{"type":"Feature","geometry":{"type":"Point","coordinates":[139.6127808664,35.5499077659]},"properties":{"名称":"市立新吉田第二小学校","種類":"学校","高さ":"14.4"}},{"type":"Feature","geometry":{"type":"Point","coordinates":[139.6200849777,35.5519986648]},"properties":{"名称":"高田中央病院","種類":"病院","高さ":"12.5"}},{"type":"Feature","geometry":{"type":"Point","coordinates":[139.6109061705,35.510839833]},"properties":{"名称":"労働者健康安全機構横浜労災病院","種類":"病院","高さ":"53.7"}},{"type":"Feature","geometry":{"type":"Point","coordinates":[139.6180537805,35.5040024418]},"properties":{"名称":"横浜篠原郵便局","種類":"郵便局","高さ":"3.9"}},{"type":"Feature","geometry":{"type":"Point","coordinates":[139.6047033487,35.5046033828]},"properties":{"名称":"横浜鳥山北郵便局","種類":"郵便局","高さ":"12.2"}},{"type":"Feature","geometry":{"type":"Point","coordinates":[139.5952887585,35.5083782541]},"properties":{"名称":"横浜小机町郵便局","種類":"郵便局","高さ":"6.7"}},{"type":"Feature","geometry":{"type":"Point","coordinates":[139.6187482617,35.5125869426]},"properties":{"名称":"新横浜三郵便局","種類":"郵便局","高さ":"34.6"}},{"type":"Feature","geometry":{"type":"Point","coordinates":[139.623403003,35.5190361123]},"properties":{"名称":"横浜太尾南郵便局","種類":"郵便局","高さ":"7.8"}},{"type":"Feature","geometry":{"type":"Point","coordinates":[139.6207100442,35.5263181234]},"properties":{"名称":"横浜太尾郵便局","種類":"郵便局","高さ":"5.7"}},{"type":"Feature","geometry":{"type":"Point","coordinates":[139.6114112637,35.5329024743]},"properties":{"名称":"新田郵便局","種類":"郵便局","高さ":"7.1"}},{"type":"Feature","geometry":{"type":"Point","coordinates":[139.6226459877,35.5485089647]},"properties":{"名称":"横浜高田郵便局","種類":"郵便局","高さ":"7.1"}},{"type":"Feature","geometry":{"type":"Point","coordinates":[139.6222391257,35.5389263836]},"properties":{"名称":"横浜新吉田郵便局","種類":"郵便局","高さ":"7.6"}},{"type":"Feature","geometry":{"type":"Point","coordinates":[139.4961403896,35.3898498756]},"properties":{"名称":"横浜市消防局戸塚消防署深谷消防出張所","種類":"消防署","高さ":"6"}},{"type":"Feature","geometry":{"type":"Point","coordinates":[139.499739529,35.3833510742]},"properties":{"名称":"市立深谷中学校","種類":"学校","高さ":"11.7"}},{"type":"Feature","geometry":{"type":"Point","coordinates":[139.4964831064,35.3678917534]},"properties":{"名称":"市立東俣野小学校","種類":"学校","高さ":"15.3"}},{"type":"Feature","geometry":{"type":"Point","coordinates":[139.496528249,35.3881553953]},"properties":{"名称":"市立横浜深谷台小学校","種類":"学校","高さ":"16"}},{"type":"Feature","geometry":{"type":"Point","coordinates":[139.4955341186,35.3828296647]},"properties":{"名称":"横浜薬科大学","種類":"学校","高さ":"7.1"}},{"type":"Feature","geometry":{"type":"Point","coordinates":[139.4965387762,35.3676434632]},"properties":{"名称":"市立東俣野特別支援学校","種類":"学校","高さ":"7.8"}},{"type":"Feature","geometry":{"type":"Point","coordinates":[139.4948020488,35.3890121257]},"properties":{"名称":"横浜ドリームハイツ郵便局","種類":"郵便局","高さ":"6.7"}},{"type":"Feature","geometry":{"type":"Point","coordinates":[139.5408847157,35.3989546217]},"properties":{"名称":"東京国税局戸塚税務署","種類":"国の機関","高さ":"10.7"}},{"type":"Feature","geometry":{"type":"Point","coordinates":[139.5272172225,35.3877268122]},"properties":{"名称":"横浜地方法務局戸塚出張所","種類":"国の機関","高さ":"7.1"}},{"type":"Feature","geometry":{"type":"Point","coordinates":[139.529254584,35.3954521428]},"properties":{"名称":"神奈川労働局戸塚公共職業安定所","種類":"国の機関","高さ":"7.8"}},{"type":"Feature","geometry":{"type":"Point","coordinates":[139.5334963356,35.400019142]},"properties":{"名称":"横浜市戸塚区役所","種類":"地方の機関","高さ":"35.1"}},{"type":"Feature","geometry":{"type":"Point","coordinates":[139.5222595523,35.391059303]},"properties":{"名称":"戸塚警察署","種類":"警察署","高さ":"15.6"}},{"type":"Feature","geometry":{"type":"Point","coordinates":[139.5364056233,35.3836525809]},"properties":{"名称":"戸塚警察署下倉田交番","種類":"警察署","高さ":"6.2"}},{"type":"Feature","geometry":{"type":"Point","coordinates":[139.503322838,35.3738132736]},"properties":{"名称":"戸塚警察署原宿交番","種類":"警察署","高さ":"7"}},{"type":"Feature","geometry":{"type":"Point","coordinates":[139.5346089258,35.4004224321]},"properties":{"名称":"戸塚警察署戸塚駅東口交番","種類":"警察署","高さ":"6.6"}},{"type":"Feature","geometry":{"type":"Point","coordinates":[139.5058280708,35.392631584]},"properties":{"名称":"戸塚警察署深谷交番","種類":"警察署","高さ":"6.6"}},{"type":"Feature","geometry":{"type":"Point","coordinates":[139.5428205476,35.4150147231]},"properties":{"名称":"戸塚警察署不動坂交番","種類":"警察署","高さ":"5.6"}},{"type":"Feature","geometry":{"type":"Point","coordinates":[139.5544347282,35.4016252303]},"properties":{"名称":"戸塚警察署舞岡交番","種類":"警察署","高さ":"5.6"}},{"type":"Feature","geometry":{"type":"Point","coordinates":[139.5191696642,35.4050306437]},"properties":{"名称":"戸塚警察署踊場交番","種類":"警察署","高さ":"6.1"}},{"type":"Feature","geometry":{"type":"Point","coordinates":[139.5050121686,35.3784431734]},"properties":{"名称":"横浜市消防局戸塚消防署大正消防出張所","種類":"消防署","高さ":"9.3"}},{"type":"Feature","geometry":{"type":"Point","coordinates":[139.5303220041,35.3973766326]},"properties":{"名称":"横浜市消防局戸塚消防署","種類":"消防署","高さ":"8.1"}},{"type":"Feature","geometry":{"type":"Point","coordinates":[139.5402041076,35.4103092425]},"properties":{"名称":"横浜市消防局戸塚消防署吉田消防出張所","種類":"消防署","高さ":"5.4"}},{"type":"Feature","geometry":{"type":"Point","coordinates":[139.5214449159,35.4108031844]},"properties":{"名称":"横浜市消防局戸塚消防署鳥が丘消防出張所","種類":"消防署","高さ":"7.7"}},{"type":"Feature","geometry":{"type":"Point","coordinates":[139.5141485128,35.3976703942]},"properties":{"名称":"市立汲沢小学校","種類":"学校","高さ":"11.7"}},{"type":"Feature","geometry":{"type":"Point","coordinates":[139.5323985048,35.3973092822]},"properties":{"名称":"市立戸塚小学校","種類":"学校","高さ":"11.1"}},{"type":"Feature","geometry":{"type":"Point","coordinates":[139.5115094597,35.3768926731]},"properties":{"名称":"市立小雀小学校","種類":"学校","高さ":"15.1"}},{"type":"Feature","geometry":{"type":"Point","coordinates":[139.5410373248,35.389503741]},"properties":{"名称":"市立倉田小学校","種類":"学校","高さ":"11.1"}},{"type":"Feature","geometry":{"type":"Point","coordinates":[139.5213152238,35.3992814931]},"properties":{"名称":"市立東汲沢小学校","種類":"学校","高さ":"15"}},{"type":"Feature","geometry":{"type":"Point","coordinates":[139.538259636,35.4014203717]},"properties":{"名称":"市立東戸塚小学校","種類":"学校","高さ":"11.3"}},{"type":"Feature","geometry":{"type":"Point","coordinates":[139.5256762323,35.3881426418]},"properties":{"名称":"市立南戸塚小学校","種類":"学校","高さ":"14.5"}},{"type":"Feature","geometry":{"type":"Point","coordinates":[139.5545406162,35.388916619]},"properties":{"名称":"市立南舞岡小学校","種類":"学校","高さ":"11.9"}},{"type":"Feature","geometry":{"type":"Point","coordinates":[139.5518430393,35.4149481013]},"properties":{"名称":"市立柏尾小学校","種類":"学校","高さ":"14.5"}},{"type":"Feature","geometry":{"type":"Point","coordinates":[139.5511763779,35.4071703509]},"properties":{"名称":"市立舞岡小学校","種類":"学校","高さ":"11.2"}},{"type":"Feature","geometry":{"type":"Point","coordinates":[139.5233985848,35.4072814739]},"properties":{"名称":"市立矢部小学校","種類":"学校","高さ":"14.7"}},{"type":"Feature","geometry":{"type":"Point","coordinates":[139.5075622318,35.3984370948]},"properties":{"名称":"市立汲沢中学校","種類":"学校","高さ":"15.5"}},{"type":"Feature","geometry":{"type":"Point","coordinates":[139.5033423288,35.3783746938]},"properties":{"名称":"市立大正中学校","種類":"学校","高さ":"14.6"}},{"type":"Feature","geometry":{"type":"Point","coordinates":[139.5186205804,35.3810037723]},"properties":{"名称":"市立南戸塚中学校","種類":"学校","高さ":"11.6"}},{"type":"Feature","geometry":{"type":"Point","coordinates":[139.5445374976,35.4094481222]},"properties":{"名称":"市立舞岡中学校","種類":"学校","高さ":"14.8"}},{"type":"Feature","geometry":{"type":"Point","coordinates":[139.542176174,35.3822537603]},"properties":{"名称":"市立豊田中学校","種類":"学校","高さ":"15"}},{"type":"Feature","geometry":{"type":"Point","coordinates":[139.5165652228,35.3995314943]},"properties":{"名称":"市立戸塚高等学校","種類":"学校","高さ":"21.4"}},{"type":"Feature","geometry":{"type":"Point","coordinates":[139.5546644071,35.3962421102]},"properties":{"名称":"県立舞岡高等学校","種類":"学校","高さ":"14.9"}},{"type":"Feature","geometry":{"type":"Point","coordinates":[139.523684644,35.4017680232]},"properties":{"名称":"市立戸塚中学校","種類":"学校","高さ":"14.5"}},{"type":"Feature","geometry":{"type":"Point","coordinates":[139.5279966365,35.4138163742]},"properties":{"名称":"県立上矢部高等学校","種類":"学校","高さ":"15.2"}},{"type":"Feature","geometry":{"type":"Point","coordinates":[139.5032594789,35.3795593339]},"properties":{"名称":"市立大正小学校","種類":"学校","高さ":"11.1"}},{"type":"Feature","geometry":{"type":"Point","coordinates":[139.5242051217,35.3864675026]},"properties":{"名称":"市立下郷小学校","種類":"学校","高さ":"10.9"}},{"type":"Feature","geometry":{"type":"Point","coordinates":[139.5026705704,35.3920193052]},"properties":{"名称":"市立深谷小学校","種類":"学校","高さ":"4.3"}},{"type":"Feature","geometry":{"type":"Point","coordinates":[139.5223588152,35.4111859043]},"properties":{"名称":"市立鳥が丘小学校","種類":"学校","高さ":"11.4"}},{"type":"Feature","geometry":{"type":"Point","coordinates":[139.5126448089,35.370774992]},"properties":{"名称":"私立公文国際学園高等部","種類":"学校","高さ":"17.1"}},{"type":"Feature","geometry":{"type":"Point","coordinates":[139.5462262846,35.3872954505]},"properties":{"名称":"明治学院大学横浜キャンパス","種類":"学校","高さ":"20.1"}},{"type":"Feature","geometry":{"type":"Point","coordinates":[139.5502203576,35.4046992513]},"properties":{"名称":"横浜市立大学舞岡キャンパス","種類":"学校","高さ":"14.4"}},{"type":"Feature","geometry":{"type":"Point","coordinates":[139.517509562,35.3913926336]},"properties":{"名称":"県立横浜桜陽高等学校","種類":"学校","高さ":"16.2"}},{"type":"Feature","geometry":{"type":"Point","coordinates":[139.515600952,35.3902073029]},"properties":{"名称":"生協戸塚病院","種類":"病院","高さ":"14.5"}},{"type":"Feature","geometry":{"type":"Point","coordinates":[139.5322618152,35.3984973227]},"properties":{"名称":"戸塚共立第1病院","種類":"病院","高さ":"15.4"}},{"type":"Feature","geometry":{"type":"Point","coordinates":[139.5379072669,35.4053355319]},"properties":{"名称":"戸塚共立第2病院","種類":"病院","高さ":"14.7"}},{"type":"Feature","geometry":{"type":"Point","coordinates":[139.514399411,35.3846497829]},"properties":{"名称":"西横浜国際総合病院","種類":"病院","高さ":"8.7"}},{"type":"Feature","geometry":{"type":"Point","coordinates":[139.5043767887,35.380313794]},"properties":{"名称":"横浜医療センター","種類":"病院","高さ":"27.3"}},{"type":"Feature","geometry":{"type":"Point","coordinates":[139.5305801435,35.3891915414]},"properties":{"名称":"平成横浜病院","種類":"病院","高さ":"14.8"}},{"type":"Feature","geometry":{"type":"Point","coordinates":[139.5408854733,35.3830338405]},"properties":{"名称":"横浜豊田郵便局","種類":"郵便局","高さ":"6.6"}},{"type":"Feature","geometry":{"type":"Point","coordinates":[139.5056989711,35.3916492446]},"properties":{"名称":"横浜深谷郵便局","種類":"郵便局","高さ":"7.1"}},{"type":"Feature","geometry":{"type":"Point","coordinates":[139.5588499472,35.3926504493]},"properties":{"名称":"横浜日限山郵便局","種類":"郵便局","高さ":"6.8"}},{"type":"Feature","geometry":{"type":"Point","coordinates":[139.5265153734,35.3930349325]},"properties":{"名称":"横浜富塚郵便局","種類":"郵便局","高さ":"7.5"}},{"type":"Feature","geometry":{"type":"Point","coordinates":[139.5360573053,35.3976492319]},"properties":{"名称":"横浜倉田郵便局","種類":"郵便局","高さ":"12.6"}},{"type":"Feature","geometry":{"type":"Point","coordinates":[139.5309845252,35.3997963621]},"properties":{"名称":"戸塚郵便局","種類":"郵便局","高さ":"18.6"}},{"type":"Feature","geometry":{"type":"Point","coordinates":[139.5522662379,35.4028363008]},"properties":{"名称":"舞岡駅前郵便局","種類":"郵便局","高さ":"7.6"}},{"type":"Feature","geometry":{"type":"Point","coordinates":[139.5181751639,35.4041607439]},"properties":{"名称":"踊場駅前郵便局","種類":"郵便局","高さ":"8.1"}},{"type":"Feature","geometry":{"type":"Point","coordinates":[139.5366606758,35.4037317223]},"properties":{"名称":"横浜矢部郵便局","種類":"郵便局","高さ":"6.1"}},{"type":"Feature","geometry":{"type":"Point","coordinates":[139.5214084151,35.4110477047]},"properties":{"名称":"横浜鳥が丘郵便局","種類":"郵便局","高さ":"7.9"}},{"type":"Feature","geometry":{"type":"Point","coordinates":[139.5023302886,35.3804258938]},"properties":{"名称":"横浜原宿郵便局","種類":"郵便局","高さ":"7.4"}},{"type":"Feature","geometry":{"type":"Point","coordinates":[139.5335477081,35.4220996438]},"properties":{"名称":"戸塚警察署上矢部交番","種類":"警察署","高さ":"4.1"}},{"type":"Feature","geometry":{"type":"Point","coordinates":[139.5572103824,35.4307844923]},"properties":{"名称":"戸塚警察署東戸塚駅前交番","種類":"警察署","高さ":"6.3"}},{"type":"Feature","geometry":{"type":"Point","coordinates":[139.5508709898,35.4203047319]},"properties":{"名称":"戸塚警察署柏尾交番","種類":"警察署","高さ":"6.4"}},{"type":"Feature","geometry":{"type":"Point","coordinates":[139.5710471637,35.4277195508]},"properties":{"名称":"戸塚警察署平戸交番","種類":"警察署","高さ":"6.2"}},{"type":"Feature","geometry":{"type":"Point","coordinates":[139.5548728924,35.432031953]},"properties":{"名称":"横浜市消防局戸塚消防署東戸塚消防出張所","種類":"消防署","高さ":"7.7"}},{"type":"Feature","geometry":{"type":"Point","coordinates":[139.5682281749,35.4363666717]},"properties":{"名称":"市立境木小学校","種類":"学校","高さ":"11.1"}},{"type":"Feature","geometry":{"type":"Point","coordinates":[139.5283987185,35.4235869846]},"properties":{"名称":"市立上矢部小学校","種類":"学校","高さ":"11.2"}},{"type":"Feature","geometry":{"type":"Point","coordinates":[139.5451298206,35.426461703]},"properties":{"名称":"市立川上小学校","種類":"学校","高さ":"15.2"}},{"type":"Feature","geometry":{"type":"Point","coordinates":[139.5541658421,35.4290733227]},"properties":{"名称":"市立川上北小学校","種類":"学校","高さ":"11.1"}},{"type":"Feature","geometry":{"type":"Point","coordinates":[139.5607043133,35.4341980525]},"properties":{"名称":"市立東品濃小学校","種類":"学校","高さ":"12.2"}},{"type":"Feature","geometry":{"type":"Point","coordinates":[139.5574542419,35.4261980718]},"properties":{"名称":"市立品濃小学校","種類":"学校","高さ":"15.1"}},{"type":"Feature","geometry":{"type":"Point","coordinates":[139.5637598528,35.4267814111]},"properties":{"名称":"市立平戸小学校","種類":"学校","高さ":"15.3"}},{"type":"Feature","geometry":{"type":"Point","coordinates":[139.5679542224,35.4230869603]},"properties":{"名称":"市立平戸台小学校","種類":"学校","高さ":"15.8"}},{"type":"Feature","geometry":{"type":"Point","coordinates":[139.5411487803,35.4310591936]},"properties":{"名称":"市立名瀬小学校","種類":"学校","高さ":"15.5"}},{"type":"Feature","geometry":{"type":"Point","coordinates":[139.5698280349,35.4367575718]},"properties":{"名称":"市立境木中学校","種類":"学校","高さ":"14.7"}},{"type":"Feature","geometry":{"type":"Point","coordinates":[139.5436186116,35.4337258435]},"properties":{"名称":"市立名瀬中学校","種類":"学校","高さ":"11.4"}},{"type":"Feature","geometry":{"type":"Point","coordinates":[139.5652042322,35.4245036312]},"properties":{"名称":"市立平戸中学校","種類":"学校","高さ":"14.8"}},{"type":"Feature","geometry":{"type":"Point","coordinates":[139.5448610394,35.4211017027]},"properties":{"名称":"市立秋葉中学校","種類":"学校","高さ":"11.6"}},{"type":"Feature","geometry":{"type":"Point","coordinates":[139.5489560828,35.4373975431]},"properties":{"名称":"湘南医療大学","種類":"学校","高さ":"27.6"}},{"type":"Feature","geometry":{"type":"Point","coordinates":[139.5593111425,35.4317697822]},"properties":{"名称":"東戸塚記念病院","種類":"病院","高さ":"20.2"}},{"type":"Feature","geometry":{"type":"Point","coordinates":[139.5481138129,35.4387242736]},"properties":{"名称":"ふれあい東戸塚ホスピタル","種類":"病院","高さ":"34.1"}},{"type":"Feature","geometry":{"type":"Point","coordinates":[139.5368889782,35.419454453]},"properties":{"名称":"横浜上矢部郵便局","種類":"郵便局","高さ":"12.3"}},{"type":"Feature","geometry":{"type":"Point","coordinates":[139.5598412727,35.4295328317]},"properties":{"名称":"東戸塚駅東口郵便局","種類":"郵便局","高さ":"8.4"}},{"type":"Feature","geometry":{"type":"Point","coordinates":[139.5705867041,35.4314380014]},"properties":{"名称":"横浜平戸郵便局","種類":"郵便局","高さ":"7.6"}},{"type":"Feature","geometry":{"type":"Point","coordinates":[139.5486897918,35.4321245334]},"properties":{"名称":"横浜川上郵便局","種類":"郵便局","高さ":"7.6"}},{"type":"Feature","geometry":{"type":"Point","coordinates":[139.5551290922,35.4325289526]},"properties":{"名称":"東戸塚駅西口郵便局","種類":"郵便局","高さ":"10.3"}},{"type":"Feature","geometry":{"type":"Point","coordinates":[139.54937127,35.4182728018]},"properties":{"名称":"横浜柏尾郵便局","種類":"郵便局","高さ":"6.8"}},{"type":"Feature","geometry":{"type":"Point","coordinates":[139.5937280319,35.400556436]},"properties":{"名称":"横浜少年鑑別所","種類":"国の機関","高さ":"11.5"}},{"type":"Feature","geometry":{"type":"Point","coordinates":[139.5932429932,35.3996894536]},"properties":{"名称":"横浜刑務所","種類":"国の機関","高さ":"14.5"}},{"type":"Feature","geometry":{"type":"Point","coordinates":[139.5944767352,35.398102453]},"properties":{"名称":"横浜刑務所横浜拘置支所","種類":"国の機関","高さ":"19.6"}},{"type":"Feature","geometry":{"type":"Point","coordinates":[139.5925715523,35.4008907861]},"properties":{"名称":"横浜市港南区役所","種類":"地方の機関","高さ":"26"}},{"type":"Feature","geometry":{"type":"Point","coordinates":[139.5915929324,35.4010592166]},"properties":{"名称":"港南警察署","種類":"警察署","高さ":"11.6"}},{"type":"Feature","geometry":{"type":"Point","coordinates":[139.5768449661,35.3743103765]},"properties":{"名称":"港南警察署港南台駅前交番","種類":"警察署","高さ":"3.5"}},{"type":"Feature","geometry":{"type":"Point","coordinates":[139.5888788068,35.3695357141]},"properties":{"名称":"港南警察署港南台南交番","種類":"警察署","高さ":"7.9"}},{"type":"Feature","geometry":{"type":"Point","coordinates":[139.6009772712,35.3907513448]},"properties":{"名称":"港南警察署笹下交番","種類":"警察署","高さ":"6.7"}},{"type":"Feature","geometry":{"type":"Point","coordinates":[139.5714813301,35.4018686985]},"properties":{"名称":"港南警察署上永谷駅前交番","種類":"警察署","高さ":"3.4"}},{"type":"Feature","geometry":{"type":"Point","coordinates":[139.596219384,35.409631542]},"properties":{"名称":"港南警察署上大岡駅前交番","種類":"警察署","高さ":"61.2"}},{"type":"Feature","geometry":{"type":"Point","coordinates":[139.5833067722,35.4061539977]},"properties":{"名称":"港南警察署南高校前交番","種類":"警察署","高さ":"6.7"}},{"type":"Feature","geometry":{"type":"Point","coordinates":[139.5593943264,35.3909295694]},"properties":{"名称":"港南警察署日限山駐在所","種類":"警察署","高さ":"3.8"}},{"type":"Feature","geometry":{"type":"Point","coordinates":[139.581379059,35.3874153465]},"properties":{"名称":"港南警察署日野交番","種類":"警察署","高さ":"6.1"}},{"type":"Feature","geometry":{"type":"Point","coordinates":[139.5698452378,35.391995578]},"properties":{"名称":"港南警察署野庭交番","種類":"警察署","高さ":"3.3"}},{"type":"Feature","geometry":{"type":"Point","coordinates":[139.5823941361,35.3665996853]},"properties":{"名称":"横浜市消防局港南消防署港南台消防出張所","種類":"消防署","高さ":"7.4"}},{"type":"Feature","geometry":{"type":"Point","coordinates":[139.573378918,35.3901999372]},"properties":{"名称":"横浜市消防局港南消防署野庭消防出張所","種類":"消防署","高さ":"7.8"}},{"type":"Feature","geometry":{"type":"Point","coordinates":[139.5688079296,35.4020156893]},"properties":{"名称":"横浜市消防局港南消防署上永谷消防出張所","種類":"消防署","高さ":"5.2"}},{"type":"Feature","geometry":{"type":"Point","coordinates":[139.5768883824,35.4147812395]},"properties":{"名称":"横浜市消防局港南消防署芹が谷消防出張所","種類":"消防署","高さ":"8.6"}},{"type":"Feature","geometry":{"type":"Point","coordinates":[139.559857351,35.3941073007]},"properties":{"名称":"市立日限山小学校","種類":"学校","高さ":"14.5"}},{"type":"Feature","geometry":{"type":"Point","coordinates":[139.5703152606,35.4057814494]},"properties":{"名称":"市立永野小学校","種類":"学校","高さ":"14.7"}},{"type":"Feature","geometry":{"type":"Point","coordinates":[139.5817225824,35.4085893091]},"properties":{"名称":"市立下永谷小学校","種類":"学校","高さ":"15"}},{"type":"Feature","geometry":{"type":"Point","coordinates":[139.5717039389,35.392948138]},"properties":{"名称":"市立下野庭小学校","種類":"学校","高さ":"14.9"}},{"type":"Feature","geometry":{"type":"Point","coordinates":[139.5685374196,35.4008647891]},"properties":{"名称":"市立丸山台小学校","種類":"学校","高さ":"11.5"}},{"type":"Feature","geometry":{"type":"Point","coordinates":[139.5836484909,35.3973925571]},"properties":{"名称":"市立吉原小学校","種類":"学校","高さ":"14.7"}},{"type":"Feature","geometry":{"type":"Point","coordinates":[139.5738022317,35.4155375391]},"properties":{"名称":"市立芹が谷小学校","種類":"学校","高さ":"14.7"}},{"type":"Feature","geometry":{"type":"Point","coordinates":[139.5713708212,35.4122814294]},"properties":{"名称":"市立芹が谷南小学校","種類":"学校","高さ":"14.9"}},{"type":"Feature","geometry":{"type":"Point","coordinates":[139.587116417,35.3706791151]},"properties":{"名称":"市立港南台第一小学校","種類":"学校","高さ":"11.4"}},{"type":"Feature","geometry":{"type":"Point","coordinates":[139.5825372075,35.3789759359]},"properties":{"名称":"市立港南台第三小学校","種類":"学校","高さ":"11"}},{"type":"Feature","geometry":{"type":"Point","coordinates":[139.5790926362,35.3717259655]},"properties":{"名称":"市立港南台第二小学校","種類":"学校","高さ":"14.6"}},{"type":"Feature","geometry":{"type":"Point","coordinates":[139.5937966843,35.4124873171]},"properties":{"名称":"市立桜岡小学校","種類":"学校","高さ":"11.4"}},{"type":"Feature","geometry":{"type":"Point","coordinates":[139.6037596941,35.4044758661]},"properties":{"名称":"市立上大岡小学校","種類":"学校","高さ":"14.8"}},{"type":"Feature","geometry":{"type":"Point","coordinates":[139.5807318406,35.4024758875]},"properties":{"名称":"市立相武山小学校","種類":"学校","高さ":"14.9"}},{"type":"Feature","geometry":{"type":"Point","coordinates":[139.5918984918,35.3971981066]},"properties":{"名称":"市立南台小学校","種類":"学校","高さ":"11.7"}},{"type":"Feature","geometry":{"type":"Point","coordinates":[139.601759542,35.3905314551]},"properties":{"名称":"市立日下小学校","種類":"学校","高さ":"12.4"}},{"type":"Feature","geometry":{"type":"Point","coordinates":[139.5797202889,35.3875149672]},"properties":{"名称":"市立日野小学校","種類":"学校","高さ":"14.8"}},{"type":"Feature","geometry":{"type":"Point","coordinates":[139.5620093848,35.3751704276]},"properties":{"名称":"市立日野南小学校","種類":"学校","高さ":"14.7"}},{"type":"Feature","geometry":{"type":"Point","coordinates":[139.5650651584,35.394837029]},"properties":{"名称":"市立丸山台中学校","種類":"学校","高さ":"15"}},{"type":"Feature","geometry":{"type":"Point","coordinates":[139.5864815272,35.3714204048]},"properties":{"名称":"市立港南台第一中学校","種類":"学校","高さ":"15"}},{"type":"Feature","geometry":{"type":"Point","coordinates":[139.5905574296,35.4017488493]},"properties":{"名称":"市立港南中学校","種類":"学校","高さ":"14.7"}},{"type":"Feature","geometry":{"type":"Point","coordinates":[139.5933984918,35.3965314462]},"properties":{"名称":"市立笹下中学校","種類":"学校","高さ":"14.7"}},{"type":"Feature","geometry":{"type":"Point","coordinates":[139.5692875006,35.4099203296]},"properties":{"名称":"市立上永谷中学校","種類":"学校","高さ":"15.2"}},{"type":"Feature","geometry":{"type":"Point","coordinates":[139.5787864014,35.4065560986]},"properties":{"名称":"市立東永谷中学校","種類":"学校","高さ":"10.5"}},{"type":"Feature","geometry":{"type":"Point","coordinates":[139.5572038964,35.3868926188]},"properties":{"名称":"市立日限山中学校","種類":"学校","高さ":"14.9"}},{"type":"Feature","geometry":{"type":"Point","coordinates":[139.5690093756,35.3752259672]},"properties":{"名称":"市立日野南中学校","種類":"学校","高さ":"11.8"}},{"type":"Feature","geometry":{"type":"Point","coordinates":[139.5640494307,35.4132476205]},"properties":{"名称":"県立永谷高等学校","種類":"学校","高さ":"14.6"}},{"type":"Feature","geometry":{"type":"Point","coordinates":[139.5799045177,35.4054714756]},"properties":{"名称":"市立南高等学校","種類":"学校","高さ":"23.6"}},{"type":"Feature","geometry":{"type":"Point","coordinates":[139.5771954361,35.371531526]},"properties":{"名称":"横浜女子短期大学","種類":"学校","高さ":"11.9"}},{"type":"Feature","geometry":{"type":"Point","coordinates":[139.5742037867,35.3760037365]},"properties":{"名称":"市立小坪小学校","種類":"学校","高さ":"10.6"}},{"type":"Feature","geometry":{"type":"Point","coordinates":[139.5855349793,35.3862136961]},"properties":{"名称":"県立横浜南陵高等学校","種類":"学校","高さ":"15.3"}},{"type":"Feature","geometry":{"type":"Point","coordinates":[139.5593986201,35.4115314409]},"properties":{"名称":"市立永谷小学校","種類":"学校","高さ":"11.7"}},{"type":"Feature","geometry":{"type":"Point","coordinates":[139.5815887544,35.3724716823]},"properties":{"名称":"市立港南台ひの特別支援学校","種類":"学校","高さ":"8.3"}},{"type":"Feature","geometry":{"type":"Point","coordinates":[139.5869923695,35.3859428858]},"properties":{"名称":"市立日野中央高等特別支援学校","種類":"学校","高さ":"11.8"}},{"type":"Feature","geometry":{"type":"Point","coordinates":[139.5749231536,35.3877823802]},"properties":{"名称":"市立野庭すずかけ小学校","種類":"学校","高さ":"11.8"}},{"type":"Feature","geometry":{"type":"Point","coordinates":[139.573770346,35.3711001566]},"properties":{"名称":"県立横浜明朋高等学校","種類":"学校","高さ":"15.6"}},{"type":"Feature","geometry":{"type":"Point","coordinates":[139.5792228667,35.3751810361]},"properties":{"名称":"済生会横浜市南部病院","種類":"病院","高さ":"34.1"}},{"type":"Feature","geometry":{"type":"Point","coordinates":[139.5946093641,35.4135224575]},"properties":{"名称":"港南郵便局","種類":"郵便局","高さ":"11.6"}},{"type":"Feature","geometry":{"type":"Point","coordinates":[139.5891062765,35.3669215439]},"properties":{"名称":"港南台郵便局","種類":"郵便局","高さ":"12.6"}},{"type":"Feature","geometry":{"type":"Point","coordinates":[139.5876930275,35.3716855249]},"properties":{"名称":"横浜港南台東郵便局","種類":"郵便局","高さ":"4"}},{"type":"Feature","geometry":{"type":"Point","coordinates":[139.5783417666,35.3752978662]},"properties":{"名称":"港南台駅前郵便局","種類":"郵便局","高さ":"19.5"}},{"type":"Feature","geometry":{"type":"Point","coordinates":[139.5619998055,35.3773944674]},"properties":{"名称":"横浜日野南郵便局","種類":"郵便局","高さ":"5.2"}},{"type":"Feature","geometry":{"type":"Point","coordinates":[139.5780230278,35.3808001366]},"properties":{"名称":"横浜清水橋郵便局","種類":"郵便局","高さ":"4.6"}},{"type":"Feature","geometry":{"type":"Point","coordinates":[139.5701436182,35.3903439783]},"properties":{"名称":"横浜野庭郵便局","種類":"郵便局","高さ":"4.5"}},{"type":"Feature","geometry":{"type":"Point","coordinates":[139.5825019499,35.3932601972]},"properties":{"名称":"横浜日野郵便局","種類":"郵便局","高さ":"12.9"}},{"type":"Feature","geometry":{"type":"Point","coordinates":[139.5995410722,35.3940331054]},"properties":{"名称":"横浜笹下郵便局","種類":"郵便局","高さ":"10.3"}},{"type":"Feature","geometry":{"type":"Point","coordinates":[139.5676748893,35.3982503788]},"properties":{"名称":"横浜丸山台郵便局","種類":"郵便局","高さ":"6.8"}},{"type":"Feature","geometry":{"type":"Point","coordinates":[139.5934618527,35.4025359465]},"properties":{"名称":"横浜港南中央通郵便局","種類":"郵便局","高さ":"14.6"}},{"type":"Feature","geometry":{"type":"Point","coordinates":[139.5710580502,35.4043666493]},"properties":{"名称":"横浜上永谷郵便局","種類":"郵便局","高さ":"10.3"}},{"type":"Feature","geometry":{"type":"Point","coordinates":[139.5836107719,35.405952608]},"properties":{"名称":"横浜港南二郵便局","種類":"郵便局","高さ":"12.7"}},{"type":"Feature","geometry":{"type":"Point","coordinates":[139.5546087089,35.4107873207]},"properties":{"名称":"横浜西港南台郵便局","種類":"郵便局","高さ":"7.3"}},{"type":"Feature","geometry":{"type":"Point","coordinates":[139.5795492526,35.4144319587]},"properties":{"名称":"横浜芹が谷一郵便局","種類":"郵便局","高さ":"5.5"}},{"type":"Feature","geometry":{"type":"Point","coordinates":[139.5676156717,35.41720147]},"properties":{"名称":"港南警察署芹が谷交番","種類":"警察署","高さ":"6.1"}},{"type":"Feature","geometry":{"type":"Point","coordinates":[139.5739819723,35.4173092001]},"properties":{"名称":"市立芹が谷中学校","種類":"学校","高さ":"12.2"}},{"type":"Feature","geometry":{"type":"Point","coordinates":[139.5666159618,35.4168431802]},"properties":{"名称":"横浜芹が谷郵便局","種類":"郵便局","高さ":"7.4"}},{"type":"Feature","geometry":{"type":"Point","coordinates":[139.4914595943,35.4949091036]},"properties":{"名称":"私立横浜三育小学校","種類":"学校","高さ":"7.7"}},{"type":"Feature","geometry":{"type":"Point","coordinates":[139.5380631475,35.479694818]},"properties":{"名称":"関東地方整備局横浜国道事務所保土ヶ谷出張所","種類":"国の機関","高さ":"7.2"}},{"type":"Feature","geometry":{"type":"Point","coordinates":[139.5252218424,35.4542875576]},"properties":{"名称":"横浜地方法務局旭出張所","種類":"国の機関","高さ":"7.9"}},{"type":"Feature","geometry":{"type":"Point","coordinates":[139.5447324173,35.4747257668]},"properties":{"名称":"横浜市旭区役所","種類":"地方の機関","高さ":"16.1"}},{"type":"Feature","geometry":{"type":"Point","coordinates":[139.5382650562,35.4678991572]},"properties":{"名称":"旭警察署","種類":"警察署","高さ":"17.5"}},{"type":"Feature","geometry":{"type":"Point","coordinates":[139.5331090294,35.4942914999]},"properties":{"名称":"旭警察署ひかりが丘交番","種類":"警察署","高さ":"6.5"}},{"type":"Feature","geometry":{"type":"Point","coordinates":[139.5144118723,35.459979479]},"properties":{"名称":"旭警察署希望が丘交番","種類":"警察署","高さ":"6.3"}},{"type":"Feature","geometry":{"type":"Point","coordinates":[139.5323087469,35.4816967186]},"properties":{"名称":"旭警察署今宿交番","種類":"警察署","高さ":"7.1"}},{"type":"Feature","geometry":{"type":"Point","coordinates":[139.5502452256,35.459484735]},"properties":{"名称":"旭警察署左近山交番","種類":"警察署","高さ":"6.9"}},{"type":"Feature","geometry":{"type":"Point","coordinates":[139.508343493,35.4736360402]},"properties":{"名称":"旭警察署笹野台交番","種類":"警察署","高さ":"6.1"}},{"type":"Feature","geometry":{"type":"Point","coordinates":[139.5604751579,35.4643798449]},"properties":{"名称":"旭警察署市沢交番","種類":"警察署","高さ":"3.8"}},{"type":"Feature","geometry":{"type":"Point","coordinates":[139.5068666257,35.4943524819]},"properties":{"名称":"旭警察署上川井交番","種類":"警察署","高さ":"7"}},{"type":"Feature","geometry":{"type":"Point","coordinates":[139.5452939478,35.4752532066]},"properties":{"名称":"旭警察署鶴ケ峰交番","種類":"警察署","高さ":"6.9"}},{"type":"Feature","geometry":{"type":"Point","coordinates":[139.5207473769,35.4870382803]},"properties":{"名称":"旭警察署都岡駐在所","種類":"警察署","高さ":"7.2"}},{"type":"Feature","geometry":{"type":"Point","coordinates":[139.5144439909,35.4552313981]},"properties":{"名称":"旭警察署南希望が丘交番","種類":"警察署","高さ":"7"}},{"type":"Feature","geometry":{"type":"Point","coordinates":[139.5209452549,35.4757609294]},"properties":{"名称":"旭警察署二俣川ニュータウン駐在所","種類":"警察署","高さ":"6.3"}},{"type":"Feature","geometry":{"type":"Point","coordinates":[139.5321388246,35.4642371271]},"properties":{"名称":"旭警察署二俣川交番","種類":"警察署","高さ":"6"}},{"type":"Feature","geometry":{"type":"Point","coordinates":[139.5482809491,35.4809044772]},"properties":{"名称":"旭警察署白根交番","種類":"警察署","高さ":"6.7"}},{"type":"Feature","geometry":{"type":"Point","coordinates":[139.5260733135,35.461205038]},"properties":{"名称":"横浜市消防局旭消防署さちが丘消防出張所","種類":"消防署","高さ":"8"}},{"type":"Feature","geometry":{"type":"Point","coordinates":[139.5419268153,35.4617257862]},"properties":{"名称":"横浜市消防局旭消防署南本宿消防出張所","種類":"消防署","高さ":"5.5"}},{"type":"Feature","geometry":{"type":"Point","coordinates":[139.5187118743,35.4732762591]},"properties":{"名称":"横浜市消防局旭消防署今宿消防出張所","種類":"消防署","高さ":"7.8"}},{"type":"Feature","geometry":{"type":"Point","coordinates":[139.5171769863,35.488753511]},"properties":{"名称":"横浜市消防局旭消防署都岡消防出張所","種類":"消防署","高さ":"17.1"}},{"type":"Feature","geometry":{"type":"Point","coordinates":[139.5594400104,35.4841997164]},"properties":{"名称":"市立新井中学校","種類":"学校","高さ":"14.6"}},{"type":"Feature","geometry":{"type":"Point","coordinates":[139.5229750222,35.4568065879]},"properties":{"名称":"市立さちが丘小学校","種類":"学校","高さ":"15.2"}},{"type":"Feature","geometry":{"type":"Point","coordinates":[139.5364450176,35.4842233286]},"properties":{"名称":"市立今宿小学校","種類":"学校","高さ":"10.9"}},{"type":"Feature","geometry":{"type":"Point","coordinates":[139.549800406,35.4623968056]},"properties":{"名称":"市立左近山小学校","種類":"学校","高さ":"14.5"}},{"type":"Feature","geometry":{"type":"Point","coordinates":[139.5103253535,35.4734765398]},"properties":{"名称":"市立笹野台小学校","種類":"学校","高さ":"14.5"}},{"type":"Feature","geometry":{"type":"Point","coordinates":[139.558870497,35.4616982644]},"properties":{"名称":"市立市沢小学校","種類":"学校","高さ":"14.5"}},{"type":"Feature","geometry":{"type":"Point","coordinates":[139.5029369464,35.498616083]},"properties":{"名称":"市立上川井小学校","種類":"学校","高さ":"14.8"}},{"type":"Feature","geometry":{"type":"Point","coordinates":[139.5394561099,35.4955369687]},"properties":{"名称":"市立上白根小学校","種類":"学校","高さ":"15.3"}},{"type":"Feature","geometry":{"type":"Point","coordinates":[139.5206770275,35.4939479511]},"properties":{"名称":"市立川井小学校","種類":"学校","高さ":"14.6"}},{"type":"Feature","geometry":{"type":"Point","coordinates":[139.5164267105,35.4513091475]},"properties":{"名称":"市立善部小学校","種類":"学校","高さ":"16"}},{"type":"Feature","geometry":{"type":"Point","coordinates":[139.531770199,35.4965510001]},"properties":{"名称":"市立四季の森小学校","種類":"学校","高さ":"14.6"}},{"type":"Feature","geometry":{"type":"Point","coordinates":[139.5212602663,35.4851701904]},"properties":{"名称":"市立都岡小学校","種類":"学校","高さ":"11"}},{"type":"Feature","geometry":{"type":"Point","coordinates":[139.5115566123,35.4644822691]},"properties":{"名称":"市立東希望が丘小学校","種類":"学校","高さ":"14.6"}},{"type":"Feature","geometry":{"type":"Point","coordinates":[139.5384819946,35.4584184863]},"properties":{"名称":"市立南本宿小学校","種類":"学校","高さ":"15.1"}},{"type":"Feature","geometry":{"type":"Point","coordinates":[139.5291245242,35.4639462579]},"properties":{"名称":"市立二俣川小学校","種類":"学校","高さ":"14.9"}},{"type":"Feature","geometry":{"type":"Point","coordinates":[139.544343609,35.4878090879]},"properties":{"名称":"市立白根小学校","種類":"学校","高さ":"11.1"}},{"type":"Feature","geometry":{"type":"Point","coordinates":[139.5501367295,35.4834269074]},"properties":{"名称":"市立不動丸小学校","種類":"学校","高さ":"15.4"}},{"type":"Feature","geometry":{"type":"Point","coordinates":[139.5445824671,35.4691400861]},"properties":{"名称":"市立本宿小学校","種類":"学校","高さ":"14.7"}},{"type":"Feature","geometry":{"type":"Point","coordinates":[139.5339544428,35.4527535866]},"properties":{"名称":"市立万騎が原小学校","種類":"学校","高さ":"14.8"}},{"type":"Feature","geometry":{"type":"Point","coordinates":[139.5179823847,35.4741979798]},"properties":{"名称":"市立旭中学校","種類":"学校","高さ":"15.2"}},{"type":"Feature","geometry":{"type":"Point","coordinates":[139.5373515198,35.4953275293]},"properties":{"名称":"市立旭北中学校","種類":"学校","高さ":"11.3"}},{"type":"Feature","geometry":{"type":"Point","coordinates":[139.5368467179,35.4847958982]},"properties":{"名称":"市立今宿中学校","種類":"学校","高さ":"14.4"}},{"type":"Feature","geometry":{"type":"Point","coordinates":[139.5510396158,35.4595895949]},"properties":{"名称":"市立左近山中学校","種類":"学校","高さ":"14.8"}},{"type":"Feature","geometry":{"type":"Point","coordinates":[139.53257734,35.4983626196]},"properties":{"名称":"市立上白根中学校","種類":"学校","高さ":"15.5"}},{"type":"Feature","geometry":{"type":"Point","coordinates":[139.520711898,35.4949939904]},"properties":{"名称":"市立都岡中学校","種類":"学校","高さ":"15"}},{"type":"Feature","geometry":{"type":"Point","coordinates":[139.5475379465,35.4644480058]},"properties":{"名称":"市立本宿中学校","種類":"学校","高さ":"14.5"}},{"type":"Feature","geometry":{"type":"Point","coordinates":[139.5358433744,35.4577535764]},"properties":{"名称":"市立万騎が原中学校","種類":"学校","高さ":"16.4"}},{"type":"Feature","geometry":{"type":"Point","coordinates":[139.5115102655,35.4873646209]},"properties":{"名称":"県立旭高等学校","種類":"学校","高さ":"18.9"}},{"type":"Feature","geometry":{"type":"Point","coordinates":[139.511398941,35.4559480188]},"properties":{"名称":"県立希望ケ丘高等学校","種類":"学校","高さ":"15.4"}},{"type":"Feature","geometry":{"type":"Point","coordinates":[139.512961662,35.4643777695]},"properties":{"名称":"市立希望が丘中学校","種類":"学校","高さ":"15.1"}},{"type":"Feature","geometry":{"type":"Point","coordinates":[139.5224545237,35.4655868882]},"properties":{"名称":"市立中尾小学校","種類":"学校","高さ":"16.8"}},{"type":"Feature","geometry":{"type":"Point","coordinates":[139.5220857335,35.4675052287]},"properties":{"名称":"県立二俣川看護福祉高等学校","種類":"学校","高さ":"8.6"}},{"type":"Feature","geometry":{"type":"Point","coordinates":[139.552065478,35.4719379161]},"properties":{"名称":"市立鶴ケ峯小学校","種類":"学校","高さ":"11.4"}},{"type":"Feature","geometry":{"type":"Point","coordinates":[139.5223500247,35.4746656088]},"properties":{"名称":"市立中沢小学校","種類":"学校","高さ":"14.5"}},{"type":"Feature","geometry":{"type":"Point","coordinates":[139.529014926,35.4790779784]},"properties":{"名称":"市立今宿南小学校","種類":"学校","高さ":"7.7"}},{"type":"Feature","geometry":{"type":"Point","coordinates":[139.5095064508,35.4568225189]},"properties":{"名称":"市立南希望が丘中学校","種類":"学校","高さ":"14.8"}},{"type":"Feature","geometry":{"type":"Point","coordinates":[139.5425858685,35.4815518979]},"properties":{"名称":"市立鶴ケ峯中学校","種類":"学校","高さ":"11"}},{"type":"Feature","geometry":{"type":"Point","coordinates":[139.5532453097,35.4851385868]},"properties":{"名称":"私立横浜商科大学高等学校","種類":"学校","高さ":"14.8"}},{"type":"Feature","geometry":{"type":"Point","coordinates":[139.5269825183,35.4914479501]},"properties":{"名称":"県立横浜旭陵高等学校","種類":"学校","高さ":"15.3"}},{"type":"Feature","geometry":{"type":"Point","coordinates":[139.5124822712,35.4590868993]},"properties":{"名称":"市立希望ヶ丘小学校","種類":"学校","高さ":"14.6"}},{"type":"Feature","geometry":{"type":"Point","coordinates":[139.5285380755,35.4714132584]},"properties":{"名称":"私立横浜富士見丘学園中等教育学校","種類":"学校","高さ":"14.2"}},{"type":"Feature","geometry":{"type":"Point","coordinates":[139.5561971965,35.4571406747]},"properties":{"名称":"市立左近山特別支援学校","種類":"学校","高さ":"14.5"}},{"type":"Feature","geometry":{"type":"Point","coordinates":[139.5347413593,35.4940707089]},"properties":{"名称":"上白根病院","種類":"病院","高さ":"11.6"}},{"type":"Feature","geometry":{"type":"Point","coordinates":[139.5541212976,35.4704466357]},"properties":{"名称":"横浜鶴ヶ峰病院","種類":"病院","高さ":"10.7"}},{"type":"Feature","geometry":{"type":"Point","coordinates":[139.502521183,35.4770777015]},"properties":{"名称":"聖マリアンナ医科大学横浜市西部病院","種類":"病院","高さ":"14.7"}},{"type":"Feature","geometry":{"type":"Point","coordinates":[139.5374423554,35.4680607969]},"properties":{"名称":"横浜旭郵便局","種類":"郵便局","高さ":"18.7"}},{"type":"Feature","geometry":{"type":"Point","coordinates":[139.525425122,35.451133777]},"properties":{"名称":"南万騎が原駅前郵便局","種類":"郵便局","高さ":"7.8"}},{"type":"Feature","geometry":{"type":"Point","coordinates":[139.5148309412,35.4546813079]},"properties":{"名称":"横浜南希望が丘郵便局","種類":"郵便局","高さ":"7.9"}},{"type":"Feature","geometry":{"type":"Point","coordinates":[139.5556811759,35.4551710244]},"properties":{"名称":"横浜左近山郵便局","種類":"郵便局","高さ":"5"}},{"type":"Feature","geometry":{"type":"Point","coordinates":[139.5328621233,35.4580933064]},"properties":{"名称":"横浜万騎が原郵便局","種類":"郵便局","高さ":"10"}},{"type":"Feature","geometry":{"type":"Point","coordinates":[139.5151230824,35.4604119989]},"properties":{"名称":"希望ヶ丘駅前郵便局","種類":"郵便局","高さ":"10.1"}},{"type":"Feature","geometry":{"type":"Point","coordinates":[139.531338764,35.4629108969]},"properties":{"名称":"横浜二俣川郵便局","種類":"郵便局","高さ":"10.3"}},{"type":"Feature","geometry":{"type":"Point","coordinates":[139.5604652472,35.4630175248]},"properties":{"名称":"横浜市沢郵便局","種類":"郵便局","高さ":"7.3"}},{"type":"Feature","geometry":{"type":"Point","coordinates":[139.550432908,35.4726696263]},"properties":{"名称":"横浜鶴ヶ峰郵便局","種類":"郵便局","高さ":"7.4"}},{"type":"Feature","geometry":{"type":"Point","coordinates":[139.5109150734,35.4745676]},"properties":{"名称":"横浜金が谷郵便局","種類":"郵便局","高さ":"4.9"}},{"type":"Feature","geometry":{"type":"Point","coordinates":[139.5461164175,35.4751036564]},"properties":{"名称":"鶴ヶ峯駅前郵便局","種類":"郵便局","高さ":"10.1"}},{"type":"Feature","geometry":{"type":"Point","coordinates":[139.5204764949,35.4758830097]},"properties":{"名称":"横浜今宿南郵便局","種類":"郵便局","高さ":"7.1"}},{"type":"Feature","geometry":{"type":"Point","coordinates":[139.5323496571,35.4822862584]},"properties":{"名称":"横浜今宿郵便局","種類":"郵便局","高さ":"9.6"}},{"type":"Feature","geometry":{"type":"Point","coordinates":[139.521467277,35.4868374103]},"properties":{"名称":"横浜都岡郵便局","種類":"郵便局","高さ":"8"}},{"type":"Feature","geometry":{"type":"Point","coordinates":[139.542982779,35.4876567275]},"properties":{"名称":"横浜白根郵便局","種類":"郵便局","高さ":"7.4"}},{"type":"Feature","geometry":{"type":"Point","coordinates":[139.5446130604,35.4944997782]},"properties":{"名称":"横浜白根北郵便局","種類":"郵便局","高さ":"7.2"}},{"type":"Feature","geometry":{"type":"Point","coordinates":[139.5305903696,35.4989693799]},"properties":{"名称":"横浜上白根郵便局","種類":"郵便局","高さ":"4.2"}},{"type":"Feature","geometry":{"type":"Point","coordinates":[139.549614516,35.4610319854]},"properties":{"名称":"横浜小高郵便局","種類":"郵便局","高さ":"6.8"}},{"type":"Feature","geometry":{"type":"Point","coordinates":[139.5160163334,35.4677330393]},"properties":{"名称":"横浜中尾郵便局","種類":"郵便局","高さ":"7.4"}},{"type":"Feature","geometry":{"type":"Point","coordinates":[139.5272766384,35.49410625]},"properties":{"名称":"横浜市立よこはま動物園ズーラシア","種類":"博物館・美術館","高さ":"8.2"}},{"type":"Feature","geometry":{"type":"Point","coordinates":[139.4996100566,35.5021062032]},"properties":{"名称":"横浜市消防局旭消防署若葉台消防出張所","種類":"消防署","高さ":"7.8"}},{"type":"Feature","geometry":{"type":"Point","coordinates":[139.4931004863,35.5050061642]},"properties":{"名称":"私立星槎高等学校","種類":"学校","高さ":"10.5"}},{"type":"Feature","geometry":{"type":"Point","coordinates":[139.4976687869,35.5073375043]},"properties":{"名称":"横浜旭中央総合病院","種類":"病院","高さ":"20.8"}},{"type":"Feature","geometry":{"type":"Point","coordinates":[139.4989590865,35.5063224438]},"properties":{"名称":"横浜若葉台郵便局","種類":"郵便局","高さ":"51.5"}},{"type":"Feature","geometry":{"type":"Point","coordinates":[139.5001752564,35.5030149034]},"properties":{"名称":"旭警察署若葉台交番","種類":"警察署","高さ":"3.7"}},{"type":"Feature","geometry":{"type":"Point","coordinates":[139.5037521077,35.507577603]},"properties":{"名称":"市立若葉台中学校","種類":"学校","高さ":"13"}},{"type":"Feature","geometry":{"type":"Point","coordinates":[139.5006150276,35.5082882134]},"properties":{"名称":"市立若葉台小学校","種類":"学校","高さ":"11.3"}},{"type":"Feature","geometry":{"type":"Point","coordinates":[139.5021502569,35.5028608232]},"properties":{"名称":"市立若葉台特別支援学校","種類":"学校","高さ":"11.5"}},{"type":"Feature","geometry":{"type":"Point","coordinates":[139.5505344022,35.4991810684]},"properties":{"名称":"横浜市消防局緑消防署白山消防出張所","種類":"消防署","高さ":"8.4"}},{"type":"Feature","geometry":{"type":"Point","coordinates":[139.5606770927,35.4959201866]},"properties":{"名称":"市立竹山小学校","種類":"学校","高さ":"14.4"}},{"type":"Feature","geometry":{"type":"Point","coordinates":[139.5514351416,35.498635768]},"properties":{"名称":"県立白山高等学校","種類":"学校","高さ":"18.7"}},{"type":"Feature","geometry":{"type":"Point","coordinates":[139.5620732023,35.4963854166]},"properties":{"名称":"横浜竹山郵便局","種類":"郵便局","高さ":"18.3"}},{"type":"Feature","geometry":{"type":"Point","coordinates":[139.4966266901,35.5314002759]},"properties":{"名称":"緑警察署長津田駅前交番","種類":"警察署","高さ":"6.4"}},{"type":"Feature","geometry":{"type":"Point","coordinates":[139.4956673601,35.5333121863]},"properties":{"名称":"横浜市消防局緑消防署長津田消防出張所","種類":"消防署","高さ":"9.2"}},{"type":"Feature","geometry":{"type":"Point","coordinates":[139.4911494394,35.5301700964]},"properties":{"名称":"市立長津田小学校","種類":"学校","高さ":"12.3"}},{"type":"Feature","geometry":{"type":"Point","coordinates":[139.4883634201,35.5346970765]},"properties":{"名称":"市立長津田第二小学校","種類":"学校","高さ":"14.6"}},{"type":"Feature","geometry":{"type":"Point","coordinates":[139.4842419364,35.5163366156]},"properties":{"名称":"東京工業大学(すずかけ台キャンパス)","種類":"学校","高さ":"15.6"}},{"type":"Feature","geometry":{"type":"Point","coordinates":[139.4885891084,35.5273464564]},"properties":{"名称":"私立森村学園初等部","種類":"学校","高さ":"10.6"}},{"type":"Feature","geometry":{"type":"Point","coordinates":[139.4892865392,35.5283782063]},"properties":{"名称":"私立森村学園高等部","種類":"学校","高さ":"12.8"}},{"type":"Feature","geometry":{"type":"Point","coordinates":[139.4984300212,35.5345673159]},"properties":{"名称":"市立田奈中学校","種類":"学校","高さ":"8.2"}},{"type":"Feature","geometry":{"type":"Point","coordinates":[139.4989470075,35.5107299442]},"properties":{"名称":"私立星槎中学校","種類":"学校","高さ":"15.7"}},{"type":"Feature","geometry":{"type":"Point","coordinates":[139.493417681,35.5361427462]},"properties":{"名称":"長津田厚生総合病院","種類":"病院","高さ":"10.7"}},{"type":"Feature","geometry":{"type":"Point","coordinates":[139.4969695403,35.5299561058]},"properties":{"名称":"長津田郵便局","種類":"郵便局","高さ":"13.4"}},{"type":"Feature","geometry":{"type":"Point","coordinates":[139.4957164702,35.5329988463]},"properties":{"名称":"長津田駅北口郵便局","種類":"郵便局","高さ":"103.7"}},{"type":"Feature","geometry":{"type":"Point","coordinates":[139.537976972,35.5123245499]},"properties":{"名称":"横浜市緑区役所","種類":"地方の機関","高さ":"0"}},{"type":"Feature","geometry":{"type":"Point","coordinates":[139.5358197928,35.5158240104]},"properties":{"名称":"緑警察署","種類":"警察署","高さ":"15.6"}},{"type":"Feature","geometry":{"type":"Point","coordinates":[139.5169843516,35.5260099737]},"properties":{"名称":"緑警察署十日市場駅前交番","種類":"警察署","高さ":"7.5"}},{"type":"Feature","geometry":{"type":"Point","coordinates":[139.539232864,35.5205429006]},"properties":{"名称":"緑警察署北八朔町交番","種類":"警察署","高さ":"4.6"}},{"type":"Feature","geometry":{"type":"Point","coordinates":[139.5060800391,35.5139038832]},"properties":{"名称":"緑警察署霧が丘交番","種類":"警察署","高さ":"6"}},{"type":"Feature","geometry":{"type":"Point","coordinates":[139.5710938156,35.510309057]},"properties":{"名称":"横浜市消防局緑消防署鴨居消防出張所","種類":"消防署","高さ":"7.6"}},{"type":"Feature","geometry":{"type":"Point","coordinates":[139.5397573628,35.5122111803]},"properties":{"名称":"横浜市消防局緑消防署","種類":"消防署","高さ":"14.8"}},{"type":"Feature","geometry":{"type":"Point","coordinates":[139.5167877217,35.5237860131]},"properties":{"名称":"横浜市消防局緑消防署十日市場消防出張所","種類":"消防署","高さ":"8.2"}},{"type":"Feature","geometry":{"type":"Point","coordinates":[139.5662141051,35.5089758169]},"properties":{"名称":"市立鴨居小学校","種類":"学校","高さ":"14.8"}},{"type":"Feature","geometry":{"type":"Point","coordinates":[139.5265104812,35.5159757017]},"properties":{"名称":"市立三保小学校","種類":"学校","高さ":"14.7"}},{"type":"Feature","geometry":{"type":"Point","coordinates":[139.5381772638,35.5252812509]},"properties":{"名称":"市立山下小学校","種類":"学校","高さ":"15.1"}},{"type":"Feature","geometry":{"type":"Point","coordinates":[139.5472048528,35.5065590588]},"properties":{"名称":"市立上山小学校","種類":"学校","高さ":"16"}},{"type":"Feature","geometry":{"type":"Point","coordinates":[139.5199114308,35.5175009428]},"properties":{"名称":"市立新治小学校","種類":"学校","高さ":"8.6"}},{"type":"Feature","geometry":{"type":"Point","coordinates":[139.5616882941,35.5076377079]},"properties":{"名称":"市立鴨居中学校","種類":"学校","高さ":"14.6"}},{"type":"Feature","geometry":{"type":"Point","coordinates":[139.5399826211,35.5038368295]},"properties":{"名称":"市立中山中学校","種類":"学校","高さ":"11.1"}},{"type":"Feature","geometry":{"type":"Point","coordinates":[139.5077861589,35.5111142929]},"properties":{"名称":"市立義務教育学校霧が丘学園中学部","種類":"学校","高さ":"7.8"}},{"type":"Feature","geometry":{"type":"Point","coordinates":[139.5022530478,35.5099692837]},"properties":{"名称":"県立霧が丘高等学校","種類":"学校","高さ":"18.6"}},{"type":"Feature","geometry":{"type":"Point","coordinates":[139.5484652831,35.5107124295]},"properties":{"名称":"市立中山小学校","種類":"学校","高さ":"14.6"}},{"type":"Feature","geometry":{"type":"Point","coordinates":[139.5823438163,35.5071423854]},"properties":{"名称":"県立みどり養護学校","種類":"学校","高さ":"11.3"}},{"type":"Feature","geometry":{"type":"Point","coordinates":[139.5715667746,35.5043624666]},"properties":{"名称":"市立東鴨居中学校","種類":"学校","高さ":"14.8"}},{"type":"Feature","geometry":{"type":"Point","coordinates":[139.5821772067,35.5050590553]},"properties":{"名称":"市立東本郷小学校","種類":"学校","高さ":"15"}},{"type":"Feature","geometry":{"type":"Point","coordinates":[139.5071634585,35.5120202431]},"properties":{"名称":"市立義務教育学校霧が丘学園小学部","種類":"学校","高さ":"11.3"}},{"type":"Feature","geometry":{"type":"Point","coordinates":[139.5059124804,35.5221029346]},"properties":{"名称":"昭和大学(保健医療学部)","種類":"学校","高さ":"19"}},{"type":"Feature","geometry":{"type":"Point","coordinates":[139.5019918402,35.5261477648]},"properties":{"名称":"市立いぶき野小学校","種類":"学校","高さ":"11.2"}},{"type":"Feature","geometry":{"type":"Point","coordinates":[139.5354280416,35.5085169301]},"properties":{"名称":"市立森の台小学校","種類":"学校","高さ":"15.1"}},{"type":"Feature","geometry":{"type":"Point","coordinates":[139.5105066292,35.5114389425]},"properties":{"名称":"私立横浜翠陵高等学校","種類":"学校","高さ":"8.7"}},{"type":"Feature","geometry":{"type":"Point","coordinates":[139.5104864187,35.5110843425]},"properties":{"名称":"私立横浜翠陵中学校","種類":"学校","高さ":"15.2"}},{"type":"Feature","geometry":{"type":"Point","coordinates":[139.5127413105,35.522398024]},"properties":{"名称":"市立十日市場中学校","種類":"学校","高さ":"18.7"}},{"type":"Feature","geometry":{"type":"Point","coordinates":[139.5331831948,35.5313496324]},"properties":{"名称":"市立山下みどり台小学校","種類":"学校","高さ":"15.1"}},{"type":"Feature","geometry":{"type":"Point","coordinates":[139.5609081938,35.5050720571]},"properties":{"名称":"市立緑小学校","種類":"学校","高さ":"11.8"}},{"type":"Feature","geometry":{"type":"Point","coordinates":[139.5106965089,35.5085368129]},"properties":{"名称":"東洋英和女学院大学","種類":"学校","高さ":"12.2"}},{"type":"Feature","geometry":{"type":"Point","coordinates":[139.5143906005,35.520556633]},"properties":{"名称":"市立十日市場小学校","種類":"学校","高さ":"12.1"}},{"type":"Feature","geometry":{"type":"Point","coordinates":[139.5108028391,35.5128003929]},"properties":{"名称":"横浜創英大学","種類":"学校","高さ":"12.1"}},{"type":"Feature","geometry":{"type":"Point","coordinates":[139.5633179644,35.5052819272]},"properties":{"名称":"鴨居病院","種類":"病院","高さ":"23.3"}},{"type":"Feature","geometry":{"type":"Point","coordinates":[139.5702760949,35.5077921369]},"properties":{"名称":"牧野記念病院","種類":"病院","高さ":"12.7"}},{"type":"Feature","geometry":{"type":"Point","coordinates":[139.5091053209,35.5247504837]},"properties":{"名称":"横浜新緑総合病院","種類":"病院","高さ":"12.4"}},{"type":"Feature","geometry":{"type":"Point","coordinates":[139.5411493831,35.5126979302]},"properties":{"名称":"緑郵便局","種類":"郵便局","高さ":"11.8"}},{"type":"Feature","geometry":{"type":"Point","coordinates":[139.5764171061,35.5062815764]},"properties":{"名称":"横浜東本郷郵便局","種類":"郵便局","高さ":"5.1"}},{"type":"Feature","geometry":{"type":"Point","coordinates":[139.5532377632,35.5076700187]},"properties":{"名称":"横浜白山郵便局","種類":"郵便局","高さ":"8.6"}},{"type":"Feature","geometry":{"type":"Point","coordinates":[139.5680072053,35.5100299572]},"properties":{"名称":"鴨居駅前郵便局","種類":"郵便局","高さ":"7"}},{"type":"Feature","geometry":{"type":"Point","coordinates":[139.5376355122,35.5138083406]},"properties":{"名称":"横浜台村郵便局","種類":"郵便局","高さ":"14.8"}},{"type":"Feature","geometry":{"type":"Point","coordinates":[139.5156043116,35.522597363]},"properties":{"名称":"横浜十日市場郵便局","種類":"郵便局","高さ":"7.8"}},{"type":"Feature","geometry":{"type":"Point","coordinates":[139.498784541,35.4660321809]},"properties":{"名称":"横浜市瀬谷区役所","種類":"地方の機関","高さ":"19.9"}},{"type":"Feature","geometry":{"type":"Point","coordinates":[139.4992323111,35.4676424405]},"properties":{"名称":"瀬谷警察署","種類":"警察署","高さ":"16.4"}},{"type":"Feature","geometry":{"type":"Point","coordinates":[139.4882337021,35.4814911532]},"properties":{"名称":"瀬谷警察署細谷戸駐在所","種類":"警察署","高さ":"3.2"}},{"type":"Feature","geometry":{"type":"Point","coordinates":[139.48255232,35.4699997129]},"properties":{"名称":"瀬谷警察署瀬谷駅前交番","種類":"警察署","高さ":"5.7"}},{"type":"Feature","geometry":{"type":"Point","coordinates":[139.4737564113,35.486252585]},"properties":{"名称":"瀬谷警察署竹村町駐在所","種類":"警察署","高さ":"6.2"}},{"type":"Feature","geometry":{"type":"Point","coordinates":[139.4881234795,35.4639180816]},"properties":{"名称":"瀬谷警察署南台交番","種類":"警察署","高さ":"6.3"}},{"type":"Feature","geometry":{"type":"Point","coordinates":[139.479914558,35.4590730817]},"properties":{"名称":"瀬谷警察署北新駐在所","種類":"警察署","高さ":"7.3"}},{"type":"Feature","geometry":{"type":"Point","coordinates":[139.481899204,35.4982377151]},"properties":{"名称":"瀬谷警察署目黒交番","種類":"警察署","高さ":"6.6"}},{"type":"Feature","geometry":{"type":"Point","coordinates":[139.4825378171,35.4547257916]},"properties":{"名称":"横浜市消防局瀬谷消防署下瀬谷消防出張所","種類":"消防署","高さ":"5.5"}},{"type":"Feature","geometry":{"type":"Point","coordinates":[139.4802010812,35.483856524]},"properties":{"名称":"横浜市消防局瀬谷消防署中瀬谷消防出張所","種類":"消防署","高さ":"7.7"}},{"type":"Feature","geometry":{"type":"Point","coordinates":[139.497121027,35.4411702792]},"properties":{"名称":"市立阿久和小学校","種類":"学校","高さ":"11.4"}},{"type":"Feature","geometry":{"type":"Point","coordinates":[139.4770993918,35.4893850549]},"properties":{"名称":"市立上瀬谷小学校","種類":"学校","高さ":"7.7"}},{"type":"Feature","geometry":{"type":"Point","coordinates":[139.4819302278,35.4607066722]},"properties":{"名称":"市立瀬谷第二小学校","種類":"学校","高さ":"11.2"}},{"type":"Feature","geometry":{"type":"Point","coordinates":[139.4901768612,35.4754757421]},"properties":{"名称":"市立相沢小学校","種類":"学校","高さ":"15.2"}},{"type":"Feature","geometry":{"type":"Point","coordinates":[139.4974268516,35.4728368614]},"properties":{"名称":"市立二つ橋小学校","種類":"学校","高さ":"7.3"}},{"type":"Feature","geometry":{"type":"Point","coordinates":[139.4823711281,35.456920232]},"properties":{"名称":"市立下瀬谷中学校","種類":"学校","高さ":"11.7"}},{"type":"Feature","geometry":{"type":"Point","coordinates":[139.4785102005,35.4815868339]},"properties":{"名称":"県立瀬谷西高等学校","種類":"学校","高さ":"15.2"}},{"type":"Feature","geometry":{"type":"Point","coordinates":[139.4867292262,35.4574206684]},"properties":{"名称":"市立南瀬谷小学校","種類":"学校","高さ":"15.4"}},{"type":"Feature","geometry":{"type":"Point","coordinates":[139.485532438,35.4577628713]},"properties":{"名称":"市立南瀬谷中学校","種類":"学校","高さ":"15.5"}},{"type":"Feature","geometry":{"type":"Point","coordinates":[139.4980299703,35.4605238906]},"properties":{"名称":"市立三ツ境小学校","種類":"学校","高さ":"14.6"}},{"type":"Feature","geometry":{"type":"Point","coordinates":[139.4751116094,35.4715533636]},"properties":{"名称":"市立大門小学校","種類":"学校","高さ":"15.1"}},{"type":"Feature","geometry":{"type":"Point","coordinates":[139.4959074725,35.4765157518]},"properties":{"名称":"市立東野中学校","種類":"学校","高さ":"14.6"}},{"type":"Feature","geometry":{"type":"Point","coordinates":[139.4991016924,35.4785840214]},"properties":{"名称":"県立瀬谷高等学校","種類":"学校","高さ":"15.2"}},{"type":"Feature","geometry":{"type":"Point","coordinates":[139.4980882293,35.4547076795]},"properties":{"名称":"市立原中学校","種類":"学校","高さ":"11.2"}},{"type":"Feature","geometry":{"type":"Point","coordinates":[139.4809389795,35.4718028233]},"properties":{"名称":"市立瀬谷中学校","種類":"学校","高さ":"15.3"}},{"type":"Feature","geometry":{"type":"Point","coordinates":[139.4841490399,35.4724757426]},"properties":{"名称":"市立瀬谷小学校","種類":"学校","高さ":"11.8"}},{"type":"Feature","geometry":{"type":"Point","coordinates":[139.4713477207,35.4854883745]},"properties":{"名称":"県立瀬谷養護学校","種類":"学校","高さ":"3.9"}},{"type":"Feature","geometry":{"type":"Point","coordinates":[139.4957738415,35.4717493113]},"properties":{"名称":"市立二つ橋高等特別支援学校","種類":"学校","高さ":"11.9"}},{"type":"Feature","geometry":{"type":"Point","coordinates":[139.4952245519,35.4728049213]},"properties":{"名称":"県立三ツ境養護学校","種類":"学校","高さ":"7.6"}},{"type":"Feature","geometry":{"type":"Point","coordinates":[139.4812877867,35.4513369113]},"properties":{"名称":"市立瀬谷さくら小学校","種類":"学校","高さ":"15.6"}},{"type":"Feature","geometry":{"type":"Point","coordinates":[139.4856442462,35.4456274106]},"properties":{"名称":"県立横浜ひなたやま支援学校","種類":"学校","高さ":"11.1"}},{"type":"Feature","geometry":{"type":"Point","coordinates":[139.4842037897,35.4661214626]},"properties":{"名称":"瀬谷郵便局","種類":"郵便局","高さ":"8.2"}},{"type":"Feature","geometry":{"type":"Point","coordinates":[139.4857814357,35.4431315804]},"properties":{"名称":"横浜日向山郵便局","種類":"郵便局","高さ":"7.5"}},{"type":"Feature","geometry":{"type":"Point","coordinates":[139.4865306873,35.4511801103]},"properties":{"名称":"横浜南瀬谷一郵便局","種類":"郵便局","高さ":"7.9"}},{"type":"Feature","geometry":{"type":"Point","coordinates":[139.4974150191,35.4537242798]},"properties":{"名称":"横浜阿久和郵便局","種類":"郵便局","高さ":"9.4"}},{"type":"Feature","geometry":{"type":"Point","coordinates":[139.4762048167,35.4557634921]},"properties":{"名称":"横浜瀬谷西郵便局","種類":"郵便局","高さ":"4.6"}},{"type":"Feature","geometry":{"type":"Point","coordinates":[139.4882141798,35.4638465414]},"properties":{"名称":"横浜瀬谷南郵便局","種類":"郵便局","高さ":"3.4"}},{"type":"Feature","geometry":{"type":"Point","coordinates":[139.48511684,35.4721885026]},"properties":{"名称":"横浜瀬谷北郵便局","種類":"郵便局","高さ":"7.7"}},{"type":"Feature","geometry":{"type":"Point","coordinates":[139.4756476802,35.4791446441]},"properties":{"名称":"横浜本郷原郵便局","種類":"郵便局","高さ":"4.8"}},{"type":"Feature","geometry":{"type":"Point","coordinates":[139.4885229923,35.4803191026]},"properties":{"名称":"横浜細谷戸郵便局","種類":"郵便局","高さ":"6.8"}},{"type":"Feature","geometry":{"type":"Point","coordinates":[139.486636924,35.4985810245]},"properties":{"名称":"横浜卸本町簡易郵便局","種類":"郵便局","高さ":"4.8"}},{"type":"Feature","geometry":{"type":"Point","coordinates":[139.5039737189,35.4479172691]},"properties":{"名称":"瀬谷警察署阿久和町交番","種類":"警察署","高さ":"6"}},{"type":"Feature","geometry":{"type":"Point","coordinates":[139.50258133,35.4546665495]},"properties":{"名称":"横浜市消防局瀬谷消防署阿久和消防出張所","種類":"消防署","高さ":"8.5"}},{"type":"Feature","geometry":{"type":"Point","coordinates":[139.5092037095,35.4464121981]},"properties":{"名称":"私立横浜隼人高等学校","種類":"学校","高さ":"22"}},{"type":"Feature","geometry":{"type":"Point","coordinates":[139.5005285883,35.4471989889]},"properties":{"名称":"市立原小学校","種類":"学校","高さ":"11.4"}},{"type":"Feature","geometry":{"type":"Point","coordinates":[139.5028247217,35.4674064607]},"properties":{"名称":"横浜三ツ境郵便局","種類":"郵便局","高さ":"9.5"}},{"type":"Feature","geometry":{"type":"Point","coordinates":[139.5020745317,35.4688946006]},"properties":{"名称":"三ツ境駅北口郵便局","種類":"郵便局","高さ":"14.7"}},{"type":"Feature","geometry":{"type":"Point","coordinates":[139.5479260318,35.3656982487]},"properties":{"名称":"横浜地方法務局栄出張所","種類":"国の機関","高さ":"11.8"}},{"type":"Feature","geometry":{"type":"Point","coordinates":[139.5541002127,35.3643885572]},"properties":{"名称":"横浜市栄区役所","種類":"地方の機関","高さ":"15.2"}},{"type":"Feature","geometry":{"type":"Point","coordinates":[139.553759302,35.3631149174]},"properties":{"名称":"栄警察署","種類":"警察署","高さ":"15.4"}},{"type":"Feature","geometry":{"type":"Point","coordinates":[139.5411038201,35.3615158682]},"properties":{"名称":"栄警察署笠間交番","種類":"警察署","高さ":"6.5"}},{"type":"Feature","geometry":{"type":"Point","coordinates":[139.5690735251,35.3683266863]},"properties":{"名称":"栄警察署元大橋交番","種類":"警察署","高さ":"6.6"}},{"type":"Feature","geometry":{"type":"Point","coordinates":[139.5841249342,35.351649714]},"properties":{"名称":"栄警察署庄戸交番","種類":"警察署","高さ":"3.8"}},{"type":"Feature","geometry":{"type":"Point","coordinates":[139.5726985024,35.3528919749]},"properties":{"名称":"栄警察署上郷交番","種類":"警察署","高さ":"3.5"}},{"type":"Feature","geometry":{"type":"Point","coordinates":[139.5196818188,35.3658004108]},"properties":{"名称":"栄警察署田谷交番","種類":"警察署","高さ":"6.9"}},{"type":"Feature","geometry":{"type":"Point","coordinates":[139.5394215924,35.3753377001]},"properties":{"名称":"栄警察署豊田交番","種類":"警察署","高さ":"6.4"}},{"type":"Feature","geometry":{"type":"Point","coordinates":[139.5508118426,35.3674647679]},"properties":{"名称":"栄警察署本郷台駅前交番","種類":"警察署","高さ":"6"}},{"type":"Feature","geometry":{"type":"Point","coordinates":[139.5488057215,35.3642221678]},"properties":{"名称":"神奈川県警察学校","種類":"警察署","高さ":"18.6"}},{"type":"Feature","geometry":{"type":"Point","coordinates":[139.5817628532,35.3475077837]},"properties":{"名称":"横浜市消防局栄消防署上郷消防出張所","種類":"消防署","高さ":"8.5"}},{"type":"Feature","geometry":{"type":"Point","coordinates":[139.5522486117,35.3638340659]},"properties":{"名称":"横浜市消防局栄消防署","種類":"消防署","高さ":"15.6"}},{"type":"Feature","geometry":{"type":"Point","coordinates":[139.5400337419,35.3736677794]},"properties":{"名称":"横浜市消防局栄消防署豊田消防出張所","種類":"消防署","高さ":"7.4"}},{"type":"Feature","geometry":{"type":"Point","coordinates":[139.5321568751,35.361991883]},"properties":{"名称":"市立笠間小学校","種類":"学校","高さ":"11.3"}},{"type":"Feature","geometry":{"type":"Point","coordinates":[139.5634814117,35.352420516]},"properties":{"名称":"市立桂台小学校","種類":"学校","高さ":"14.6"}},{"type":"Feature","geometry":{"type":"Point","coordinates":[139.5538703409,35.3544482869]},"properties":{"名称":"市立公田小学校","種類":"学校","高さ":"15.2"}},{"type":"Feature","geometry":{"type":"Point","coordinates":[139.5723981946,35.366114886]},"properties":{"名称":"市立桜井小学校","種類":"学校","高さ":"15.2"}},{"type":"Feature","geometry":{"type":"Point","coordinates":[139.5482594239,35.3770315491]},"properties":{"名称":"市立小菅ヶ谷小学校","種類":"学校","高さ":"14.8"}},{"type":"Feature","geometry":{"type":"Point","coordinates":[139.5199142503,35.3716077735]},"properties":{"名称":"市立千秀小学校","種類":"学校","高さ":"14.6"}},{"type":"Feature","geometry":{"type":"Point","coordinates":[139.5352743617,35.3732459097]},"properties":{"名称":"市立飯島小学校","種類":"学校","高さ":"15"}},{"type":"Feature","geometry":{"type":"Point","coordinates":[139.5359816728,35.3825870911]},"properties":{"名称":"市立豊田小学校","種類":"学校","高さ":"11.3"}},{"type":"Feature","geometry":{"type":"Point","coordinates":[139.5614536927,35.3631704768]},"properties":{"名称":"市立本郷小学校","種類":"学校","高さ":"14.9"}},{"type":"Feature","geometry":{"type":"Point","coordinates":[139.5493704726,35.3713371187]},"properties":{"名称":"市立本郷台小学校","種類":"学校","高さ":"14.2"}},{"type":"Feature","geometry":{"type":"Point","coordinates":[139.5645925218,35.3540593956]},"properties":{"名称":"市立桂台中学校","種類":"学校","高さ":"8"}},{"type":"Feature","geometry":{"type":"Point","coordinates":[139.5317594005,35.3723926908]},"properties":{"名称":"市立飯島中学校","種類":"学校","高さ":"11.5"}},{"type":"Feature","geometry":{"type":"Point","coordinates":[139.5505926217,35.3648649176]},"properties":{"名称":"市立本郷中学校","種類":"学校","高さ":"14.7"}},{"type":"Feature","geometry":{"type":"Point","coordinates":[139.523682415,35.3744399138]},"properties":{"名称":"県立金井高等学校","種類":"学校","高さ":"18.7"}},{"type":"Feature","geometry":{"type":"Point","coordinates":[139.5804516756,35.3650825354]},"properties":{"名称":"県立横浜栄高等学校","種類":"学校","高さ":"13.1"}},{"type":"Feature","geometry":{"type":"Point","coordinates":[139.5757592952,35.3668648753]},"properties":{"名称":"私立山手学院高等学校","種類":"学校","高さ":"15.1"}},{"type":"Feature","geometry":{"type":"Point","coordinates":[139.5725106338,35.3575334752]},"properties":{"名称":"市立上郷中学校","種類":"学校","高さ":"15.1"}},{"type":"Feature","geometry":{"type":"Point","coordinates":[139.584370274,35.3530871437]},"properties":{"名称":"市立庄戸小学校","種類":"学校","高さ":"11"}},{"type":"Feature","geometry":{"type":"Point","coordinates":[139.5420926407,35.3657538085]},"properties":{"名称":"市立西本郷小学校","種類":"学校","高さ":"11.2"}},{"type":"Feature","geometry":{"type":"Point","coordinates":[139.5535649229,35.3658926878]},"properties":{"名称":"県立柏陽高等学校","種類":"学校","高さ":"14.9"}},{"type":"Feature","geometry":{"type":"Point","coordinates":[139.5578427351,35.3801426388]},"properties":{"名称":"市立小山台小学校","種類":"学校","高さ":"11"}},{"type":"Feature","geometry":{"type":"Point","coordinates":[139.5587972353,35.3807505382]},"properties":{"名称":"市立小山台中学校","種類":"学校","高さ":"15.1"}},{"type":"Feature","geometry":{"type":"Point","coordinates":[139.5430093312,35.3637815986]},"properties":{"名称":"市立西本郷中学校","種類":"学校","高さ":"11.4"}},{"type":"Feature","geometry":{"type":"Point","coordinates":[139.557584354,35.370448218]},"properties":{"名称":"市立本郷特別支援学校","種類":"学校","高さ":"8"}},{"type":"Feature","geometry":{"type":"Point","coordinates":[139.5719995337,35.3574429351]},"properties":{"名称":"市立上郷小学校","種類":"学校","高さ":"15"}},{"type":"Feature","geometry":{"type":"Point","coordinates":[139.5508955114,35.3636073011]},"properties":{"名称":"横浜栄共済病院","種類":"病院","高さ":"19.8"}},{"type":"Feature","geometry":{"type":"Point","coordinates":[139.5675964023,35.3526898455]},"properties":{"名称":"横浜桂台郵便局","種類":"郵便局","高さ":"7.5"}},{"type":"Feature","geometry":{"type":"Point","coordinates":[139.5755255029,35.3542549746]},"properties":{"名称":"横浜上郷郵便局","種類":"郵便局","高さ":"4.4"}},{"type":"Feature","geometry":{"type":"Point","coordinates":[139.5809698044,35.3565976344]},"properties":{"名称":"横浜庄戸郵便局","種類":"郵便局","高さ":"7.9"}},{"type":"Feature","geometry":{"type":"Point","coordinates":[139.5348882995,35.359039339]},"properties":{"名称":"横浜笠間郵便局","種類":"郵便局","高さ":"9.6"}},{"type":"Feature","geometry":{"type":"Point","coordinates":[139.5500535018,35.3612455779]},"properties":{"名称":"横浜桂町南郵便局","種類":"郵便局","高さ":"7.2"}},{"type":"Feature","geometry":{"type":"Point","coordinates":[139.5575594131,35.3647369569]},"properties":{"名称":"横浜桂郵便局","種類":"郵便局","高さ":"9.8"}},{"type":"Feature","geometry":{"type":"Point","coordinates":[139.5495284324,35.3664667885]},"properties":{"名称":"本郷台駅前郵便局","種類":"郵便局","高さ":"4.5"}},{"type":"Feature","geometry":{"type":"Point","coordinates":[139.5677782141,35.3670947465]},"properties":{"名称":"横浜元大橋郵便局","種類":"郵便局","高さ":"6.7"}},{"type":"Feature","geometry":{"type":"Point","coordinates":[139.5365613016,35.3732427799]},"properties":{"名称":"横浜飯島郵便局","種類":"郵便局","高さ":"4"}},{"type":"Feature","geometry":{"type":"Point","coordinates":[139.4909570402,35.4014432164]},"properties":{"名称":"泉警察署下和泉交番","種類":"警察署","高さ":"6.6"}},{"type":"Feature","geometry":{"type":"Point","coordinates":[139.4946101428,35.415572187]},"properties":{"名称":"泉警察署和泉交番","種類":"警察署","高さ":"3.4"}},{"type":"Feature","geometry":{"type":"Point","coordinates":[139.4931763406,35.4012814965]},"properties":{"名称":"市立下和泉小学校","種類":"学校","高さ":"14.7"}},{"type":"Feature","geometry":{"type":"Point","coordinates":[139.4911105026,35.4158580576]},"properties":{"名称":"市立中和田小学校","種類":"学校","高さ":"14.8"}},{"type":"Feature","geometry":{"type":"Point","coordinates":[139.4843985189,35.3982537172]},"properties":{"名称":"市立中和田南小学校","種類":"学校","高さ":"11.1"}},{"type":"Feature","geometry":{"type":"Point","coordinates":[139.4923139415,35.4048920671]},"properties":{"名称":"市立泉が丘中学校","種類":"学校","高さ":"8.2"}},{"type":"Feature","geometry":{"type":"Point","coordinates":[139.4982658038,35.4159898768]},"properties":{"名称":"市立中和田中学校","種類":"学校","高さ":"14.8"}},{"type":"Feature","geometry":{"type":"Point","coordinates":[139.4969383127,35.4108348565]},"properties":{"名称":"市立伊勢山小学校","種類":"学校","高さ":"15"}},{"type":"Feature","geometry":{"type":"Point","coordinates":[139.4899723114,35.4090304572]},"properties":{"名称":"県立横浜修悠館高等学校","種類":"学校","高さ":"14.4"}},{"type":"Feature","geometry":{"type":"Point","coordinates":[139.4931447412,35.4020281767]},"properties":{"名称":"横浜和泉南郵便局","種類":"郵便局","高さ":"6.5"}},{"type":"Feature","geometry":{"type":"Point","coordinates":[139.4923547427,35.4160610776]},"properties":{"名称":"横浜中和田郵便局","種類":"郵便局","高さ":"6.5"}},{"type":"Feature","geometry":{"type":"Point","coordinates":[139.5107471741,35.4112525551]},"properties":{"名称":"泉警察署中田交番","種類":"警察署","高さ":"6.8"}},{"type":"Feature","geometry":{"type":"Point","coordinates":[139.5211486457,35.4153647845]},"properties":{"名称":"市立領家中学校","種類":"学校","高さ":"14.6"}},{"type":"Feature","geometry":{"type":"Point","coordinates":[139.508145363,35.4038141255]},"properties":{"名称":"市立葛野小学校","種類":"学校","高さ":"15"}},{"type":"Feature","geometry":{"type":"Point","coordinates":[139.5081669342,35.4105387356]},"properties":{"名称":"市立中田小学校","種類":"学校","高さ":"11"}},{"type":"Feature","geometry":{"type":"Point","coordinates":[139.5054877444,35.414559766]},"properties":{"名称":"市立中田中学校","種類":"学校","高さ":"15.5"}},{"type":"Feature","geometry":{"type":"Point","coordinates":[139.5079839243,35.4126288861]},"properties":{"名称":"横浜中田郵便局","種類":"郵便局","高さ":"7.9"}},{"type":"Feature","geometry":{"type":"Point","coordinates":[139.4887898525,35.4178506085]},"properties":{"名称":"横浜市泉区役所","種類":"地方の機関","高さ":"19.9"}},{"type":"Feature","geometry":{"type":"Point","coordinates":[139.4955125252,35.4272116382]},"properties":{"名称":"泉警察署","種類":"警察署","高さ":"17.5"}},{"type":"Feature","geometry":{"type":"Point","coordinates":[139.4944206165,35.4305947028]},"properties":{"名称":"泉警察署いずみ野駅前交番","種類":"警察署","高さ":"3"}},{"type":"Feature","geometry":{"type":"Point","coordinates":[139.4843737427,35.423366209]},"properties":{"名称":"泉警察署上飯田交番","種類":"警察署","高さ":"6.7"}},{"type":"Feature","geometry":{"type":"Point","coordinates":[139.4943182758,35.4334468085]},"properties":{"名称":"横浜市消防局泉消防署いずみ野消防出張所","種類":"消防署","高さ":"7.8"}},{"type":"Feature","geometry":{"type":"Point","coordinates":[139.4946374058,35.4342489085]},"properties":{"名称":"市立いずみ野小学校","種類":"学校","高さ":"15.1"}},{"type":"Feature","geometry":{"type":"Point","coordinates":[139.4803987029,35.4240869792]},"properties":{"名称":"市立上飯田小学校","種類":"学校","高さ":"14.8"}},{"type":"Feature","geometry":{"type":"Point","coordinates":[139.4815639444,35.4343642901]},"properties":{"名称":"市立飯田北いちょう小学校","種類":"学校","高さ":"14.9"}},{"type":"Feature","geometry":{"type":"Point","coordinates":[139.4963336345,35.4228218976]},"properties":{"名称":"市立和泉小学校","種類":"学校","高さ":"15.2"}},{"type":"Feature","geometry":{"type":"Point","coordinates":[139.4976487659,35.4318091885]},"properties":{"名称":"市立いずみ野中学校","種類":"学校","高さ":"7.7"}},{"type":"Feature","geometry":{"type":"Point","coordinates":[139.4817320433,35.4297814093]},"properties":{"名称":"市立上飯田中学校","種類":"学校","高さ":"16.3"}},{"type":"Feature","geometry":{"type":"Point","coordinates":[139.494037696,35.4373091794]},"properties":{"名称":"県立松陽高等学校","種類":"学校","高さ":"19"}},{"type":"Feature","geometry":{"type":"Point","coordinates":[139.4989552762,35.433950048]},"properties":{"名称":"私立秀英高等学校","種類":"学校","高さ":"14.3"}},{"type":"Feature","geometry":{"type":"Point","coordinates":[139.4796383823,35.421510979]},"properties":{"名称":"横浜上飯田郵便局","種類":"郵便局","高さ":"10"}},{"type":"Feature","geometry":{"type":"Point","coordinates":[139.4939329657,35.4330255085]},"properties":{"名称":"横浜いずみ野郵便局","種類":"郵便局","高さ":"7.8"}},{"type":"Feature","geometry":{"type":"Point","coordinates":[139.5058975461,35.4296055274]},"properties":{"名称":"泉警察署弥生台駅前交番","種類":"警察署","高さ":"6.4"}},{"type":"Feature","geometry":{"type":"Point","coordinates":[139.52211003,35.4392990563]},"properties":{"名称":"泉警察署緑園都市駅前交番","種類":"警察署","高さ":"6.3"}},{"type":"Feature","geometry":{"type":"Point","coordinates":[139.5092041549,35.416948116]},"properties":{"名称":"横浜市消防局泉消防署中田消防出張所","種類":"消防署","高さ":"7.9"}},{"type":"Feature","geometry":{"type":"Point","coordinates":[139.5240495377,35.4264347856]},"properties":{"名称":"横浜市消防局泉消防署岡津消防出張所","種類":"消防署","高さ":"8.2"}},{"type":"Feature","geometry":{"type":"Point","coordinates":[139.5260411299,35.4395434961]},"properties":{"名称":"横浜市消防局泉消防署緑園消防出張所","種類":"消防署","高さ":"14.3"}},{"type":"Feature","geometry":{"type":"Point","coordinates":[139.5243969182,35.4282784454]},"properties":{"名称":"市立岡津小学校","種類":"学校","高さ":"14.7"}},{"type":"Feature","geometry":{"type":"Point","coordinates":[139.5066524172,35.4343901674]},"properties":{"名称":"市立新橋小学校","種類":"学校","高さ":"14.5"}},{"type":"Feature","geometry":{"type":"Point","coordinates":[139.5263432604,35.4434480461]},"properties":{"名称":"市立緑園東小学校","種類":"学校","高さ":"11.1"}},{"type":"Feature","geometry":{"type":"Point","coordinates":[139.5177877396,35.4409480573]},"properties":{"名称":"市立緑園西小学校","種類":"学校","高さ":"14.9"}},{"type":"Feature","geometry":{"type":"Point","coordinates":[139.5237350982,35.4292709158]},"properties":{"名称":"市立岡津中学校","種類":"学校","高さ":"16.4"}},{"type":"Feature","geometry":{"type":"Point","coordinates":[139.5118405457,35.417541296]},"properties":{"名称":"市立東中田小学校","種類":"学校","高さ":"11"}},{"type":"Feature","geometry":{"type":"Point","coordinates":[139.5155653764,35.4188092256]},"properties":{"名称":"市立西が岡小学校","種類":"学校","高さ":"14.9"}},{"type":"Feature","geometry":{"type":"Point","coordinates":[139.5252634302,35.4389020358]},"properties":{"名称":"フェリス女学院大学(緑園キャンパス)","種類":"学校","高さ":"14.2"}},{"type":"Feature","geometry":{"type":"Point","coordinates":[139.5241765786,35.432448076]},"properties":{"名称":"県立横浜緑園高等学校","種類":"学校","高さ":"11.5"}},{"type":"Feature","geometry":{"type":"Point","coordinates":[139.5111607391,35.4418253575]},"properties":{"名称":"湘南泉病院","種類":"病院","高さ":"17.8"}},{"type":"Feature","geometry":{"type":"Point","coordinates":[139.5100629261,35.4256348067]},"properties":{"名称":"国際親善総合病院","種類":"病院","高さ":"9.9"}},{"type":"Feature","geometry":{"type":"Point","coordinates":[139.5008959452,35.4222991868]},"properties":{"名称":"戸塚共立リハビリテーション病院","種類":"病院","高さ":"12.3"}},{"type":"Feature","geometry":{"type":"Point","coordinates":[139.5007885849,35.4215634173]},"properties":{"名称":"横浜泉郵便局","種類":"郵便局","高さ":"12.7"}},{"type":"Feature","geometry":{"type":"Point","coordinates":[139.506993136,35.4274994165]},"properties":{"名称":"弥生台駅前郵便局","種類":"郵便局","高さ":"12.4"}},{"type":"Feature","geometry":{"type":"Point","coordinates":[139.5131429778,35.4332268172]},"properties":{"名称":"横浜新橋郵便局","種類":"郵便局","高さ":"0"}},{"type":"Feature","geometry":{"type":"Point","coordinates":[139.5234008801,35.4393305162]},"properties":{"名称":"緑園都市駅前郵便局","種類":"郵便局","高さ":"14"}},{"type":"Feature","geometry":{"type":"Point","coordinates":[139.5567887552,35.5843645239]},"properties":{"名称":"市立美しが丘小学校","種類":"学校","高さ":"14.7"}},{"type":"Feature","geometry":{"type":"Point","coordinates":[139.5515665746,35.5880311848]},"properties":{"名称":"市立美しが丘中学校","種類":"学校","高さ":"15"}},{"type":"Feature","geometry":{"type":"Point","coordinates":[139.5344592733,35.5902030062]},"properties":{"名称":"市立美しが丘西小学校","種類":"学校","高さ":"11.8"}},{"type":"Feature","geometry":{"type":"Point","coordinates":[139.5371318533,35.5874985159]},"properties":{"名称":"横浜美しが丘西郵便局","種類":"郵便局","高さ":"7.4"}},{"type":"Feature","geometry":{"type":"Point","coordinates":[139.4862169628,35.5581685988]},"properties":{"名称":"青葉警察署こどもの国駅前交番","種類":"警察署","高さ":"6.5"}},{"type":"Feature","geometry":{"type":"Point","coordinates":[139.4867800727,35.5536104889]},"properties":{"名称":"横浜市消防局青葉消防署奈良消防出張所","種類":"消防署","高さ":"7.6"}},{"type":"Feature","geometry":{"type":"Point","coordinates":[139.4995726037,35.5522425567]},"properties":{"名称":"市立恩田小学校","種類":"学校","高さ":"12.4"}},{"type":"Feature","geometry":{"type":"Point","coordinates":[139.4947761542,35.5569757578]},"properties":{"名称":"市立奈良中学校","種類":"学校","高さ":"14.9"}},{"type":"Feature","geometry":{"type":"Point","coordinates":[139.4980939832,35.5527811977]},"properties":{"名称":"県立田奈高等学校","種類":"学校","高さ":"17"}},{"type":"Feature","geometry":{"type":"Point","coordinates":[139.4974291546,35.557237078]},"properties":{"名称":"横浜美術大学","種類":"学校","高さ":"16"}},{"type":"Feature","geometry":{"type":"Point","coordinates":[139.4989819849,35.560507058]},"properties":{"名称":"日本体育大学横浜・健志台キャンパス","種類":"学校","高さ":"16.4"}},{"type":"Feature","geometry":{"type":"Point","coordinates":[139.480899733,35.5628033799]},"properties":{"名称":"市立奈良小学校","種類":"学校","高さ":"14.4"}},{"type":"Feature","geometry":{"type":"Point","coordinates":[139.4867386622,35.5515791586]},"properties":{"名称":"市立奈良の丘小学校","種類":"学校","高さ":"11.4"}},{"type":"Feature","geometry":{"type":"Point","coordinates":[139.4852141506,35.5416406376]},"properties":{"名称":"市立あかね台中学校","種類":"学校","高さ":"8.8"}},{"type":"Feature","geometry":{"type":"Point","coordinates":[139.4802655234,35.56572162]},"properties":{"名称":"緑協和病院","種類":"病院","高さ":"11.2"}},{"type":"Feature","geometry":{"type":"Point","coordinates":[139.476041503,35.5627452302]},"properties":{"名称":"横浜奈良郵便局","種類":"郵便局","高さ":"29.4"}},{"type":"Feature","geometry":{"type":"Point","coordinates":[139.5473917496,35.5527294728]},"properties":{"名称":"横浜地方法務局青葉出張所","種類":"国の機関","高さ":"11.4"}},{"type":"Feature","geometry":{"type":"Point","coordinates":[139.5404767079,35.5473229828]},"properties":{"名称":"東京国税局緑税務署","種類":"国の機関","高さ":"11.6"}},{"type":"Feature","geometry":{"type":"Point","coordinates":[139.5369907382,35.5528241536]},"properties":{"名称":"横浜市青葉区役所","種類":"地方の機関","高さ":"18.5"}},{"type":"Feature","geometry":{"type":"Point","coordinates":[139.5372329281,35.5515034433]},"properties":{"名称":"青葉警察署","種類":"警察署","高さ":"17.2"}},{"type":"Feature","geometry":{"type":"Point","coordinates":[139.5270967709,35.5771622364]},"properties":{"名称":"青葉警察署すすき野交番","種類":"警察署","高さ":"6"}},{"type":"Feature","geometry":{"type":"Point","coordinates":[139.5515225708,35.5581103324]},"properties":{"名称":"青葉警察署荏田町交番","種類":"警察署","高さ":"6.2"}},{"type":"Feature","geometry":{"type":"Point","coordinates":[139.5073988659,35.5598592971]},"properties":{"名称":"青葉警察署鴨志田交番","種類":"警察署","高さ":"6.1"}},{"type":"Feature","geometry":{"type":"Point","coordinates":[139.5417396383,35.551302733]},"properties":{"名称":"青葉警察署市が尾駅前交番","種類":"警察署","高さ":"17.7"}},{"type":"Feature","geometry":{"type":"Point","coordinates":[139.5167050445,35.5431145551]},"properties":{"名称":"青葉警察署青葉台駅前交番","種類":"警察署","高さ":"10"}},{"type":"Feature","geometry":{"type":"Point","coordinates":[139.5237596378,35.5620728653]},"properties":{"名称":"青葉警察署鉄町交番","種類":"警察署","高さ":"4.4"}},{"type":"Feature","geometry":{"type":"Point","coordinates":[139.5048737619,35.5364542657]},"properties":{"名称":"青葉警察署田奈駅前交番","種類":"警察署","高さ":"7.8"}},{"type":"Feature","geometry":{"type":"Point","coordinates":[139.5276663561,35.5436085238]},"properties":{"名称":"青葉警察署藤が丘駅前交番","種類":"警察署","高さ":"6.4"}},{"type":"Feature","geometry":{"type":"Point","coordinates":[139.504127925,35.5593698674]},"properties":{"名称":"横浜市消防局青葉消防署鴨志田消防出張所","種類":"消防署","高さ":"8.3"}},{"type":"Feature","geometry":{"type":"Point","coordinates":[139.5553440705,35.5529478913]},"properties":{"名称":"横浜市消防局青葉消防署荏田消防出張所","種類":"消防署","高さ":"9.2"}},{"type":"Feature","geometry":{"type":"Point","coordinates":[139.535350238,35.5538136338]},"properties":{"名称":"横浜市消防局青葉消防署","種類":"消防署","高さ":"14"}},{"type":"Feature","geometry":{"type":"Point","coordinates":[139.5316719603,35.5737823352]},"properties":{"名称":"横浜市消防局青葉消防署すすき野消防出張所","種類":"消防署","高さ":"8"}},{"type":"Feature","geometry":{"type":"Point","coordinates":[139.5480059231,35.5795926847]},"properties":{"名称":"横浜市消防局青葉消防署元石川消防出張所","種類":"消防署","高さ":"7.3"}},{"type":"Feature","geometry":{"type":"Point","coordinates":[139.5180340347,35.5415500043]},"properties":{"名称":"横浜市消防局青葉消防署青葉台消防出張所","種類":"消防署","高さ":"15.6"}},{"type":"Feature","geometry":{"type":"Point","coordinates":[139.5365623256,35.5359119021]},"properties":{"名称":"市立緑が丘中学校","種類":"学校","高さ":"8.7"}},{"type":"Feature","geometry":{"type":"Point","coordinates":[139.5424188516,35.5718632141]},"properties":{"名称":"市立あざみ野第一小学校","種類":"学校","高さ":"14.7"}},{"type":"Feature","geometry":{"type":"Point","coordinates":[139.5419480103,35.5638020738]},"properties":{"名称":"市立あざみ野第二小学校","種類":"学校","高さ":"11.5"}},{"type":"Feature","geometry":{"type":"Point","coordinates":[139.5186216828,35.5323090136]},"properties":{"名称":"市立さつきが丘小学校","種類":"学校","高さ":"11.7"}},{"type":"Feature","geometry":{"type":"Point","coordinates":[139.5305386911,35.5792811964]},"properties":{"名称":"市立すすき野小学校","種類":"学校","高さ":"14.7"}},{"type":"Feature","geometry":{"type":"Point","coordinates":[139.5202050038,35.5359756738]},"properties":{"名称":"市立つつじが丘小学校","種類":"学校","高さ":"15.2"}},{"type":"Feature","geometry":{"type":"Point","coordinates":[139.5171774262,35.5564200959]},"properties":{"名称":"市立みたけ台小学校","種類":"学校","高さ":"4.6"}},{"type":"Feature","geometry":{"type":"Point","coordinates":[139.5233345855,35.548266144]},"properties":{"名称":"市立もえぎ野小学校","種類":"学校","高さ":"11.6"}},{"type":"Feature","geometry":{"type":"Point","coordinates":[139.5350664709,35.5751700852]},"properties":{"名称":"市立荏子田小学校","種類":"学校","高さ":"11.6"}},{"type":"Feature","geometry":{"type":"Point","coordinates":[139.5493344888,35.5475100121]},"properties":{"名称":"市立荏田西小学校","種類":"学校","高さ":"14.6"}},{"type":"Feature","geometry":{"type":"Point","coordinates":[139.5098995337,35.5419201049]},"properties":{"名称":"市立榎が丘小学校","種類":"学校","高さ":"14.4"}},{"type":"Feature","geometry":{"type":"Point","coordinates":[139.509649626,35.557086756]},"properties":{"名称":"市立鴨志田第一小学校","種類":"学校","高さ":"15.1"}},{"type":"Feature","geometry":{"type":"Point","coordinates":[139.5052885558,35.5638645272]},"properties":{"名称":"市立鴨志田緑小学校","種類":"学校","高さ":"11.3"}},{"type":"Feature","geometry":{"type":"Point","coordinates":[139.5052328638,35.5483645361]},"properties":{"名称":"市立桂小学校","種類":"学校","高さ":"15"}},{"type":"Feature","geometry":{"type":"Point","coordinates":[139.5568719627,35.568975653]},"properties":{"名称":"市立山内小学校","種類":"学校","高さ":"7.8"}},{"type":"Feature","geometry":{"type":"Point","coordinates":[139.5621776246,35.5766700924]},"properties":{"名称":"市立新石川小学校","種類":"学校","高さ":"11.2"}},{"type":"Feature","geometry":{"type":"Point","coordinates":[139.5097606851,35.551142316]},"properties":{"名称":"市立青葉台小学校","種類":"学校","高さ":"14.6"}},{"type":"Feature","geometry":{"type":"Point","coordinates":[139.5352050769,35.5431978926]},"properties":{"名称":"市立谷本小学校","種類":"学校","高さ":"15.3"}},{"type":"Feature","geometry":{"type":"Point","coordinates":[139.5201218681,35.562503426]},"properties":{"名称":"市立鉄小学校","種類":"学校","高さ":"15.6"}},{"type":"Feature","geometry":{"type":"Point","coordinates":[139.5002328022,35.5393089862]},"properties":{"名称":"市立田奈小学校","種類":"学校","高さ":"14.7"}},{"type":"Feature","geometry":{"type":"Point","coordinates":[139.526232505,35.5391659536]},"properties":{"名称":"市立藤が丘小学校","種類":"学校","高さ":"15.1"}},{"type":"Feature","geometry":{"type":"Point","coordinates":[139.5605109549,35.5823923137]},"properties":{"名称":"市立美しが丘東小学校","種類":"学校","高さ":"15"}},{"type":"Feature","geometry":{"type":"Point","coordinates":[139.5294830708,35.5758923061]},"properties":{"名称":"市立嶮山小学校","種類":"学校","高さ":"11.5"}},{"type":"Feature","geometry":{"type":"Point","coordinates":[139.5467541786,35.5458733019]},"properties":{"名称":"市立市ケ尾中学校","種類":"学校","高さ":"7.7"}},{"type":"Feature","geometry":{"type":"Point","coordinates":[139.5470386722,35.5717812035]},"properties":{"名称":"市立あざみ野中学校","種類":"学校","高さ":"11.5"}},{"type":"Feature","geometry":{"type":"Point","coordinates":[139.5308441808,35.5779200858]},"properties":{"名称":"市立すすき野中学校","種類":"学校","高さ":"14.8"}},{"type":"Feature","geometry":{"type":"Point","coordinates":[139.5214551366,35.5570867657]},"properties":{"名称":"市立みたけ台中学校","種類":"学校","高さ":"11.3"}},{"type":"Feature","geometry":{"type":"Point","coordinates":[139.5238995754,35.5460867744]},"properties":{"名称":"市立もえぎ野中学校","種類":"学校","高さ":"11.5"}},{"type":"Feature","geometry":{"type":"Point","coordinates":[139.5047329666,35.5661700879]},"properties":{"名称":"市立鴨志田中学校","種類":"学校","高さ":"7.8"}},{"type":"Feature","geometry":{"type":"Point","coordinates":[139.5152050747,35.5475589953]},"properties":{"名称":"市立青葉台中学校","種類":"学校","高さ":"14.9"}},{"type":"Feature","geometry":{"type":"Point","coordinates":[139.5225708346,35.5371448741]},"properties":{"名称":"市立谷本中学校","種類":"学校","高さ":"15.1"}},{"type":"Feature","geometry":{"type":"Point","coordinates":[139.5404552923,35.5777811953]},"properties":{"名称":"県立元石川高等学校","種類":"学校","高さ":"11.4"}},{"type":"Feature","geometry":{"type":"Point","coordinates":[139.5466495879,35.5431701222]},"properties":{"名称":"市立東市ケ尾小学校","種類":"学校","高さ":"15"}},{"type":"Feature","geometry":{"type":"Point","coordinates":[139.5401079592,35.5560566335]},"properties":{"名称":"市立市ケ尾小学校","種類":"学校","高さ":"12.4"}},{"type":"Feature","geometry":{"type":"Point","coordinates":[139.530455148,35.5567256546]},"properties":{"名称":"県立市ケ尾高等学校","種類":"学校","高さ":"18.6"}},{"type":"Feature","geometry":{"type":"Point","coordinates":[139.5182900178,35.5665723768]},"properties":{"名称":"桐蔭横浜大学","種類":"学校","高さ":"12.5"}},{"type":"Feature","geometry":{"type":"Point","coordinates":[139.5519739038,35.5767598134]},"properties":{"名称":"市立山内中学校","種類":"学校","高さ":"14.6"}},{"type":"Feature","geometry":{"type":"Point","coordinates":[139.5484103335,35.583227885]},"properties":{"名称":"市立元石川小学校","種類":"学校","高さ":"15.1"}},{"type":"Feature","geometry":{"type":"Point","coordinates":[139.5236369992,35.5693906062]},"properties":{"名称":"私立桐蔭学園小学部","種類":"学校","高さ":"12.5"}},{"type":"Feature","geometry":{"type":"Point","coordinates":[139.5216839085,35.5667471264]},"properties":{"名称":"私立桐蔭学園高等学校","種類":"学校","高さ":"41"}},{"type":"Feature","geometry":{"type":"Point","coordinates":[139.5608949741,35.5741576824]},"properties":{"名称":"國學院大學横浜たまプラーザキャンパス","種類":"学校","高さ":"20"}},{"type":"Feature","geometry":{"type":"Point","coordinates":[139.5329643304,35.5681240954]},"properties":{"名称":"市立黒須田小学校","種類":"学校","高さ":"11.4"}},{"type":"Feature","geometry":{"type":"Point","coordinates":[139.5470869705,35.5609432731]},"properties":{"名称":"私立慶應義塾横浜初等部","種類":"学校","高さ":"10.1"}},{"type":"Feature","geometry":{"type":"Point","coordinates":[139.5136607857,35.553924856]},"properties":{"名称":"たちばな台病院","種類":"病院","高さ":"14.1"}},{"type":"Feature","geometry":{"type":"Point","coordinates":[139.5267230296,35.570136956]},"properties":{"名称":"横浜総合病院","種類":"病院","高さ":"14.4"}},{"type":"Feature","geometry":{"type":"Point","coordinates":[139.5586676119,35.5601699422]},"properties":{"名称":"横浜新都市脳神経外科病院","種類":"病院","高さ":"19.6"}},{"type":"Feature","geometry":{"type":"Point","coordinates":[139.5295072759,35.5447179238]},"properties":{"名称":"昭和大学藤が丘病院","種類":"病院","高さ":"42.3"}},{"type":"Feature","geometry":{"type":"Point","coordinates":[139.5473418597,35.5531950321]},"properties":{"名称":"青葉郵便局","種類":"郵便局","高さ":"18.5"}},{"type":"Feature","geometry":{"type":"Point","coordinates":[139.5043904457,35.5627444873]},"properties":{"名称":"横浜鴨志田郵便局","種類":"郵便局","高さ":"7.8"}},{"type":"Feature","geometry":{"type":"Point","coordinates":[139.5171376029,35.5355379344]},"properties":{"名称":"横浜しらとり台郵便局","種類":"郵便局","高さ":"7.2"}},{"type":"Feature","geometry":{"type":"Point","coordinates":[139.5254994452,35.5403882134]},"properties":{"名称":"横浜藤が丘郵便局","種類":"郵便局","高さ":"7.4"}},{"type":"Feature","geometry":{"type":"Point","coordinates":[139.5145860336,35.5423023946]},"properties":{"名称":"青葉台駅前郵便局","種類":"郵便局","高さ":"7.1"}},{"type":"Feature","geometry":{"type":"Point","coordinates":[139.517289355,35.5446759851]},"properties":{"名称":"青葉台郵便局","種類":"郵便局","高さ":"12.5"}},{"type":"Feature","geometry":{"type":"Point","coordinates":[139.512531754,35.5458764655]},"properties":{"名称":"横浜青葉台二郵便局","種類":"郵便局","高さ":"7.6"}},{"type":"Feature","geometry":{"type":"Point","coordinates":[139.5253270062,35.5503465745]},"properties":{"名称":"横浜柿の木台郵便局","種類":"郵便局","高さ":"7"}},{"type":"Feature","geometry":{"type":"Point","coordinates":[139.5432327388,35.5516187726]},"properties":{"名称":"市ヶ尾駅前郵便局","種類":"郵便局","高さ":"6.8"}},{"type":"Feature","geometry":{"type":"Point","coordinates":[139.5138231949,35.5518579655]},"properties":{"名称":"横浜桜台郵便局","種類":"郵便局","高さ":"7.3"}},{"type":"Feature","geometry":{"type":"Point","coordinates":[139.537411259,35.5559585834]},"properties":{"名称":"横浜市ヶ尾郵便局","種類":"郵便局","高さ":"11.9"}},{"type":"Feature","geometry":{"type":"Point","coordinates":[139.5601825219,35.5604318318]},"properties":{"名称":"横浜山内郵便局","種類":"郵便局","高さ":"9.4"}},{"type":"Feature","geometry":{"type":"Point","coordinates":[139.550289911,35.5620823533]},"properties":{"名称":"江田駅北口郵便局","種類":"郵便局","高さ":"9.7"}},{"type":"Feature","geometry":{"type":"Point","coordinates":[139.5494072515,35.5682110231]},"properties":{"名称":"横浜あざみ野郵便局","種類":"郵便局","高さ":"7.3"}},{"type":"Feature","geometry":{"type":"Point","coordinates":[139.5347857304,35.5690054551]},"properties":{"名称":"横浜大場郵便局","種類":"郵便局","高さ":"4.4"}},{"type":"Feature","geometry":{"type":"Point","coordinates":[139.5260648707,35.5770693761]},"properties":{"名称":"横浜すすき野郵便局","種類":"郵便局","高さ":"4.9"}},{"type":"Feature","geometry":{"type":"Point","coordinates":[139.5530679242,35.5792690641]},"properties":{"名称":"横浜美しが丘四郵便局","種類":"郵便局","高さ":"8.7"}},{"type":"Feature","geometry":{"type":"Point","coordinates":[139.5583511345,35.5810024035]},"properties":{"名称":"横浜美しが丘郵便局","種類":"郵便局","高さ":"10.8"}},{"type":"Feature","geometry":{"type":"Point","coordinates":[139.5735942276,35.5196462272]},"properties":{"名称":"関東運輸局神奈川運輸支局","種類":"国の機関","高さ":"8"}},{"type":"Feature","geometry":{"type":"Point","coordinates":[139.5707713409,35.5448462593]},"properties":{"名称":"横浜市都筑区役所","種類":"地方の機関","高さ":"10.1"}},{"type":"Feature","geometry":{"type":"Point","coordinates":[139.5703241513,35.5459414295]},"properties":{"名称":"都筑警察署","種類":"警察署","高さ":"18.8"}},{"type":"Feature","geometry":{"type":"Point","coordinates":[139.5778698134,35.5542199496]},"properties":{"名称":"都筑警察署センター北駅前交番","種類":"警察署","高さ":"6.5"}},{"type":"Feature","geometry":{"type":"Point","coordinates":[139.5618156504,35.5480542303]},"properties":{"名称":"都筑警察署荏田東交番","種類":"警察署","高さ":"3.8"}},{"type":"Feature","geometry":{"type":"Point","coordinates":[139.5920820604,35.5243848058]},"properties":{"名称":"都筑警察署折本交番","種類":"警察署","高さ":"6"}},{"type":"Feature","geometry":{"type":"Point","coordinates":[139.5514101857,35.5249663699]},"properties":{"名称":"都筑警察署川和交番","種類":"警察署","高さ":"3.4"}},{"type":"Feature","geometry":{"type":"Point","coordinates":[139.5661117369,35.5200362379]},"properties":{"名称":"都筑警察署池辺町交番","種類":"警察署","高さ":"3.8"}},{"type":"Feature","geometry":{"type":"Point","coordinates":[139.5704884537,35.562893851]},"properties":{"名称":"都筑警察署中川駅前交番","種類":"警察署","高さ":"7.1"}},{"type":"Feature","geometry":{"type":"Point","coordinates":[139.5883606211,35.5348701969]},"properties":{"名称":"都筑警察署仲町台駅前交番","種類":"警察署","高さ":"5.5"}},{"type":"Feature","geometry":{"type":"Point","coordinates":[139.5928860859,35.5612137388]},"properties":{"名称":"都筑警察署北山田駅前交番","種類":"警察署","高さ":"7.2"}},{"type":"Feature","geometry":{"type":"Point","coordinates":[139.5589980951,35.5138049382]},"properties":{"名称":"横浜市消防局都筑消防署佐江戸消防出張所","種類":"消防署","高さ":"8"}},{"type":"Feature","geometry":{"type":"Point","coordinates":[139.5498151257,35.5267205905]},"properties":{"名称":"横浜市消防局都筑消防署川和消防出張所","種類":"消防署","高さ":"5.6"}},{"type":"Feature","geometry":{"type":"Point","coordinates":[139.5878087115,35.5345502371]},"properties":{"名称":"横浜市消防局都筑消防署仲町台消防出張所","種類":"消防署","高さ":"17.3"}},{"type":"Feature","geometry":{"type":"Point","coordinates":[139.5909084856,35.5615268686]},"properties":{"名称":"横浜市消防局都筑消防署北山田消防出張所","種類":"消防署","高さ":"16.3"}},{"type":"Feature","geometry":{"type":"Point","coordinates":[139.5800386852,35.5661978803]},"properties":{"名称":"市立すみれが丘小学校","種類":"学校","高さ":"15.3"}},{"type":"Feature","geometry":{"type":"Point","coordinates":[139.5564539191,35.5445898208]},"properties":{"名称":"市立荏田南小学校","種類":"学校","高さ":"11.4"}},{"type":"Feature","geometry":{"type":"Point","coordinates":[139.547510606,35.5299756907]},"properties":{"名称":"市立川和小学校","種類":"学校","高さ":"14.9"}},{"type":"Feature","geometry":{"type":"Point","coordinates":[139.569205233,35.5600590106]},"properties":{"名称":"市立中川西小学校","種類":"学校","高さ":"15.3"}},{"type":"Feature","geometry":{"type":"Point","coordinates":[139.5716216979,35.522447918]},"properties":{"名称":"市立都田小学校","種類":"学校","高さ":"14.5"}},{"type":"Feature","geometry":{"type":"Point","coordinates":[139.5636772766,35.5214756985]},"properties":{"名称":"市立都田西小学校","種類":"学校","高さ":"4.8"}},{"type":"Feature","geometry":{"type":"Point","coordinates":[139.5568163089,35.5436423507]},"properties":{"名称":"市立荏田南中学校","種類":"学校","高さ":"11.4"}},{"type":"Feature","geometry":{"type":"Point","coordinates":[139.5571495275,35.5310034702]},"properties":{"名称":"市立川和中学校","種類":"学校","高さ":"11"}},{"type":"Feature","geometry":{"type":"Point","coordinates":[139.5932608347,35.5511978975]},"properties":{"名称":"市立中川中学校","種類":"学校","高さ":"11"}},{"type":"Feature","geometry":{"type":"Point","coordinates":[139.5702049977,35.5231423684]},"properties":{"名称":"市立都田中学校","種類":"学校","高さ":"14.7"}},{"type":"Feature","geometry":{"type":"Point","coordinates":[139.5653997426,35.5621145511]},"properties":{"名称":"市立中川西中学校","種類":"学校","高さ":"11.5"}},{"type":"Feature","geometry":{"type":"Point","coordinates":[139.5958718526,35.5370590266]},"properties":{"名称":"県立新栄高等学校","種類":"学校","高さ":"15"}},{"type":"Feature","geometry":{"type":"Point","coordinates":[139.5526217678,35.5372812408]},"properties":{"名称":"県立川和高等学校","種類":"学校","高さ":"11.6"}},{"type":"Feature","geometry":{"type":"Point","coordinates":[139.5891219546,35.5575312282]},"properties":{"名称":"市立南山田小学校","種類":"学校","高さ":"14.3"}},{"type":"Feature","geometry":{"type":"Point","coordinates":[139.574733023,35.5563923398]},"properties":{"名称":"市立都筑小学校","種類":"学校","高さ":"12.2"}},{"type":"Feature","geometry":{"type":"Point","coordinates":[139.5943719652,35.5573090079]},"properties":{"名称":"私立サレジオ学院高等学校","種類":"学校","高さ":"16.5"}},{"type":"Feature","geometry":{"type":"Point","coordinates":[139.5858719952,35.5648645592]},"properties":{"名称":"市立北山田小学校","種類":"学校","高さ":"11.6"}},{"type":"Feature","geometry":{"type":"Point","coordinates":[139.5700106895,35.537309029]},"properties":{"名称":"市立茅ヶ崎台小学校","種類":"学校","高さ":"11.3"}},{"type":"Feature","geometry":{"type":"Point","coordinates":[139.5946830913,35.5284157858]},"properties":{"名称":"市立折本小学校","種類":"学校","高さ":"15"}},{"type":"Feature","geometry":{"type":"Point","coordinates":[139.5953006932,35.5435046166]},"properties":{"名称":"市立勝田小学校","種類":"学校","高さ":"14"}},{"type":"Feature","geometry":{"type":"Point","coordinates":[139.5655300403,35.5458322397]},"properties":{"名称":"市立つづきの丘小学校","種類":"学校","高さ":"11.8"}},{"type":"Feature","geometry":{"type":"Point","coordinates":[139.5550538398,35.5494500913]},"properties":{"名称":"県立荏田高等学校","種類":"学校","高さ":"11.3"}},{"type":"Feature","geometry":{"type":"Point","coordinates":[139.5874743836,35.5504525184]},"properties":{"名称":"市立中川小学校","種類":"学校","高さ":"15.5"}},{"type":"Feature","geometry":{"type":"Point","coordinates":[139.5580526871,35.5315824797]},"properties":{"名称":"市立川和東小学校","種類":"学校","高さ":"11.4"}},{"type":"Feature","geometry":{"type":"Point","coordinates":[139.5817450418,35.5406059086]},"properties":{"名称":"市立茅ケ崎中学校","種類":"学校","高さ":"7.7"}},{"type":"Feature","geometry":{"type":"Point","coordinates":[139.5807154513,35.5424260485]},"properties":{"名称":"市立茅ケ崎東小学校","種類":"学校","高さ":"11.6"}},{"type":"Feature","geometry":{"type":"Point","coordinates":[139.5627885405,35.5467534606]},"properties":{"名称":"市立荏田東第一小学校","種類":"学校","高さ":"6.3"}},{"type":"Feature","geometry":{"type":"Point","coordinates":[139.563955212,35.5573367811]},"properties":{"名称":"市立荏田小学校","種類":"学校","高さ":"14.8"}},{"type":"Feature","geometry":{"type":"Point","coordinates":[139.6031776065,35.5600867774]},"properties":{"名称":"市立山田小学校","種類":"学校","高さ":"14.4"}},{"type":"Feature","geometry":{"type":"Point","coordinates":[139.6011829066,35.561880588]},"properties":{"名称":"市立東山田中学校","種類":"学校","高さ":"14.7"}},{"type":"Feature","geometry":{"type":"Point","coordinates":[139.5807228417,35.5405660282]},"properties":{"名称":"市立茅ケ崎小学校","種類":"学校","高さ":"11.4"}},{"type":"Feature","geometry":{"type":"Point","coordinates":[139.5820326541,35.5594322295]},"properties":{"名称":"市立牛久保小学校","種類":"学校","高さ":"15.1"}},{"type":"Feature","geometry":{"type":"Point","coordinates":[139.5743203942,35.5619917406]},"properties":{"名称":"東京都市大学横浜キャンパス","種類":"学校","高さ":"8.2"}},{"type":"Feature","geometry":{"type":"Point","coordinates":[139.596506707,35.5643028685]},"properties":{"名称":"市立東山田小学校","種類":"学校","高さ":"11.4"}},{"type":"Feature","geometry":{"type":"Point","coordinates":[139.5913940122,35.5347226467]},"properties":{"名称":"私立日々輝学園高等学校横浜校","種類":"学校","高さ":"10.6"}},{"type":"Feature","geometry":{"type":"Point","coordinates":[139.5974602635,35.5448097172]},"properties":{"名称":"市立早渕中学校","種類":"学校","高さ":"11.2"}},{"type":"Feature","geometry":{"type":"Point","coordinates":[139.5699521513,35.5466929094]},"properties":{"名称":"昭和大学横浜市北部病院","種類":"病院","高さ":"52"}},{"type":"Feature","geometry":{"type":"Point","coordinates":[139.5722427874,35.5195016371]},"properties":{"名称":"横浜池辺郵便局","種類":"郵便局","高さ":"10.5"}},{"type":"Feature","geometry":{"type":"Point","coordinates":[139.5512689759,35.5246753898]},"properties":{"名称":"横浜川和町郵便局","種類":"郵便局","高さ":"7.5"}},{"type":"Feature","geometry":{"type":"Point","coordinates":[139.5781435005,35.5355273182]},"properties":{"名称":"横浜桜並木郵便局","種類":"郵便局","高さ":"7.2"}},{"type":"Feature","geometry":{"type":"Point","coordinates":[139.589894632,35.5369380468]},"properties":{"名称":"仲町台駅前郵便局","種類":"郵便局","高さ":"4.9"}},{"type":"Feature","geometry":{"type":"Point","coordinates":[139.5911461727,35.5421787276]},"properties":{"名称":"横浜勝田郵便局","種類":"郵便局","高さ":"11.5"}},{"type":"Feature","geometry":{"type":"Point","coordinates":[139.5715679507,35.5456154197]},"properties":{"名称":"都筑郵便局","種類":"郵便局","高さ":"20.7"}},{"type":"Feature","geometry":{"type":"Point","coordinates":[139.5616426505,35.5480330306]},"properties":{"名称":"横浜荏田東郵便局","種類":"郵便局","高さ":"5.7"}},{"type":"Feature","geometry":{"type":"Point","coordinates":[139.5933008237,35.5496173479]},"properties":{"名称":"横浜大棚郵便局","種類":"郵便局","高さ":"7.7"}},{"type":"Feature","geometry":{"type":"Point","coordinates":[139.5778594126,35.5534460299]},"properties":{"名称":"横浜センター北駅前郵便局","種類":"郵便局","高さ":"31.4"}},{"type":"Feature","geometry":{"type":"Point","coordinates":[139.5703782534,35.5629115209]},"properties":{"名称":"中川駅前郵便局","種類":"郵便局","高さ":"7.4"}},{"type":"Feature","geometry":{"type":"Point","coordinates":[139.5810570847,35.5655860201]},"properties":{"名称":"横浜すみれが丘郵便局","種類":"郵便局","高さ":"6.3"}},{"type":"Feature","geometry":{"type":"Point","coordinates":[139.6096731865,35.5546278466]},"properties":{"名称":"横浜東山田郵便局","種類":"郵便局","高さ":"6.6"}},{"type":"Feature","geometry":{"type":"Point","coordinates":[139.5913725751,35.5596583083]},"properties":{"名称":"横浜北山田郵便局","種類":"郵便局","高さ":"19.6"}},{"type":"Feature","geometry":{"type":"Point","coordinates":[139.5605958586,35.5370887896]},"properties":{"名称":"都筑ふれあいの丘郵便局","種類":"郵便局","高さ":"9.3"}},{"type":"Feature","geometry":{"type":"Point","coordinates":[139.5893943689,35.5195010958]},"properties":{"名称":"西濃運輸（横浜支店）","種類":"指定公共機関","高さ":"9.6"}}],"name":"14100_yokohama-shi_city_2023_tsurumi-ku_landmark","type":"FeatureCollection"}