{"features":[{"type":"Feature","geometry":{"type":"LineString","coordinates":[[139.676031335,35.456291613],[139.675870195,35.455984838],[139.67581192,35.455874054],[139.675795498,35.455865027],[139.675773022,35.455862386],[139.675740195,35.45586864],[139.675714501,35.455885387],[139.675704305,35.455912586],[139.675760169,35.456023532],[139.675822114,35.456004135],[139.675869975,35.45609236],[139.675941439,35.456223892],[139.675933166,35.456236414],[139.675954228,35.456285026],[139.675975137,35.456294054],[139.675981285,35.456309107],[139.676031335,35.456291613]]},"properties":{"city_code":"14101","city_name":"鶴見区","prefecture_code":"14","prefecture_name":"神奈川県"}},{"type":"Feature","geometry":{"type":"LineString","coordinates":[[139.677032088,35.458135027],[139.676764449,35.457625919],[139.676713087,35.457643171],[139.676983022,35.458148027],[139.677032088,35.458135027]]},"properties":{"city_code":"14101","city_name":"鶴見区","prefecture_code":"14","prefecture_name":"神奈川県"}},{"type":"Feature","geometry":{"type":"LineString","coordinates":[[139.694749364,35.465281333],[139.694825384,35.464324224],[139.69486786,35.463766919],[139.694364773,35.463524505],[139.692707393,35.462727081],[139.692257911,35.462509333],[139.691844112,35.462309919],[139.691715642,35.46224792],[139.69166869,35.462225109],[139.691666666,35.462224108],[139.691017589,35.461908613],[139.690165551,35.461501252],[139.689407977,35.461136],[139.688365279,35.460632775],[139.687210751,35.460071892],[139.687566083,35.459578334],[139.687915747,35.459093973],[139.688056252,35.458899442],[139.687970026,35.458624505],[139.687904889,35.458637333],[139.687983995,35.45888936],[139.687836109,35.459093891],[139.68751061,35.459544108],[139.68715275,35.460045945],[139.686243385,35.459609198],[139.685169468,35.45909064],[139.684692865,35.458860468],[139.684858106,35.458626748],[139.685501635,35.45833364],[139.685502335,35.458333333],[139.688426977,35.457001171],[139.688942245,35.457244198],[139.690816084,35.458151414],[139.691193385,35.458333334],[139.691194034,35.45833364],[139.691419196,35.458442198],[139.691666667,35.458561441],[139.691668664,35.458562414],[139.692783645,35.459099748],[139.6947362,35.460040839],[139.694736615,35.460041081],[139.697894642,35.461566054],[139.698060636,35.461646387],[139.698452477,35.461101667],[139.69807367,35.460916973],[139.699374838,35.459107252],[139.699930999,35.45833364],[139.699931219,35.458333333],[139.7,35.458237667],[139.700001997,35.458234892],[139.700468248,35.457586333],[139.700474449,35.457577694],[139.701131673,35.456668532],[139.701567497,35.456065612],[139.701619274,35.455993838],[139.70195205,35.455528532],[139.701962503,35.455533587],[139.702174384,35.455240668],[139.702165253,35.45523617],[139.702247859,35.455120694],[139.703361634,35.455477333],[139.704490506,35.455849],[139.70449703,35.455833775],[139.706973581,35.456633864],[139.706957886,35.456667028],[139.706957199,35.456679559],[139.706969416,35.456690387],[139.707110583,35.456733892],[139.7071293,35.456738414],[139.707143748,35.456736],[139.70715642,35.456727441],[139.707171673,35.456710252],[139.707183061,35.456678802],[139.707179339,35.456657613],[139.707162944,35.456643532],[139.706992166,35.456590532],[139.703398392,35.455426694],[139.702278886,35.455067081],[139.701134865,35.454700135],[139.700485551,35.454491748],[139.700001971,35.454015414],[139.7,35.454013468],[139.698931439,35.452960892],[139.697929248,35.451976505],[139.697910532,35.451958197],[139.696961529,35.451026694],[139.696958445,35.451017054],[139.696952413,35.451001721],[139.696945616,35.450987919],[139.696938146,35.450974839],[139.696931777,35.450965198],[139.696917367,35.450946694],[139.696908664,35.450937027],[139.696894502,35.450923306],[139.696888223,35.450917802],[139.696869948,35.450903721],[139.696854773,35.450893803],[139.696842996,35.450886946],[139.696826693,35.450878532],[139.696812048,35.450872027],[139.696798755,35.450866865],[139.695915914,35.450000333],[139.695915576,35.45],[139.695659274,35.449748387],[139.695656836,35.449749505],[139.69531895,35.449425865],[139.694673943,35.448792225],[139.693731284,35.447862414],[139.69372808,35.447864667],[139.693716939,35.447872135],[139.693588664,35.447958891],[139.694436666,35.448791973],[139.694437004,35.448791973],[139.695181855,35.449524305],[139.695181971,35.449524224],[139.695488223,35.449825199],[139.695422361,35.449854865],[139.695414527,35.449852333],[139.695410896,35.449853946],[139.695406278,35.449852225],[139.6950793,35.45],[139.695078612,35.450000333],[139.694925499,35.45006956],[139.694586642,35.450224892],[139.69457406,35.450206613],[139.694513865,35.450234225],[139.69452642,35.450252505],[139.694504086,35.450262748],[139.694491582,35.45024456],[139.694431167,35.450272252],[139.69444367,35.450290441],[139.693577523,35.450687613],[139.69356419,35.450667946],[139.693504449,35.450695197],[139.69351786,35.450714946],[139.693502387,35.450722054],[139.693488885,35.450702225],[139.693430143,35.450728919],[139.693443721,35.450748946],[139.691668612,35.451562919],[139.691666667,35.451563802],[139.690877665,35.451925613],[139.684549883,35.45481564],[139.683335305,35.455368586],[139.683333333,35.455369468],[139.679096498,35.457298387],[139.677494255,35.458027722],[139.677198171,35.458160027],[139.676902139,35.458333333],[139.676901582,35.458333667],[139.67671214,35.458444586],[139.676392412,35.458625613],[139.675952802,35.458886748],[139.675864578,35.458938279],[139.675623917,35.459078586],[139.675458885,35.459174802],[139.675407834,35.459204667],[139.675145746,35.459357559],[139.675126329,35.459368802],[139.675001997,35.45944136],[139.675,35.459442532],[139.674657367,35.459642415],[139.674605941,35.45967244],[139.674309248,35.459845668],[139.673077951,35.460559838],[139.670815914,35.461891171],[139.670600857,35.462283333],[139.670152892,35.463096973],[139.670212672,35.463120225],[139.670674917,35.462283441],[139.670876472,35.461918198],[139.671317588,35.461661613],[139.672172673,35.461163307],[139.672376834,35.461044225],[139.672425642,35.461096387],[139.672411855,35.461104838],[139.672524642,35.461239107],[139.672562244,35.461218082],[139.672447588,35.461083802],[139.672438223,35.461089919],[139.672391051,35.46103592],[139.673109274,35.460616999],[139.673361194,35.461076532],[139.67330297,35.461099279],[139.67329,35.461080334],[139.67293917,35.46121264],[139.672950701,35.461233387],[139.673027108,35.461202559],[139.67303917,35.461224667],[139.672964189,35.461252865],[139.672973307,35.461272892],[139.673327133,35.461139054],[139.673317887,35.461124441],[139.673375382,35.461102414],[139.67345406,35.461245946],[139.673411388,35.461262198],[139.673400947,35.461247413],[139.673261335,35.461319775],[139.673297912,35.461366973],[139.673436329,35.461296306],[139.673422387,35.461276361],[139.673461634,35.461259748],[139.673546939,35.461415252],[139.673466226,35.461446252],[139.673459638,35.461433973],[139.673276278,35.461504585],[139.673293062,35.461536802],[139.673477419,35.461465919],[139.673472244,35.461456532],[139.673552725,35.461426027],[139.67364869,35.461601],[139.673973333,35.46220536],[139.673935473,35.462287802],[139.673473165,35.463293865],[139.673030558,35.464257694],[139.67271847,35.464941441],[139.67258572,35.465226387],[139.67181655,35.464925081],[139.671649416,35.464859919],[139.671171634,35.464673559],[139.670603217,35.464449973],[139.670575135,35.464499306],[139.671142554,35.464721198],[139.671681478,35.464931667],[139.672562633,35.465275946],[139.672562219,35.465276838],[139.673843217,35.465777171],[139.675,35.466229559],[139.675002049,35.466230333],[139.675286394,35.466341532],[139.675849884,35.466560505],[139.676122919,35.466666668],[139.676123723,35.466666973],[139.676589364,35.466848027],[139.677100246,35.467051532],[139.67738214,35.467163891],[139.678030195,35.467413803],[139.678534747,35.467576253],[139.679076641,35.467749198],[139.679168249,35.467778413],[139.679877082,35.468002892],[139.680403671,35.468172108],[139.681263839,35.468447054],[139.682176083,35.468740973],[139.682639559,35.468888748],[139.683333333,35.469109865],[139.683335422,35.469110531],[139.683447082,35.469146108],[139.68419384,35.469385],[139.685018859,35.469650667],[139.685545136,35.469818891],[139.686349585,35.470075135],[139.68689834,35.470251225],[139.687210973,35.470350865],[139.688038223,35.470616055],[139.688955837,35.470910027],[139.690195966,35.471307],[139.691353943,35.471678586],[139.691666667,35.471778559],[139.691668781,35.471779225],[139.692396978,35.472012054],[139.692572167,35.471768775],[139.693017198,35.471153641],[139.693370559,35.470661721],[139.693704306,35.470198973],[139.69385131,35.469998838],[139.693908885,35.469918838],[139.694121529,35.469622613],[139.694447524,35.469166531],[139.694558004,35.467729199],[139.694600441,35.467192919],[139.694641141,35.466666946],[139.694641167,35.466666667],[139.694701947,35.465881415],[139.694749364,35.465281333]]},"properties":{"city_code":"14101","city_name":"鶴見区","prefecture_code":"14","prefecture_name":"神奈川県"}},{"type":"Feature","geometry":{"type":"LineString","coordinates":[[139.707063645,35.472322586],[139.707103839,35.472261586],[139.70713358,35.472275225],[139.707151192,35.472271279],[139.707221362,35.472161838],[139.707215966,35.472150198],[139.707183917,35.472137],[139.707260026,35.472023252],[139.707288859,35.472036333],[139.707310804,35.472031775],[139.707405357,35.471877],[139.707326641,35.471841081],[139.707021699,35.472303505],[139.707063645,35.472322586]]},"properties":{"city_code":"14101","city_name":"鶴見区","prefecture_code":"14","prefecture_name":"神奈川県"}},{"type":"Feature","geometry":{"type":"LineString","coordinates":[[139.711078521,35.485601919],[139.711135188,35.485510667],[139.710965695,35.485433865],[139.710905033,35.48552736],[139.710567588,35.485378387],[139.710556524,35.485399838],[139.710604669,35.485424667],[139.71135131,35.485753171],[139.711399442,35.485767838],[139.71141192,35.485750972],[139.711078521,35.485601919]]},"properties":{"city_code":"14101","city_name":"鶴見区","prefecture_code":"14","prefecture_name":"神奈川県"}},{"type":"Feature","geometry":{"type":"LineString","coordinates":[[139.714608365,35.486014387],[139.714846979,35.485677721],[139.714974475,35.485497999],[139.716002777,35.483980225],[139.71609083,35.483846054],[139.716426641,35.483333559],[139.716426784,35.483333333],[139.71656917,35.483116055],[139.716666666,35.482967613],[139.716668885,35.482964225],[139.716735551,35.482862721],[139.716982776,35.482485504],[139.717600532,35.481537441],[139.717860804,35.481138279],[139.71809109,35.480784946],[139.71867275,35.479895505],[139.71868275,35.479879667],[139.718848859,35.479622721],[139.719653865,35.478374666],[139.720080778,35.477731054],[139.720094669,35.477709946],[139.721141893,35.476131893],[139.721892724,35.475000225],[139.721892867,35.475],[139.722605188,35.473926333],[139.723419637,35.472701333],[139.724334618,35.471329946],[139.724828782,35.470561891],[139.725,35.470299306],[139.725002114,35.470296054],[139.725105447,35.470137721],[139.725132113,35.470097171],[139.725228495,35.469949667],[139.725327665,35.469797441],[139.72532834,35.469796432],[139.725002114,35.469653171],[139.725,35.469652225],[139.723149105,35.468839171],[139.719921751,35.467421252],[139.718203606,35.466666919],[139.718203022,35.466666668],[139.716668755,35.465993055],[139.716666666,35.465992135],[139.712707393,35.464253865],[139.712451284,35.464647001],[139.712434553,35.464640587],[139.711106395,35.466666667],[139.711106226,35.466666946],[139.71034489,35.467828333],[139.708961479,35.469942614],[139.708335447,35.470895973],[139.708333333,35.470899198],[139.707649883,35.47194],[139.707604034,35.471958613],[139.707553114,35.472037892],[139.707557445,35.472078172],[139.707191115,35.472636668],[139.705945577,35.474535333],[139.70581594,35.474567722],[139.705439806,35.474661586],[139.704938587,35.474786747],[139.704084475,35.475000001],[139.704083411,35.475000279],[139.703657276,35.475106667],[139.703634254,35.475095198],[139.703602139,35.475129054],[139.703557419,35.475176135],[139.703576886,35.475188586],[139.703418716,35.475355001],[139.703400999,35.475343721],[139.702926809,35.475843135],[139.702696109,35.476086081],[139.702715058,35.476097027],[139.701097224,35.47780692],[139.70026633,35.478685054],[139.701094501,35.479483776],[139.702187005,35.480537252],[139.702414501,35.480636027],[139.702391167,35.480698],[139.702460195,35.480728278],[139.702880661,35.480901081],[139.702864255,35.480912333],[139.70307655,35.481007667],[139.703029921,35.481087748],[139.703171997,35.481146054],[139.703218612,35.481076134],[139.704008664,35.481416198],[139.703953865,35.481500774],[139.703900168,35.481514333],[139.703628496,35.481394252],[139.70359834,35.481440532],[139.704275383,35.481735667],[139.704305551,35.481691694],[139.704031115,35.481568198],[139.704018639,35.481520946],[139.704069442,35.481446441],[139.704779001,35.481755226],[139.70473834,35.481814865],[139.704796355,35.481841333],[139.704837691,35.481780694],[139.705032387,35.481865468],[139.705003113,35.481915802],[139.705016551,35.481920973],[139.705045499,35.481871172],[139.705568949,35.482098866],[139.705532581,35.482155973],[139.705557133,35.482166361],[139.705593281,35.482109441],[139.705615967,35.482119279],[139.705579948,35.482176027],[139.705591947,35.482181199],[139.705627977,35.482124532],[139.705642723,35.482130946],[139.705602944,35.482193],[139.705725746,35.482244613],[139.705769585,35.482185973],[139.706763865,35.482614559],[139.706758366,35.482622468],[139.706788755,35.482635946],[139.706795576,35.482628027],[139.70815847,35.483213639],[139.708333333,35.483289838],[139.708335551,35.483290802],[139.708433165,35.483333333],[139.708433722,35.483333586],[139.710158366,35.484085198],[139.71017214,35.48408636],[139.710524773,35.484248892],[139.710519248,35.484256802],[139.710435136,35.484272505],[139.710404864,35.484260135],[139.710360661,35.484328865],[139.710598885,35.484433838],[139.710626394,35.48439492],[139.710645837,35.48436736],[139.710614228,35.484351559],[139.710583917,35.484286171],[139.710592192,35.484277171],[139.71103978,35.484475306],[139.71134703,35.48461136],[139.711341505,35.48462264],[139.711276693,35.484640586],[139.711235383,35.484624775],[139.711189857,35.484692414],[139.711429533,35.484795171],[139.711445447,35.484770387],[139.711473722,35.484726414],[139.711435058,35.48470836],[139.711415863,35.484654252],[139.711435188,35.484624973],[139.712017808,35.48488464],[139.711952944,35.484992802],[139.712010779,35.485015415],[139.712024577,35.484996224],[139.712035616,35.48499064],[139.712071505,35.484941027],[139.712140441,35.484971559],[139.712204968,35.485144054],[139.712509391,35.485279468],[139.712487302,35.485319028],[139.712558884,35.485351695],[139.712580973,35.485313333],[139.714145721,35.485995441],[139.714355331,35.485941387],[139.714509195,35.486010586],[139.714555227,35.486030641],[139.714570973,35.486038054],[139.714588431,35.486045414],[139.714602802,35.486022441],[139.714608365,35.486014387]]},"properties":{"city_code":"14101","city_name":"鶴見区","prefecture_code":"14","prefecture_name":"神奈川県"}},{"type":"Feature","geometry":{"type":"LineString","coordinates":[[139.677516498,35.539735532],[139.677590389,35.539703865],[139.677926226,35.539721919],[139.678002335,35.539681641],[139.678171778,35.539640251],[139.678222335,35.539628027],[139.678387613,35.539587748],[139.678624838,35.539592198],[139.679157614,35.539636919],[139.679159831,35.539753307],[139.679233722,35.539773865],[139.679280389,35.53978664],[139.679321777,35.539798027],[139.679531504,35.539856081],[139.679840661,35.53988664],[139.679849559,35.539887468],[139.679893165,35.539880531],[139.679992892,35.539864973],[139.680077885,35.539699413],[139.68029594,35.539658027],[139.680505668,35.539618306],[139.680525383,35.539614414],[139.680793996,35.53959664],[139.681026783,35.539829415],[139.68128205,35.539860532],[139.681508717,35.539869694],[139.681548444,35.539977748],[139.681560117,35.540009135],[139.681589274,35.540088865],[139.681754279,35.540092748],[139.681992335,35.540098027],[139.682681803,35.540138027],[139.683219027,35.540147198],[139.683273476,35.540042747],[139.683298754,35.539994694],[139.683321802,35.539950252],[139.683333333,35.539949559],[139.683335965,35.539949414],[139.683550144,35.539936919],[139.68390847,35.539936919],[139.684345695,35.539923306],[139.684635135,35.539955252],[139.684680973,35.539960252],[139.684727639,35.539965532],[139.684914306,35.53998608],[139.68491428,35.539270251],[139.684906498,35.538935802],[139.684910117,35.538866919],[139.684912049,35.538831081],[139.684923995,35.538602198],[139.68493428,35.538408586],[139.684946783,35.538170802],[139.684982607,35.537504414],[139.68501428,35.537018864],[139.685009001,35.536809415],[139.68500066,35.536482468],[139.684978443,35.536357198],[139.684911219,35.536249695],[139.684884838,35.536217198],[139.68485594,35.536182199],[139.684740947,35.53604136],[139.684543722,35.535858027],[139.68445428,35.535768585],[139.684418444,35.535696919],[139.684400363,35.535576081],[139.684408975,35.53551664],[139.684445357,35.535263027],[139.684458418,35.53517164],[139.684493412,35.535134694],[139.684534526,35.535091081],[139.685018145,35.534929974],[139.6850162,35.534849693],[139.685014527,35.534787468],[139.685008975,35.534558865],[139.684718144,35.534294973],[139.684619533,35.534169693],[139.684538974,35.53407136],[139.684270079,35.533760252],[139.684214358,35.533333586],[139.684214332,35.533333333],[139.684188145,35.533133306],[139.684176744,35.533047198],[139.684162023,35.532934973],[139.684085914,35.532894694],[139.683933696,35.532860803],[139.683803968,35.532832198],[139.683805914,35.532781639],[139.683810922,35.532658306],[139.683817859,35.532478027],[139.6838262,35.532268586],[139.684027834,35.531870252],[139.684127004,35.531652748],[139.683864502,35.531517198],[139.683633385,35.531397749],[139.683661998,35.531204135],[139.683700609,35.53094164],[139.683848392,35.530552469],[139.683851166,35.530491081],[139.683854228,35.530417748],[139.683857277,35.530346639],[139.683974773,35.530151919],[139.684136719,35.530178586],[139.684402283,35.530221919],[139.684520894,35.53024136],[139.684647834,35.530278586],[139.684825615,35.530330802],[139.684892555,35.530125252],[139.685087003,35.529924414],[139.685293112,35.52971136],[139.685395616,35.529605801],[139.685573113,35.529422467],[139.68568061,35.529342197],[139.68585061,35.529239135],[139.686181997,35.528997468],[139.686298392,35.52888136],[139.68644616,35.528773865],[139.686543944,35.528704973],[139.686582555,35.528677468],[139.686573671,35.528583586],[139.686572555,35.528572468],[139.686568949,35.528534414],[139.686537833,35.528498586],[139.686448106,35.528440252],[139.686363112,35.528404694],[139.686233113,35.528198865],[139.686167833,35.52809636],[139.686004747,35.527840802],[139.686069468,35.527672198],[139.686134475,35.527503027],[139.686277807,35.527364414],[139.686439196,35.527266082],[139.686833087,35.527109414],[139.687039467,35.527018307],[139.687258638,35.52692164],[139.687913087,35.526682468],[139.687953087,35.526668026],[139.687998081,35.52665164],[139.688091413,35.526617468],[139.688113088,35.526608586],[139.688503087,35.526447468],[139.688630585,35.526410532],[139.688695032,35.526391919],[139.688532529,35.525939135],[139.688447808,35.525643865],[139.688421971,35.525588865],[139.688372529,35.525484694],[139.688335863,35.525406641],[139.688223917,35.525303865],[139.688019754,35.525206361],[139.687868366,35.525133865],[139.687770584,35.525087198],[139.6877407,35.525000252],[139.68774061,35.525000001],[139.687721414,35.524944135],[139.687752529,35.524751639],[139.687905032,35.524438865],[139.687922801,35.524273305],[139.687905032,35.524054134],[139.68789642,35.523863865],[139.687941116,35.523595532],[139.688048612,35.52345664],[139.688083891,35.523302748],[139.688138055,35.523067468],[139.68817834,35.522848306],[139.688204721,35.522769134],[139.688241115,35.522660531],[139.688340272,35.522478865],[139.688359728,35.522444694],[139.688393061,35.522385802],[139.688489728,35.522216081],[139.688564163,35.522085253],[139.688621673,35.521977748],[139.688667224,35.521892748],[139.688719974,35.521761332],[139.68873,35.52173636],[139.688798054,35.521613028],[139.688824163,35.521566081],[139.688843333,35.52153136],[139.688918055,35.52139636],[139.689119443,35.521199414],[139.689307225,35.520997748],[139.689356667,35.520944414],[139.689443333,35.520873586],[139.68954,35.520794414],[139.689566667,35.520772747],[139.689666939,35.520690531],[139.689580001,35.520606919],[139.689552218,35.520579973],[139.689521947,35.520550802],[139.689043061,35.520091081],[139.689092192,35.519889694],[139.689115525,35.519825802],[139.689131634,35.51978136],[139.689217756,35.519545252],[139.68932969,35.519254414],[139.689397471,35.519023306],[139.689398301,35.519023586],[139.690113579,35.519175532],[139.690245253,35.519202468],[139.690357198,35.519225533],[139.69040358,35.519234973],[139.690818029,35.519319973],[139.690864423,35.519329414],[139.691116642,35.519381081],[139.691644967,35.519475251],[139.691666666,35.519419667],[139.691669144,35.519413306],[139.691741634,35.519227468],[139.691851089,35.518947197],[139.69208192,35.518310532],[139.692140246,35.518219136],[139.692238586,35.518064414],[139.692386355,35.517747198],[139.692610246,35.517393587],[139.692659144,35.517256919],[139.692691634,35.51716664],[139.69272358,35.517077468],[139.692762477,35.516968586],[139.692840169,35.516666919],[139.69284022,35.516666667],[139.692907198,35.516406639],[139.693059416,35.516031081],[139.693292166,35.515463027],[139.693539389,35.514703585],[139.693772166,35.514032468],[139.693806057,35.513934415],[139.693839105,35.513838587],[139.693939105,35.513549135],[139.694055499,35.513210801],[139.694140219,35.512965532],[139.694242166,35.512690251],[139.694288274,35.51256608],[139.694302725,35.512526919],[139.694347445,35.512406639],[139.694377444,35.512325802],[139.694484384,35.511994414],[139.69468659,35.511370252],[139.694780752,35.511094135],[139.695184087,35.509913307],[139.695407976,35.509327468],[139.695752335,35.508333586],[139.695752412,35.508333333],[139.695959339,35.507736081],[139.696613502,35.505875801],[139.698495162,35.506003838],[139.698583774,35.506009946],[139.698605447,35.505755504],[139.698609053,35.505710505],[139.698663774,35.505065775],[139.698667108,35.505029135],[139.698670168,35.504990802],[139.698672387,35.504964415],[139.698688781,35.504772198],[139.698742672,35.504074695],[139.698789027,35.503580802],[139.698792633,35.503539694],[139.698819027,35.503259414],[139.698875136,35.502755532],[139.699302088,35.503055802],[139.699587912,35.503264973],[139.699655694,35.503301918],[139.6999093,35.503439945],[139.7,35.503489387],[139.700002361,35.503490666],[139.700641556,35.503839108],[139.700814033,35.503610775],[139.700972361,35.503400775],[139.702029611,35.503788837],[139.702178781,35.503844666],[139.702605162,35.504004387],[139.703072387,35.504269947],[139.703283774,35.504380224],[139.703402945,35.504442441],[139.703654891,35.504133279],[139.70388489,35.503601892],[139.704021555,35.503364946],[139.704122361,35.503259387],[139.704164034,35.503140504],[139.704202634,35.503014946],[139.704219585,35.502960225],[139.704262361,35.502821613],[139.704335966,35.502401893],[139.704336252,35.502400505],[139.704407366,35.502087721],[139.704409027,35.502080225],[139.704418197,35.502048559],[139.704555422,35.501581613],[139.704559028,35.501568838],[139.704584034,35.501491053],[139.70472734,35.501048027],[139.704745136,35.500993],[139.705401673,35.500000225],[139.705401802,35.5],[139.705715383,35.499525775],[139.706376498,35.498520505],[139.707214281,35.497232441],[139.707572893,35.496682721],[139.708333332,35.495531838],[139.708335643,35.495528333],[139.709366472,35.493968278],[139.710887081,35.491666892],[139.71088725,35.491666667],[139.711456654,35.490800855],[139.711041415,35.490620839],[139.711027224,35.490608748],[139.711014552,35.490602253],[139.71105144,35.490548387],[139.710444475,35.490277694],[139.710403165,35.490336171],[139.710362192,35.49031764],[139.710213943,35.490250531],[139.710121414,35.490208775],[139.710157108,35.490148775],[139.709421363,35.489823441],[139.709391413,35.489878306],[139.709322802,35.489849388],[139.70936345,35.489784081],[139.708484553,35.489392],[139.708498586,35.489369748],[139.708577562,35.489244252],[139.70861978,35.489229775],[139.70849,35.489179631],[139.708383774,35.489351054],[139.708335577,35.489330054],[139.708333333,35.489329054],[139.707597003,35.489008053],[139.707455059,35.489011054],[139.707440143,35.489038198],[139.706943645,35.488819802],[139.707092113,35.488597028],[139.707126693,35.488609252],[139.707183801,35.488518802],[139.707073218,35.488472],[139.707007833,35.488565946],[139.706586136,35.488379893],[139.706648664,35.488282612],[139.706574086,35.488250279],[139.706507276,35.488345306],[139.705893257,35.488073505],[139.705744773,35.488291748],[139.704918002,35.487930865],[139.704888367,35.487850973],[139.704997302,35.487679081],[139.705068755,35.48765736],[139.705248495,35.487730839],[139.705268948,35.487700306],[139.705300336,35.487653919],[139.704813528,35.487441108],[139.704793191,35.487475081],[139.704766005,35.48752136],[139.704878004,35.487573775],[139.704706419,35.487837252],[139.704153333,35.487593279],[139.704118755,35.487582253],[139.703260389,35.487113586],[139.702485383,35.486767973],[139.702194449,35.486641198],[139.70207022,35.486578225],[139.701961245,35.486533388],[139.701797174,35.486464973],[139.701649689,35.486400919],[139.701539339,35.486351586],[139.701446939,35.486305586],[139.701091893,35.486151135],[139.701083645,35.486147441],[139.700002218,35.485677054],[139.7,35.485676081],[139.69955083,35.485480694],[139.699604306,35.485398468],[139.699310584,35.485271586],[139.699255694,35.485352838],[139.697856083,35.484735613],[139.697703113,35.484668197],[139.697344449,35.48450636],[139.696677302,35.484210387],[139.696300999,35.48404436],[139.696186642,35.484088586],[139.69603869,35.484450054],[139.69597275,35.484596279],[139.695989611,35.484601802],[139.695810142,35.485017586],[139.695792828,35.485013775],[139.695776641,35.485074171],[139.695677366,35.485320946],[139.695335525,35.486144694],[139.695198418,35.486475081],[139.695002555,35.486937838],[139.694999558,35.486948108],[139.694984864,35.487093225],[139.694994553,35.487094388],[139.694932996,35.487603252],[139.694886446,35.488014775],[139.695401725,35.488247559],[139.695597302,35.488338027],[139.695671415,35.488374252],[139.695743217,35.488401198],[139.695815007,35.488454279],[139.695942113,35.488492468],[139.696223723,35.488621225],[139.696168275,35.488694802],[139.696529948,35.488855224],[139.696559001,35.488815586],[139.69704633,35.489030135],[139.697075914,35.488989172],[139.697320973,35.489096694],[139.69762869,35.489232614],[139.697739689,35.48927764],[139.697751309,35.489264225],[139.697813192,35.489288171],[139.697848559,35.48930408],[139.697969247,35.489359108],[139.698280922,35.489499614],[139.698317665,35.489605504],[139.698378198,35.489784585],[139.698384188,35.489803558],[139.698384332,35.489804054],[139.698430506,35.489951306],[139.698495137,35.490114613],[139.698297691,35.49041656],[139.698259364,35.490399838],[139.698237082,35.490433891],[139.698236809,35.490434334],[139.69815489,35.490559459],[139.698136057,35.490588252],[139.698174501,35.490605081],[139.69814581,35.490648946],[139.698145447,35.490649468],[139.69793725,35.490968081],[139.697845863,35.490928667],[139.697716446,35.490872919],[139.697750467,35.490825441],[139.697718859,35.490812695],[139.697704838,35.490834027],[139.697692477,35.490829414],[139.69767978,35.490847359],[139.697583606,35.490810468],[139.697574162,35.490797919],[139.697577056,35.490791171],[139.697522088,35.490771559],[139.697517886,35.490777135],[139.697439558,35.490747107],[139.697418171,35.490690468],[139.696036162,35.490091468],[139.695953165,35.490103198],[139.695739053,35.490012081],[139.695774306,35.489951468],[139.695080143,35.489652838],[139.694620117,35.489454919],[139.694600337,35.489485171],[139.694636031,35.489501252],[139.694620415,35.489531613],[139.694496977,35.489478667],[139.694287107,35.490114532],[139.694071193,35.490065613],[139.693996912,35.490048946],[139.693669727,35.490992505],[139.693432944,35.491666667],[139.693432866,35.491666919],[139.693388016,35.491787865],[139.693438912,35.49179955],[139.693213736,35.492413036],[139.693028612,35.492391369],[139.692831529,35.492398801],[139.692809624,35.492393928],[139.692415487,35.492306198],[139.692389831,35.492300486],[139.692487653,35.492009721],[139.692357433,35.491983063],[139.692316706,35.492010333],[139.692223722,35.491989847],[139.692150921,35.492209883],[139.69182834,35.492134604],[139.691902257,35.491900414],[139.691895681,35.491881117],[139.691893501,35.491880604],[139.691666667,35.491827811],[139.691218457,35.491722739],[139.690958833,35.491666668],[139.690936628,35.491661874],[139.690913048,35.491656775],[139.690915537,35.49164336],[139.690684812,35.491590694],[139.690677717,35.491604026],[139.690277328,35.491514775],[139.690526719,35.489658946],[139.690638808,35.489669946],[139.690628715,35.489752081],[139.690765914,35.489762973],[139.690798029,35.489501054],[139.6907893,35.489500135],[139.690800947,35.489411441],[139.691009754,35.489432694],[139.691028755,35.48941164],[139.691031245,35.489426251],[139.691057912,35.489426278],[139.691071389,35.489350668],[139.691079196,35.489301802],[139.691114034,35.489305469],[139.691128833,35.489216414],[139.691099416,35.489213775],[139.691117004,35.489113919],[139.691145746,35.489117],[139.691157224,35.48905556],[139.691129105,35.489051919],[139.691252556,35.488368892],[139.69127061,35.488370973],[139.691279442,35.488310972],[139.691300804,35.488313054],[139.691306836,35.488274027],[139.691246227,35.488267026],[139.691253476,35.488223414],[139.690947367,35.488183468],[139.690942698,35.488202947],[139.690928055,35.488201387],[139.690926614,35.488208135],[139.69090786,35.488206054],[139.690901751,35.488235251],[139.690922476,35.488237333],[139.690917134,35.488265999],[139.690896524,35.48826336],[139.690699416,35.489350225],[139.690695525,35.489369054],[139.690756031,35.489375974],[139.690739274,35.489500532],[139.690657834,35.489493946],[139.690640532,35.489631532],[139.690531855,35.489620865],[139.690568275,35.489350054],[139.690616745,35.488989387],[139.69062,35.488956667],[139.690618949,35.488932946],[139.690609493,35.488910333],[139.690593086,35.488897775],[139.690572503,35.488888559],[139.690492607,35.488881054],[139.690478833,35.488880973],[139.690460752,35.488886441],[139.690438586,35.488898668],[139.690424553,35.488915414],[139.690418781,35.488931198],[139.690356005,35.489349919],[139.690337134,35.489475721],[139.689250117,35.490271974],[139.689057756,35.491666667],[139.689057691,35.491666946],[139.688950507,35.492427405],[139.688819805,35.492600045],[139.688512802,35.494959901],[139.688377328,35.495395568],[139.688071427,35.495353369],[139.688077446,35.495319576],[139.687975512,35.495305126],[139.688209105,35.493382631],[139.688273074,35.493363324],[139.688291388,35.493232739],[139.688228017,35.493227162],[139.688324215,35.492503269],[139.688048677,35.492316081],[139.688141414,35.491666946],[139.688141479,35.491666667],[139.688186252,35.491345171],[139.687563891,35.490900667],[139.687051802,35.490858586],[139.688330195,35.489761865],[139.6884107,35.489553559],[139.688489857,35.489347667],[139.688532245,35.489237505],[139.688907835,35.48833736],[139.689064669,35.487944533],[139.688983917,35.487923414],[139.68898847,35.487906586],[139.68907144,35.487925414],[139.689236252,35.487520252],[139.689405524,35.487096],[139.689333943,35.48707564],[139.689335499,35.487069414],[139.689307276,35.487062252],[139.689324332,35.487021891],[139.689351971,35.487029504],[139.689354086,35.48702464],[139.689427782,35.487043198],[139.689706083,35.486351081],[139.689792192,35.486138279],[139.689963891,35.485713559],[139.690170999,35.485201441],[139.6901793,35.485181172],[139.690187135,35.48517036],[139.690358392,35.485004613],[139.690716394,35.484660172],[139.691168106,35.484225505],[139.691217756,35.484256667],[139.6912607,35.484216413],[139.691666667,35.483825441],[139.691668859,35.483823334],[139.692098366,35.483409748],[139.692177613,35.483333613],[139.692177887,35.483333333],[139.692856719,35.482681306],[139.692813359,35.482649081],[139.69284847,35.482614694],[139.692800778,35.481406387],[139.691668833,35.480554865],[139.691666667,35.480553225],[139.690948911,35.480013279],[139.690040195,35.479328468],[139.689489053,35.478914613],[139.688499079,35.478934441],[139.687724813,35.47895036],[139.687013644,35.478966802],[139.686571505,35.478976919],[139.686572141,35.478990613],[139.686573307,35.479017027],[139.686986226,35.47900817],[139.686469729,35.479800135],[139.686283191,35.479719505],[139.685828197,35.479521441],[139.685854942,35.479476225],[139.685798367,35.479451199],[139.685772165,35.479494775],[139.685240972,35.479261586],[139.684685357,35.479017333],[139.684394034,35.479105505],[139.683333333,35.478802449],[139.683089171,35.478732694],[139.681771983,35.47835636],[139.681825188,35.478244532],[139.681885965,35.478105135],[139.68213664,35.477474613],[139.682093839,35.476907838],[139.682002335,35.47581892],[139.681942049,35.475000306],[139.681942049,35.475],[139.681807808,35.473175748],[139.6817138,35.473064587],[139.681774385,35.472890414],[139.681743112,35.472881469],[139.681432776,35.47279292],[139.681101725,35.472698387],[139.680814695,35.472616279],[139.680778911,35.472606226],[139.680757445,35.472600252],[139.680755006,35.472606198],[139.680683722,35.47277792],[139.680090337,35.47260536],[139.679068003,35.472308108],[139.679027367,35.472296252],[139.679068197,35.472198333],[139.67910428,35.472111838],[139.679107056,35.472104721],[139.679155499,35.472118586],[139.679160466,35.472110108],[139.679176667,35.472065252],[139.679068495,35.472035],[139.67902083,35.472021694],[139.679008976,35.472053305],[139.678997691,35.472072387],[139.679046161,35.472084892],[139.678963476,35.472281946],[139.677612802,35.47189864],[139.677634721,35.471842504],[139.676763061,35.471596197],[139.676739805,35.471650333],[139.676692218,35.471637559],[139.676703969,35.471606135],[139.676667834,35.471480775],[139.676293306,35.471372585],[139.67616489,35.471451919],[139.676153917,35.471486973],[139.67599786,35.471442333],[139.675666783,35.471247694],[139.675639882,35.470692082],[139.675690921,35.470461198],[139.675664475,35.47045792],[139.675843969,35.46960336],[139.675925499,35.469214775],[139.675888495,35.469207865],[139.675844331,35.469418027],[139.67562681,35.470451027],[139.675603774,35.470450892],[139.675002088,35.470136532],[139.675,35.470135441],[139.674967302,35.47011836],[139.674853358,35.470128748],[139.674634669,35.469662252],[139.674593645,35.469574587],[139.674322412,35.469497973],[139.67444703,35.469382027],[139.674409274,35.469352226],[139.674266199,35.469482108],[139.674249922,35.469477505],[139.674398392,35.469340775],[139.674640583,35.469461252],[139.674694916,35.469387864],[139.674427665,35.469256721],[139.674377716,35.469327667],[139.674386394,35.469333441],[139.674238249,35.469474135],[139.674002918,35.469407667],[139.673618197,35.469298973],[139.673733022,35.469009775],[139.673760921,35.469017414],[139.673771089,35.469002721],[139.673854137,35.469025279],[139.673848834,35.469037441],[139.673882633,35.469045973],[139.673897886,35.469005414],[139.673866083,35.468997802],[139.673862192,35.469005919],[139.673781699,35.468981748],[139.673784813,35.46897236],[139.672945227,35.468734838],[139.672924643,35.468780225],[139.673680415,35.468993946],[139.673561089,35.469282892],[139.67355511,35.469281171],[139.673666304,35.469001415],[139.673311142,35.468900972],[139.673293087,35.468950279],[139.673582945,35.469027532],[139.673485473,35.469261533],[139.672076589,35.468863468],[139.67200192,35.468842468],[139.672138275,35.468533802],[139.67160572,35.468380415],[139.671603191,35.468384722],[139.671505188,35.468357107],[139.671509053,35.468349171],[139.671450804,35.468331693],[139.671429104,35.468379441],[139.671487912,35.468397198],[139.671500532,35.468367919],[139.671600194,35.468394721],[139.671590895,35.468417613],[139.671475746,35.46869444],[139.670635721,35.468458333],[139.67076895,35.468130135],[139.669733139,35.467835532],[139.669691167,35.467932749],[139.670604643,35.468190027],[139.670629442,35.468236387],[139.670546523,35.468433054],[139.669466886,35.468125388],[139.668417859,35.467829414],[139.668306252,35.467889225],[139.668263943,35.468525279],[139.668243217,35.468809641],[139.66788834,35.468794198],[139.667892581,35.46876336],[139.667885747,35.468754973],[139.667817563,35.468752081],[139.667826057,35.468743892],[139.667861219,35.46873736],[139.667893112,35.468720198],[139.6679162,35.468694171],[139.667921115,35.468663974],[139.667913112,35.468635027],[139.667894968,35.468615442],[139.667865577,35.468598468],[139.667830001,35.468594532],[139.667798055,35.468598721],[139.667773995,35.468608172],[139.667757108,35.46862536],[139.667731556,35.468627225],[139.667725668,35.468748171],[139.667717173,35.468755108],[139.667680505,35.469230974],[139.667779611,35.469318359],[139.667768171,35.469473387],[139.667673501,35.46946864],[139.667661244,35.469478721],[139.667653306,35.469600775],[139.667662529,35.469608892],[139.667654695,35.469730668],[139.667680441,35.46973836],[139.667704307,35.469760838],[139.667730195,35.469773666],[139.667772724,35.469774721],[139.667810752,35.469761892],[139.66783869,35.469737774],[139.667848781,35.469705694],[139.667842997,35.469675749],[139.667826304,35.469653279],[139.667802088,35.469635776],[139.667775668,35.469627171],[139.667763333,35.469626532],[139.667752672,35.469615775],[139.667822387,35.469620747],[139.667835862,35.469611559],[139.667843061,35.469481775],[139.66783131,35.469472388],[139.667796693,35.469472252],[139.66781192,35.469242587],[139.667826498,35.469236838],[139.66782939,35.469218441],[139.668211971,35.469238198],[139.668189002,35.469557532],[139.668185136,35.469612586],[139.668175837,35.469742387],[139.668070052,35.471217639],[139.667972918,35.47258936],[139.667962024,35.472744199],[139.667961829,35.472746919],[139.667748948,35.472735171],[139.667751855,35.472704441],[139.667705423,35.472671197],[139.667683165,35.472670892],[139.667688561,35.472626919],[139.667697691,35.472626387],[139.667699196,35.472597],[139.667650804,35.472596838],[139.667649663,35.472623694],[139.66767214,35.472624639],[139.667667756,35.472669441],[139.66765,35.472668946],[139.667646329,35.472795333],[139.667634528,35.472795414],[139.667629883,35.472858865],[139.667678807,35.472860801],[139.667680856,35.472830614],[139.667659274,35.472829613],[139.667664747,35.472788053],[139.667699145,35.472788559],[139.66770153,35.472751252],[139.667960584,35.472764946],[139.667904695,35.473562865],[139.668003969,35.473685225],[139.669184903,35.474015053],[139.669255162,35.474036595],[139.671394903,35.474640802],[139.671499858,35.474670974],[139.672319249,35.47490272],[139.672667277,35.475],[139.672668366,35.475000306],[139.673140051,35.475132135],[139.673111751,35.475517279],[139.673101777,35.475652748],[139.673090661,35.475807505],[139.673035331,35.47655036],[139.672364721,35.477310694],[139.672339728,35.477639135],[139.672311555,35.477616109],[139.671428054,35.477575198],[139.671400726,35.477575414],[139.671385745,35.477576946],[139.671367977,35.477582054],[139.671347587,35.477591748],[139.671333113,35.477601027],[139.671317224,35.477613893],[139.671006446,35.478121054],[139.670378445,35.479142945],[139.670230143,35.479405306],[139.669570336,35.480462667],[139.669995279,35.481496694],[139.670914501,35.481873198],[139.670927197,35.48186392],[139.671761441,35.482201973],[139.672647082,35.482564722],[139.673359856,35.482856919],[139.67339192,35.482870108],[139.673662698,35.482981172],[139.673678002,35.482987386],[139.673767613,35.483024197],[139.673780505,35.483029441],[139.67381917,35.483045279],[139.674529053,35.483333334],[139.67452978,35.48333364],[139.674643281,35.483379694],[139.674421089,35.483742864],[139.674480337,35.483765198],[139.674232439,35.484171748],[139.674172088,35.484149946],[139.673959689,35.484499775],[139.673628003,35.484364027],[139.673687613,35.484266586],[139.673541699,35.48420628],[139.673550895,35.484187081],[139.673392089,35.484123225],[139.673366446,35.484164838],[139.673632607,35.484272919],[139.673585383,35.484346586],[139.672991751,35.484103586],[139.672671971,35.483972279],[139.672738444,35.483858694],[139.672756277,35.483865748],[139.672742672,35.483888641],[139.672828145,35.483922388],[139.672847367,35.483889694],[139.672590441,35.483788027],[139.67257319,35.483817306],[139.672610532,35.483832135],[139.672622023,35.483812667],[139.672682166,35.483836468],[139.672616472,35.483949586],[139.671328197,35.483420641],[139.67122856,35.483379865],[139.671256419,35.48333364],[139.671256615,35.483333333],[139.671324189,35.483221333],[139.671013799,35.483084973],[139.670986498,35.483126135],[139.671249858,35.483239251],[139.671192166,35.483333333],[139.671191971,35.48333364],[139.671176667,35.483358587],[139.671115811,35.48333364],[139.671115084,35.483333333],[139.670596913,35.483120919],[139.669282387,35.482582919],[139.669322192,35.482517334],[139.669359196,35.482531532],[139.669386615,35.482483802],[139.669308639,35.482453775],[139.669281114,35.482501505],[139.669290246,35.482505027],[139.669249999,35.482569612],[139.668558949,35.482286721],[139.668542087,35.482279919],[139.668532503,35.482277747],[139.668519611,35.48227736],[139.668507276,35.482277892],[139.668492283,35.482282559],[139.668479468,35.482290027],[139.668466667,35.48230064],[139.667837004,35.483333333],[139.667836809,35.48333364],[139.667818911,35.483362973],[139.667676472,35.483601441],[139.667407394,35.483474252],[139.667398911,35.483470721],[139.667392192,35.48347117],[139.667388341,35.483473505],[139.667327562,35.483554467],[139.667248962,35.483517495],[139.667153554,35.48366336],[139.666985227,35.483921973],[139.666821336,35.48417308],[139.666846888,35.48422392],[139.666953839,35.484290306],[139.667099105,35.484353359],[139.666668859,35.485067865],[139.666666667,35.485071468],[139.666525525,35.485305865],[139.665780246,35.486535306],[139.665753865,35.486572532],[139.665716913,35.486583919],[139.664899416,35.486651694],[139.664274969,35.486711694],[139.664215525,35.48672864],[139.664079688,35.486816694],[139.663761089,35.48725364],[139.663656356,35.487396973],[139.663518301,35.487586415],[139.662966084,35.488316973],[139.662525811,35.488899748],[139.662311634,35.48918336],[139.662100532,35.48941364],[139.66204969,35.489468919],[139.661943891,35.489584468],[139.662010921,35.489667225],[139.661630584,35.490097441],[139.661330973,35.490387947],[139.661180921,35.490506171],[139.660812776,35.49081836],[139.660734163,35.490889198],[139.660689728,35.490930585],[139.660626005,35.491004838],[139.660762776,35.491129468],[139.660862802,35.491212135],[139.66079489,35.491296694],[139.660770467,35.491429],[139.660752476,35.491547586],[139.660736329,35.491666667],[139.660736304,35.491666973],[139.660733333,35.491688803],[139.660714864,35.491868721],[139.660798638,35.491913973],[139.660931673,35.491981135],[139.661044721,35.492043505],[139.661111115,35.492174225],[139.660972191,35.492248198],[139.66082083,35.492337802],[139.66088,35.492403081],[139.66091694,35.492454198],[139.661025279,35.492518892],[139.66117083,35.492579468],[139.661253839,35.492628028],[139.661285006,35.492739748],[139.661165772,35.492844387],[139.660901945,35.492983081],[139.660705915,35.493066198],[139.66061878,35.493147919],[139.660515551,35.493109332],[139.660472114,35.493022532],[139.660357912,35.492968613],[139.659979728,35.492819749],[139.659665058,35.492734441],[139.659473256,35.492702973],[139.659373528,35.492817387],[139.659325279,35.492904171],[139.65928917,35.49298364],[139.659248806,35.493070865],[139.659057302,35.493092054],[139.658902244,35.493296774],[139.658702672,35.493564],[139.658809689,35.493630226],[139.658749364,35.493703306],[139.658974189,35.493814946],[139.65898419,35.494028586],[139.658491556,35.494285279],[139.658335577,35.494350441],[139.658333333,35.49435136],[139.657970896,35.494502839],[139.657865578,35.494417892],[139.657639468,35.494550027],[139.657567523,35.494596694],[139.657613087,35.494701973],[139.657715305,35.49493864],[139.657808366,35.495197802],[139.657869053,35.495366279],[139.657932244,35.495541972],[139.657960856,35.495776694],[139.657984189,35.495966973],[139.657993359,35.496221694],[139.657901479,35.49661464],[139.657754747,35.497203081],[139.657580414,35.49771664],[139.657317198,35.497768667],[139.656504384,35.497943667],[139.656168859,35.498002775],[139.655813087,35.498019333],[139.655483359,35.498080802],[139.655283748,35.498199054],[139.655153645,35.498401973],[139.65506642,35.498484468],[139.654977524,35.498553081],[139.654841414,35.498640586],[139.654638638,35.498631414],[139.654565305,35.498590306],[139.654427523,35.498521414],[139.654346978,35.498497532],[139.654251972,35.498490027],[139.654120026,35.498493919],[139.654036978,35.498520306],[139.653901414,35.498603081],[139.653757808,35.498735586],[139.653652244,35.498852252],[139.65353725,35.499118081],[139.653535305,35.499195586],[139.653532244,35.499233359],[139.653520027,35.499387802],[139.653493384,35.499520027],[139.653444501,35.499621694],[139.653316445,35.499746694],[139.653108393,35.499879468],[139.653010337,35.499941973],[139.652939104,35.5],[139.652938755,35.500000306],[139.65281061,35.500104748],[139.652697277,35.500149748],[139.65221144,35.50029864],[139.652141441,35.50034308],[139.652066719,35.500380307],[139.651967276,35.500421694],[139.651858948,35.500460865],[139.651817003,35.500475864],[139.651630052,35.500523081],[139.651556719,35.500541695],[139.65135367,35.500628919],[139.651178949,35.500795027],[139.650940895,35.500955027],[139.650893672,35.500986694],[139.650774773,35.500970027],[139.650309494,35.500904469],[139.650164228,35.500905865],[139.650002283,35.500932892],[139.65,35.500933252],[139.649816446,35.500963919],[139.6491245,35.501089468],[139.64867144,35.501155865],[139.648592283,35.501167532],[139.648311725,35.501235586],[139.648124228,35.50130336],[139.647767562,35.501490306],[139.647448223,35.501642559],[139.647393385,35.50166864],[139.646898106,35.501727252],[139.646897834,35.501727251],[139.646481971,35.501817226],[139.646346031,35.501881054],[139.646114475,35.501953135],[139.645647561,35.502051414],[139.645468949,35.502055865],[139.645116719,35.501991414],[139.644565577,35.502048532],[139.644603256,35.502118442],[139.644182439,35.502406054],[139.644073696,35.502550468],[139.644160947,35.502610802],[139.643770895,35.503089468],[139.643525889,35.503004198],[139.643430895,35.503067252],[139.643321726,35.503259198],[139.64369083,35.503634532],[139.64384122,35.503799973],[139.643903671,35.503830586],[139.644081996,35.503919748],[139.644190052,35.504032252],[139.644203942,35.504172802],[139.644157276,35.504294748],[139.643861388,35.504390108],[139.643942387,35.504624225],[139.644275031,35.504584027],[139.644567172,35.504605306],[139.644653917,35.505014414],[139.644681194,35.505130946],[139.644574773,35.50521336],[139.644465913,35.505272171],[139.644260557,35.505257972],[139.644019533,35.505283333],[139.644006161,35.505484225],[139.643755422,35.505511505],[139.643618366,35.505573667],[139.64345934,35.505503919],[139.643308911,35.505397505],[139.643076744,35.505346028],[139.64276367,35.505300865],[139.642561726,35.505277532],[139.642435058,35.505254198],[139.64201061,35.505291972],[139.641817004,35.505239469],[139.64166895,35.505218532],[139.641666667,35.505218198],[139.641014086,35.505125838],[139.640738663,35.505404468],[139.640504229,35.505563919],[139.640245616,35.505767802],[139.639899053,35.50595664],[139.639698105,35.506066135],[139.639339028,35.50626772],[139.639581479,35.506648802],[139.639106641,35.506896694],[139.639172556,35.507236973],[139.639206978,35.507616613],[139.639265694,35.507809361],[139.639381894,35.508052973],[139.639639857,35.508333333],[139.639640143,35.50833364],[139.639655525,35.50835036],[139.639609027,35.508788973],[139.639337224,35.508946892],[139.639018885,35.509154505],[139.63878642,35.50934164],[139.638418003,35.509756891],[139.638185499,35.510025919],[139.637877912,35.510227694],[139.63769642,35.510333135],[139.637527419,35.510404865],[139.637312308,35.510640586],[139.637030247,35.511262865],[139.636865719,35.511561108],[139.636605109,35.511876081],[139.636425772,35.512137199],[139.636339948,35.512376973],[139.636297082,35.512595694],[139.636307782,35.512771749],[139.636286303,35.512982279],[139.635985862,35.513534946],[139.635773062,35.513969468],[139.635507056,35.514494748],[139.635458716,35.514770865],[139.635463671,35.51512864],[139.635420751,35.515488306],[139.635850636,35.515560468],[139.636733411,35.51555264],[139.637125577,35.515600775],[139.637679222,35.515753838],[139.637955032,35.515860001],[139.63835956,35.515863919],[139.638592218,35.516028532],[139.638735188,35.516237721],[139.639111751,35.516616171],[139.639177951,35.516666667],[139.63917834,35.516666973],[139.639388975,35.516827721],[139.639434643,35.516954972],[139.639545772,35.517137414],[139.639766472,35.517336387],[139.640023969,35.517465054],[139.640151245,35.517548919],[139.6404407,35.517706414],[139.640630778,35.518114027],[139.640711803,35.518162801],[139.640929585,35.518206414],[139.641047366,35.518212531],[139.6411907,35.518168919],[139.641333747,35.518044748],[139.641414577,35.51798864],[139.641582633,35.518025864],[139.641666666,35.518071027],[139.641669026,35.518072305],[139.641719584,35.518099468],[139.641837912,35.518162801],[139.6419407,35.518202802],[139.642133359,35.518277306],[139.642417912,35.518410865],[139.642356005,35.518838081],[139.642356005,35.519137667],[139.642480999,35.519475027],[139.642523774,35.519692533],[139.642549882,35.519824748],[139.642674332,35.520061135],[139.642418223,35.520276973],[139.642306279,35.520420027],[139.642278223,35.52056364],[139.642262672,35.520643919],[139.642069611,35.520600306],[139.641870441,35.520482252],[139.641739883,35.520351694],[139.641669052,35.520288082],[139.641666667,35.520285918],[139.641615447,35.520239749],[139.641472114,35.520152532],[139.641442114,35.520190027],[139.641367951,35.520281973],[139.641347393,35.520307802],[139.641192114,35.520500864],[139.640949339,35.520880026],[139.640867394,35.521016667],[139.640789416,35.521205054],[139.640619883,35.521371135],[139.640586005,35.521450306],[139.64052655,35.521588919],[139.640563554,35.521780054],[139.640695032,35.521956135],[139.640637951,35.522079171],[139.640597082,35.522237468],[139.640662411,35.522361251],[139.64084358,35.522533586],[139.641021089,35.522594802],[139.641307691,35.52257364],[139.64157297,35.52270936],[139.641666667,35.522672919],[139.641669053,35.522671973],[139.641701284,35.52265944],[139.641777108,35.522518614],[139.641901284,35.522377775],[139.642147329,35.52224236],[139.642443411,35.522160334],[139.64252406,35.52215472],[139.642897392,35.522055],[139.643134061,35.521968054],[139.64321258,35.521937613],[139.643185746,35.521737224],[139.643485136,35.522071721],[139.64356961,35.522166946],[139.643620467,35.522250559],[139.643628807,35.522264171],[139.643666589,35.522325838],[139.643722698,35.522418053],[139.643791946,35.522600803],[139.643782996,35.523067081],[139.644207977,35.52307917],[139.64434214,35.523083333],[139.644598808,35.523091387],[139.644860467,35.523093892],[139.645049364,35.523095559],[139.645258521,35.523097505],[139.645557134,35.523116387],[139.645726862,35.523114172],[139.645987833,35.523110865],[139.647005642,35.523091109],[139.647431245,35.523281171],[139.647409805,35.524790028],[139.647404773,35.525],[139.647404773,35.525000279],[139.647396615,35.525340838],[139.647365498,35.525881946],[139.647222166,35.526776946],[139.647184942,35.527054441],[139.647162166,35.527431946],[139.647155499,35.527492505],[139.647133554,35.527690279],[139.64712192,35.528063585],[139.64710406,35.528247802],[139.647155357,35.528629252],[139.64718275,35.528990532],[139.647247133,35.529547559],[139.64733655,35.530223027],[139.647847665,35.530207946],[139.647873695,35.531061838],[139.647433866,35.531050838],[139.647424137,35.531115],[139.647398586,35.531281387],[139.647087834,35.532492693],[139.646529948,35.532773892],[139.646613257,35.533200919],[139.646677393,35.533333333],[139.646677523,35.533333613],[139.646726498,35.533434721],[139.646892504,35.53350472],[139.647426083,35.533574442],[139.647711193,35.533664775],[139.647986498,35.533770946],[139.648266978,35.533936586],[139.648512218,35.534105279],[139.648686394,35.534279441],[139.648823334,35.534478333],[139.648947783,35.534652505],[139.649029442,35.534799172],[139.649072218,35.534876387],[139.649214449,35.535221947],[139.649215551,35.535224441],[139.649265551,35.535441388],[139.649271388,35.535466946],[139.649419442,35.535802225],[139.64945834,35.53589],[139.649570856,35.536261108],[139.649670585,35.536410279],[139.649698366,35.536459721],[139.649813645,35.536665279],[139.649969196,35.536895279],[139.649999999,35.536920441],[139.650002529,35.536922505],[139.650174747,35.537063054],[139.650392528,35.537218613],[139.650578911,35.53732444],[139.650790583,35.537429999],[139.651033359,35.537579171],[139.651331971,35.537728613],[139.651556135,35.537821667],[139.651823645,35.537902505],[139.652016693,35.538020559],[139.652667523,35.538266387],[139.652972529,35.53839056],[139.653201413,35.538496387],[139.653470052,35.538620837],[139.653837276,35.538701667],[139.654154774,35.538776108],[139.654422283,35.538813613],[139.654467562,35.538815838],[139.654658664,35.538825838],[139.654963672,35.538825838],[139.655256161,35.538850838],[139.655380895,35.538832225],[139.655542555,35.538832225],[139.65558144,35.538812505],[139.655768106,35.538718613],[139.655902555,35.538673892],[139.656144228,35.538588892],[139.656386161,35.538472505],[139.656567275,35.538366667],[139.656623113,35.538333892],[139.656694773,35.53828],[139.656788664,35.538230838],[139.656914228,35.538105559],[139.657104772,35.537815279],[139.657180052,35.537693614],[139.657188393,35.53768],[139.657248105,35.537583054],[139.657431725,35.537515838],[139.657695888,35.537448892],[139.657915331,35.537368333],[139.65804061,35.537350279],[139.658257834,35.537323892],[139.65828061,35.537321386],[139.658333333,35.537314973],[139.658335888,35.537314667],[139.658483943,35.537296667],[139.658685331,35.53726972],[139.659003385,35.537274172],[139.659213671,35.537269721],[139.659468949,35.537251947],[139.659701726,35.537207225],[139.6598945,35.537131108],[139.660104501,35.537041667],[139.660564228,35.536847775],[139.660651725,35.536793892],[139.660738949,35.536740279],[139.6609045,35.536646387],[139.661070337,35.536498613],[139.661218106,35.536364441],[139.661428391,35.536212505],[139.661585058,35.536082775],[139.661750896,35.535993054],[139.662050896,35.535832225],[139.662444773,35.535644171],[139.662650895,35.535528054],[139.662825616,35.535447775],[139.663013671,35.535344721],[139.663343671,35.535148892],[139.663500338,35.535054721],[139.663670337,35.534978892],[139.663889779,35.534934171],[139.66435533,35.534831108],[139.664619494,35.534732776],[139.664830052,35.534696947],[139.665071726,35.534629721],[139.665228664,35.534531387],[139.665430052,35.534352505],[139.665523943,35.534213892],[139.66563144,35.534088612],[139.665757004,35.533923054],[139.665931414,35.533694721],[139.666111413,35.533480279],[139.666234423,35.533333612],[139.666234643,35.533333333],[139.666255863,35.533308054],[139.666340856,35.533182775],[139.666452802,35.532999441],[139.666654475,35.53312028],[139.666666666,35.533140532],[139.666669195,35.533144775],[139.666711414,35.533215],[139.666748366,35.533276667],[139.666783281,35.533333333],[139.666783412,35.533333613],[139.666820027,35.533393054],[139.666998949,35.533379721],[139.667055058,35.533415838],[139.667088392,35.533437505],[139.66712672,35.533476946],[139.667237562,35.53359028],[139.667271997,35.533625559],[139.667475331,35.533768865],[139.667697563,35.533925252],[139.667831725,35.534130802],[139.667905058,35.534281641],[139.667945331,35.534465253],[139.667980051,35.53449636],[139.667987004,35.534502468],[139.668077004,35.534583306],[139.668205058,35.534697748],[139.668267562,35.534796082],[139.668563113,35.534769414],[139.668795888,35.534756081],[139.669001997,35.534738027],[139.66910061,35.534867748],[139.669200337,35.534922748],[139.669265888,35.534959135],[139.669270609,35.534961641],[139.669393385,35.535008027],[139.669508107,35.535051081],[139.669618664,35.535082749],[139.669697834,35.535105252],[139.669806447,35.53513636],[139.670213943,35.535257198],[139.670536446,35.535409135],[139.670567834,35.53564636],[139.67062144,35.535923585],[139.670628146,35.536051081],[139.670632866,35.536146081],[139.670639805,35.536275801],[139.670662309,35.536713586],[139.671580362,35.536722468],[139.671938691,35.536744973],[139.672090077,35.536741081],[139.672292309,35.536735532],[139.672520363,35.536690801],[139.672681479,35.536681919],[139.672784528,35.536713306],[139.672842866,35.53677136],[139.6728562,35.536905532],[139.672922581,35.537022747],[139.672943411,35.537059414],[139.673048691,35.537245531],[139.673107031,35.537317197],[139.673299532,35.537263586],[139.673498975,35.537202198],[139.673608417,35.537189974],[139.673695914,35.537179973],[139.673839248,35.537211081],[139.674027302,35.537260533],[139.674430078,35.537188865],[139.67488258,35.537184414],[139.674875358,35.53729608],[139.674864527,35.53746164],[139.674837588,35.537815252],[139.6748562,35.538184973],[139.674999999,35.538167531],[139.675002581,35.538167225],[139.675447302,35.538113306],[139.675626226,35.538095253],[139.675487613,35.538605252],[139.675353166,35.538972199],[139.675268171,35.539330252],[139.675200947,35.539339135],[139.67521511,35.539556082],[139.675287328,35.539812198],[139.675336226,35.539985253],[139.675353722,35.540047748],[139.675456783,35.540132748],[139.67562345,35.540649414],[139.675751504,35.540677198],[139.675793165,35.54068636],[139.675972607,35.540725252],[139.676079274,35.540737468],[139.676126783,35.540743028],[139.67624594,35.540756641],[139.676299559,35.540591081],[139.676371218,35.540389973],[139.676550388,35.540148305],[139.676900661,35.539999135],[139.676983165,35.539963865],[139.677060947,35.539930802],[139.677299274,35.539829136],[139.677427886,35.539773864],[139.677516498,35.539735532]]},"properties":{"city_code":"14101","city_name":"鶴見区","prefecture_code":"14","prefecture_name":"神奈川県"}},{"type":"Feature","geometry":{"type":"LineString","coordinates":[[139.658264618,35.460094506],[139.658238949,35.460092668],[139.658217976,35.460100667],[139.658196886,35.460125253],[139.658197912,35.460156414],[139.65822336,35.460206415],[139.658154163,35.460360279],[139.658049001,35.460554721],[139.657903358,35.460806559],[139.65775939,35.461048081],[139.657584034,35.461332774],[139.657448612,35.461540081],[139.657253502,35.461840946],[139.657105057,35.462057891],[139.657051895,35.462134172],[139.656961284,35.46226436],[139.65691969,35.462323974],[139.656690584,35.462653722],[139.656441856,35.462978414],[139.656493359,35.463005532],[139.656604332,35.462848387],[139.656674279,35.462753505],[139.656758054,35.462633108],[139.65684428,35.462501441],[139.656961776,35.462334586],[139.657011725,35.462264441],[139.657051725,35.462208171],[139.657052282,35.462207441],[139.657153191,35.462067135],[139.657223697,35.46197],[139.657305577,35.461847171],[139.657397912,35.461702802],[139.657492672,35.461551415],[139.657617951,35.461345532],[139.657684061,35.461240171],[139.657758586,35.461118225],[139.657837302,35.460989892],[139.657898222,35.460890108],[139.657959612,35.460784081],[139.658014552,35.460693946],[139.65808192,35.460575054],[139.658117613,35.460509748],[139.658186304,35.460382586],[139.658257029,35.460238198],[139.658298393,35.460154054],[139.658298885,35.460127],[139.658286913,35.460109946],[139.658264618,35.460094506]]},"properties":{"city_code":"14102","city_name":"神奈川区","prefecture_code":"14","prefecture_name":"神奈川県"}},{"type":"Feature","geometry":{"type":"LineString","coordinates":[[139.656024384,35.46358536],[139.655978198,35.463556973],[139.655943139,35.463609306],[139.655885058,35.463673387],[139.655928715,35.463697441],[139.655989805,35.463631893],[139.656024384,35.46358536]]},"properties":{"city_code":"14102","city_name":"神奈川区","prefecture_code":"14","prefecture_name":"神奈川県"}},{"type":"Feature","geometry":{"type":"LineString","coordinates":[[139.655931699,35.463704468],[139.65589703,35.463685387],[139.655558808,35.464070892],[139.65559083,35.464087053],[139.655931699,35.463704468]]},"properties":{"city_code":"14102","city_name":"神奈川区","prefecture_code":"14","prefecture_name":"神奈川県"}},{"type":"Feature","geometry":{"type":"LineString","coordinates":[[139.645700389,35.474710973],[139.646339611,35.474676667],[139.646340661,35.474694226],[139.646365253,35.474693081],[139.646382438,35.474692306],[139.646381778,35.474675334],[139.647310078,35.47462136],[139.647311582,35.474644614],[139.647423774,35.474639468],[139.647421895,35.474614946],[139.647815551,35.474592306],[139.64809847,35.474576505],[139.648100389,35.474600587],[139.648159663,35.474598414],[139.64815725,35.474573252],[139.6481738,35.474572279],[139.648175005,35.474587802],[139.648208948,35.474587865],[139.648207445,35.474570441],[139.648934163,35.474529865],[139.648935227,35.474543892],[139.64897192,35.474542054],[139.648970856,35.474527838],[139.648985161,35.474527027],[139.648986913,35.474542171],[139.649024384,35.474539253],[139.64902275,35.474524892],[139.649999999,35.474468613],[139.650002088,35.474468505],[139.650392218,35.474446054],[139.651252866,35.473791865],[139.65231358,35.472989668],[139.652868366,35.472567747],[139.652923217,35.472526],[139.653615499,35.472002694],[139.653719144,35.471923252],[139.653801699,35.471860721],[139.654005576,35.471706532],[139.654597834,35.471257532],[139.655284358,35.470736613],[139.655961166,35.470224081],[139.655542502,35.469852199],[139.654937224,35.469320081],[139.654332336,35.468785559],[139.653809442,35.468323],[139.653424112,35.467981974],[139.652943645,35.467558775],[139.652935279,35.46755136],[139.652568224,35.467228838],[139.652279,35.466973027],[139.652280661,35.466971946],[139.652298223,35.466959532],[139.652297886,35.466951694],[139.652347665,35.466911306],[139.652460467,35.466823946],[139.652676446,35.466667],[139.652676887,35.466666667],[139.653328367,35.46619328],[139.653815084,35.465778171],[139.65396786,35.465646172],[139.654132477,35.465499748],[139.654292336,35.465361802],[139.654726252,35.464985306],[139.654900079,35.46480564],[139.654930778,35.464773865],[139.655542724,35.464125586],[139.655502893,35.464102891],[139.654894695,35.464744334],[139.654860246,35.464780775],[139.654697691,35.464952081],[139.654663892,35.464983775],[139.654598443,35.46503936],[139.65437856,35.465230135],[139.654160973,35.465420919],[139.653915448,35.465635721],[139.653815188,35.465728505],[139.653297912,35.466167252],[139.652610468,35.466666667],[139.652610026,35.466667],[139.652430921,35.466797107],[139.651831505,35.467245748],[139.651427328,35.467492747],[139.651414137,35.467479506],[139.650997951,35.467729198],[139.650784967,35.467534774],[139.650668975,35.467622586],[139.650547562,35.467519559],[139.650662672,35.467431225],[139.650512802,35.467294332],[139.650669754,35.467175865],[139.651340051,35.466667],[139.651340506,35.466666668],[139.651705616,35.466389505],[139.651754164,35.466353776],[139.653084189,35.465344585],[139.653135746,35.465307081],[139.653817133,35.464789171],[139.65409869,35.464576027],[139.654103696,35.464561721],[139.654101052,35.46454692],[139.653818223,35.464310505],[139.653388145,35.463928387],[139.653044748,35.463613748],[139.653006355,35.463589721],[139.652958975,35.463589721],[139.652915526,35.463611468],[139.651567135,35.464648333],[139.650051855,35.465794505],[139.650001997,35.465832414],[139.65,35.465833946],[139.649220079,35.466426945],[139.648903995,35.466666667],[139.648903554,35.466667],[139.647447174,35.467771442],[139.646292944,35.46864564],[139.645266835,35.469420171],[139.644469831,35.469149865],[139.643861634,35.468940666],[139.642219417,35.468380559],[139.642172608,35.468373001],[139.642128392,35.468381134],[139.642098885,35.46841436],[139.641828249,35.468950722],[139.641827107,35.46897056],[139.641840947,35.468986613],[139.643077328,35.469410613],[139.643290442,35.469597],[139.643524553,35.469799081],[139.643632529,35.469901838],[139.642796667,35.470540414],[139.642014838,35.471126198],[139.642010389,35.471131414],[139.642030143,35.471496775],[139.642050195,35.47149636],[139.642056395,35.471586135],[139.64203664,35.47158836],[139.642045889,35.471690613],[139.641832827,35.471851081],[139.641832698,35.471861001],[139.641833917,35.471862171],[139.641918586,35.471937586],[139.642179637,35.472170198],[139.642266693,35.472248108],[139.642270998,35.472248468],[139.642283555,35.472249467],[139.642427056,35.472140721],[139.642645577,35.472333613],[139.642891244,35.472552414],[139.642897718,35.472558198],[139.643157328,35.47279],[139.643420027,35.473023776],[139.643664254,35.473242387],[139.643950946,35.473496306],[139.64402467,35.473441532],[139.64402655,35.473440198],[139.644035473,35.473440559],[139.644036032,35.473440559],[139.644067613,35.473416441],[139.644127301,35.47347],[139.644268716,35.473595974],[139.644432556,35.473741802],[139.644560778,35.473856837],[139.644630051,35.473920775],[139.64470856,35.47399464],[139.644767834,35.474051053],[139.644818054,35.474099721],[139.644882827,35.474163919],[139.64494428,35.474225747],[139.645002192,35.474285253],[139.645055966,35.474341505],[139.645133255,35.474419387],[139.645168755,35.474453171],[139.64519406,35.474474108],[139.645217276,35.474492198],[139.645244112,35.474511333],[139.645388029,35.474607468],[139.645408003,35.47459236],[139.645470804,35.474637441],[139.645498418,35.474615945],[139.645517588,35.474618468],[139.645565084,35.474658388],[139.645606693,35.474627919],[139.645700389,35.474710973]]},"properties":{"city_code":"14102","city_name":"神奈川区","prefecture_code":"14","prefecture_name":"神奈川県"}},{"type":"Feature","geometry":{"type":"LineString","coordinates":[[139.640738663,35.505404468],[139.641014086,35.505125838],[139.641666667,35.505218198],[139.64166895,35.505218532],[139.641817004,35.505239469],[139.64201061,35.505291972],[139.642435058,35.505254198],[139.642561726,35.505277532],[139.64276367,35.505300865],[139.643076744,35.505346028],[139.643308911,35.505397505],[139.64345934,35.505503919],[139.643618366,35.505573667],[139.643755422,35.505511505],[139.644006161,35.505484225],[139.644019533,35.505283333],[139.644260557,35.505257972],[139.644465913,35.505272171],[139.644574773,35.50521336],[139.644681194,35.505130946],[139.644653917,35.505014414],[139.644567172,35.504605306],[139.644275031,35.504584027],[139.643942387,35.504624225],[139.643861388,35.504390108],[139.644157276,35.504294748],[139.644203942,35.504172802],[139.644190052,35.504032252],[139.644081996,35.503919748],[139.643903671,35.503830586],[139.64384122,35.503799973],[139.64369083,35.503634532],[139.643321726,35.503259198],[139.643430895,35.503067252],[139.643525889,35.503004198],[139.643770895,35.503089468],[139.644160947,35.502610802],[139.644073696,35.502550468],[139.644182439,35.502406054],[139.644603256,35.502118442],[139.644565577,35.502048532],[139.645116719,35.501991414],[139.645468949,35.502055865],[139.645647561,35.502051414],[139.646114475,35.501953135],[139.646346031,35.501881054],[139.646481971,35.501817226],[139.646897834,35.501727251],[139.646898106,35.501727252],[139.647393385,35.50166864],[139.647448223,35.501642559],[139.647767562,35.501490306],[139.648124228,35.50130336],[139.648311725,35.501235586],[139.648592283,35.501167532],[139.64867144,35.501155865],[139.6491245,35.501089468],[139.649816446,35.500963919],[139.65,35.500933252],[139.650002283,35.500932892],[139.650164228,35.500905865],[139.650309494,35.500904469],[139.650774773,35.500970027],[139.650893672,35.500986694],[139.650940895,35.500955027],[139.651178949,35.500795027],[139.65135367,35.500628919],[139.651556719,35.500541695],[139.651630052,35.500523081],[139.651817003,35.500475864],[139.651858948,35.500460865],[139.651967276,35.500421694],[139.652066719,35.500380307],[139.652141441,35.50034308],[139.65221144,35.50029864],[139.652697277,35.500149748],[139.65281061,35.500104748],[139.652938755,35.500000306],[139.652939104,35.5],[139.653010337,35.499941973],[139.653108393,35.499879468],[139.653316445,35.499746694],[139.653444501,35.499621694],[139.653493384,35.499520027],[139.653520027,35.499387802],[139.653532244,35.499233359],[139.653535305,35.499195586],[139.65353725,35.499118081],[139.653652244,35.498852252],[139.653757808,35.498735586],[139.653901414,35.498603081],[139.654036978,35.498520306],[139.654120026,35.498493919],[139.654251972,35.498490027],[139.654346978,35.498497532],[139.654427523,35.498521414],[139.654565305,35.498590306],[139.654638638,35.498631414],[139.654841414,35.498640586],[139.654977524,35.498553081],[139.65506642,35.498484468],[139.655153645,35.498401973],[139.655283748,35.498199054],[139.655483359,35.498080802],[139.655813087,35.498019333],[139.656168859,35.498002775],[139.656504384,35.497943667],[139.657317198,35.497768667],[139.657580414,35.49771664],[139.657754747,35.497203081],[139.657901479,35.49661464],[139.657993359,35.496221694],[139.657984189,35.495966973],[139.657960856,35.495776694],[139.657932244,35.495541972],[139.657869053,35.495366279],[139.657808366,35.495197802],[139.657715305,35.49493864],[139.657613087,35.494701973],[139.657567523,35.494596694],[139.657639468,35.494550027],[139.657865578,35.494417892],[139.657970896,35.494502839],[139.658333333,35.49435136],[139.658335577,35.494350441],[139.658491556,35.494285279],[139.65898419,35.494028586],[139.658974189,35.493814946],[139.658749364,35.493703306],[139.658809689,35.493630226],[139.658702672,35.493564],[139.658902244,35.493296774],[139.659057302,35.493092054],[139.659248806,35.493070865],[139.65928917,35.49298364],[139.659325279,35.492904171],[139.659373528,35.492817387],[139.659473256,35.492702973],[139.659665058,35.492734441],[139.659979728,35.492819749],[139.660357912,35.492968613],[139.660472114,35.493022532],[139.660515551,35.493109332],[139.66061878,35.493147919],[139.660705915,35.493066198],[139.660901945,35.492983081],[139.661165772,35.492844387],[139.661285006,35.492739748],[139.661253839,35.492628028],[139.66117083,35.492579468],[139.661025279,35.492518892],[139.66091694,35.492454198],[139.66088,35.492403081],[139.66082083,35.492337802],[139.660972191,35.492248198],[139.661111115,35.492174225],[139.661044721,35.492043505],[139.660931673,35.491981135],[139.660798638,35.491913973],[139.660714864,35.491868721],[139.660733333,35.491688803],[139.660736304,35.491666973],[139.660736329,35.491666667],[139.660752476,35.491547586],[139.660770467,35.491429],[139.66079489,35.491296694],[139.660862802,35.491212135],[139.660762776,35.491129468],[139.660626005,35.491004838],[139.660689728,35.490930585],[139.660734163,35.490889198],[139.660812776,35.49081836],[139.661180921,35.490506171],[139.661330973,35.490387947],[139.661630584,35.490097441],[139.662010921,35.489667225],[139.661943891,35.489584468],[139.66204969,35.489468919],[139.662100532,35.48941364],[139.662311634,35.48918336],[139.662525811,35.488899748],[139.662966084,35.488316973],[139.663518301,35.487586415],[139.663656356,35.487396973],[139.663761089,35.48725364],[139.664079688,35.486816694],[139.664215525,35.48672864],[139.664274969,35.486711694],[139.664899416,35.486651694],[139.665716913,35.486583919],[139.665753865,35.486572532],[139.665780246,35.486535306],[139.666525525,35.485305865],[139.666666667,35.485071468],[139.666668859,35.485067865],[139.667099105,35.484353359],[139.666953839,35.484290306],[139.666846888,35.48422392],[139.666821336,35.48417308],[139.666985227,35.483921973],[139.667153554,35.48366336],[139.667248962,35.483517495],[139.667041414,35.483419865],[139.666866614,35.48333364],[139.666866006,35.483333334],[139.666668833,35.483236081],[139.666666666,35.483235],[139.666433916,35.483120198],[139.666363801,35.483216414],[139.666297444,35.483184108],[139.666368054,35.48309044],[139.665934423,35.482878468],[139.666378859,35.48213256],[139.66659083,35.481786441],[139.666666667,35.481662532],[139.666668833,35.481659],[139.666922892,35.481244172],[139.66705834,35.481301055],[139.667036329,35.481335641],[139.667056355,35.481344225],[139.667086744,35.481357252],[139.667151673,35.48125556],[139.667126446,35.481244802],[139.667101115,35.481233946],[139.667079559,35.481267802],[139.666944137,35.481209468],[139.667118911,35.480923802],[139.667473865,35.480340531],[139.667600169,35.480390306],[139.667646978,35.480408748],[139.667694189,35.480330026],[139.667523087,35.480259468],[139.667635643,35.480074666],[139.667787691,35.480134109],[139.66780808,35.480142135],[139.667872412,35.480038135],[139.667862866,35.480032693],[139.667973307,35.479851667],[139.667983449,35.479854748],[139.668049442,35.479748946],[139.668045383,35.479747225],[139.66787725,35.479677468],[139.668075668,35.479351333],[139.668314332,35.478959028],[139.668360117,35.478884279],[139.668448586,35.478920974],[139.668502244,35.478943775],[139.668635473,35.478731252],[139.668588885,35.478712279],[139.668489364,35.478672892],[139.668894695,35.478010559],[139.668954721,35.478034802],[139.669004254,35.477957],[139.668943918,35.477930135],[139.66911275,35.477654081],[139.669190921,35.477527],[139.669191362,35.477519694],[139.66918786,35.477507802],[139.66918105,35.477498225],[139.669169728,35.477490468],[139.669149559,35.477486559],[139.66806345,35.477435135],[139.667832503,35.47742428],[139.667844357,35.477243387],[139.667864255,35.477245387],[139.667873917,35.477254532],[139.667904112,35.477253387],[139.667915162,35.477239974],[139.667898586,35.477213972],[139.667884034,35.477214505],[139.667866355,35.477231613],[139.667845162,35.477231027],[139.667845772,35.477221946],[139.66785109,35.477152802],[139.667634475,35.477141776],[139.667629144,35.477210918],[139.667779442,35.477218505],[139.667765616,35.477421108],[139.667413411,35.477404505],[139.666934111,35.477381865],[139.666805084,35.47737564],[139.666668781,35.477369081],[139.666666667,35.477368973],[139.666255136,35.477349197],[139.664203022,35.477250694],[139.663175084,35.477201027],[139.663008495,35.477192946],[139.662964747,35.477190532],[139.662942282,35.477190225],[139.662926058,35.477190838],[139.662362283,35.477167486],[139.661774502,35.477143135],[139.661754033,35.477133388],[139.661731855,35.47713236],[139.660934332,35.477094361],[139.660944034,35.476940946],[139.660970974,35.47692],[139.661540855,35.476945865],[139.661546446,35.476860134],[139.660448222,35.476807748],[139.660443722,35.476896055],[139.660849637,35.476914505],[139.660872309,35.476935171],[139.660860727,35.477090837],[139.660144423,35.47705664],[139.660061997,35.47705272],[139.660047108,35.477077197],[139.660018392,35.477089892],[139.659980467,35.477096414],[139.659833994,35.477098919],[139.659678975,35.477094721],[139.659496304,35.477078587],[139.659425888,35.477067667],[139.659428755,35.477022892],[139.659435615,35.476915081],[139.659445525,35.476914109],[139.659454968,35.476819838],[139.65945581,35.476797667],[139.659455615,35.476786387],[139.65945275,35.476775225],[139.659447173,35.476763026],[139.659437613,35.476752748],[139.659424839,35.476743892],[139.6594093,35.476736747],[139.65938341,35.476732468],[139.658335447,35.476682694],[139.658333333,35.476682613],[139.657397004,35.476638108],[139.657020389,35.476620414],[139.656642891,35.476602775],[139.656449948,35.476593919],[139.656437835,35.476596252],[139.656413113,35.476607226],[139.656381414,35.476630414],[139.656377613,35.476772468],[139.656388638,35.476772865],[139.656381997,35.476874801],[139.655799339,35.476849973],[139.654988716,35.47681044],[139.654767782,35.476799666],[139.654147561,35.476770641],[139.654118912,35.476768973],[139.654096862,35.476769668],[139.654076589,35.476773865],[139.654056835,35.476781667],[139.65399144,35.476754613],[139.65402131,35.476710225],[139.654023217,35.476681919],[139.654024034,35.476670225],[139.654025473,35.476647135],[139.653903722,35.476643532],[139.653895447,35.476644054],[139.653889389,35.476646748],[139.653884527,35.476651802],[139.653790778,35.476804973],[139.653695226,35.476961053],[139.652638638,35.478683054],[139.652727497,35.478717532],[139.652862361,35.478730613],[139.652329611,35.479589387],[139.651929533,35.480247252],[139.65191725,35.480267414],[139.651915032,35.480270999],[139.651907497,35.48028336],[139.651897886,35.480299108],[139.651888053,35.480315423],[139.651749104,35.480543694],[139.651885085,35.480745469],[139.651683709,35.481103693],[139.651451829,35.481516198],[139.650629585,35.481227613],[139.650002115,35.481008919],[139.649999999,35.481008171],[139.649466083,35.480822054],[139.649262996,35.480741847],[139.649049559,35.480657559],[139.64892616,35.480611108],[139.648972048,35.480525198],[139.648953257,35.480516054],[139.648877977,35.480593027],[139.648529416,35.480461775],[139.648573774,35.480385225],[139.648552891,35.480373107],[139.648482918,35.480444468],[139.648323527,35.480384468],[139.648381997,35.480067667],[139.648414695,35.479890468],[139.648716499,35.479566973],[139.648953554,35.479654775],[139.649319533,35.479513802],[139.649849663,35.479328748],[139.649935773,35.479262721],[139.65,35.479198441],[139.650002114,35.479196334],[139.650116252,35.47908208],[139.650814423,35.478388614],[139.650828612,35.478398198],[139.650619637,35.478607613],[139.650692244,35.478659559],[139.651573838,35.477787171],[139.651678949,35.476505892],[139.651565252,35.476397559],[139.650064035,35.476298026],[139.650002088,35.476294199],[139.65,35.476294053],[139.649588717,35.476268559],[139.648282113,35.476176414],[139.647328716,35.476113747],[139.647324112,35.476161054],[139.646369729,35.476101081],[139.645392673,35.476029251],[139.64465655,35.475978612],[139.644617756,35.476019279],[139.644413917,35.47586936],[139.644224527,35.475730054],[139.644142244,35.475604279],[139.644103995,35.475566973],[139.644243061,35.47547364],[139.644249222,35.475479865],[139.644263774,35.475469801],[139.644100415,35.475304946],[139.644105499,35.475302251],[139.644115331,35.475284865],[139.644086887,35.47525264],[139.644065383,35.475248802],[139.644052802,35.475256918],[139.64379856,35.475000333],[139.643798223,35.475],[139.643681894,35.474882613],[139.643692283,35.474876306],[139.64369428,35.474860919],[139.643666251,35.474830838],[139.643648975,35.474829468],[139.643637173,35.474837468],[139.643339442,35.474537109],[139.643346978,35.474532694],[139.643347665,35.474517919],[139.643317756,35.474485694],[139.643299248,35.474481333],[139.643289883,35.474487081],[139.643153995,35.474350054],[139.643136225,35.474363973],[139.643269585,35.474498946],[139.64326083,35.474513198],[139.643275552,35.47452664],[139.643263645,35.47453364],[139.643228366,35.474498],[139.643146355,35.474555108],[139.643142283,35.474551306],[139.643117782,35.474567946],[139.642719922,35.474176749],[139.642675383,35.474133306],[139.642699104,35.474117108],[139.642714061,35.47413356],[139.642725188,35.474134198],[139.642792529,35.474089135],[139.642795499,35.474082586],[139.642739105,35.474026946],[139.642729636,35.474026225],[139.642665084,35.474069109],[139.642663838,35.474078305],[139.642683943,35.474100413],[139.642659105,35.474117413],[139.642336005,35.473802054],[139.641971245,35.473437946],[139.641885525,35.473483414],[139.641893411,35.473502441],[139.641668717,35.473653531],[139.641666667,35.47365492],[139.641505577,35.473763225],[139.64106908,35.474048918],[139.640896809,35.474160586],[139.640882827,35.474148225],[139.640538911,35.474380054],[139.640374112,35.474274865],[139.64058655,35.474136387],[139.640940726,35.473902414],[139.641389805,35.473605134],[139.641666667,35.473435306],[139.641668716,35.473434054],[139.641676836,35.473429081],[139.641683138,35.473421892],[139.641686005,35.473425054],[139.641831115,35.473329198],[139.641865668,35.473305279],[139.641715837,35.473154225],[139.64168153,35.473175892],[139.641668716,35.473162892],[139.641666667,35.473160802],[139.641427588,35.472917586],[139.641622334,35.472762136],[139.641627664,35.472741694],[139.641537276,35.472658613],[139.641274306,35.472421081],[139.641190999,35.472351414],[139.641179338,35.472341108],[139.641222166,35.472309198],[139.641116615,35.472214468],[139.640932776,35.47209601],[139.640565188,35.471859135],[139.640381166,35.47167164],[139.640427562,35.471631775],[139.640081725,35.471284279],[139.640084306,35.471260586],[139.640469883,35.471020135],[139.64052869,35.471082892],[139.640724163,35.471267559],[139.640750948,35.471269387],[139.64085642,35.471213586],[139.640824746,35.470997559],[139.640846913,35.470995775],[139.640842607,35.470953135],[139.640817133,35.470954],[139.640790922,35.470768198],[139.640813087,35.470767306],[139.640809975,35.470730612],[139.6407855,35.470730586],[139.640760467,35.470550081],[139.640782633,35.470550108],[139.640777224,35.470509279],[139.64075275,35.470510946],[139.640724423,35.470328721],[139.640749883,35.470326054],[139.640743359,35.470284333],[139.64071681,35.470284919],[139.640691803,35.470103612],[139.640712826,35.470102838],[139.64070742,35.470068109],[139.640686355,35.470068081],[139.640657951,35.469882252],[139.640676783,35.469880468],[139.640672478,35.46983964],[139.640651441,35.469839613],[139.640633061,35.469694721],[139.640555499,35.469680441],[139.64034616,35.470088802],[139.640261829,35.470061803],[139.640057497,35.469992441],[139.639684034,35.469868441],[139.639690272,35.469606586],[139.639740415,35.469464694],[139.639789196,35.469475414],[139.639804864,35.469422081],[139.639758274,35.46941317],[139.639811828,35.469261559],[139.639860636,35.469271441],[139.639877393,35.469216307],[139.639833022,35.469207414],[139.639879974,35.469067054],[139.639928521,35.469078918],[139.63994642,35.469020279],[139.639903217,35.469010387],[139.639951167,35.468869387],[139.639997756,35.468881],[139.640031284,35.468774414],[139.639988003,35.468765414],[139.640034838,35.468629027],[139.640079106,35.468638919],[139.640110389,35.468549279],[139.640065032,35.468539387],[139.64011406,35.468391918],[139.640160636,35.468403614],[139.640175188,35.468353775],[139.640131919,35.468343973],[139.640186614,35.468185333],[139.640229921,35.468193414],[139.640239923,35.468156108],[139.64020114,35.468148946],[139.640213476,35.468104532],[139.640180117,35.468096441],[139.640229274,35.467949865],[139.640274643,35.467959666],[139.640293645,35.467901108],[139.640272581,35.467897468],[139.640260505,35.467885919],[139.640226161,35.467871613],[139.640205005,35.467869694],[139.640169532,35.467871532],[139.640155135,35.467891973],[139.640141725,35.467935467],[139.640160558,35.467939108],[139.640109301,35.468082721],[139.640066136,35.468071108],[139.639901388,35.468404278],[139.639882438,35.468442722],[139.639857004,35.468442694],[139.639844695,35.46846864],[139.639563839,35.468379667],[139.639563722,35.468379667],[139.639598274,35.468307775],[139.639606694,35.468290306],[139.639712751,35.468076865],[139.639569196,35.467889748],[139.639469221,35.467855251],[139.639377173,35.468042441],[139.639344306,35.468029668],[139.639329222,35.468024136],[139.639306328,35.468016],[139.639284747,35.468009279],[139.639264696,35.468005027],[139.639242672,35.467999838],[139.639217691,35.467988721],[139.639197756,35.467981198],[139.639176419,35.467973586],[139.639152944,35.46796428],[139.639133022,35.467958108],[139.639106834,35.467948415],[139.639076109,35.467936919],[139.639047394,35.467928414],[139.639021506,35.467918802],[139.638997275,35.467912197],[139.638988471,35.46791028],[139.638972827,35.467908721],[139.638961582,35.467908613],[139.639055032,35.467719919],[139.638932827,35.467676559],[139.638478664,35.468588306],[139.638162749,35.468414721],[139.638222167,35.468309532],[139.638565863,35.467653613],[139.638554578,35.467630054],[139.638369857,35.467562973],[139.638322866,35.467594505],[139.638322944,35.46759436],[139.638323061,35.467594],[139.63830148,35.467586387],[139.638301245,35.467586749],[139.638296938,35.467594945],[139.638159195,35.467548468],[139.638163528,35.467540107],[139.638141946,35.467532505],[139.638148145,35.467520973],[139.638140195,35.467483721],[139.637993671,35.46743372],[139.637978367,35.467428559],[139.637919884,35.467408559],[139.637905966,35.467380054],[139.637908638,35.467375171],[139.637915383,35.467362838],[139.638135084,35.466956468],[139.638133022,35.466667],[139.638133022,35.466666667],[139.638122503,35.465178559],[139.636576329,35.465175613],[139.635049663,35.465172559],[139.635008975,35.46518664],[139.634880829,35.465230801],[139.634498496,35.465362586],[139.634079832,35.465506838],[139.633474514,35.464972333],[139.633335305,35.465152081],[139.633333333,35.465154612],[139.633309754,35.465185081],[139.633049196,35.465652027],[139.632994747,35.46580536],[139.632841414,35.466108135],[139.632608911,35.466558693],[139.632555616,35.466666668],[139.632555448,35.466667027],[139.632521971,35.466734802],[139.632374475,35.466919532],[139.632186978,35.467095081],[139.631818638,35.467177027],[139.631773359,35.467187027],[139.631473358,35.46717064],[139.631132244,35.467096468],[139.630650311,35.466917865],[139.630005863,35.46667036],[139.629997886,35.466667027],[139.629997056,35.466666667],[139.629374747,35.466406198],[139.628577523,35.466037865],[139.628422244,35.465966198],[139.627986693,35.465776198],[139.627728612,35.465723972],[139.627536109,35.465684802],[139.627342503,35.46567536],[139.627182504,35.465667865],[139.627039442,35.465677586],[139.626929728,35.465707586],[139.626715837,35.465788973],[139.62657083,35.46585536],[139.626329441,35.465986748],[139.626221674,35.46605064],[139.625951946,35.466210919],[139.625421971,35.466570081],[139.625277082,35.466666668],[139.62527655,35.466667027],[139.62503031,35.466831199],[139.625001971,35.466850055],[139.625,35.46685136],[139.624893917,35.466922027],[139.624532529,35.467162586],[139.62433808,35.467268973],[139.624181141,35.467409533],[139.624108366,35.467475082],[139.623991414,35.467579802],[139.62386808,35.46769036],[139.623789611,35.467759865],[139.623705863,35.467835919],[139.623598366,35.46788564],[139.623389196,35.467982586],[139.623337522,35.468006468],[139.622673359,35.468091467],[139.622570857,35.468101468],[139.622537522,35.468104802],[139.622502529,35.468108134],[139.622248638,35.468133135],[139.622074189,35.468189252],[139.622036693,35.468201198],[139.622005305,35.468211468],[139.621789467,35.468280919],[139.621279754,35.468267587],[139.621135305,35.468263694],[139.62039917,35.468244533],[139.619247783,35.46837064],[139.618846939,35.468414802],[139.618827225,35.468416748],[139.618493892,35.468453414],[139.617984721,35.468503414],[139.617334164,35.468553414],[139.617250272,35.468559802],[139.616985279,35.468602586],[139.616678611,35.468639802],[139.616668612,35.468640946],[139.616666667,35.468641171],[139.616391388,35.468672865],[139.616360558,35.468683136],[139.61635555,35.468698695],[139.616350272,35.468714802],[139.616348611,35.468785919],[139.616345552,35.468897027],[139.616345552,35.468902306],[139.616330778,35.469079694],[139.616414307,35.469092306],[139.616393748,35.469288775],[139.616366783,35.469382279],[139.616357782,35.469447415],[139.616347471,35.469667],[139.616194554,35.469654414],[139.616194578,35.469843532],[139.61615345,35.470072559],[139.615864137,35.470127172],[139.61566511,35.470145055],[139.615481362,35.470187082],[139.615230311,35.470122585],[139.615099637,35.470117749],[139.615025136,35.470201802],[139.614914616,35.470305801],[139.614836226,35.470387748],[139.61476039,35.470511748],[139.614705305,35.470586468],[139.614689727,35.470685108],[139.614775836,35.470683],[139.614912049,35.470790171],[139.614579195,35.471063333],[139.61449847,35.471185279],[139.614496667,35.471325279],[139.614583061,35.471559279],[139.614653747,35.471779919],[139.614681634,35.472032108],[139.614230194,35.471831],[139.613810699,35.471790415],[139.61357681,35.471746279],[139.613536979,35.471765198],[139.613498171,35.471876721],[139.61343031,35.471971135],[139.613377613,35.472027865],[139.613065305,35.471986892],[139.61295428,35.471954333],[139.612904669,35.471891279],[139.612831415,35.471838414],[139.612818911,35.471830919],[139.612803359,35.471817586],[139.612714188,35.471739802],[139.612682802,35.471714252],[139.612482244,35.47155036],[139.61223384,35.47143528],[139.61203978,35.471555081],[139.612121284,35.471740279],[139.611965227,35.471795668],[139.611769882,35.47186292],[139.611619922,35.471821558],[139.611449883,35.471837695],[139.611334228,35.471910198],[139.611029637,35.472124559],[139.610808586,35.472023694],[139.610034449,35.471676748],[139.609513334,35.47147036],[139.609389728,35.471423973],[139.60928,35.471372866],[139.608947497,35.471213135],[139.608926939,35.471204802],[139.608564449,35.471058414],[139.608528885,35.471043974],[139.608419443,35.470999802],[139.608335279,35.470965667],[139.608333333,35.470964866],[139.60830917,35.470955081],[139.608167782,35.470898135],[139.608077224,35.470861468],[139.607938054,35.47080536],[139.607852775,35.470770919],[139.607624449,35.47065064],[139.607203606,35.470451748],[139.607041946,35.47038564],[139.607006109,35.470363414],[139.606958612,35.470333694],[139.60691917,35.470258413],[139.606911387,35.470192586],[139.606923607,35.470132307],[139.607176694,35.469754171],[139.606963358,35.469621775],[139.606870804,35.469520919],[139.60684511,35.469389586],[139.606742477,35.468985641],[139.606374721,35.469040748],[139.606269339,35.469035468],[139.606128586,35.468926197],[139.605576083,35.468537306],[139.605468586,35.46848564],[139.605363307,35.468446198],[139.60532275,35.468430919],[139.605206641,35.468378415],[139.605024694,35.468278694],[139.604974695,35.46824564],[139.604597471,35.467996749],[139.604548029,35.467963973],[139.604534423,35.467946199],[139.604534968,35.467926748],[139.604551361,35.467883414],[139.604573022,35.467847306],[139.604609689,35.467793414],[139.604407756,35.467793414],[139.604392192,35.467792307],[139.60421358,35.467778413],[139.603876913,35.46778592],[139.603570533,35.467823135],[139.603503307,35.467838135],[139.603397756,35.467862027],[139.603271634,35.46789036],[139.603107198,35.467950081],[139.602927757,35.468114532],[139.602788859,35.468289252],[139.602766084,35.468318135],[139.602740804,35.468350081],[139.602651633,35.468462027],[139.602595252,35.468533135],[139.602484696,35.468604252],[139.602279974,35.468586199],[139.602113306,35.468539803],[139.601799974,35.468419802],[139.601600246,35.468393414],[139.601516641,35.468465919],[139.601446913,35.468526468],[139.601297198,35.468533414],[139.601070804,35.468420081],[139.600924137,35.46820064],[139.600870805,35.46808064],[139.600777756,35.467907586],[139.600537756,35.467840919],[139.600344695,35.467827865],[139.600271855,35.467719973],[139.600084696,35.46778636],[139.600009884,35.467974668],[139.60000192,35.467976946],[139.6,35.467977505],[139.599643476,35.468079837],[139.599514279,35.467928919],[139.599273281,35.468047721],[139.599260169,35.468270919],[139.599284475,35.468347333],[139.599409417,35.468374],[139.599469027,35.468414306],[139.599454616,35.468671388],[139.599458612,35.468782054],[139.599300558,35.468790506],[139.599288172,35.468923171],[139.599800532,35.468856198],[139.599864721,35.469175414],[139.59990825,35.469631333],[139.599950078,35.469846865],[139.599999999,35.470008468],[139.60000192,35.470014694],[139.600043554,35.470149532],[139.600133451,35.47040436],[139.600217029,35.470531171],[139.60000192,35.470686054],[139.599999999,35.47068744],[139.599974552,35.470705748],[139.6,35.470727198],[139.60000192,35.470728802],[139.60024297,35.470931972],[139.600439222,35.47074036],[139.600595551,35.470863695],[139.600610079,35.47106364],[139.600579856,35.471231054],[139.600611971,35.471606279],[139.600640829,35.471831198],[139.600756939,35.472268973],[139.600758885,35.472302865],[139.600767782,35.47246064],[139.600769727,35.472496748],[139.600772218,35.472539532],[139.60078083,35.472692027],[139.600785552,35.472778135],[139.600790272,35.472859802],[139.600790272,35.47286064],[139.600810001,35.473084802],[139.600816939,35.473163135],[139.600804527,35.473333587],[139.60146642,35.473841081],[139.601746861,35.474067306],[139.601847782,35.474117305],[139.601996667,35.47432536],[139.602014448,35.474350081],[139.602088495,35.474884082],[139.602054916,35.475],[139.602054839,35.47500036],[139.601939559,35.475398469],[139.601906472,35.475581225],[139.601823943,35.475933252],[139.6023507,35.476118226],[139.602422412,35.476199441],[139.602427912,35.476264865],[139.602240389,35.476461108],[139.601999858,35.476690054],[139.601863359,35.477058892],[139.601850947,35.477519081],[139.601747523,35.477870972],[139.601606913,35.478273641],[139.601496744,35.478947253],[139.60138092,35.479603666],[139.601306393,35.480195559],[139.600905136,35.480601613],[139.60049144,35.480994107],[139.600377717,35.481053442],[139.600194255,35.481120333],[139.600001997,35.481210027],[139.6,35.481210946],[139.59982144,35.481294252],[139.599560337,35.48143536],[139.599261724,35.481638694],[139.599073385,35.481766749],[139.598424228,35.482252865],[139.597932166,35.483007171],[139.597865914,35.483160919],[139.597696861,35.483294027],[139.597639831,35.483333334],[139.597639339,35.483333694],[139.597437004,35.483473198],[139.597139584,35.483575586],[139.596840532,35.483547027],[139.596516253,35.483333694],[139.596515695,35.483333333],[139.596490921,35.483317027],[139.596472283,35.483198414],[139.596458664,35.483112865],[139.596440052,35.482993135],[139.596431167,35.482936468],[139.596418392,35.482855919],[139.596248949,35.482087586],[139.596072555,35.481538135],[139.595959494,35.481256198],[139.595776161,35.481136198],[139.595607834,35.481116467],[139.595473114,35.481100919],[139.595350052,35.481097306],[139.595327833,35.481096748],[139.595243943,35.481094252],[139.59503061,35.481133135],[139.595023943,35.481134251],[139.594806446,35.481221198],[139.594804228,35.481222027],[139.594795331,35.48122564],[139.594770337,35.48123564],[139.594757562,35.48124064],[139.594480389,35.481373803],[139.594328054,35.481486892],[139.594092892,35.481641748],[139.593728859,35.481796505],[139.593248975,35.481964559],[139.592778274,35.482006532],[139.592499637,35.481983505],[139.592095746,35.481906693],[139.591882049,35.481798586],[139.591832776,35.481617441],[139.59176389,35.481535532],[139.591668665,35.48147036],[139.591666666,35.481469],[139.591494642,35.481351252],[139.591071336,35.480969837],[139.590951699,35.48086536],[139.59040114,35.480533973],[139.590083645,35.480301468],[139.589759468,35.480139252],[139.589413645,35.479885361],[139.589088912,35.479568414],[139.588972529,35.479409532],[139.588933917,35.479356748],[139.588757251,35.479067865],[139.588568079,35.478804252],[139.588535864,35.478759532],[139.588359467,35.47850564],[139.588112503,35.478216749],[139.587872502,35.477998135],[139.587484721,35.477702027],[139.587308054,35.477571468],[139.587160001,35.477462307],[139.586891946,35.477307307],[139.586602776,35.477131198],[139.586456939,35.477029801],[139.586207497,35.476856198],[139.585887782,35.476583414],[139.585778053,35.476460919],[139.585640829,35.476308135],[139.58559555,35.476257587],[139.585448885,35.476038135],[139.585103021,35.475517306],[139.584864695,35.475180919],[139.584731115,35.47500036],[139.584730856,35.475],[139.58449275,35.474678135],[139.584340752,35.474417532],[139.584293164,35.474214306],[139.584259144,35.474102306],[139.584184422,35.474062585],[139.584067471,35.47403036],[139.58385275,35.473970918],[139.583335253,35.473816225],[139.583333333,35.473815667],[139.583097756,35.47374536],[139.582815525,35.473611467],[139.582781362,35.47355064],[139.582760246,35.473512865],[139.582716641,35.47343536],[139.582695525,35.473230918],[139.582716641,35.473068694],[139.58275192,35.472913694],[139.582907173,35.472427585],[139.582963554,35.472014802],[139.58293856,35.471775359],[139.582929104,35.471687306],[139.58292328,35.471630919],[139.582984669,35.471411747],[139.582887444,35.471485359],[139.582857173,35.471508414],[139.582781894,35.471327027],[139.582462996,35.471866747],[139.58229939,35.472245081],[139.582073838,35.47243564],[139.581844384,35.47263064],[139.581782438,35.472682865],[139.581742166,35.472717306],[139.581709391,35.472751468],[139.581657173,35.472806469],[139.581555227,35.472913135],[139.581486084,35.47298536],[139.581459689,35.473013135],[139.581310804,35.473211747],[139.58122192,35.473324802],[139.581164422,35.473397865],[139.581001088,35.47360536],[139.580813307,35.473783414],[139.580725811,35.473866198],[139.580619974,35.474005919],[139.580093865,35.474701468],[139.580027471,35.474789532],[139.579868249,35.475],[139.579867977,35.47500036],[139.579841089,35.475035919],[139.579234137,35.476121198],[139.579088586,35.476437305],[139.578874969,35.476901748],[139.57883192,35.47699508],[139.578830246,35.477001197],[139.578800532,35.477103974],[139.578712218,35.477411198],[139.578685551,35.477694252],[139.578654721,35.478023414],[139.578506394,35.478827028],[139.578372502,35.479552865],[139.578284164,35.479768414],[139.578181947,35.480018135],[139.578074164,35.480195081],[139.577941673,35.480412027],[139.577910272,35.480463974],[139.577863891,35.480539801],[139.577813333,35.480622865],[139.577580272,35.480940081],[139.577291114,35.481193694],[139.577203607,35.481236748],[139.577175006,35.48125064],[139.577083606,35.48129564],[139.576888885,35.481391198],[139.576828366,35.481448973],[139.576726693,35.481546198],[139.57667725,35.481842306],[139.576623917,35.481915919],[139.576253917,35.482427306],[139.576035033,35.482681198],[139.576062801,35.482875081],[139.575980895,35.483333333],[139.57598083,35.483333694],[139.575956979,35.483467027],[139.57592891,35.483868694],[139.57588642,35.484101198],[139.575773087,35.484465919],[139.575702529,35.484733693],[139.575688637,35.485086199],[139.575766162,35.485438694],[139.575668392,35.485573135],[139.57556144,35.48572064],[139.575345058,35.486042586],[139.575001997,35.486553468],[139.574999999,35.486556415],[139.574748106,35.486931198],[139.574543385,35.487311748],[139.57431061,35.487797838],[139.57415533,35.488199505],[139.57412061,35.488400613],[139.574083385,35.488615054],[139.574056446,35.488770613],[139.574034502,35.489445054],[139.573935914,35.489776441],[139.573865642,35.489916441],[139.573830078,35.489987838],[139.573809248,35.490023108],[139.573738145,35.490142838],[139.573484254,35.490417838],[139.573194812,35.490819225],[139.573034528,35.491066171],[139.573025642,35.491080054],[139.572870363,35.491418387],[139.572757303,35.491531171],[139.572587886,35.491666667],[139.572587471,35.491667],[139.572345084,35.491860892],[139.572098145,35.492050892],[139.571921751,35.492234225],[139.571554813,35.492748946],[139.571096201,35.493164505],[139.570510921,35.493744775],[139.570422023,35.493833108],[139.570108145,35.494143946],[139.569649533,35.494589225],[139.569477588,35.494755892],[139.56880039,35.495460613],[139.568765384,35.495494505],[139.567988716,35.496249775],[139.567932335,35.496341441],[139.567897056,35.496496721],[139.567918171,35.496771442],[139.56787594,35.497011171],[139.567822607,35.497263108],[139.56787939,35.497453838],[139.568362891,35.497693108],[139.568678664,35.497923838],[139.568857004,35.498102278],[139.569004553,35.498253081],[139.569241245,35.498381279],[139.569372607,35.498433387],[139.569469832,35.498523387],[139.569652633,35.498675054],[139.56998834,35.498969387],[139.570181971,35.499092559],[139.570293839,35.499198198],[139.570332633,35.499296135],[139.570415642,35.499607803],[139.570514163,35.5],[139.570514255,35.500000333],[139.570532438,35.500072775],[139.57066847,35.50036117],[139.570766524,35.500553387],[139.570926809,35.500749225],[139.570963476,35.500793108],[139.571171245,35.501040891],[139.571103774,35.501269441],[139.571465837,35.501660559],[139.571697173,35.502011198],[139.571993217,35.502224775],[139.572056551,35.502276171],[139.572298495,35.502468667],[139.572366836,35.502524775],[139.572591556,35.502991171],[139.57276655,35.503368108],[139.572949637,35.503584108],[139.573053502,35.503789775],[139.573208494,35.503962279],[139.573258495,35.504017838],[139.573333773,35.504101721],[139.57355655,35.504133946],[139.573856835,35.504153667],[139.575,35.504262973],[139.575002114,35.504263198],[139.575463218,35.504307279],[139.576029923,35.504347802],[139.576263217,35.504334775],[139.576392672,35.504284225],[139.576657393,35.504143387],[139.576865446,35.504036721],[139.577163774,35.503925891],[139.577339339,35.503847001],[139.577487951,35.503807279],[139.577762113,35.503738386],[139.578053217,35.503695613],[139.578336005,35.503687838],[139.578720441,35.503647838],[139.578917393,35.503642279],[139.579046835,35.503681722],[139.579317109,35.503777279],[139.579352387,35.503792],[139.579372672,35.503800333],[139.579597419,35.503893668],[139.57986297,35.503940333],[139.580004773,35.503979892],[139.580296305,35.503979775],[139.580707419,35.503935108],[139.580600532,35.503633414],[139.580717419,35.503611586],[139.580855552,35.503498414],[139.581041051,35.503452586],[139.581053969,35.503529919],[139.5812362,35.50349372],[139.581324864,35.503572108],[139.581775032,35.503562892],[139.582177419,35.503352278],[139.582234358,35.503369505],[139.582257977,35.503641721],[139.582292361,35.503835775],[139.582492996,35.503843136],[139.582598521,35.503896441],[139.582857613,35.504196586],[139.583333333,35.504325748],[139.583335474,35.504326333],[139.5833393,35.50432736],[139.583557367,35.504299252],[139.584323722,35.504196586],[139.58523769,35.504022559],[139.585894942,35.503903198],[139.586100001,35.503871775],[139.586440896,35.503886442],[139.587451388,35.503926667],[139.588527302,35.503976558],[139.588998911,35.50397236],[139.589262919,35.503907387],[139.589514086,35.50377328],[139.589673969,35.503675225],[139.589959196,35.503677559],[139.59065672,35.503721892],[139.590868521,35.503296081],[139.591162114,35.503000413],[139.591292917,35.502865919],[139.591411582,35.502400333],[139.591433839,35.502001586],[139.591666667,35.501818441],[139.591668808,35.501816775],[139.592207951,35.501392748],[139.592497613,35.501306839],[139.592920533,35.501225108],[139.593121218,35.501164587],[139.593838145,35.500977837],[139.594034358,35.501300613],[139.594270195,35.501957838],[139.594303256,35.502022559],[139.594378949,35.502199533],[139.594529363,35.502231171],[139.594584086,35.502244225],[139.594587977,35.502244775],[139.594650752,35.502252559],[139.594714916,35.502255054],[139.594805473,35.502242],[139.594973528,35.502215053],[139.595189144,35.502027441],[139.595438392,35.501868505],[139.595482698,35.501720892],[139.595468833,35.501563054],[139.595574942,35.501314748],[139.595634669,35.501139026],[139.595734838,35.501084694],[139.596229532,35.501063748],[139.596262413,35.50099],[139.596198782,35.500585973],[139.596185966,35.500300972],[139.596181751,35.500188865],[139.596114306,35.500000333],[139.596114189,35.5],[139.596111634,35.499992919],[139.596523838,35.499688973],[139.596993358,35.499693279],[139.597380389,35.499674414],[139.59747131,35.499655613],[139.598049364,35.499512838],[139.598112412,35.499498945],[139.598166304,35.499487],[139.59825131,35.499468387],[139.598746032,35.499359504],[139.599466304,35.499169225],[139.599532141,35.499151721],[139.59963214,35.499125333],[139.599905188,35.499022],[139.6,35.498965387],[139.600002141,35.498964108],[139.6000838,35.498915333],[139.600627419,35.499205802],[139.601375837,35.498696865],[139.601796589,35.498534775],[139.602652776,35.498092748],[139.603371608,35.497887802],[139.603728145,35.498251279],[139.603934916,35.498216721],[139.604093256,35.498187559],[139.604620752,35.498048387],[139.604707419,35.498038667],[139.604991582,35.498031171],[139.605265188,35.498056441],[139.605544916,35.498066441],[139.606019559,35.498365613],[139.606295473,35.498408109],[139.606466744,35.498674973],[139.606335161,35.498890279],[139.606447561,35.499302505],[139.606810778,35.499230415],[139.607098249,35.499105892],[139.607200364,35.49907744],[139.607322698,35.498982838],[139.60755214,35.498805613],[139.607753605,35.498488468],[139.607890026,35.498449973],[139.608124695,35.49842272],[139.608210195,35.498485055],[139.608290751,35.498555333],[139.608333333,35.49860428],[139.608335474,35.498606748],[139.608435499,35.498721721],[139.608473281,35.498764775],[139.608844163,35.499109054],[139.609003748,35.499293694],[139.609154254,35.499156586],[139.609427523,35.498808694],[139.60950856,35.498333108],[139.609668808,35.498242973],[139.609854085,35.498118945],[139.609897419,35.498083667],[139.60993686,35.498036999],[139.60997214,35.497956441],[139.609979637,35.497855892],[139.609974643,35.497801442],[139.609962141,35.497667559],[139.609957134,35.497524504],[139.609939364,35.497407559],[139.609919079,35.497304506],[139.609867445,35.497040333],[139.609755331,35.496851278],[139.609798859,35.496576441],[139.609848782,35.496463225],[139.609975227,35.496256946],[139.609957394,35.495807387],[139.609685188,35.495658387],[139.609631855,35.495621721],[139.609288521,35.495414775],[139.609256861,35.495372278],[139.609230752,35.495326171],[139.609222697,35.495282],[139.609227419,35.495255892],[139.609232698,35.495227838],[139.6092438,35.495182559],[139.609263801,35.495143387],[139.609300467,35.495098387],[139.609312413,35.495092279],[139.609365746,35.495065612],[139.609385473,35.495063386],[139.609785746,35.495015333],[139.609847978,35.494995892],[139.609955188,35.494962838],[139.610116589,35.494912838],[139.610263528,35.494867],[139.610362412,35.494836441],[139.610500467,35.494793667],[139.610511025,35.494790333],[139.610825188,35.494624505],[139.610833256,35.494621721],[139.610939636,35.494586721],[139.611154916,35.494515333],[139.611326304,35.494457838],[139.611477135,35.494405054],[139.611478521,35.494404225],[139.611581582,35.494336721],[139.611756589,35.494149225],[139.612081828,35.493685333],[139.612561582,35.493050332],[139.613145136,35.492310919],[139.613322283,35.492040332],[139.613495721,35.492130613],[139.613562672,35.492177838],[139.613697108,35.492262],[139.613751829,35.492296171],[139.614191557,35.492520892],[139.61424044,35.492546171],[139.614323217,35.492588387],[139.614366005,35.492610333],[139.615394644,35.493193387],[139.615839922,35.493446441],[139.615960752,35.493506171],[139.616011025,35.493530892],[139.616257691,35.493652838],[139.616299637,35.493673388],[139.616348249,35.493697559],[139.616516005,35.493762441],[139.616666666,35.493823559],[139.616668807,35.493824414],[139.617077808,35.493990333],[139.617288301,35.494075775],[139.617672996,35.494237197],[139.617927056,35.494349945],[139.618321894,35.494527973],[139.61859192,35.494653776],[139.61902017,35.494825865],[139.619094228,35.494877586],[139.61909686,35.494881999],[139.619134087,35.494987],[139.619154643,35.495066171],[139.61922275,35.495187001],[139.619368833,35.495294081],[139.619526808,35.495387226],[139.619721335,35.495482171],[139.619907173,35.495527279],[139.619807718,35.495319225],[139.619772166,35.495216441],[139.619740856,35.49512536],[139.619730777,35.495004775],[139.619830195,35.494838892],[139.619943411,35.494677505],[139.620084228,35.494239559],[139.620158248,35.494011694],[139.620276031,35.493665891],[139.620452944,35.493097838],[139.620609688,35.492689558],[139.620739728,35.492468081],[139.620714227,35.492348946],[139.620766472,35.492233838],[139.620927614,35.491931171],[139.620996305,35.491802838],[139.621083333,35.491667],[139.621083528,35.491666667],[139.621197419,35.491488946],[139.621280467,35.491388667],[139.621395473,35.49127644],[139.621494644,35.491194226],[139.621788807,35.490995054],[139.621891505,35.49082864],[139.622079922,35.490637279],[139.622164385,35.490577027],[139.622322699,35.490511721],[139.622589728,35.490435802],[139.62274214,35.490402559],[139.622846641,35.490362225],[139.623131168,35.490291],[139.623510467,35.490017558],[139.623649637,35.489978946],[139.623758807,35.489961441],[139.623771855,35.489959505],[139.623796031,35.48995644],[139.623833256,35.489951441],[139.623896031,35.489943108],[139.624141582,35.489886442],[139.624387691,35.489823108],[139.625,35.489527803],[139.62500214,35.489526775],[139.625053528,35.489502],[139.625116589,35.489473945],[139.625152411,35.489458107],[139.625184358,35.489443946],[139.625303528,35.489390893],[139.625359079,35.489471171],[139.625374916,35.489493667],[139.625394357,35.489525892],[139.625479637,35.489737532],[139.625616305,35.489707109],[139.625954526,35.489673891],[139.626131634,35.48965964],[139.62633834,35.48964536],[139.626458418,35.489660252],[139.626663891,35.489690279],[139.626792114,35.489718973],[139.626885032,35.489854278],[139.626979363,35.489980613],[139.627105668,35.490173505],[139.627353606,35.490383081],[139.627568521,35.490545892],[139.627691674,35.490548253],[139.627927833,35.490602667],[139.628150779,35.490664838],[139.628319169,35.490676694],[139.628610947,35.490603108],[139.628849001,35.490779946],[139.629177056,35.491067135],[139.628888197,35.491261749],[139.628814528,35.491473748],[139.628632309,35.491571946],[139.628382867,35.491617694],[139.628261219,35.491666667],[139.628260414,35.491667],[139.628126809,35.491720802],[139.628000441,35.491739199],[139.627879363,35.491774441],[139.627751829,35.491802919],[139.627524423,35.491781721],[139.627303891,35.491733748],[139.627263502,35.491920532],[139.627370246,35.491939387],[139.627444501,35.49199864],[139.627522283,35.49217436],[139.62777852,35.492195333],[139.62804939,35.492213667],[139.628112166,35.492218108],[139.628210506,35.492224775],[139.628465811,35.492207586],[139.62877747,35.492205721],[139.629058145,35.492157135],[139.629371803,35.492140947],[139.629871336,35.492173667],[139.629932996,35.492185055],[139.63014389,35.492205748],[139.63027978,35.492397387],[139.630438197,35.492553027],[139.630593451,35.492672721],[139.630540609,35.492802306],[139.630510895,35.492966973],[139.630637276,35.493243026],[139.630743307,35.493413999],[139.630837445,35.493633387],[139.630878276,35.493753387],[139.630989948,35.493733667],[139.630991336,35.493733386],[139.631026615,35.493727279],[139.631161894,35.493703387],[139.631504669,35.493626441],[139.631632167,35.493605893],[139.631728275,35.493590613],[139.631803839,35.493578387],[139.631818833,35.493577],[139.6319855,35.493562279],[139.632096328,35.493568667],[139.632378833,35.493241441],[139.632469105,35.493163108],[139.632500506,35.493135612],[139.632601894,35.493047559],[139.632711608,35.492970892],[139.632762724,35.492952559],[139.632832166,35.492934225],[139.632901608,35.492912278],[139.633076887,35.492886721],[139.633215772,35.492872279],[139.633333333,35.492875305],[139.633335499,35.492875386],[139.633354384,35.492875892],[139.633605499,35.492913107],[139.633833839,35.492941721],[139.63418105,35.492985333],[139.634349105,35.492989225],[139.634500777,35.492975892],[139.63458856,35.492988945],[139.634631051,35.492995054],[139.634829105,35.493024468],[139.634892724,35.493037802],[139.634949105,35.493049748],[139.635002438,35.493060865],[139.635011336,35.493062802],[139.635049106,35.493070865],[139.635168559,35.493095865],[139.635169104,35.493096974],[139.635195772,35.493146694],[139.63520022,35.493201973],[139.635204669,35.493255306],[139.635204669,35.493350585],[139.635191335,35.493500586],[139.635188301,35.49362364],[139.635186913,35.493677532],[139.635211362,35.493706414],[139.635236641,35.493735865],[139.635321089,35.493895585],[139.635375252,35.494016973],[139.635442477,35.494116414],[139.635473023,35.494154468],[139.635563579,35.494236135],[139.635624695,35.49428364],[139.635854137,35.494424468],[139.636081362,35.494538081],[139.636177757,35.494590027],[139.63618886,35.494596135],[139.636318029,35.494672532],[139.636666278,35.494873919],[139.636743891,35.495022802],[139.636761803,35.49522536],[139.63678358,35.495612532],[139.636763022,35.496070026],[139.636727755,35.497220775],[139.636715279,35.497511136],[139.63667611,35.498189468],[139.636640558,35.499078081],[139.636631673,35.499509197],[139.636623606,35.499821134],[139.636619143,35.5],[139.636619105,35.500000306],[139.636613606,35.500218081],[139.636640558,35.500586414],[139.636703358,35.500855586],[139.636815577,35.501356279],[139.637170583,35.502471694],[139.63726642,35.502767802],[139.637395305,35.502929747],[139.637503087,35.503082252],[139.637643087,35.50325892],[139.637676693,35.503291694],[139.637705863,35.503325586],[139.637821414,35.503476135],[139.637948639,35.503666413],[139.638044747,35.503810307],[139.638215577,35.504059468],[139.638277835,35.504314468],[139.638333942,35.504600586],[139.638340052,35.505020306],[139.638358948,35.505213081],[139.638402283,35.505436973],[139.638495888,35.50564836],[139.638645577,35.505908081],[139.638899338,35.506292468],[139.639221751,35.506319306],[139.639339028,35.50626772],[139.639698105,35.506066135],[139.639899053,35.50595664],[139.640245616,35.505767802],[139.640504229,35.505563919],[139.640738663,35.505404468]]},"properties":{"city_code":"14102","city_name":"神奈川区","prefecture_code":"14","prefecture_name":"神奈川県"}},{"type":"Feature","geometry":{"type":"LineString","coordinates":[[139.611449883,35.471837695],[139.611619922,35.471821558],[139.611769882,35.47186292],[139.611965227,35.471795668],[139.612121284,35.471740279],[139.61203978,35.471555081],[139.61223384,35.47143528],[139.612482244,35.47155036],[139.612682802,35.471714252],[139.612714188,35.471739802],[139.612803359,35.471817586],[139.612818911,35.471830919],[139.612831415,35.471838414],[139.612904669,35.471891279],[139.61295428,35.471954333],[139.613065305,35.471986892],[139.613377613,35.472027865],[139.61343031,35.471971135],[139.613498171,35.471876721],[139.613536979,35.471765198],[139.61357681,35.471746279],[139.613810699,35.471790415],[139.614230194,35.471831],[139.614681634,35.472032108],[139.614653747,35.471779919],[139.614583061,35.471559279],[139.614496667,35.471325279],[139.61449847,35.471185279],[139.614579195,35.471063333],[139.614912049,35.470790171],[139.614775836,35.470683],[139.614689727,35.470685108],[139.614705305,35.470586468],[139.61476039,35.470511748],[139.614836226,35.470387748],[139.614914616,35.470305801],[139.615025136,35.470201802],[139.615099637,35.470117749],[139.615230311,35.470122585],[139.615481362,35.470187082],[139.61566511,35.470145055],[139.615864137,35.470127172],[139.61615345,35.470072559],[139.616194578,35.469843532],[139.616194554,35.469654414],[139.616347471,35.469667],[139.616357782,35.469447415],[139.616366783,35.469382279],[139.616393748,35.469288775],[139.616414307,35.469092306],[139.616330778,35.469079694],[139.616345552,35.468902306],[139.616345552,35.468897027],[139.616348611,35.468785919],[139.616350272,35.468714802],[139.61635555,35.468698695],[139.616360558,35.468683136],[139.616391388,35.468672865],[139.616666667,35.468641171],[139.616668612,35.468640946],[139.616678611,35.468639802],[139.616985279,35.468602586],[139.617250272,35.468559802],[139.617334164,35.468553414],[139.617984721,35.468503414],[139.618493892,35.468453414],[139.618827225,35.468416748],[139.618846939,35.468414802],[139.619247783,35.46837064],[139.62039917,35.468244533],[139.621135305,35.468263694],[139.621279754,35.468267587],[139.621789467,35.468280919],[139.622005305,35.468211468],[139.622036693,35.468201198],[139.622074189,35.468189252],[139.622248638,35.468133135],[139.622502529,35.468108134],[139.622537522,35.468104802],[139.622570857,35.468101468],[139.622673359,35.468091467],[139.623337522,35.468006468],[139.623389196,35.467982586],[139.623598366,35.46788564],[139.623705863,35.467835919],[139.623789611,35.467759865],[139.62386808,35.46769036],[139.623991414,35.467579802],[139.624108366,35.467475082],[139.624181141,35.467409533],[139.62433808,35.467268973],[139.624532529,35.467162586],[139.624893917,35.466922027],[139.625,35.46685136],[139.625001971,35.466850055],[139.62503031,35.466831199],[139.62527655,35.466667027],[139.625277082,35.466666668],[139.625421971,35.466570081],[139.625951946,35.466210919],[139.626221674,35.46605064],[139.626329441,35.465986748],[139.62657083,35.46585536],[139.626715837,35.465788973],[139.626929728,35.465707586],[139.627039442,35.465677586],[139.627182504,35.465667865],[139.627342503,35.46567536],[139.627536109,35.465684802],[139.627728612,35.465723972],[139.627986693,35.465776198],[139.628422244,35.465966198],[139.628577523,35.466037865],[139.629374747,35.466406198],[139.629997056,35.466666667],[139.629997886,35.466667027],[139.630005863,35.46667036],[139.630650311,35.466917865],[139.631132244,35.467096468],[139.631473358,35.46717064],[139.631773359,35.467187027],[139.631818638,35.467177027],[139.632186978,35.467095081],[139.632374475,35.466919532],[139.632521971,35.466734802],[139.632555448,35.466667027],[139.632555616,35.466666668],[139.632608911,35.466558693],[139.632841414,35.466108135],[139.632994747,35.46580536],[139.633049196,35.465652027],[139.633309754,35.465185081],[139.633333333,35.465154612],[139.633335305,35.465152081],[139.633474514,35.464972333],[139.633333333,35.464847667],[139.632937952,35.464498532],[139.632939948,35.464497414],[139.633148586,35.464381946],[139.633333332,35.464328505],[139.633335305,35.464327946],[139.633438054,35.464298225],[139.633918392,35.464166251],[139.634112555,35.464111775],[139.633781141,35.463530585],[139.633929105,35.463473749],[139.63422917,35.464003639],[139.63448061,35.463908306],[139.634109026,35.463249224],[139.63408,35.463223505],[139.634067523,35.463228613],[139.634086083,35.463262081],[139.633883385,35.463338198],[139.633862969,35.463305775],[139.633850169,35.463310279],[139.633856693,35.463345802],[139.633905616,35.463432252],[139.633757498,35.463489108],[139.633554111,35.463132388],[139.633658716,35.463023306],[139.634441893,35.463018667],[139.634756616,35.463592279],[139.634757471,35.463779333],[139.635012412,35.463779667],[139.637903969,35.463783306],[139.638012283,35.463783467],[139.63838786,35.463783974],[139.63848144,35.463584386],[139.638496201,35.463589441],[139.638569856,35.463427694],[139.638608197,35.463343279],[139.638737445,35.463059722],[139.638721284,35.463047081],[139.638808366,35.462848387],[139.638762388,35.462770973],[139.638730169,35.462784892],[139.638677134,35.462709893],[139.638636977,35.462648973],[139.638596589,35.462584198],[139.638557302,35.462515081],[139.638519442,35.462450667],[139.638482698,35.462384252],[139.638446939,35.462316865],[139.638407134,35.462236027],[139.638358223,35.462132198],[139.638336719,35.462094865],[139.638325162,35.462081224],[139.638300415,35.462068108],[139.638158003,35.462066614],[139.638129053,35.461996999],[139.638216083,35.461999199],[139.638244747,35.46199536],[139.638267808,35.461979721],[139.638270389,35.461953414],[139.638235032,35.461868973],[139.638175279,35.461698775],[139.638130895,35.461552253],[139.638087562,35.461385225],[139.638048663,35.461197306],[139.638031284,35.461101198],[139.638014967,35.460968838],[139.637998949,35.460845865],[139.637991506,35.460689441],[139.637988106,35.460587866],[139.637988106,35.460460667],[139.637992089,35.46031664],[139.638002607,35.46016036],[139.638024138,35.459996505],[139.638043166,35.459881695],[139.638080337,35.45967436],[139.63809803,35.45960228],[139.638113061,35.459545415],[139.63813061,35.459482973],[139.638147834,35.459425667],[139.638171478,35.459351802],[139.638191115,35.459294054],[139.638217173,35.459221803],[139.638240558,35.459160532],[139.638266394,35.459096307],[139.638296861,35.459024054],[139.638297302,35.459023252],[139.63832834,35.458954252],[139.638355668,35.458895802],[139.638391996,35.458822027],[139.638430506,35.458748],[139.638436446,35.458747108],[139.638445837,35.45874417],[139.638454773,35.458739586],[139.638460169,35.458735532],[139.63846725,35.458728135],[139.638470558,35.45872264],[139.638473554,35.458715081],[139.638474774,35.458705892],[139.638473501,35.458696333],[139.638469559,35.458686946],[139.638464839,35.458680639],[139.638457666,35.458674054],[139.637908171,35.458380559],[139.6379038,35.458354225],[139.638281725,35.458345468],[139.638300532,35.458356414],[139.638276667,35.458387279],[139.638292943,35.458395865],[139.638319468,35.45836536],[139.638387912,35.458401441],[139.638364358,35.458432667],[139.63838275,35.458442081],[139.638407393,35.458409586],[139.638516694,35.458464306],[139.638522049,35.458480892],[139.638535356,35.458488306],[139.638551337,35.458482468],[139.638571362,35.458492775],[139.638518145,35.458494865],[139.638518885,35.458506306],[139.638560219,35.458504559],[139.638563164,35.458555224],[139.638522867,35.458556171],[139.638523359,35.458568945],[139.639379441,35.458549414],[139.63937939,35.458537252],[139.639338949,35.458538279],[139.639336524,35.458488252],[139.639377081,35.458487027],[139.639376667,35.458476135],[139.638677367,35.458490053],[139.638610143,35.458454694],[139.638606745,35.458440721],[139.638594422,35.458434134],[139.638575914,35.458437533],[139.638548834,35.458425748],[139.638545136,35.458408171],[139.638531506,35.458401586],[139.638515058,35.458405974],[139.63849489,35.458395469],[139.638543086,35.458333694],[139.638543385,35.458333334],[139.63860275,35.458257198],[139.638551505,35.458227468],[139.638578885,35.45819072],[139.638562048,35.458181332],[139.638530143,35.458217865],[139.638464035,35.458178919],[139.638489882,35.458146775],[139.638472503,35.458138441],[139.638446421,35.458170586],[139.638385136,35.458138505],[139.638383306,35.458117748],[139.638395668,35.458107946],[139.638395356,35.458095135],[139.638382283,35.458083775],[139.638379443,35.458032748],[139.638799975,35.458021801],[139.638799882,35.458011614],[139.63875869,35.458011198],[139.638755838,35.457963135],[139.638797056,35.457961505],[139.638796641,35.457949505],[139.638160363,35.457964054],[139.638160558,35.457976054],[139.638200752,35.457976306],[139.638202633,35.45802436],[139.63816297,35.458025197],[139.638162723,35.458036],[139.638322244,35.45803536],[139.638322866,35.458051775],[139.638311051,35.458059505],[139.638310922,35.458075198],[139.63832367,35.458084386],[139.638324839,35.45810936],[139.638312776,35.458120694],[139.638313191,35.458134775],[139.638325383,35.458143892],[139.638329105,35.458203748],[139.638273502,35.458282],[139.637901336,35.458291135],[139.637905383,35.458203414],[139.637909804,35.458104108],[139.637922775,35.457984505],[139.637941894,35.457875748],[139.637969248,35.457760225],[139.637997471,35.457662279],[139.638027885,35.457573441],[139.638095136,35.457418694],[139.638062438,35.457405865],[139.638074086,35.457380279],[139.638071414,35.457378838],[139.636748912,35.456673586],[139.635140777,35.455816198],[139.635135448,35.45581336],[139.635144254,35.455779388],[139.635051673,35.455566054],[139.635055641,35.45556164],[139.635063332,35.455501306],[139.635511686,35.455432578],[139.635232725,35.45514036],[139.634458275,35.45428564],[139.634126888,35.453937306],[139.633889105,35.45366536],[139.633625499,35.45321536],[139.633506329,35.452926747],[139.63339603,35.452527586],[139.633335189,35.452448135],[139.633333333,35.452445694],[139.633298807,35.45240064],[139.633198807,35.452347586],[139.632987977,35.452298135],[139.632804086,35.452283694],[139.632795473,35.452283135],[139.632554358,35.452264252],[139.632021581,35.452808136],[139.631492412,35.453406198],[139.631272698,35.453679252],[139.630924942,35.454111198],[139.630525771,35.454591748],[139.630389663,35.454753135],[139.630195771,35.454650081],[139.62999022,35.454540641],[139.629811609,35.454455919],[139.629721051,35.454412864],[139.629471582,35.454294532],[139.629131025,35.454335081],[139.628849948,35.454608694],[139.628776329,35.454726748],[139.628706615,35.454838135],[139.628464669,35.454982305],[139.628400219,35.454984251],[139.628361894,35.454984252],[139.628343554,35.454968973],[139.628328003,35.45495564],[139.628289949,35.454905919],[139.628232724,35.454836468],[139.628051855,35.454617305],[139.628018521,35.454592586],[139.628011309,35.454587306],[139.627923528,35.454522027],[139.627918249,35.454517865],[139.627778521,35.454413973],[139.627720467,35.454370919],[139.627756304,35.454312306],[139.627800195,35.45424064],[139.627814085,35.454217865],[139.6281538,35.453759252],[139.628528249,35.453279252],[139.6286638,35.45310536],[139.629066304,35.45255036],[139.629137977,35.452451467],[139.629136861,35.452450919],[139.629004086,35.45240036],[139.628782412,35.452276468],[139.628733255,35.452251468],[139.628649079,35.452208414],[139.628478806,35.452121468],[139.628452412,35.452108135],[139.628415188,35.452088973],[139.62840808,35.452051414],[139.628356303,35.45177536],[139.628347977,35.451690081],[139.628337134,35.451578414],[139.62821572,35.451151468],[139.628128859,35.450976171],[139.628002245,35.450816468],[139.628040727,35.450637586],[139.628059339,35.450556748],[139.628071284,35.450505108],[139.628108223,35.450333171],[139.628119053,35.450217892],[139.628084891,35.450056505],[139.628057366,35.450000387],[139.628057174,35.45],[139.62795917,35.44980036],[139.627991192,35.449614802],[139.628022335,35.44951172],[139.628055811,35.449448946],[139.628219754,35.449409532],[139.628168495,35.449269694],[139.628119831,35.449059054],[139.628087004,35.449017171],[139.627930388,35.449004387],[139.627858833,35.449029667],[139.627787004,35.449082333],[139.627636835,35.449081667],[139.627631634,35.449013198],[139.627502088,35.448878775],[139.627499586,35.448627613],[139.627485966,35.448516198],[139.627209339,35.448374838],[139.627122114,35.448598171],[139.626886278,35.449020387],[139.626734332,35.449208721],[139.626639339,35.449192054],[139.626462944,35.449160946],[139.626275162,35.449127891],[139.626179884,35.449007334],[139.626397108,35.448849559],[139.626454059,35.448758721],[139.626560169,35.448460667],[139.626609857,35.448306775],[139.626681803,35.448083171],[139.626685966,35.448073441],[139.626691246,35.448060946],[139.626754864,35.447909],[139.626793191,35.447817612],[139.626834864,35.447717893],[139.626882088,35.447582613],[139.626895135,35.447545946],[139.626916252,35.447485667],[139.626732633,35.446817892],[139.626622633,35.446353171],[139.62658083,35.446243748],[139.626814812,35.445831972],[139.62659856,35.445384694],[139.62644703,35.445098387],[139.626183281,35.445055414],[139.626107523,35.444906802],[139.625946226,35.444522135],[139.625752866,35.444074108],[139.625563191,35.443627306],[139.625445668,35.443667414],[139.625401608,35.443742108],[139.625164332,35.443833505],[139.625030362,35.443727973],[139.625005668,35.44350928],[139.625001777,35.44350664],[139.625,35.443505414],[139.624909559,35.443443721],[139.624825109,35.443275387],[139.624811505,35.443247892],[139.624686058,35.443177559],[139.624689883,35.443015558],[139.624460999,35.442870892],[139.62430328,35.442738776],[139.623984255,35.442497892],[139.623810921,35.442507054],[139.623542672,35.442554279],[139.623243695,35.442624558],[139.623337613,35.442831559],[139.623151026,35.442903918],[139.622800947,35.443012414],[139.622708003,35.443021802],[139.622636744,35.44291344],[139.622383411,35.442886775],[139.622326471,35.442701225],[139.622240363,35.442670666],[139.621952309,35.442708171],[139.621878144,35.442615946],[139.62185786,35.442590947],[139.621789533,35.442505667],[139.62174786,35.442265108],[139.621701167,35.442090748],[139.621519949,35.441845919],[139.621210195,35.441905838],[139.62070511,35.441969892],[139.620245446,35.442044837],[139.619969922,35.442101136],[139.619772023,35.442180054],[139.619556084,35.442288306],[139.619349275,35.442374613],[139.619038859,35.442551721],[139.618856667,35.442672],[139.618588301,35.442808441],[139.618260584,35.442926108],[139.617725837,35.443033468],[139.617695914,35.443042054],[139.617142581,35.443205946],[139.616969248,35.443250947],[139.616768974,35.443303171],[139.616668417,35.443325333],[139.616666667,35.443325721],[139.616441479,35.443375387],[139.616383696,35.443387892],[139.616327588,35.443400387],[139.616260636,35.443415108],[139.616229804,35.443424279],[139.615834526,35.443542054],[139.615699248,35.443613171],[139.615586472,35.443669559],[139.615491751,35.443749838],[139.615392827,35.443858973],[139.615348418,35.443907892],[139.615199248,35.444076505],[139.615179532,35.444098721],[139.615053969,35.444212892],[139.615024527,35.44423956],[139.614957302,35.444281225],[139.614929805,35.444298171],[139.614841194,35.444326225],[139.614675914,35.444311225],[139.614369533,35.444274],[139.614215357,35.444220667],[139.614175084,35.444206775],[139.614129532,35.444189837],[139.614085357,35.444173171],[139.614078144,35.444167333],[139.614000363,35.444105387],[139.613835914,35.443866225],[139.613648974,35.443664559],[139.613521751,35.443612333],[139.61334231,35.443567613],[139.613088144,35.443560108],[139.613025356,35.443557892],[139.612988419,35.443556505],[139.612967588,35.443553171],[139.612915084,35.443545108],[139.612885915,35.443540387],[139.612763113,35.443482054],[139.612647275,35.443410667],[139.612561168,35.443374279],[139.61249144,35.443344559],[139.612436445,35.443321505],[139.612206446,35.443224],[139.611855059,35.443082054],[139.611747563,35.443005945],[139.611741997,35.443002055],[139.611702283,35.442974],[139.611675058,35.442954559],[139.61167144,35.442951225],[139.611601997,35.442883171],[139.611591997,35.442866505],[139.611555616,35.442806775],[139.61153144,35.442710109],[139.611537561,35.442633721],[139.611521441,35.442575387],[139.611481167,35.442567333],[139.611416719,35.442587333],[139.611289494,35.442627892],[139.610549222,35.442911775],[139.610178885,35.443118388],[139.610047834,35.443161506],[139.609923671,35.443196225],[139.609846719,35.443217891],[139.609607004,35.443234001],[139.609480052,35.443223721],[139.609337005,35.443199559],[139.609058664,35.443134279],[139.609001997,35.443120945],[139.608770336,35.443075946],[139.608508664,35.44306844],[139.608335057,35.443104361],[139.608333333,35.443104721],[139.608211193,35.443129973],[139.60778834,35.443214028],[139.607520998,35.443228748],[139.607373385,35.443211775],[139.607194229,35.443197892],[139.606556861,35.443120613],[139.60630856,35.443096252],[139.60623192,35.443094225],[139.605972554,35.443088721],[139.605754229,35.443094559],[139.605527277,35.443129],[139.605245888,35.443206506],[139.604967276,35.443243721],[139.604803386,35.443298442],[139.604653943,35.443355387],[139.604572283,35.443382613],[139.604516161,35.443401505],[139.604484774,35.443419279],[139.604396446,35.44346872],[139.604206719,35.443664],[139.604105058,35.443782333],[139.604083942,35.443807054],[139.604066162,35.443827614],[139.604058392,35.443834838],[139.603913672,35.443971225],[139.603767276,35.444094559],[139.603733112,35.444118721],[139.603707276,35.444136775],[139.603658949,35.444170946],[139.60362061,35.444197892],[139.603482283,35.44434928],[139.603338664,35.444696774],[139.603249494,35.444891775],[139.603192283,35.445087054],[139.603164034,35.445223108],[139.603161439,35.445409081],[139.603126446,35.445637613],[139.603179443,35.445711693],[139.603259637,35.445735892],[139.603501415,35.445789198],[139.603653722,35.445831505],[139.603858054,35.445876668],[139.604112555,35.445991225],[139.604187004,35.446056225],[139.604183672,35.44607872],[139.604178106,35.446262306],[139.604132581,35.446370946],[139.604069533,35.446514559],[139.604012023,35.446646505],[139.60395939,35.446782081],[139.604085577,35.447068252],[139.604054747,35.447262613],[139.603992219,35.447399865],[139.604013605,35.447550559],[139.604030311,35.447686108],[139.604012309,35.447883668],[139.604058586,35.44833656],[139.604035447,35.448431108],[139.603985331,35.448598198],[139.60384786,35.448856532],[139.603548339,35.448984893],[139.603820416,35.449409667],[139.603974812,35.449388333],[139.604088106,35.449687802],[139.604557276,35.449713054],[139.60464153,35.449622695],[139.60475153,35.449652919],[139.604766783,35.449769802],[139.605023995,35.449888081],[139.604949274,35.449968414],[139.604936394,35.45],[139.604936252,35.450000387],[139.604908171,35.450069279],[139.604831673,35.450361667],[139.604752633,35.450491694],[139.604683164,35.450654],[139.604550856,35.451004468],[139.604887328,35.451257613],[139.605212049,35.451449838],[139.605913164,35.451811504],[139.606111505,35.451903441],[139.606257886,35.451960946],[139.60631817,35.451992333],[139.606794306,35.452284559],[139.607423191,35.452634838],[139.607949028,35.452930667],[139.607992362,35.452959279],[139.608012361,35.452990946],[139.607995135,35.453036776],[139.607936252,35.453075386],[139.607920414,35.453085667],[139.607795694,35.453138171],[139.607539857,35.453238441],[139.607332918,35.453330387],[139.607137639,35.453419279],[139.606978715,35.453504279],[139.60692345,35.453558946],[139.606775642,35.453561027],[139.606548756,35.453545668],[139.606282502,35.453537613],[139.606105577,35.453572],[139.605968494,35.453630387],[139.605774579,35.453792054],[139.605760143,35.453803171],[139.605545642,35.453990802],[139.605465966,35.454072775],[139.605352089,35.45419928],[139.605209493,35.454273307],[139.605265473,35.45433336],[139.605516084,35.454591865],[139.60524489,35.454731614],[139.605382412,35.454838774],[139.605153645,35.455015307],[139.60512022,35.455039506],[139.605604773,35.455525999],[139.605953114,35.45590636],[139.605540557,35.456062946],[139.605638223,35.456239468],[139.605519948,35.456284667],[139.605721751,35.456682892],[139.605782113,35.456809001],[139.605883256,35.457119414],[139.605786032,35.45716836],[139.606048223,35.457762054],[139.605923554,35.457793586],[139.606004527,35.458051027],[139.606053359,35.458216],[139.605998586,35.458258802],[139.60603428,35.458333334],[139.606034449,35.458333721],[139.60618083,35.458639468],[139.606263774,35.458655667],[139.606357328,35.458789333],[139.606225578,35.458835946],[139.606424838,35.45916064],[139.606627886,35.459452721],[139.606387562,35.459496866],[139.606079078,35.459419135],[139.605982698,35.459698613],[139.605899171,35.459887748],[139.605762918,35.460219775],[139.605696108,35.460418387],[139.605594553,35.460624333],[139.605561141,35.460786171],[139.605526446,35.461016279],[139.605456304,35.461527028],[139.605451582,35.46168036],[139.605445473,35.46172536],[139.605425188,35.46183536],[139.605408807,35.461904802],[139.605401582,35.461994252],[139.60542297,35.462288972],[139.605438029,35.462419839],[139.605444227,35.462810973],[139.605451945,35.463044225],[139.605468638,35.463230224],[139.605478911,35.463346865],[139.605487913,35.463428802],[139.605499493,35.463546505],[139.605523918,35.463668387],[139.605513646,35.463817586],[139.605484111,35.463927028],[139.605406939,35.464054],[139.605399248,35.464209533],[139.605368003,35.46444564],[139.605308275,35.464576748],[139.605289558,35.464739],[139.605229611,35.464884082],[139.605156329,35.465011225],[139.605049196,35.46510964],[139.604989274,35.465231864],[139.604901895,35.465579667],[139.60480856,35.465697586],[139.604788833,35.465842586],[139.604784941,35.465871749],[139.604765226,35.465948865],[139.604665422,35.466122893],[139.604693671,35.466224803],[139.604698833,35.466301532],[139.60471297,35.466467533],[139.604700116,35.466569441],[139.604660117,35.466666667],[139.604659974,35.466667027],[139.604652581,35.466685027],[139.604791362,35.466811108],[139.604926305,35.466929864],[139.604985811,35.466977306],[139.604985811,35.467013414],[139.604984423,35.467033694],[139.604976083,35.467151469],[139.604966641,35.467227865],[139.604947471,35.467287305],[139.604898302,35.467367027],[139.604853864,35.467437864],[139.604805253,35.467511198],[139.604758029,35.467576747],[139.604692477,35.467669532],[139.604609689,35.467793414],[139.604573022,35.467847306],[139.604551361,35.467883414],[139.604534968,35.467926748],[139.604534423,35.467946199],[139.604548029,35.467963973],[139.604597471,35.467996749],[139.604974695,35.46824564],[139.605024694,35.468278694],[139.605206641,35.468378415],[139.60532275,35.468430919],[139.605363307,35.468446198],[139.605468586,35.46848564],[139.605576083,35.468537306],[139.606128586,35.468926197],[139.606269339,35.469035468],[139.606374721,35.469040748],[139.606742477,35.468985641],[139.60684511,35.469389586],[139.606870804,35.469520919],[139.606963358,35.469621775],[139.607176694,35.469754171],[139.606923607,35.470132307],[139.606911387,35.470192586],[139.60691917,35.470258413],[139.606958612,35.470333694],[139.607006109,35.470363414],[139.607041946,35.47038564],[139.607203606,35.470451748],[139.607624449,35.47065064],[139.607852775,35.470770919],[139.607938054,35.47080536],[139.608077224,35.470861468],[139.608167782,35.470898135],[139.60830917,35.470955081],[139.608333333,35.470964866],[139.608335279,35.470965667],[139.608419443,35.470999802],[139.608528885,35.471043974],[139.608564449,35.471058414],[139.608926939,35.471204802],[139.608947497,35.471213135],[139.60928,35.471372866],[139.609389728,35.471423973],[139.609513334,35.47147036],[139.610034449,35.471676748],[139.610808586,35.472023694],[139.611029637,35.472124559],[139.611334228,35.471910198],[139.611449883,35.471837695]]},"properties":{"city_code":"14103","city_name":"西区","prefecture_code":"14","prefecture_name":"神奈川県"}},{"type":"Feature","geometry":{"type":"LineString","coordinates":[[139.648832996,35.411481027],[139.648812219,35.411468387],[139.648804306,35.411469891],[139.648748444,35.411528865],[139.648749078,35.411535614],[139.648768885,35.411546108],[139.648832996,35.411481027]]},"properties":{"city_code":"14104","city_name":"中区","prefecture_code":"14","prefecture_name":"神奈川県"}},{"type":"Feature","geometry":{"type":"LineString","coordinates":[[139.648949339,35.411554414],[139.648928105,35.411542306],[139.648862802,35.411611613],[139.648881362,35.411624802],[139.648891052,35.411623082],[139.648949079,35.411561973],[139.648949339,35.411554414]]},"properties":{"city_code":"14104","city_name":"中区","prefecture_code":"14","prefecture_name":"神奈川県"}},{"type":"Feature","geometry":{"type":"LineString","coordinates":[[139.692138119,35.410081252],[139.691911673,35.40988864],[139.691903502,35.409894135],[139.691668249,35.409704108],[139.691666667,35.409702802],[139.689971803,35.408333775],[139.689971284,35.408333333],[139.689936498,35.408305279],[139.68993,35.408309307],[139.689921855,35.408302802],[139.689927912,35.408294532],[139.689840972,35.408224198],[139.687396692,35.406247802],[139.685854669,35.405007135],[139.685789364,35.404954586],[139.685436446,35.404682486],[139.687988456,35.402565458],[139.686411115,35.401290649],[139.686658418,35.401083946],[139.68760939,35.400292027],[139.687529313,35.400233558],[139.687809818,35.400000001],[139.689212061,35.398832423],[139.690474475,35.399849613],[139.690485837,35.399840252],[139.690643385,35.399967361],[139.690662023,35.4],[139.69066231,35.400000468],[139.691223191,35.400983197],[139.691528975,35.401515],[139.691666667,35.401751919],[139.691668171,35.401754505],[139.69192581,35.402197748],[139.69236511,35.402950748],[139.692542867,35.403232586],[139.693567911,35.405005306],[139.69357428,35.405016307],[139.693576472,35.405020198],[139.695039585,35.407536559],[139.695012503,35.407602865],[139.694257665,35.40822936],[139.694132412,35.408333334],[139.69413192,35.408333775],[139.692093672,35.410024756],[139.692174488,35.410096288],[139.694291803,35.408333775],[139.69429231,35.408333333],[139.694417004,35.408229559],[139.695191,35.407585306],[139.693701114,35.405016469],[139.693595357,35.404834252],[139.692638833,35.403194559],[139.692058586,35.402201865],[139.691668171,35.401528198],[139.691666666,35.401525613],[139.69132786,35.400940946],[139.690785331,35.400000468],[139.690785058,35.4],[139.690734916,35.399913081],[139.690567198,35.399773442],[139.688656938,35.398234278],[139.687552477,35.397341],[139.686840466,35.396765586],[139.685572438,35.395744722],[139.684546083,35.394916865],[139.684272803,35.394696838],[139.683334772,35.393938],[139.683333332,35.393936838],[139.682371894,35.393159053],[139.679214578,35.395061225],[139.678359753,35.39557808],[139.678273606,35.395577802],[139.678058004,35.395270587],[139.677949754,35.395323838],[139.678227419,35.39571236],[139.678386913,35.39561728],[139.678418093,35.395658523],[139.678394514,35.395669685],[139.678397276,35.395673586],[139.678278444,35.395730018],[139.677973696,35.395983154],[139.678047626,35.396042829],[139.678062698,35.396030315],[139.679088716,35.396858477],[139.681608846,35.398892577],[139.681618352,35.398885154],[139.681916252,35.39912436],[139.683003113,35.4],[139.683333333,35.400266054],[139.685373101,35.401909432],[139.685120247,35.402121027],[139.684590999,35.402564946],[139.683704086,35.403292],[139.683334864,35.403599333],[139.683333333,35.403600613],[139.682250441,35.404502027],[139.682237977,35.404493802],[139.681825161,35.404157171],[139.679439247,35.402234081],[139.679201361,35.402041776],[139.677009442,35.400270108],[139.676676278,35.400000468],[139.676675694,35.400000001],[139.67638192,35.399762252],[139.675978249,35.399738838],[139.675001479,35.399683252],[139.675,35.399683171],[139.674699001,35.399666027],[139.674147613,35.4],[139.674146835,35.400000468],[139.671262827,35.401747171],[139.671155383,35.40291336],[139.673736835,35.404991721],[139.674999999,35.406008667],[139.675001531,35.406009891],[139.675964721,35.406785306],[139.677729144,35.408210387],[139.677881193,35.408333334],[139.677881752,35.408333775],[139.677970895,35.408405865],[139.678325525,35.408691973],[139.678745578,35.409031027],[139.680188911,35.410188442],[139.680254137,35.410172386],[139.681198807,35.409884135],[139.682653696,35.40944136],[139.683333333,35.409233506],[139.683334916,35.409233027],[139.68417275,35.408976775],[139.684640921,35.409358468],[139.684953799,35.409610721],[139.684944449,35.409618442],[139.687563917,35.411730279],[139.688877613,35.412793918],[139.691666667,35.410472],[139.691668248,35.410470667],[139.692138119,35.410081252]]},"properties":{"city_code":"14104","city_name":"中区","prefecture_code":"14","prefecture_name":"神奈川県"}},{"type":"Feature","geometry":{"type":"LineString","coordinates":[[139.681261414,35.424630225],[139.681238223,35.424611919],[139.681175772,35.424659865],[139.681197444,35.42468],[139.681261414,35.424630225]]},"properties":{"city_code":"14104","city_name":"中区","prefecture_code":"14","prefecture_name":"神奈川県"}},{"type":"Feature","geometry":{"type":"LineString","coordinates":[[139.681391388,35.424730721],[139.681276395,35.424629532],[139.681198755,35.424692441],[139.681313307,35.424791198],[139.681391388,35.424730721]]},"properties":{"city_code":"14104","city_name":"中区","prefecture_code":"14","prefecture_name":"神奈川県"}},{"type":"Feature","geometry":{"type":"LineString","coordinates":[[139.68065406,35.425100081],[139.680632633,35.425081414],[139.680567887,35.425130893],[139.68057131,35.425133973],[139.680589222,35.425149586],[139.680596057,35.42514436],[139.68065406,35.425100081]]},"properties":{"city_code":"14104","city_name":"中区","prefecture_code":"14","prefecture_name":"神奈川県"}},{"type":"Feature","geometry":{"type":"LineString","coordinates":[[139.680857911,35.425267749],[139.680670026,35.42510164],[139.680604865,35.425153225],[139.680591726,35.425163559],[139.680761699,35.425311414],[139.680779948,35.425327225],[139.680857911,35.425267749]]},"properties":{"city_code":"14104","city_name":"中区","prefecture_code":"14","prefecture_name":"神奈川県"}},{"type":"Feature","geometry":{"type":"LineString","coordinates":[[139.680273645,35.425994082],[139.68012358,35.425862559],[139.680061025,35.425910332],[139.680211115,35.426041865],[139.680273645,35.425994082]]},"properties":{"city_code":"14104","city_name":"中区","prefecture_code":"14","prefecture_name":"神奈川県"}},{"type":"Feature","geometry":{"type":"LineString","coordinates":[[139.689097639,35.443315333],[139.688357834,35.442577721],[139.688300947,35.442614973],[139.689000273,35.443315306],[139.688984838,35.44333072],[139.688975667,35.443341171],[139.68898214,35.443356945],[139.689073502,35.443445387],[139.689085058,35.443458108],[139.68910144,35.443466055],[139.689124474,35.44346636],[139.689152581,35.443451775],[139.689170441,35.443438108],[139.689185136,35.443413613],[139.689184747,35.443395306],[139.689097639,35.443315333]]},"properties":{"city_code":"14104","city_name":"中区","prefecture_code":"14","prefecture_name":"神奈川県"}},{"type":"Feature","geometry":{"type":"LineString","coordinates":[[139.662116446,35.444837109],[139.661990078,35.444738054],[139.661692917,35.444991919],[139.661819274,35.445090892],[139.662116446,35.444837109]]},"properties":{"city_code":"14104","city_name":"中区","prefecture_code":"14","prefecture_name":"神奈川県"}},{"type":"Feature","geometry":{"type":"LineString","coordinates":[[139.674097004,35.452631531],[139.674036083,35.452521837],[139.674004333,35.452531532],[139.673934773,35.452436613],[139.673898949,35.452339027],[139.673451777,35.451507721],[139.673404475,35.451530721],[139.673846161,35.452348802],[139.673838781,35.45235464],[139.673855422,35.452458333],[139.673886279,35.452456198],[139.673953943,35.452550305],[139.673928665,35.452567667],[139.673980363,35.452666613],[139.673989948,35.452675387],[139.674009196,35.452682532],[139.674033113,35.452683],[139.674079974,35.452665305],[139.674094864,35.452650279],[139.674097004,35.452631531]]},"properties":{"city_code":"14104","city_name":"中区","prefecture_code":"14","prefecture_name":"神奈川県"}},{"type":"Feature","geometry":{"type":"LineString","coordinates":[[139.642990948,35.456787775],[139.643040584,35.456761919],[139.643159416,35.456820865],[139.643166783,35.456834505],[139.643178002,35.45683992],[139.643194643,35.456839667],[139.643208417,35.456829774],[139.643211115,35.456813469],[139.643197808,35.456799387],[139.643180661,35.456694973],[139.643208222,35.456679054],[139.643208807,35.456665893],[139.643175939,35.456631694],[139.64316703,35.456637442],[139.642028144,35.455222775],[139.641966058,35.455145802],[139.642913943,35.454630694],[139.643073995,35.454828722],[139.643176913,35.454956171],[139.643380027,35.455207613],[139.643481855,35.455333694],[139.644142943,35.456151775],[139.644173502,35.456135225],[139.645507328,35.457790108],[139.64697786,35.456998171],[139.646919079,35.45692336],[139.645404112,35.457416054],[139.644827173,35.45670036],[139.646341479,35.456207387],[139.645978495,35.455754946],[139.645932386,35.455779667],[139.646199027,35.456111892],[139.646179079,35.456118333],[139.645601582,35.456306387],[139.645236304,35.456425252],[139.644736524,35.456587973],[139.644721582,35.456569468],[139.644541506,35.456346027],[139.644432335,35.456210532],[139.64550472,35.455634333],[139.645551115,35.455442946],[139.644333528,35.453942559],[139.644079106,35.453951614],[139.644105422,35.453876667],[139.644125668,35.453879387],[139.644134331,35.453850559],[139.64455747,35.452375081],[139.644613721,35.452355614],[139.645003476,35.450986802],[139.644890921,35.450965892],[139.644152335,35.450992586],[139.644125746,35.451006892],[139.644125499,35.451006468],[139.643700726,35.450311775],[139.643658885,35.450070748],[139.643663528,35.450018667],[139.64366795,35.45000036],[139.643668028,35.450000001],[139.643683892,35.449934252],[139.643704747,35.449916892],[139.643743257,35.449886468],[139.643817393,35.449844387],[139.643901856,35.449810721],[139.643919857,35.449832946],[139.644113839,35.449750225],[139.644050506,35.449644919],[139.643918054,35.449708279],[139.643454189,35.449082505],[139.644166783,35.448724225],[139.644389662,35.448610468],[139.644651166,35.448477558],[139.644858444,35.448725306],[139.644985773,35.448880838],[139.64517983,35.449119612],[139.645253256,35.449209973],[139.645307419,35.449276775],[139.645444358,35.449451585],[139.645304838,35.44952764],[139.645314502,35.449538919],[139.645242698,35.44958],[139.645232361,35.449570613],[139.645221777,35.449576892],[139.645211725,35.449589666],[139.645212438,35.449607],[139.645230467,35.449629199],[139.64531022,35.449727468],[139.645227173,35.449773054],[139.645256809,35.449813919],[139.64520725,35.449851532],[139.645027223,35.449965559],[139.644970973,35.450000001],[139.644970389,35.45000036],[139.644945472,35.450015641],[139.644870363,35.450054802],[139.644821089,35.450074306],[139.644749949,35.450102946],[139.644662412,35.450126053],[139.644673477,35.450163586],[139.644802892,35.450126721],[139.644850078,35.450108946],[139.64490655,35.450079027],[139.644953969,35.450054386],[139.645043995,35.45000036],[139.645044617,35.45],[139.645071556,35.449983838],[139.645194137,35.449903171],[139.645362283,35.449797946],[139.645602555,35.449638973],[139.645892335,35.450000001],[139.645892633,35.45000036],[139.645934423,35.450052414],[139.64582939,35.450117775],[139.648760195,35.453753171],[139.649680999,35.453256893],[139.64705214,35.45000036],[139.647051829,35.45],[139.646763748,35.449643108],[139.646963281,35.449535973],[139.647062555,35.449532775],[139.647061803,35.449519721],[139.647196006,35.449512973],[139.647197808,35.449538414],[139.647744358,35.449512919],[139.647778301,35.449506667],[139.647777886,35.449500081],[139.647743606,35.449501667],[139.647741582,35.449473333],[139.647739999,35.449450892],[139.647774916,35.449449333],[139.647774617,35.449443278],[139.647739143,35.449439],[139.647192698,35.449464469],[139.647194163,35.449487108],[139.64706022,35.449493947],[139.647059585,35.449484198],[139.647068274,35.449479532],[139.647059922,35.449469054],[139.647269611,35.449361667],[139.647431803,35.449084468],[139.647434137,35.44908536],[139.647446978,35.449062838],[139.647419468,35.449052441],[139.647406641,35.449074946],[139.647411634,35.449076839],[139.647363695,35.449158721],[139.647252335,35.449349108],[139.64723856,35.449356135],[139.647047756,35.449453801],[139.64704642,35.449452081],[139.646991946,35.449481387],[139.646855163,35.449554837],[139.64658428,35.449228081],[139.646571219,35.449235252],[139.64627642,35.448922306],[139.646177419,35.448817134],[139.645997134,35.448931333],[139.645932555,35.448851918],[139.645830946,35.448726838],[139.645779663,35.448660414],[139.645717056,35.44857936],[139.645787224,35.448538721],[139.645587057,35.448285468],[139.645475473,35.448145414],[139.64561603,35.448054053],[139.645590895,35.448012532],[139.64599869,35.447749333],[139.646215188,35.447616613],[139.646211582,35.447610306],[139.646225811,35.447602028],[139.646684643,35.44811736],[139.647633165,35.447562838],[139.647653255,35.447588108],[139.64766786,35.447606333],[139.647696588,35.447620613],[139.647738858,35.447632306],[139.647767394,35.447632802],[139.647826887,35.447621721],[139.647859196,35.447609252],[139.647894942,35.447581531],[139.647915382,35.447552441],[139.647923839,35.447528135],[139.647929364,35.44751136],[139.647930558,35.447478919],[139.647913114,35.447442306],[139.647887275,35.447417279],[139.648720532,35.446934135],[139.649899195,35.446251054],[139.649924358,35.446283559],[139.649936641,35.446299891],[139.64995336,35.446315774],[139.649991997,35.446331693],[139.65,35.446333441],[139.650001855,35.446333838],[139.650033839,35.446340774],[139.650054423,35.446294748],[139.650064772,35.446296198],[139.650105305,35.446293721],[139.650146861,35.446283334],[139.650178392,35.446269054],[139.650214034,35.446243973],[139.650239441,35.446212],[139.650254617,35.446182198],[139.650256693,35.446171441],[139.650315747,35.446184],[139.650321089,35.446156693],[139.650320388,35.446125225],[139.65030834,35.446099775],[139.650256693,35.446041028],[139.650581388,35.445856468],[139.650574578,35.445848081],[139.650666472,35.445797838],[139.650675058,35.445802441],[139.650724449,35.445773945],[139.650845863,35.445911226],[139.650976913,35.445835694],[139.650919883,35.446063135],[139.650974384,35.446125505],[139.650966615,35.446151],[139.65103572,35.446232694],[139.651008885,35.446251668],[139.651018664,35.446263667],[139.651046305,35.446245278],[139.651050558,35.446250198],[139.651091725,35.446256748],[139.651186861,35.446368198],[139.65115214,35.446387613],[139.651205966,35.446448559],[139.651239053,35.446430839],[139.651288222,35.446488946],[139.651242724,35.446517559],[139.651253917,35.446531361],[139.651299197,35.446501919],[139.651374423,35.446590586],[139.651371026,35.446625387],[139.65141131,35.446670054],[139.651385006,35.446685171],[139.651397718,35.446699252],[139.651422918,35.446682919],[139.651466057,35.446730802],[139.651438301,35.446746001],[139.651448418,35.446759441],[139.651476445,35.446742279],[139.651495888,35.446763837],[139.651530557,35.446770027],[139.651573087,35.446821748],[139.651568003,35.446870694],[139.651613502,35.446920613],[139.651717498,35.446862252],[139.651660169,35.446793748],[139.651613672,35.446802613],[139.65127358,35.446409441],[139.651295642,35.446395226],[139.651243217,35.446334864],[139.651220077,35.446347333],[139.65097114,35.446052838],[139.651033606,35.445801171],[139.65105022,35.445804973],[139.651039883,35.445844532],[139.651049339,35.445852748],[139.651057497,35.445847801],[139.651109468,35.445911],[139.651092918,35.445918722],[139.651402166,35.446290387],[139.651461946,35.446260802],[139.651148521,35.445888505],[139.651137691,35.445895802],[139.65108917,35.445829919],[139.65127358,35.445726892],[139.651323774,35.445782504],[139.651305577,35.445790775],[139.651304578,35.445799333],[139.651675161,35.446236802],[139.651683865,35.446237721],[139.651751556,35.446203838],[139.651752699,35.446196893],[139.651381441,35.445757694],[139.651372192,35.445756171],[139.651355331,35.445764892],[139.651307886,35.445707666],[139.651251194,35.445639334],[139.651366886,35.44556964],[139.651328663,35.44552336],[139.651274189,35.445457558],[139.651855772,35.445125198],[139.65199878,35.445307946],[139.652170584,35.445524613],[139.652205058,35.445568027],[139.652998521,35.446561749],[139.653234112,35.446433667],[139.653855863,35.447211586],[139.654502556,35.448026613],[139.655072802,35.448740838],[139.656078495,35.450000001],[139.656078807,35.45000036],[139.65707555,35.451248333],[139.657144111,35.451334135],[139.657390052,35.451202892],[139.657416641,35.451188694],[139.657490078,35.451149505],[139.657503671,35.451142225],[139.657519637,35.451133667],[139.657535642,35.451125135],[139.658333332,35.450699532],[139.658335252,35.450698504],[139.658372866,35.45067844],[139.658381751,35.450685027],[139.658541894,35.450597387],[139.658335253,35.450337559],[139.658333332,35.450335135],[139.658067056,35.45000036],[139.658066783,35.45],[139.657264864,35.448991748],[139.657269559,35.448955334],[139.657940117,35.448744838],[139.658333332,35.448621838],[139.658335226,35.448621252],[139.658918107,35.448438892],[139.659163411,35.448746613],[139.660163384,35.450000001],[139.660163671,35.45000036],[139.660220999,35.450072224],[139.660235746,35.450080441],[139.660252802,35.450084334],[139.660269884,35.450080945],[139.660419533,35.45000036],[139.66042017,35.45],[139.661597639,35.449365946],[139.661603969,35.449342694],[139.661130973,35.448749441],[139.660362022,35.447783748],[139.660376329,35.447734279],[139.661599468,35.447350414],[139.66225358,35.447511054],[139.663242724,35.448752441],[139.664239728,35.45],[139.66424,35.45000036],[139.664410442,35.450213639],[139.664817328,35.45000036],[139.664818004,35.45],[139.665801971,35.449484252],[139.665221946,35.448755199],[139.664721997,35.44813064],[139.663627057,35.446757532],[139.661933917,35.446205838],[139.660660947,35.445791171],[139.660012023,35.445536135],[139.65963231,35.445386865],[139.659233748,35.445230333],[139.658369144,35.444890532],[139.658335188,35.44487708],[139.658333333,35.444876333],[139.657498885,35.444545919],[139.657292529,35.444464225],[139.657090467,35.444384505],[139.656977147,35.444339784],[139.657230687,35.443955252],[139.657500636,35.443545802],[139.657590078,35.443532945],[139.65821083,35.443004919],[139.658333333,35.442901801],[139.658335188,35.442900252],[139.658599169,35.442678081],[139.658966524,35.442368081],[139.659799884,35.441667027],[139.659800336,35.441666667],[139.659819273,35.441650695],[139.660029275,35.441474973],[139.660272918,35.441666667],[139.660273385,35.441667027],[139.660383942,35.441754],[139.660396835,35.441742586],[139.6603007,35.441667027],[139.660300221,35.441666667],[139.660040753,35.441462802],[139.660280778,35.441258803],[139.660405253,35.44135336],[139.660551389,35.441468054],[139.660801167,35.441666668],[139.660801634,35.441667027],[139.660940584,35.441777532],[139.661559664,35.442269225],[139.661674137,35.442365197],[139.662897198,35.44332936],[139.662969248,35.443272306],[139.663013995,35.443305],[139.662944695,35.443367387],[139.663179805,35.443552946],[139.662797445,35.443877252],[139.662146329,35.443365614],[139.66201148,35.443483866],[139.661275357,35.442899892],[139.661262114,35.442907252],[139.66199978,35.443491694],[139.660924086,35.444400585],[139.660942218,35.444419802],[139.662149559,35.443395441],[139.662779196,35.443892722],[139.662727328,35.443936721],[139.662452049,35.444170199],[139.662189638,35.444392838],[139.661930753,35.444612414],[139.66167144,35.44483236],[139.661414306,35.445050468],[139.660367224,35.444621973],[139.660354383,35.444648748],[139.661427004,35.445089973],[139.661647613,35.444901802],[139.661856161,35.444723892],[139.66218061,35.44444708],[139.662364773,35.444289946],[139.662495863,35.444177892],[139.662798366,35.44391936],[139.663093607,35.443667081],[139.663212049,35.443570559],[139.66406686,35.442841387],[139.665035772,35.443963694],[139.66629786,35.445545],[139.666519248,35.445822306],[139.666666667,35.446006559],[139.66666856,35.446008919],[139.667574578,35.447141334],[139.668656252,35.448493946],[139.668707562,35.448564135],[139.668823917,35.44876],[139.668824254,35.44876],[139.669572139,35.45],[139.669572335,35.450000333],[139.670357588,35.451302279],[139.671321725,35.450929505],[139.67164153,35.450801135],[139.671765913,35.450750721],[139.672266888,35.450545414],[139.672764111,35.450344252],[139.673069222,35.450914892],[139.67312105,35.450896747],[139.672822918,35.450353172],[139.673700337,35.450000333],[139.673701193,35.45],[139.674171699,35.449810774],[139.674154669,35.449779],[139.674315772,35.449712442],[139.67374083,35.448766559],[139.67304939,35.447627838],[139.671788494,35.445552468],[139.671779495,35.445537586],[139.670986783,35.444234253],[139.670141946,35.44285064],[139.66942345,35.441667027],[139.669423217,35.441666667],[139.668809144,35.440655171],[139.668899301,35.440621199],[139.668919079,35.440652613],[139.668999663,35.440620171],[139.668987588,35.440602468],[139.669030143,35.440582721],[139.668995473,35.440521279],[139.668957859,35.440534668],[139.668920441,35.440473505],[139.6689707,35.44045264],[139.668945551,35.440410414],[139.668912049,35.440422108],[139.668857497,35.440326109],[139.668815577,35.440311],[139.668641829,35.440382694],[139.668545888,35.440225279],[139.668989728,35.439335838],[139.669952166,35.438898252],[139.671150999,35.438842802],[139.672849585,35.441666668],[139.672849805,35.441667027],[139.675,35.44524172],[139.675001894,35.445244864],[139.675189611,35.445556973],[139.675281089,35.445709054],[139.675296835,35.445713135],[139.67566847,35.445557586],[139.675890506,35.445464667],[139.677244722,35.444897918],[139.677247952,35.444885748],[139.676347302,35.443399171],[139.676285837,35.443292802],[139.676439495,35.443230081],[139.67658358,35.443171225],[139.676742892,35.443106171],[139.677440208,35.442821947],[139.677633242,35.443143396],[139.681275175,35.441666667],[139.681499467,35.441575721],[139.679133748,35.437698559],[139.677642139,35.435250865],[139.676473723,35.433333721],[139.676473502,35.433333333],[139.67626555,35.432992171],[139.67621144,35.433012802],[139.676083256,35.432801747],[139.677262387,35.432322613],[139.67750214,35.432326],[139.677499559,35.432292559],[139.677250778,35.432287081],[139.676065862,35.432773108],[139.675915357,35.432525306],[139.675618274,35.432036441],[139.675346109,35.43158836],[139.675917639,35.431353585],[139.6783062,35.430379532],[139.678399442,35.430533468],[139.67826869,35.430586],[139.678624228,35.431166505],[139.678753164,35.431117641],[139.679025252,35.431566803],[139.677874189,35.43203936],[139.677844189,35.432051695],[139.677859467,35.432079837],[139.677958106,35.432039468],[139.679042802,35.431595838],[139.679145032,35.431763],[139.679314968,35.432041225],[139.679465084,35.432286775],[139.679441283,35.432295028],[139.680073696,35.433333334],[139.680073917,35.433333694],[139.681244384,35.43525536],[139.681575668,35.435799775],[139.682308949,35.43699928],[139.683205447,35.438476279],[139.683333333,35.438687027],[139.683335162,35.438690055],[139.683968171,35.439733053],[139.684683086,35.440910468],[139.685143307,35.441666667],[139.685143528,35.441667027],[139.68534869,35.442004135],[139.685366161,35.442029505],[139.685383995,35.442041693],[139.685410118,35.442040838],[139.685712243,35.441918694],[139.686188664,35.441723865],[139.686328366,35.441667027],[139.686329222,35.441666667],[139.687048781,35.441373973],[139.687050078,35.441373506],[139.687344916,35.441666667],[139.687345279,35.441667027],[139.688136226,35.442453532],[139.688194554,35.442413666],[139.687447524,35.441667027],[139.687447173,35.441666668],[139.687125888,35.441345559],[139.687129364,35.441344252],[139.687517951,35.441109],[139.687534384,35.441096026],[139.687576887,35.441097892],[139.687622088,35.441087666],[139.687657588,35.441067505],[139.687689689,35.441036442],[139.68770572,35.441003587],[139.687736006,35.441003973],[139.687763995,35.440997053],[139.68778939,35.440972306],[139.68780022,35.440948532],[139.687841972,35.440945587],[139.68788,35.440936171],[139.687915384,35.440914945],[139.687942192,35.440885775],[139.68795856,35.440853775],[139.687982477,35.440854171],[139.688011672,35.440847802],[139.688039363,35.440827108],[139.688051751,35.440797027],[139.688068689,35.440797667],[139.688106498,35.440792946],[139.688150699,35.440777055],[139.688190532,35.440741586],[139.688212049,35.44070364],[139.688242802,35.440699891],[139.688273554,35.440687946],[139.688295499,35.440668414],[139.688307562,35.440642279],[139.68833808,35.440642505],[139.688370804,35.440636586],[139.688403969,35.440623838],[139.688443801,35.440589],[139.688463359,35.44054964],[139.688489689,35.440548748],[139.688518145,35.440539505],[139.688545576,35.440515839],[139.688564137,35.440490253],[139.688604577,35.440487253],[139.68863786,35.440479081],[139.688675668,35.440456054],[139.688705811,35.440421641],[139.688718081,35.440387135],[139.688737173,35.440377533],[139.689161803,35.440120307],[139.689172608,35.440110225],[139.689193334,35.440109721],[139.689231556,35.440107865],[139.689268807,35.440096559],[139.689305188,35.440077505],[139.689335746,35.440048054],[139.689350441,35.440017414],[139.689380974,35.44001764],[139.689407522,35.440010081],[139.689430363,35.439988667],[139.689442503,35.439957414],[139.6894838,35.439955748],[139.689520052,35.439946694],[139.689560636,35.439922226],[139.689585136,35.439892667],[139.689598419,35.439864108],[139.689625305,35.439863973],[139.689652503,35.439856892],[139.689682049,35.439835919],[139.689697004,35.439805721],[139.6897362,35.439803441],[139.689768716,35.43979436],[139.689808081,35.439774305],[139.689836329,35.439743694],[139.689851803,35.43971164],[139.689883645,35.439709506],[139.689912827,35.439702252],[139.689933139,35.439682532],[139.689943554,35.439652253],[139.689976394,35.439650387],[139.690015499,35.439642414],[139.690052865,35.439626054],[139.690084747,35.439598775],[139.690103087,35.439561749],[139.690132606,35.439559171],[139.690157757,35.439553973],[139.690183113,35.439535694],[139.690199364,35.43950264],[139.690232944,35.439499721],[139.690264475,35.439493082],[139.690300505,35.439478532],[139.690339442,35.439446306],[139.690357912,35.439408279],[139.69038358,35.439408586],[139.690408808,35.439404359],[139.690440026,35.439381775],[139.690454721,35.439350693],[139.690479949,35.439349559],[139.690515188,35.439343279],[139.690548054,35.439332055],[139.690582697,35.439306505],[139.690603217,35.43927372],[139.690613891,35.439223972],[139.690607562,35.439188],[139.690586252,35.439155252],[139.69054511,35.439128892],[139.690551414,35.439104468],[139.690551582,35.439075081],[139.690534449,35.439048641],[139.690503748,35.439030667],[139.690510856,35.438991559],[139.690510726,35.438959108],[139.690494916,35.438923225],[139.690469196,35.438895586],[139.690441025,35.438877803],[139.690447562,35.438850775],[139.690446719,35.43882336],[139.690429804,35.438800641],[139.690401531,35.438781027],[139.690408301,35.43875364],[139.690408807,35.438717135],[139.69039742,35.438682054],[139.690374891,35.438654721],[139.690338807,35.438631333],[139.690346783,35.438598532],[139.690344642,35.438570666],[139.690328029,35.438549558],[139.690301971,35.438536081],[139.690304746,35.438510504],[139.690308003,35.438483918],[139.690302218,35.438448749],[139.690277717,35.438412305],[139.690242751,35.438389559],[139.690244112,35.43836836],[139.69024834,35.438336279],[139.690234501,35.438309305],[139.690198521,35.438291053],[139.690205383,35.438264468],[139.690206252,35.43822564],[139.69019572,35.43819108],[139.69016572,35.438157532],[139.690133358,35.438138748],[139.690141894,35.438111333],[139.690139534,35.438083027],[139.690123607,35.438057506],[139.690095668,35.438041171],[139.690103087,35.438006387],[139.690101946,35.437971586],[139.690091855,35.437939027],[139.690063607,35.437908441],[139.690034254,35.437891279],[139.69004092,35.437858559],[139.690039831,35.437834667],[139.690021725,35.437809775],[139.689994747,35.437791802],[139.690000973,35.437764135],[139.690002698,35.437733667],[139.689993281,35.437697055],[139.689971634,35.437668108],[139.689934113,35.437640667],[139.689937782,35.437625251],[139.689939804,35.437598558],[139.689927082,35.437567279],[139.689892309,35.437550559],[139.689893774,35.437535054],[139.689899105,35.437504865],[139.689896745,35.437472054],[139.689882361,35.437444001],[139.689859612,35.437418198],[139.689831142,35.437398333],[139.689836226,35.437375802],[139.689839469,35.437351108],[139.689822672,35.437320081],[139.689789222,35.437302441],[139.68979345,35.43728136],[139.689799221,35.437255414],[139.689795305,35.437223505],[139.689781167,35.43719436],[139.689759612,35.43716864],[139.689727471,35.437149333],[139.68973148,35.437135973],[139.689736693,35.43711372],[139.689732555,35.437088027],[139.689710999,35.437066198],[139.689686252,35.437052559],[139.689693333,35.437026135],[139.689696473,35.437002721],[139.689691894,35.436973775],[139.689677173,35.436947333],[139.689653411,35.436921802],[139.689624838,35.436903667],[139.689631804,35.436879333],[139.689632971,35.436849027],[139.689614385,35.436824135],[139.689584553,35.436811667],[139.689590442,35.436785171],[139.689592802,35.436750838],[139.689581309,35.436715387],[139.689556589,35.436678947],[139.689522802,35.436657722],[139.689527911,35.436631775],[139.689526641,35.436603001],[139.689508638,35.436574333],[139.689486083,35.436560866],[139.689491555,35.436516613],[139.689490611,35.436486505],[139.68947703,35.43644972],[139.689447444,35.436423081],[139.689420363,35.436408721],[139.689426589,35.436386],[139.689430585,35.436362667],[139.689415552,35.436334613],[139.689381219,35.436315107],[139.68938856,35.436280865],[139.689390584,35.436246252],[139.689379637,35.436213054],[139.689351051,35.436179775],[139.689320467,35.436162334],[139.689326693,35.43613964],[139.689327951,35.436110333],[139.68930895,35.436083532],[139.689279883,35.436066838],[139.689288755,35.436036468],[139.689288612,35.435996893],[139.689274255,35.435963252],[139.689247755,35.435933748],[139.689219364,35.435915054],[139.689224916,35.435891532],[139.689226719,35.435862864],[139.689211673,35.435840306],[139.689177588,35.435819171],[139.689184449,35.435794225],[139.689187664,35.435770613],[139.689184112,35.435733721],[139.689154773,35.435692586],[139.689114942,35.435669108],[139.68912214,35.435643531],[139.689123306,35.435620802],[139.689106939,35.435588774],[139.689075473,35.43557036],[139.689082672,35.435544946],[139.689085383,35.435510333],[139.689075422,35.435476892],[139.689050804,35.435444135],[139.689014384,35.435420387],[139.689018495,35.435398667],[139.689021505,35.435380559],[139.689010221,35.435350531],[139.688976226,35.435325414],[139.688981894,35.43530128],[139.688983918,35.435271333],[139.68898428,35.435264865],[139.688981115,35.435251135],[139.688968494,35.435219666],[139.68895694,35.435204172],[139.688919339,35.435178866],[139.68892358,35.435142198],[139.6889193,35.435123333],[139.688901855,35.435099532],[139.688877004,35.435082721],[139.688882776,35.435046225],[139.688883061,35.435020722],[139.688867173,35.434976613],[139.688848249,35.434955135],[139.688813475,35.434934],[139.688820245,35.434905892],[139.688816004,35.434880306],[139.688800272,35.434861252],[139.688772438,35.434844721],[139.688780195,35.434820946],[139.688782335,35.434792198],[139.688776031,35.434760279],[139.688764383,35.434734027],[139.688735695,35.434705414],[139.688711051,35.434687531],[139.688718054,35.434648414],[139.688713801,35.434630467],[139.688705005,35.434618586],[139.688673113,35.434592306],[139.688681673,35.43455536],[139.688680506,35.434524532],[139.688674696,35.434504251],[139.688660196,35.434481586],[139.688638223,35.434462559],[139.68861214,35.434444026],[139.688622555,35.434416387],[139.688622698,35.434394838],[139.688604035,35.434369225],[139.688576057,35.434353865],[139.688587807,35.434324667],[139.688582048,35.434268667],[139.688558885,35.434234135],[139.688540271,35.434221306],[139.6885107,35.434204333],[139.688518106,35.434175468],[139.688515525,35.434145027],[139.688498171,35.434125082],[139.688473645,35.434111694],[139.688477977,35.434080973],[139.688477835,35.43404544],[139.688465331,35.434013721],[139.688437523,35.433981414],[139.688411336,35.43396],[139.68841856,35.433936865],[139.688420143,35.433903505],[139.688407083,35.433883198],[139.688372529,35.43386208],[139.68837786,35.433830532],[139.688378171,35.433796082],[139.688366744,35.43376336],[139.688345227,35.433736027],[139.688313671,35.43371164],[139.688317224,35.433680999],[139.688310027,35.433648919],[139.688294189,35.433632667],[139.688272633,35.433619199],[139.688276641,35.433584586],[139.688276135,35.433557721],[139.688262971,35.433524],[139.688238808,35.433494946],[139.688211855,35.433472748],[139.688220168,35.433436973],[139.68821581,35.433416667],[139.68821297,35.433402693],[139.68819703,35.433388441],[139.68817183,35.433376414],[139.688181557,35.433348306],[139.688181997,35.433333694],[139.688182023,35.433333333],[139.688182387,35.433320721],[139.688173865,35.433283586],[139.688162335,35.433269225],[139.68813022,35.433241694],[139.688105447,35.433228866],[139.688120363,35.433199134],[139.688121829,35.433178945],[139.688113164,35.433157505],[139.68810153,35.433144413],[139.688073359,35.433130306],[139.688084332,35.433094532],[139.688083503,35.433062802],[139.688069883,35.433034225],[139.688044164,35.433007054],[139.688009974,35.43298564],[139.688018171,35.432953198],[139.688014916,35.432927775],[139.687991505,35.432903253],[139.68796917,35.432891135],[139.68797869,35.43285264],[139.687977329,35.432822198],[139.687971415,35.432801802],[139.687946809,35.432770775],[139.687902802,35.432740171],[139.687913528,35.432720776],[139.687919274,35.43270772],[139.68792083,35.432691054],[139.687910635,35.432673198],[139.687885331,35.432654865],[139.687864968,35.432643198],[139.687881141,35.432601387],[139.687877562,35.432569306],[139.687859001,35.432536306],[139.687831725,35.432509586],[139.687802893,35.43249808],[139.687815162,35.432476919],[139.687815227,35.432449613],[139.687806523,35.432434108],[139.68779192,35.432418586],[139.687764085,35.432406108],[139.68777306,35.432377919],[139.687775641,35.432349505],[139.6877693,35.432320559],[139.687753695,35.432292171],[139.687728301,35.432267414],[139.687704553,35.432253414],[139.687713721,35.432230892],[139.68771114,35.432200613],[139.687691582,35.43217464],[139.687665616,35.43215872],[139.687673139,35.432136839],[139.687675187,35.43210764],[139.687668833,35.432077694],[139.687652165,35.432051532],[139.687649637,35.432047559],[139.687623774,35.432021945],[139.687600143,35.432005135],[139.687610752,35.431978666],[139.687609027,35.431957108],[139.687590467,35.431930865],[139.68756594,35.431916054],[139.687573165,35.431881531],[139.687573113,35.431850415],[139.687562581,35.431818135],[139.68753511,35.43179108],[139.687504967,35.431768667],[139.68751428,35.431745081],[139.687515746,35.431722441],[139.687510052,35.431704505],[139.687487834,35.431688082],[139.687459664,35.431672532],[139.687471244,35.431654775],[139.687476395,35.431623413],[139.687475305,35.431602251],[139.6874638,35.431575999],[139.687425006,35.431538199],[139.687399027,35.431521306],[139.687405772,35.431499748],[139.687406057,35.431473001],[139.687400143,35.43145828],[139.687387497,35.431443506],[139.687362944,35.431430559],[139.687369611,35.431399468],[139.68736847,35.431362694],[139.687355746,35.431330332],[139.687329831,35.431299838],[139.687300337,35.431280865],[139.687307523,35.43126564],[139.687308638,35.431251027],[139.687304838,35.431224973],[139.687297393,35.431210802],[139.687287275,35.431198919],[139.687262943,35.431183639],[139.687275358,35.431150838],[139.687275863,35.431118225],[139.687260272,35.431082775],[139.68723148,35.431056506],[139.68720044,35.431038081],[139.687208222,35.431001667],[139.687207588,35.430985],[139.687200336,35.430969468],[139.687165811,35.430941865],[139.687171052,35.430906081],[139.687167057,35.430869028],[139.687152776,35.43083736],[139.687122218,35.430804171],[139.687098145,35.430788],[139.687107782,35.430755109],[139.687101997,35.430729586],[139.68708275,35.430705587],[139.687061413,35.430691946],[139.687074163,35.430650414],[139.687071997,35.430620946],[139.687057198,35.430592171],[139.687030246,35.430563279],[139.686995382,35.430547027],[139.687005447,35.430523505],[139.687005058,35.430500172],[139.686989442,35.430473919],[139.686962166,35.430451694],[139.686973217,35.430423306],[139.686973165,35.430395],[139.686966719,35.430364306],[139.686930779,35.430323225],[139.68690328,35.430301468],[139.686909053,35.430279505],[139.686903359,35.430251802],[139.686882607,35.430223667],[139.68685939,35.430208945],[139.686871245,35.430174694],[139.686871414,35.430138252],[139.687828949,35.429872721],[139.687927134,35.429846973],[139.686865253,35.427274775],[139.686760584,35.427302414],[139.687810506,35.429845386],[139.686861115,35.430110864],[139.686829663,35.43008036],[139.686798106,35.430062306],[139.686806719,35.43004636],[139.686809389,35.430030027],[139.686804916,35.430003802],[139.686796589,35.429988027],[139.686785811,35.429979],[139.686760389,35.429966775],[139.686769001,35.429948775],[139.6867738,35.429921748],[139.686770856,35.429892532],[139.686754306,35.429858694],[139.686724943,35.429833612],[139.68670031,35.429817172],[139.68670642,35.42978436],[139.686701724,35.429757694],[139.686682388,35.429736198],[139.686661245,35.429726081],[139.686672139,35.429679414],[139.686669339,35.429648667],[139.686651115,35.429615919],[139.686624617,35.429589387],[139.686599104,35.429569081],[139.686607055,35.429550054],[139.68660764,35.429537532],[139.686607107,35.429528532],[139.686601505,35.429517695],[139.686582503,35.429495586],[139.686556304,35.429478333],[139.686566615,35.429453919],[139.686570052,35.429427694],[139.686562529,35.429396865],[139.686547911,35.429370532],[139.686524617,35.429343532],[139.686493476,35.429326387],[139.686500661,35.429314136],[139.686504449,35.429290775],[139.686501088,35.429268892],[139.686479974,35.429248108],[139.686457639,35.429236469],[139.686467809,35.429215387],[139.686471051,35.429187803],[139.68647022,35.429156333],[139.686453333,35.429125413],[139.686425058,35.429098586],[139.686396356,35.429083973],[139.686405863,35.429055027],[139.686404475,35.429035919],[139.686395357,35.429022027],[139.686384137,35.429007332],[139.686357419,35.428989613],[139.686367056,35.428955559],[139.686367134,35.428921306],[139.686357056,35.428893],[139.68632725,35.428860865],[139.686296356,35.428836748],[139.686303217,35.428823171],[139.686303217,35.428813613],[139.686304695,35.428799279],[139.68629834,35.428783387],[139.686293061,35.428773107],[139.686278885,35.428758775],[139.686257198,35.428748748],[139.686268274,35.428711891],[139.686269999,35.42867664],[139.686246835,35.428638586],[139.686222412,35.428616802],[139.686193384,35.428595973],[139.686202141,35.428568838],[139.686201089,35.428544414],[139.686184279,35.428521668],[139.686158639,35.428505225],[139.686163942,35.428486667],[139.686168755,35.428457748],[139.686166162,35.428427279],[139.686150558,35.428399505],[139.686119779,35.428366467],[139.686095811,35.428352108],[139.686100609,35.42832208],[139.686097783,35.428297028],[139.686078781,35.428269694],[139.686059079,35.428258864],[139.686068054,35.428231721],[139.686071414,35.428201532],[139.686061894,35.428170695],[139.686046616,35.428145802],[139.686017471,35.428123307],[139.685995693,35.428108973],[139.686002114,35.428089667],[139.686003166,35.428068414],[139.685993606,35.428043414],[139.685975136,35.42802628],[139.685956446,35.428016054],[139.685964306,35.427999667],[139.685970389,35.427974613],[139.685967691,35.427938919],[139.685950363,35.427909136],[139.685926056,35.427886666],[139.685898029,35.427867532],[139.685902244,35.427846171],[139.685903256,35.427831108],[139.685898106,35.427809747],[139.685875915,35.427787279],[139.685854034,35.427776802],[139.685861414,35.427763359],[139.6858693,35.427731108],[139.685861556,35.427693334],[139.685849053,35.427664027],[139.685820468,35.427636135],[139.685795384,35.427619532],[139.685801505,35.427592839],[139.685794384,35.427565081],[139.685776057,35.427536468],[139.685757225,35.427523026],[139.685770726,35.427487973],[139.685767497,35.427453803],[139.68574764,35.427415838],[139.685717173,35.427387027],[139.685680415,35.427368252],[139.685673748,35.427339947],[139.685671997,35.427340108],[139.685393839,35.426657136],[139.683335058,35.426541172],[139.683333332,35.426541054],[139.681217639,35.426421919],[139.681292114,35.425527441],[139.681293307,35.425526919],[139.6812962,35.425526802],[139.681332633,35.425114749],[139.681243113,35.425109748],[139.681206668,35.425520305],[139.681205888,35.425520838],[139.68118672,35.42552],[139.681182193,35.425595359],[139.680515694,35.426113468],[139.680514137,35.426127054],[139.680513773,35.426206108],[139.680655472,35.426215225],[139.680651855,35.426216306],[139.680930947,35.426240252],[139.680926226,35.426371775],[139.681042387,35.426378414],[139.681038559,35.426418441],[139.681029481,35.426512694],[139.681019468,35.42661664],[139.681013865,35.426675387],[139.680813891,35.426662892],[139.68081341,35.426672081],[139.680811505,35.426704892],[139.680802725,35.426802946],[139.680802918,35.426866306],[139.680800441,35.42689192],[139.680799442,35.426902721],[139.680797082,35.426928252],[139.680792478,35.426976107],[139.680791725,35.426976],[139.6807893,35.427021973],[139.680557004,35.427104974],[139.680446693,35.427144306],[139.680337808,35.427184027],[139.680231025,35.427223279],[139.680117393,35.427265415],[139.680010584,35.42730756],[139.679900389,35.427346802],[139.679786784,35.427389027],[139.679669611,35.427431054],[139.679566355,35.427467532],[139.679452633,35.427509668],[139.67934594,35.427551802],[139.679259754,35.427582694],[139.679153307,35.427383694],[139.67885856,35.426832919],[139.678899923,35.426796387],[139.67899642,35.426731694],[139.679079144,35.426661414],[139.679154812,35.426603081],[139.679168807,35.426591027],[139.679254838,35.426523532],[139.679344385,35.426456027],[139.679409883,35.426408252],[139.679737328,35.426160775],[139.679775279,35.426132721],[139.679720311,35.426081892],[139.679658418,35.426028279],[139.679934137,35.425814532],[139.680047471,35.425916082],[139.680131634,35.425851306],[139.680137367,35.425727532],[139.680096135,35.425693695],[139.679928029,35.42555564],[139.680641413,35.425000387],[139.680641919,35.425000001],[139.681384695,35.424421892],[139.681519079,35.422805386],[139.6814993,35.422788333],[139.681416419,35.422716558],[139.680541246,35.421960252],[139.679781556,35.421937468],[139.67916275,35.422415414],[139.676895772,35.424166108],[139.676579612,35.423892468],[139.676351673,35.423699532],[139.676029923,35.423414441],[139.67551847,35.423480171],[139.67518594,35.423526613],[139.675179728,35.423483505],[139.675163774,35.423412613],[139.675148275,35.42334372],[139.675711725,35.423198],[139.675759664,35.423184172],[139.67577786,35.423171306],[139.675933645,35.423023505],[139.676298055,35.422677279],[139.677285059,35.421729586],[139.677475888,35.421542695],[139.677772555,35.421264469],[139.67813572,35.420918776],[139.678564111,35.420508559],[139.678742827,35.420336171],[139.678848145,35.420148802],[139.678836136,35.420142027],[139.678861997,35.420092748],[139.678877639,35.420099],[139.678900675,35.420050937],[139.678861621,35.420038458],[139.679126381,35.419518514],[139.679168224,35.419531306],[139.679190778,35.419540081],[139.679285914,35.419362892],[139.679292633,35.419365613],[139.679311336,35.419324694],[139.679189611,35.419277748],[139.679452166,35.418763072],[139.679721089,35.41885164],[139.679860752,35.418786441],[139.679672943,35.418520559],[139.679576161,35.418383531],[139.67917144,35.417820892],[139.679098975,35.417720108],[139.678659222,35.417106054],[139.678343412,35.416667081],[139.678343113,35.416666667],[139.678300337,35.416607197],[139.678005812,35.416190999],[139.67831022,35.416098278],[139.679102502,35.415858172],[139.679175227,35.415836171],[139.679993722,35.415588333],[139.68054,35.416351441],[139.680765837,35.416666667],[139.680766135,35.416667081],[139.680955033,35.416930748],[139.681060584,35.417077722],[139.681041608,35.417143865],[139.680555254,35.417373639],[139.681093942,35.418126027],[139.68137834,35.418522721],[139.681589973,35.418818108],[139.681716835,35.418995505],[139.681936279,35.418890748],[139.681917639,35.418862667],[139.682227121,35.418713703],[139.682303217,35.418816306],[139.682349728,35.418795171],[139.682513502,35.418717505],[139.682374448,35.418523973],[139.681989467,35.417988414],[139.681403087,35.417167108],[139.681044811,35.416667081],[139.681044501,35.416666667],[139.680890856,35.416452198],[139.680539533,35.415960946],[139.680220388,35.415513333],[139.680703696,35.415366027],[139.681353087,35.415168],[139.681767666,35.415043586],[139.682296719,35.415782694],[139.682862023,35.416569135],[139.682932698,35.416666667],[139.682932996,35.416667081],[139.683161972,35.416983082],[139.683333333,35.416902775],[139.683333904,35.416780369],[139.683333333,35.416779586],[139.683252244,35.416667081],[139.683251946,35.416666668],[139.682808611,35.416047893],[139.682292724,35.415328468],[139.681887665,35.414766026],[139.681262193,35.414956612],[139.681072944,35.414535135],[139.681041245,35.414466775],[139.680768197,35.413858614],[139.680455162,35.413161865],[139.68016611,35.412523667],[139.679652698,35.412677252],[139.67945131,35.410925307],[139.679446277,35.410855171],[139.679431997,35.410843694],[139.678065888,35.409743749],[139.677855863,35.409574612],[139.677829534,35.409551],[139.677826615,35.409551054],[139.67751511,35.409299721],[139.676919805,35.408819053],[139.676319078,35.408333775],[139.676318521,35.408333333],[139.676162477,35.408207279],[139.675962309,35.408045838],[139.675750363,35.407874667],[139.675126718,35.407371225],[139.675001556,35.407270532],[139.674999999,35.407269279],[139.674589923,35.40693936],[139.67391319,35.406392946],[139.673396005,35.405973802],[139.672750856,35.405455279],[139.672173865,35.404989667],[139.672073165,35.404908387],[139.67129083,35.40427864],[139.670623062,35.403742747],[139.670311997,35.403490307],[139.670009611,35.403244892],[139.669942335,35.40319036],[139.669639857,35.402945919],[139.669554552,35.402876946],[139.669419689,35.402870198],[139.669375837,35.402894721],[139.669347056,35.402913533],[139.669227885,35.402984667],[139.669218418,35.402990054],[139.669189078,35.402963441],[139.668810974,35.403192252],[139.668834384,35.403219135],[139.668657276,35.403322333],[139.668498833,35.403150613],[139.668769442,35.402986306],[139.668847496,35.402940693],[139.669164306,35.402748333],[139.669224384,35.402711442],[139.669169664,35.402650171],[139.669145058,35.402623441],[139.669110143,35.402587171],[139.668052892,35.403227614],[139.667016589,35.403850892],[139.666668171,35.404061721],[139.666666667,35.404062613],[139.666612918,35.404095135],[139.666666667,35.404152938],[139.666673774,35.404160586],[139.66672594,35.404219775],[139.667446446,35.403786667],[139.66764144,35.403665947],[139.66793983,35.403486802],[139.668392698,35.403210694],[139.668414916,35.403218198],[139.668560194,35.403378892],[139.668557587,35.403380388],[139.667931025,35.403757225],[139.667723774,35.403885198],[139.667653022,35.403925306],[139.667312503,35.404130919],[139.666934163,35.404363748],[139.666919274,35.40449264],[139.666936861,35.404507082],[139.666825772,35.404602945],[139.666981971,35.404729892],[139.666990921,35.404723226],[139.667048716,35.40477064],[139.667040441,35.404777108],[139.667174669,35.404884559],[139.667295357,35.404983081],[139.667501777,35.405151442],[139.667386616,35.405251532],[139.667684527,35.405493694],[139.667943282,35.405701108],[139.66821642,35.405922667],[139.668497173,35.406149414],[139.668868469,35.406448919],[139.669162166,35.40631392],[139.66924153,35.40637236],[139.669229248,35.406516748],[139.668884865,35.406720533],[139.668456161,35.406981171],[139.667778417,35.407391387],[139.667188197,35.407747442],[139.666807107,35.407436838],[139.666816615,35.407425667],[139.666668198,35.407305748],[139.666666667,35.407304532],[139.666096525,35.406843801],[139.665989416,35.406932973],[139.666666667,35.407480506],[139.666668198,35.407481721],[139.666710168,35.407515667],[139.666730026,35.407499838],[139.667099221,35.407801054],[139.667096253,35.407802838],[139.666668197,35.408061305],[139.666666667,35.408062251],[139.6664562,35.408189306],[139.66644795,35.408194333],[139.666217665,35.408333334],[139.666216913,35.408333775],[139.66588847,35.408532027],[139.665711778,35.408523135],[139.665512023,35.408359333],[139.665480896,35.408333775],[139.665480363,35.408333333],[139.665416421,35.408280892],[139.665315617,35.408203306],[139.665302633,35.408192748],[139.665041803,35.407980469],[139.664779299,35.40776764],[139.664359001,35.407428838],[139.663885811,35.407046054],[139.663368754,35.406630054],[139.663198443,35.406619279],[139.663002335,35.406734559],[139.662886809,35.406803973],[139.662410661,35.407090225],[139.661833333,35.407438802],[139.661418145,35.407688802],[139.660975187,35.407958055],[139.6605955,35.408186198],[139.660350585,35.408333333],[139.660349832,35.408333775],[139.660342827,35.408338],[139.659718612,35.408715865],[139.659065616,35.409111468],[139.659011751,35.408705306],[139.659030025,35.408702973],[139.658980467,35.408333775],[139.658980415,35.408333334],[139.658960363,35.408183838],[139.658919274,35.407878838],[139.658766005,35.407892667],[139.658805448,35.408183722],[139.658825694,35.408333334],[139.658825745,35.408333775],[139.658877717,35.408718252],[139.658906252,35.408714171],[139.65896672,35.40916936],[139.658952283,35.409174108],[139.658902503,35.409123946],[139.658851025,35.409158919],[139.658895837,35.409210469],[139.658334865,35.409550387],[139.658333332,35.409551333],[139.658230701,35.409613505],[139.657671635,35.409951892],[139.657644423,35.409748414],[139.657659415,35.409743667],[139.657566615,35.409069441],[139.657447782,35.409082081],[139.657540584,35.409755999],[139.657556641,35.409754505],[139.657589196,35.409998027],[139.657164501,35.410256387],[139.657106278,35.410291802],[139.656563386,35.410621279],[139.65653511,35.410415801],[139.656550532,35.410411865],[139.656458833,35.409736306],[139.656340221,35.409749667],[139.656431479,35.410424225],[139.656441504,35.410423973],[139.656474307,35.410671721],[139.656098586,35.410898973],[139.655456471,35.411287171],[139.655427498,35.411083135],[139.65544205,35.41107964],[139.655352361,35.410403973],[139.655233307,35.410415892],[139.655323554,35.41109136],[139.655331362,35.411090108],[139.655359781,35.411344001],[139.653932607,35.412205171],[139.653592141,35.412410802],[139.652887497,35.412833775],[139.652578689,35.413019198],[139.652559728,35.413017802],[139.650001555,35.412694974],[139.65,35.412694775],[139.649527717,35.412635172],[139.648262283,35.412473775],[139.648320804,35.412159721],[139.649332827,35.411127],[139.649754695,35.410696802],[139.649795422,35.41071992],[139.649862309,35.410652667],[139.649819883,35.410630306],[139.649844968,35.410604749],[139.649847977,35.410606505],[139.649855084,35.41063336],[139.649873774,35.410645108],[139.649888301,35.410642892],[139.649967665,35.410561694],[139.649966693,35.410549532],[139.649947781,35.410537251],[139.649921246,35.410540081],[139.649913139,35.410535225],[139.65,35.410446667],[139.650001531,35.410445108],[139.650156329,35.410287252],[139.650189001,35.410307387],[139.650282919,35.410211892],[139.650291608,35.410217027],[139.650359468,35.410144387],[139.650356719,35.410142333],[139.650295616,35.410102108],[139.650477056,35.409915],[139.650554553,35.409965775],[139.65059847,35.409918333],[139.65042061,35.409800252],[139.650407691,35.409804279],[139.650374617,35.409838468],[139.650374475,35.409847947],[139.650440117,35.409890865],[139.65025856,35.410078],[139.650191167,35.410033802],[139.650124279,35.410102225],[139.650133529,35.410108278],[139.650035941,35.410208],[139.650069494,35.410229946],[139.650001531,35.410299171],[139.65,35.410300721],[139.649824281,35.41047964],[139.649817886,35.410475027],[139.649809922,35.410443279],[139.649792672,35.410433694],[139.649780752,35.410436027],[139.649701752,35.410519468],[139.64970358,35.410532],[139.649722283,35.410542386],[139.649751673,35.410543694],[139.649757588,35.410547585],[139.649734617,35.410570973],[139.649696642,35.410540279],[139.649629638,35.410610946],[139.649667978,35.410638838],[139.649245188,35.41106936],[139.648214306,35.41212144],[139.648151311,35.41246],[139.64724886,35.412346918],[139.647250585,35.412338198],[139.647332919,35.412348775],[139.64734528,35.412283892],[139.647132166,35.412256441],[139.647119689,35.412321414],[139.647216887,35.412333892],[139.647215109,35.41234264],[139.644848301,35.412043865],[139.642922633,35.411800694],[139.642908664,35.411798974],[139.642392283,35.411600522],[139.642370143,35.411670441],[139.64236319,35.411692108],[139.642337639,35.411771279],[139.642292087,35.411875171],[139.641994863,35.412372946],[139.641891804,35.412582667],[139.641841245,35.41268544],[139.641668197,35.413005],[139.641666667,35.413007838],[139.641656524,35.413026558],[139.641460415,35.413362667],[139.641223501,35.413762667],[139.640830168,35.414492946],[139.640677666,35.414717667],[139.640658781,35.414745441],[139.640588495,35.41485236],[139.639842024,35.414547225],[139.639758366,35.414705054],[139.639555668,35.415102279],[139.639539585,35.415231171],[139.639536355,35.415662559],[139.639533891,35.415934747],[139.639506005,35.416178776],[139.639502387,35.416196],[139.639500999,35.416202387],[139.639448781,35.416448775],[139.639402725,35.416666667],[139.639402608,35.416667108],[139.639372387,35.416809891],[139.639343503,35.416946838],[139.6392538,35.417178505],[139.639228807,35.417263505],[139.639217691,35.417301838],[139.639121855,35.417629333],[139.639078522,35.417742946],[139.638822114,35.417830108],[139.638731997,35.418153667],[139.638693385,35.418619252],[139.638710466,35.418958468],[139.63869908,35.418974586],[139.638681582,35.418986802],[139.638663256,35.419000414],[139.638631025,35.419009306],[139.638333061,35.419074306],[139.638127912,35.419064054],[139.637719493,35.419011559],[139.637370857,35.418929776],[139.637116304,35.418901559],[139.637065746,35.418890171],[139.63687852,35.418855171],[139.636686861,35.418832946],[139.636547976,35.418831838],[139.636388521,35.418834893],[139.63613192,35.418829722],[139.635889637,35.418747197],[139.635616109,35.418653919],[139.635263995,35.418592027],[139.635057471,35.418568279],[139.634782388,35.418573946],[139.634608585,35.418548865],[139.634297978,35.418510441],[139.633851556,35.418488225],[139.633522866,35.418585054],[139.633339883,35.418701],[139.63333489,35.418701864],[139.633333333,35.418702109],[139.633275447,35.418712108],[139.633053501,35.418804613],[139.632829805,35.41892264],[139.632692387,35.419009919],[139.632438586,35.419132199],[139.632448521,35.419473468],[139.632055577,35.419714586],[139.632049364,35.419862946],[139.631822023,35.420157559],[139.631611725,35.420339586],[139.631244916,35.42031064],[139.630887419,35.420648467],[139.630778249,35.420797359],[139.630655188,35.421102919],[139.63049856,35.421355946],[139.630188106,35.421492891],[139.630064643,35.42163736],[139.630025525,35.421908332],[139.630063386,35.422087333],[139.629971025,35.422297361],[139.629905746,35.422432081],[139.629792335,35.42264764],[139.629618004,35.422878468],[139.629496329,35.423033468],[139.629356278,35.423154251],[139.629253307,35.423262081],[139.629105306,35.423369946],[139.628925136,35.423443586],[139.628555109,35.423743468],[139.628349195,35.42387764],[139.628154254,35.423945333],[139.628075863,35.424071107],[139.628133695,35.424235919],[139.628154617,35.424366197],[139.628121555,35.42455192],[139.627986589,35.425],[139.627986446,35.425000414],[139.627980726,35.425019414],[139.628004162,35.425112667],[139.628153606,35.425375946],[139.628330467,35.425765108],[139.628577664,35.425892613],[139.628847951,35.426005721],[139.629324112,35.426318748],[139.62914808,35.426417333],[139.62889297,35.426576559],[139.628761051,35.426794892],[139.628703139,35.426926414],[139.628625914,35.427013225],[139.628448053,35.427178],[139.62820686,35.42731336],[139.627928029,35.427387919],[139.627783917,35.42741892],[139.627753411,35.427638],[139.627878638,35.427588721],[139.628095032,35.427510387],[139.628528029,35.427413749],[139.628598586,35.427390414],[139.628857588,35.427370973],[139.629122477,35.427318198],[139.62919275,35.427313468],[139.629253865,35.427312081],[139.629367756,35.427309865],[139.629402749,35.427309027],[139.629887782,35.427350279],[139.6302838,35.42739672],[139.630404448,35.427426054],[139.630488585,35.427469892],[139.630588081,35.427575441],[139.630684773,35.427623838],[139.631318053,35.427828279],[139.631457393,35.427910415],[139.631872217,35.428016386],[139.632095837,35.428024333],[139.632384773,35.428020414],[139.632570271,35.428043199],[139.632896304,35.428244252],[139.633022698,35.428310504],[139.633194449,35.428374081],[139.633333332,35.428254108],[139.633335005,35.428252667],[139.633366201,35.428225721],[139.633716226,35.428318441],[139.634008339,35.428387359],[139.634242088,35.428482],[139.634535551,35.428794586],[139.634602282,35.428905387],[139.634536355,35.429118865],[139.634439248,35.429283532],[139.634655577,35.429389306],[139.634872944,35.429219505],[139.635126861,35.429354721],[139.635323022,35.42946636],[139.635644228,35.429695946],[139.635907717,35.429898802],[139.635936589,35.429963252],[139.635922802,35.430052081],[139.635857523,35.430207639],[139.635757367,35.430262081],[139.635926525,35.430291721],[139.636100053,35.43031236],[139.636436666,35.430255748],[139.636521284,35.430139387],[139.636567807,35.430127919],[139.636625383,35.430048441],[139.636844423,35.430034027],[139.636960558,35.430038081],[139.637061752,35.43013308],[139.637196978,35.430469586],[139.637224747,35.430558198],[139.637321699,35.430774865],[139.637419442,35.430917865],[139.637517588,35.431015225],[139.637797808,35.431321198],[139.637886914,35.431361198],[139.638032672,35.431347802],[139.638194644,35.431554586],[139.63835572,35.431742333],[139.638522581,35.431970586],[139.638917302,35.431829694],[139.639146718,35.432065667],[139.639285031,35.432208533],[139.639565888,35.432433171],[139.639785888,35.432589279],[139.639513943,35.432982054],[139.639287756,35.433333333],[139.639287471,35.433333721],[139.639044812,35.43371056],[139.638756279,35.433465225],[139.63864,35.433333721],[139.638639663,35.433333334],[139.638550467,35.433232505],[139.638492749,35.433075252],[139.638160895,35.433076775],[139.637918107,35.433065108],[139.637814501,35.433034838],[139.63767061,35.432966775],[139.637600053,35.432953722],[139.637456719,35.432948171],[139.63710017,35.432946279],[139.636680856,35.433037505],[139.636426939,35.433152306],[139.636328859,35.433180613],[139.636377912,35.433333333],[139.636378055,35.433333721],[139.636383385,35.43335036],[139.636394227,35.433449],[139.636462282,35.433972613],[139.636479222,35.434103441],[139.636497276,35.434263441],[139.636501441,35.434301774],[139.636553697,35.434764278],[139.636558975,35.434995946],[139.636562023,35.435127053],[139.636542387,35.43523436],[139.63651022,35.435404559],[139.636464384,35.435588027],[139.636415447,35.435699865],[139.636330804,35.43580836],[139.636341362,35.436041136],[139.636368145,35.436184559],[139.636373411,35.436452333],[139.636362308,35.436494838],[139.636300363,35.436708999],[139.636178858,35.436740891],[139.635998054,35.436731467],[139.635642309,35.436639279],[139.635424527,35.436550667],[139.635087302,35.436421505],[139.634789533,35.436296775],[139.634754253,35.436281775],[139.634603697,35.436218721],[139.634470921,35.436170667],[139.634435641,35.436157891],[139.634404527,35.436146775],[139.633952866,35.435983441],[139.633700364,35.435907053],[139.633571192,35.435915108],[139.63354258,35.435917054],[139.633510079,35.435945667],[139.633491193,35.435962055],[139.633428974,35.436016774],[139.633373696,35.436065108],[139.63335869,35.436078441],[139.633335083,35.436099135],[139.633333333,35.436100667],[139.633295914,35.436133441],[139.633233968,35.436187613],[139.633192309,35.436234559],[139.633100922,35.436337054],[139.632854254,35.436673171],[139.632664527,35.436933441],[139.632610635,35.437007054],[139.632420636,35.437267333],[139.632089248,35.437751776],[139.631910636,35.437997892],[139.631725914,35.438251505],[139.631704254,35.438280947],[139.631686744,35.438305108],[139.63136869,35.438741224],[139.630952309,35.439344],[139.630920362,35.439386225],[139.630900077,35.439412891],[139.630883969,35.439434279],[139.630465642,35.439986775],[139.630459805,35.439994559],[139.630269805,35.439902333],[139.630228975,35.439882334],[139.63001703,35.439785667],[139.629614528,35.439604],[139.629220363,35.439438442],[139.62890703,35.439307054],[139.627687301,35.438766505],[139.627430078,35.438652333],[139.627427302,35.438651225],[139.627392309,35.438635667],[139.627219248,35.438556225],[139.626628664,35.438284],[139.626162283,35.438069559],[139.625606161,35.437805946],[139.625225888,35.437625667],[139.625001724,35.437533839],[139.625,35.437533135],[139.624628949,35.437381225],[139.624188949,35.437201225],[139.623636446,35.437005946],[139.623260895,35.436825667],[139.62321144,35.436802054],[139.622895033,35.436749559],[139.62283725,35.436739838],[139.622751414,35.436725667],[139.622649196,35.436875108],[139.622375888,35.437457333],[139.621987277,35.438220387],[139.621858392,35.438477055],[139.62178978,35.43859928],[139.621767834,35.438627892],[139.621749222,35.438651775],[139.621666446,35.438758721],[139.62178978,35.438790946],[139.621838392,35.438806505],[139.622040337,35.438852053],[139.622215057,35.438909],[139.622425058,35.438977613],[139.622888106,35.439167613],[139.622962827,35.439198171],[139.623474501,35.439472891],[139.623688106,35.439597892],[139.623942866,35.439747054],[139.623924812,35.43977456],[139.62388703,35.439831505],[139.6238462,35.439863721],[139.623805914,35.439895946],[139.623610636,35.440050386],[139.623476472,35.440254],[139.623398146,35.44037317],[139.623349533,35.440436225],[139.623271479,35.440537892],[139.623210921,35.440616225],[139.623058144,35.440814838],[139.622944528,35.440975387],[139.622928417,35.440997892],[139.622910637,35.44102344],[139.622823969,35.441145667],[139.622755356,35.441228999],[139.622738145,35.441250107],[139.62271869,35.441273441],[139.62239511,35.441666667],[139.622394773,35.441667054],[139.622200921,35.441902613],[139.622098145,35.442027613],[139.621915356,35.442169838],[139.621789532,35.442260387],[139.62174786,35.442265108],[139.621789533,35.442505667],[139.62185786,35.442590947],[139.621878144,35.442615946],[139.621952309,35.442708171],[139.622240363,35.442670666],[139.622326471,35.442701225],[139.622383411,35.442886775],[139.622636744,35.44291344],[139.622708003,35.443021802],[139.622800947,35.443012414],[139.623151026,35.442903918],[139.623337613,35.442831559],[139.623243695,35.442624558],[139.623542672,35.442554279],[139.623810921,35.442507054],[139.623984255,35.442497892],[139.62430328,35.442738776],[139.624460999,35.442870892],[139.624689883,35.443015558],[139.624686058,35.443177559],[139.624811505,35.443247892],[139.624825109,35.443275387],[139.624909559,35.443443721],[139.625,35.443505414],[139.625001777,35.44350664],[139.625005668,35.44350928],[139.625030362,35.443727973],[139.625164332,35.443833505],[139.625401608,35.443742108],[139.625445668,35.443667414],[139.625563191,35.443627306],[139.625752866,35.444074108],[139.625946226,35.444522135],[139.626107523,35.444906802],[139.626183281,35.445055414],[139.62644703,35.445098387],[139.62659856,35.445384694],[139.626814812,35.445831972],[139.62658083,35.446243748],[139.626622633,35.446353171],[139.626732633,35.446817892],[139.626916252,35.447485667],[139.626895135,35.447545946],[139.626882088,35.447582613],[139.626834864,35.447717893],[139.626793191,35.447817612],[139.626754864,35.447909],[139.626691246,35.448060946],[139.626685966,35.448073441],[139.626681803,35.448083171],[139.626609857,35.448306775],[139.626560169,35.448460667],[139.626454059,35.448758721],[139.626397108,35.448849559],[139.626179884,35.449007334],[139.626275162,35.449127891],[139.626462944,35.449160946],[139.626639339,35.449192054],[139.626734332,35.449208721],[139.626886278,35.449020387],[139.627122114,35.448598171],[139.627209339,35.448374838],[139.627485966,35.448516198],[139.627499586,35.448627613],[139.627502088,35.448878775],[139.627631634,35.449013198],[139.627636835,35.449081667],[139.627787004,35.449082333],[139.627858833,35.449029667],[139.627930388,35.449004387],[139.628087004,35.449017171],[139.628119831,35.449059054],[139.628168495,35.449269694],[139.628219754,35.449409532],[139.628055811,35.449448946],[139.628022335,35.44951172],[139.627991192,35.449614802],[139.62795917,35.44980036],[139.628057174,35.45],[139.628057366,35.450000387],[139.628084891,35.450056505],[139.628119053,35.450217892],[139.628108223,35.450333171],[139.628071284,35.450505108],[139.628059339,35.450556748],[139.628040727,35.450637586],[139.628002245,35.450816468],[139.628128859,35.450976171],[139.62821572,35.451151468],[139.628337134,35.451578414],[139.628347977,35.451690081],[139.628356303,35.45177536],[139.62840808,35.452051414],[139.628415188,35.452088973],[139.628452412,35.452108135],[139.628478806,35.452121468],[139.628649079,35.452208414],[139.628733255,35.452251468],[139.628782412,35.452276468],[139.629004086,35.45240036],[139.629136861,35.452450919],[139.629137977,35.452451467],[139.629066304,35.45255036],[139.6286638,35.45310536],[139.628528249,35.453279252],[139.6281538,35.453759252],[139.627814085,35.454217865],[139.627800195,35.45424064],[139.627756304,35.454312306],[139.627720467,35.454370919],[139.627778521,35.454413973],[139.627918249,35.454517865],[139.627923528,35.454522027],[139.628011309,35.454587306],[139.628018521,35.454592586],[139.628051855,35.454617305],[139.628232724,35.454836468],[139.628289949,35.454905919],[139.628328003,35.45495564],[139.628343554,35.454968973],[139.628361894,35.454984252],[139.628400219,35.454984251],[139.628464669,35.454982305],[139.628706615,35.454838135],[139.628776329,35.454726748],[139.628849948,35.454608694],[139.629131025,35.454335081],[139.629471582,35.454294532],[139.629721051,35.454412864],[139.629811609,35.454455919],[139.62999022,35.454540641],[139.630195771,35.454650081],[139.630389663,35.454753135],[139.630525771,35.454591748],[139.630924942,35.454111198],[139.631272698,35.453679252],[139.631492412,35.453406198],[139.632021581,35.452808136],[139.632554358,35.452264252],[139.632795473,35.452283135],[139.632804086,35.452283694],[139.632987977,35.452298135],[139.633198807,35.452347586],[139.633298807,35.45240064],[139.633333333,35.452445694],[139.633335189,35.452448135],[139.63339603,35.452527586],[139.633506329,35.452926747],[139.633625499,35.45321536],[139.633889105,35.45366536],[139.634126888,35.453937306],[139.634458275,35.45428564],[139.635232725,35.45514036],[139.635511686,35.455432578],[139.635833412,35.455383252],[139.636795965,35.455894748],[139.636905668,35.455953081],[139.637149144,35.45608236],[139.637261673,35.456142225],[139.638502387,35.456801531],[139.638511634,35.456793361],[139.638704747,35.456623198],[139.638721971,35.456611414],[139.638819637,35.456540468],[139.638862335,35.45650944],[139.638918055,35.456475441],[139.639074501,35.456380333],[139.639182607,35.456321468],[139.639307588,35.456262639],[139.639444773,35.456205414],[139.639542362,35.456169253],[139.639664306,35.456129892],[139.639799222,35.456093667],[139.639890505,35.456069306],[139.639998521,35.456047306],[139.640108301,35.45602872],[139.640277562,35.456006108],[139.640428302,35.455999135],[139.640838339,35.455773441],[139.640851751,35.455787892],[139.640854812,35.455791694],[139.640668494,35.455893415],[139.640942555,35.45623864],[139.641133722,35.456136919],[139.641666666,35.456796838],[139.641668586,35.456799225],[139.641680752,35.456814278],[139.642055331,35.457278108],[139.642478911,35.457808361],[139.642797834,35.457637054],[139.642381582,35.457118081],[139.642535033,35.457033973],[139.64279659,35.456894197],[139.642990948,35.456787775]]},"properties":{"city_code":"14104","city_name":"中区","prefecture_code":"14","prefecture_name":"神奈川県"}},{"type":"Feature","geometry":{"type":"LineString","coordinates":[[139.618856667,35.442672],[139.619038859,35.442551721],[139.619349275,35.442374613],[139.619556084,35.442288306],[139.619772023,35.442180054],[139.619969922,35.442101136],[139.620245446,35.442044837],[139.62070511,35.441969892],[139.621210195,35.441905838],[139.621519949,35.441845919],[139.621701167,35.442090748],[139.62174786,35.442265108],[139.621789532,35.442260387],[139.621915356,35.442169838],[139.622098145,35.442027613],[139.622200921,35.441902613],[139.622394773,35.441667054],[139.62239511,35.441666667],[139.62271869,35.441273441],[139.622738145,35.441250107],[139.622755356,35.441228999],[139.622823969,35.441145667],[139.622910637,35.44102344],[139.622928417,35.440997892],[139.622944528,35.440975387],[139.623058144,35.440814838],[139.623210921,35.440616225],[139.623271479,35.440537892],[139.623349533,35.440436225],[139.623398146,35.44037317],[139.623476472,35.440254],[139.623610636,35.440050386],[139.623805914,35.439895946],[139.6238462,35.439863721],[139.62388703,35.439831505],[139.623924812,35.43977456],[139.623942866,35.439747054],[139.623688106,35.439597892],[139.623474501,35.439472891],[139.622962827,35.439198171],[139.622888106,35.439167613],[139.622425058,35.438977613],[139.622215057,35.438909],[139.622040337,35.438852053],[139.621838392,35.438806505],[139.62178978,35.438790946],[139.621666446,35.438758721],[139.621749222,35.438651775],[139.621767834,35.438627892],[139.62178978,35.43859928],[139.621858392,35.438477055],[139.621987277,35.438220387],[139.622375888,35.437457333],[139.622649196,35.436875108],[139.622751414,35.436725667],[139.62283725,35.436739838],[139.622895033,35.436749559],[139.62321144,35.436802054],[139.623260895,35.436825667],[139.623636446,35.437005946],[139.624188949,35.437201225],[139.624628949,35.437381225],[139.625,35.437533135],[139.625001724,35.437533839],[139.625225888,35.437625667],[139.625606161,35.437805946],[139.626162283,35.438069559],[139.626628664,35.438284],[139.627219248,35.438556225],[139.627392309,35.438635667],[139.627427302,35.438651225],[139.627430078,35.438652333],[139.627687301,35.438766505],[139.62890703,35.439307054],[139.629220363,35.439438442],[139.629614528,35.439604],[139.63001703,35.439785667],[139.630228975,35.439882334],[139.630269805,35.439902333],[139.630459805,35.439994559],[139.630465642,35.439986775],[139.630883969,35.439434279],[139.630900077,35.439412891],[139.630920362,35.439386225],[139.630952309,35.439344],[139.63136869,35.438741224],[139.631686744,35.438305108],[139.631704254,35.438280947],[139.631725914,35.438251505],[139.631910636,35.437997892],[139.632089248,35.437751776],[139.632420636,35.437267333],[139.632610635,35.437007054],[139.632664527,35.436933441],[139.632854254,35.436673171],[139.633100922,35.436337054],[139.633192309,35.436234559],[139.633233968,35.436187613],[139.633295914,35.436133441],[139.633333333,35.436100667],[139.633335083,35.436099135],[139.63335869,35.436078441],[139.633373696,35.436065108],[139.633428974,35.436016774],[139.633491193,35.435962055],[139.633510079,35.435945667],[139.63354258,35.435917054],[139.633571192,35.435915108],[139.633700364,35.435907053],[139.633952866,35.435983441],[139.634404527,35.436146775],[139.634435641,35.436157891],[139.634470921,35.436170667],[139.634603697,35.436218721],[139.634754253,35.436281775],[139.634789533,35.436296775],[139.635087302,35.436421505],[139.635424527,35.436550667],[139.635642309,35.436639279],[139.635998054,35.436731467],[139.636178858,35.436740891],[139.636300363,35.436708999],[139.636362308,35.436494838],[139.636373411,35.436452333],[139.636368145,35.436184559],[139.636341362,35.436041136],[139.636330804,35.43580836],[139.636415447,35.435699865],[139.636464384,35.435588027],[139.63651022,35.435404559],[139.636542387,35.43523436],[139.636562023,35.435127053],[139.636558975,35.434995946],[139.636553697,35.434764278],[139.636501441,35.434301774],[139.636497276,35.434263441],[139.636479222,35.434103441],[139.636462282,35.433972613],[139.636394227,35.433449],[139.636383385,35.43335036],[139.636378055,35.433333721],[139.636377912,35.433333333],[139.636328859,35.433180613],[139.636426939,35.433152306],[139.636680856,35.433037505],[139.63710017,35.432946279],[139.637456719,35.432948171],[139.637600053,35.432953722],[139.63767061,35.432966775],[139.637814501,35.433034838],[139.637918107,35.433065108],[139.638160895,35.433076775],[139.638492749,35.433075252],[139.638550467,35.433232505],[139.638639663,35.433333334],[139.63864,35.433333721],[139.638756279,35.433465225],[139.639044812,35.43371056],[139.639287471,35.433333721],[139.639287756,35.433333333],[139.639513943,35.432982054],[139.639785888,35.432589279],[139.639565888,35.432433171],[139.639285031,35.432208533],[139.639146718,35.432065667],[139.638917302,35.431829694],[139.638522581,35.431970586],[139.63835572,35.431742333],[139.638194644,35.431554586],[139.638032672,35.431347802],[139.637886914,35.431361198],[139.637797808,35.431321198],[139.637517588,35.431015225],[139.637419442,35.430917865],[139.637321699,35.430774865],[139.637224747,35.430558198],[139.637196978,35.430469586],[139.637061752,35.43013308],[139.636960558,35.430038081],[139.636844423,35.430034027],[139.636625383,35.430048441],[139.636567807,35.430127919],[139.636521284,35.430139387],[139.636436666,35.430255748],[139.636100053,35.43031236],[139.635926525,35.430291721],[139.635757367,35.430262081],[139.635857523,35.430207639],[139.635922802,35.430052081],[139.635936589,35.429963252],[139.635907717,35.429898802],[139.635644228,35.429695946],[139.635323022,35.42946636],[139.635126861,35.429354721],[139.634872944,35.429219505],[139.634655577,35.429389306],[139.634439248,35.429283532],[139.634536355,35.429118865],[139.634602282,35.428905387],[139.634535551,35.428794586],[139.634242088,35.428482],[139.634008339,35.428387359],[139.633716226,35.428318441],[139.633366201,35.428225721],[139.633335005,35.428252667],[139.633333332,35.428254108],[139.633194449,35.428374081],[139.633022698,35.428310504],[139.632896304,35.428244252],[139.632570271,35.428043199],[139.632384773,35.428020414],[139.632095837,35.428024333],[139.631872217,35.428016386],[139.631457393,35.427910415],[139.631318053,35.427828279],[139.630684773,35.427623838],[139.630588081,35.427575441],[139.630488585,35.427469892],[139.630404448,35.427426054],[139.6302838,35.42739672],[139.629887782,35.427350279],[139.629402749,35.427309027],[139.629367756,35.427309865],[139.629253865,35.427312081],[139.62919275,35.427313468],[139.629122477,35.427318198],[139.628857588,35.427370973],[139.628598586,35.427390414],[139.628528029,35.427413749],[139.628095032,35.427510387],[139.627878638,35.427588721],[139.627753411,35.427638],[139.627286551,35.427942225],[139.627083865,35.427875613],[139.626898585,35.42781236],[139.626528106,35.427710306],[139.626230804,35.427608198],[139.626079922,35.427452775],[139.62581061,35.427368332],[139.62535358,35.427281802],[139.625218612,35.427234198],[139.625083476,35.427181585],[139.625001634,35.427142333],[139.625,35.427141559],[139.624870195,35.427079306],[139.624625772,35.426984586],[139.624246886,35.426750171],[139.623979856,35.42661864],[139.623696694,35.426489748],[139.623539053,35.426431892],[139.623368521,35.42642136],[139.623233385,35.426426613],[139.623128003,35.426636531],[139.623117446,35.426658468],[139.623019106,35.426649865],[139.622999106,35.42664764],[139.622836058,35.426630413],[139.622777445,35.426624027],[139.622582438,35.426605973],[139.622489948,35.42660236],[139.622182724,35.426590694],[139.621789948,35.426671802],[139.621564942,35.426659306],[139.620842166,35.426653198],[139.620306329,35.426647081],[139.620324812,35.426521333],[139.620281479,35.426315469],[139.620268612,35.426180332],[139.620276524,35.426061],[139.620480467,35.425724586],[139.620500726,35.425608082],[139.620213606,35.425599721],[139.620035005,35.425592748],[139.61990192,35.425616838],[139.619400272,35.425573946],[139.619377639,35.425726252],[139.619120999,35.425823414],[139.619020856,35.425748505],[139.618520779,35.425458],[139.618144423,35.425563775],[139.617870636,35.425646774],[139.617706031,35.425664027],[139.617721855,35.425615134],[139.617606005,35.425624333],[139.617393022,35.42556],[139.617274333,35.425506802],[139.617079781,35.425368893],[139.616668249,35.425415387],[139.616666667,35.425415586],[139.616611777,35.425421775],[139.616437134,35.425349441],[139.616348833,35.425260946],[139.616290052,35.425087721],[139.616248275,35.425000414],[139.616248054,35.425],[139.616174228,35.424845694],[139.616113088,35.424674721],[139.61589686,35.424670414],[139.615713165,35.424613865],[139.6155538,35.424494306],[139.615453502,35.424398532],[139.615394968,35.424251081],[139.615374773,35.424061054],[139.615374501,35.423796946],[139.615273061,35.423640919],[139.615189637,35.423517306],[139.615149053,35.423462946],[139.615087951,35.423418505],[139.614989612,35.423346838],[139.614922387,35.423297667],[139.614755448,35.423198225],[139.614452827,35.422988585],[139.614299144,35.422980225],[139.614211556,35.422786838],[139.614116005,35.422699468],[139.613976641,35.422691333],[139.613634113,35.422695532],[139.613458495,35.422625721],[139.613305279,35.422495],[139.613201193,35.422254667],[139.612876834,35.422517027],[139.612674087,35.422623774],[139.612636006,35.42263156],[139.612498781,35.422737387],[139.612209883,35.423000999],[139.611953995,35.423237441],[139.611549689,35.423415],[139.611345837,35.423427532],[139.611207031,35.423484414],[139.611074475,35.423569919],[139.610942114,35.423587108],[139.61088786,35.423556775],[139.610851556,35.423530171],[139.610782944,35.423349613],[139.61059978,35.423247468],[139.610351362,35.422913865],[139.610259027,35.422659055],[139.610288469,35.422527666],[139.610276252,35.42243408],[139.610175524,35.422380171],[139.610183217,35.422254667],[139.61028511,35.422114306],[139.610289585,35.422100442],[139.610257224,35.421681225],[139.610215746,35.421573946],[139.610094137,35.421509081],[139.609963281,35.421523893],[139.609820415,35.421581279],[139.609672529,35.421609252],[139.609575551,35.421516414],[139.60946786,35.42139336],[139.609340143,35.421349387],[139.609253359,35.421268225],[139.609105357,35.421157748],[139.608900143,35.421023505],[139.608918716,35.420484333],[139.608699922,35.420402802],[139.608365305,35.42026864],[139.608334838,35.42025872],[139.608333333,35.420258225],[139.607921284,35.420123946],[139.607689637,35.420034532],[139.607487329,35.419961468],[139.607499805,35.419808306],[139.607493359,35.419650468],[139.607268145,35.419421613],[139.607139417,35.419219054],[139.607528756,35.418858694],[139.607737366,35.418798414],[139.607652698,35.418747775],[139.607421829,35.418687225],[139.60730703,35.418597387],[139.607256783,35.418491748],[139.60703022,35.418426252],[139.607036471,35.418366776],[139.607071166,35.418182748],[139.607073774,35.417997333],[139.607068612,35.417593414],[139.607011283,35.417315387],[139.607022724,35.417158387],[139.607020363,35.41687264],[139.607030078,35.416762946],[139.607032244,35.416667108],[139.607032244,35.416666667],[139.607038145,35.416408442],[139.607002607,35.416280559],[139.607133969,35.416203775],[139.60705253,35.415996694],[139.607145836,35.415972999],[139.606936978,35.415607775],[139.606814501,35.415348505],[139.606761997,35.415237108],[139.606730609,35.415171001],[139.606521608,35.414770865],[139.606409494,35.414676387],[139.606355747,35.414557586],[139.60634786,35.414405225],[139.606199857,35.414310532],[139.606203087,35.414055359],[139.606092826,35.414007387],[139.606142554,35.413834892],[139.606305811,35.413527252],[139.605725863,35.412725721],[139.605738975,35.412414333],[139.605660947,35.412203973],[139.605654695,35.412115613],[139.605723917,35.412094919],[139.605836252,35.412040414],[139.605983579,35.411760198],[139.606045383,35.411543252],[139.606074358,35.411351225],[139.606212724,35.411009252],[139.606334189,35.410873803],[139.606402335,35.410389225],[139.606160026,35.410175467],[139.605994163,35.409961027],[139.606112944,35.409938641],[139.606879274,35.409836721],[139.606817588,35.409591414],[139.606757756,35.409237505],[139.606669442,35.408894081],[139.606504721,35.40854464],[139.606360973,35.408476252],[139.605976782,35.408368613],[139.605833359,35.408333802],[139.60583144,35.408333334],[139.60572428,35.408307333],[139.605609832,35.408278306],[139.605191582,35.408071838],[139.605082023,35.408333333],[139.605081971,35.408333505],[139.605081479,35.408333333],[139.604602697,35.408178721],[139.604390246,35.408115586],[139.604314087,35.408228108],[139.604418638,35.408333333],[139.604419105,35.408333802],[139.60457581,35.408491532],[139.604533113,35.408602775],[139.604365642,35.408567387],[139.604355836,35.408486333],[139.604290221,35.408483334],[139.604268859,35.408586973],[139.604093644,35.408597468],[139.604026109,35.408667135],[139.60395428,35.408803613],[139.603899637,35.408769333],[139.603599416,35.408801469],[139.60348114,35.408792001],[139.603333411,35.408640892],[139.603139494,35.408916972],[139.602887886,35.408908973],[139.602838054,35.408974081],[139.602759002,35.409185136],[139.602737612,35.409389441],[139.6025262,35.409443918],[139.602469104,35.409521532],[139.602155811,35.409471081],[139.601794422,35.409862252],[139.601836499,35.409917081],[139.601734475,35.410030775],[139.601611556,35.410084532],[139.601500506,35.410193081],[139.601428833,35.41017964],[139.601317225,35.410367892],[139.601188781,35.410574441],[139.601113113,35.410699414],[139.600968392,35.41083056],[139.600878366,35.410904171],[139.600789533,35.411110027],[139.600645669,35.41120664],[139.60036847,35.411301506],[139.600267444,35.411272171],[139.600052244,35.411221198],[139.600001388,35.411223054],[139.6,35.411223108],[139.599744358,35.411232505],[139.599585811,35.411134171],[139.599178054,35.410896892],[139.599084306,35.410919775],[139.598895358,35.410996306],[139.598638611,35.411075747],[139.598526395,35.411121586],[139.598335058,35.411144668],[139.598227328,35.411214333],[139.598006615,35.411398776],[139.59785275,35.411391775],[139.597762308,35.411693332],[139.597880026,35.411724468],[139.597969105,35.411642532],[139.5981038,35.411631532],[139.598109974,35.411747973],[139.597942309,35.411929108],[139.597826783,35.412009839],[139.597678145,35.412047504],[139.597567665,35.412178],[139.597492827,35.412201359],[139.597417951,35.41232292],[139.597298171,35.412355198],[139.597524838,35.412896721],[139.597381388,35.412928865],[139.597388663,35.413226442],[139.597407471,35.413389614],[139.597444449,35.413505279],[139.597497497,35.413653774],[139.597634163,35.413940306],[139.597802969,35.414254441],[139.597907445,35.414420054],[139.597992672,35.414538332],[139.598172724,35.41460928],[139.598307756,35.414596135],[139.598372087,35.414686837],[139.598619663,35.414972054],[139.599180752,35.415165279],[139.59931258,35.415269109],[139.599370441,35.415415],[139.599343112,35.415829027],[139.599105188,35.415890802],[139.598851167,35.415969667],[139.598827057,35.416051171],[139.598634136,35.41613264],[139.598511945,35.416190505],[139.598328664,35.415847441],[139.597687225,35.416026198],[139.597272438,35.416130027],[139.596319105,35.416382387],[139.595807833,35.41647964],[139.595729079,35.416278559],[139.595494358,35.415428136],[139.595407497,35.415015441],[139.594393061,35.415179748],[139.593962166,35.415269108],[139.593692088,35.415328279],[139.593269248,35.415426865],[139.593169585,35.415441306],[139.593035032,35.41516936],[139.592958975,35.415049613],[139.592707393,35.414987838],[139.592581167,35.414872171],[139.59244611,35.414676306],[139.592314281,35.414548838],[139.592237108,35.414452892],[139.592116524,35.414317505],[139.592057056,35.414220226],[139.591954163,35.414092721],[139.59189144,35.414053306],[139.591827133,35.413971802],[139.591770895,35.413841666],[139.591695305,35.413522278],[139.59166808,35.41341672],[139.591666667,35.413411252],[139.591610311,35.413192694],[139.591595863,35.413161586],[139.591530558,35.41301964],[139.591494721,35.412941865],[139.591410272,35.41275908],[139.59134,35.412698135],[139.591076031,35.412560136],[139.590709754,35.412479947],[139.590552217,35.412395839],[139.59039786,35.412251252],[139.590301414,35.412184198],[139.590135812,35.41211717],[139.58981428,35.412056694],[139.589465383,35.411994946],[139.589238716,35.411959441],[139.589087588,35.411883197],[139.588976641,35.41177936],[139.588835163,35.41154672],[139.588711388,35.411354802],[139.588666355,35.411187892],[139.588484694,35.411005171],[139.588335162,35.410889505],[139.588142219,35.410700252],[139.588084357,35.410587198],[139.587979856,35.410411054],[139.587831946,35.410190252],[139.58773869,35.410031225],[139.587645473,35.409956306],[139.587560246,35.409869532],[139.587417174,35.40962636],[139.586947756,35.40976464],[139.586764968,35.409838802],[139.586522529,35.409910253],[139.586315447,35.409988333],[139.586288561,35.410045666],[139.586346355,35.410212135],[139.586363333,35.410357199],[139.586037756,35.410467585],[139.58580939,35.410548586],[139.585799974,35.410530198],[139.585327198,35.410595468],[139.585169975,35.410617414],[139.585218028,35.410723802],[139.585280532,35.410841307],[139.585372477,35.410929919],[139.585636109,35.411286306],[139.585708197,35.411345639],[139.585613333,35.411421865],[139.585491362,35.411492442],[139.585335188,35.41150336],[139.585176031,35.411561198],[139.585041803,35.411634306],[139.584793385,35.411688694],[139.584470246,35.411708415],[139.584127808,35.411834585],[139.584014448,35.411927135],[139.583947718,35.412025198],[139.583484695,35.411841171],[139.583455006,35.411891306],[139.58340834,35.411972694],[139.58333472,35.412101802],[139.583333333,35.412104225],[139.583313606,35.412138802],[139.583170559,35.412246865],[139.583095007,35.412268532],[139.582833891,35.41230492],[139.582620829,35.41231964],[139.582405006,35.412317973],[139.582265836,35.412316586],[139.582151674,35.412315749],[139.582048054,35.412443802],[139.581929728,35.412586865],[139.581713892,35.412694919],[139.581579559,35.412756],[139.581507497,35.412720469],[139.581468975,35.412773054],[139.581431633,35.412862468],[139.581389999,35.413007973],[139.581347886,35.413115614],[139.581248366,35.413326468],[139.581176005,35.413398775],[139.581100778,35.413437721],[139.581009728,35.413598533],[139.580961114,35.413684641],[139.58092083,35.413755748],[139.580785279,35.414119081],[139.580731389,35.414183252],[139.580525616,35.414916081],[139.580412361,35.415048386],[139.580000752,35.415401973],[139.579769248,35.41552292],[139.579695032,35.41558908],[139.579631414,35.415721586],[139.579563087,35.415863252],[139.579341141,35.41623936],[139.579309468,35.416293252],[139.579095863,35.416666667],[139.579095578,35.416667135],[139.578937809,35.416942973],[139.578880026,35.417115748],[139.57885642,35.417186586],[139.578945305,35.417517694],[139.578988639,35.417666028],[139.578829222,35.41801936],[139.57883847,35.418145694],[139.578961673,35.418334],[139.578741894,35.418665775],[139.578624527,35.418851135],[139.578636278,35.41903136],[139.578669779,35.419302947],[139.578703308,35.419549108],[139.578714554,35.419750252],[139.578711361,35.419917171],[139.578717782,35.420011838],[139.578761193,35.420182694],[139.578784773,35.420295748],[139.578682412,35.420424586],[139.578579494,35.42059808],[139.578458911,35.420757135],[139.578339975,35.420934613],[139.578200078,35.421093641],[139.578028054,35.421275027],[139.577884942,35.421423559],[139.57771131,35.421635198],[139.577413864,35.421973028],[139.577237004,35.422180694],[139.577003864,35.422405505],[139.576605136,35.422463333],[139.576331803,35.422468586],[139.576095447,35.422455441],[139.575952361,35.422447559],[139.575722438,35.422426532],[139.575579339,35.422456748],[139.575397003,35.422708414],[139.575153282,35.422610559],[139.575019533,35.422577387],[139.575106641,35.422435721],[139.575244916,35.422180721],[139.575329079,35.422010695],[139.575117108,35.421905333],[139.57500148,35.421864694],[139.575,35.421864171],[139.574973191,35.421854748],[139.574779494,35.421797892],[139.574542308,35.421788253],[139.574451285,35.42184864],[139.573979586,35.421919171],[139.573813968,35.421915225],[139.573525914,35.421917054],[139.57337192,35.42193044],[139.572863799,35.422171279],[139.572518054,35.422472586],[139.572437691,35.422617171],[139.572182023,35.422806441],[139.57170175,35.423120198],[139.571487445,35.423242866],[139.570932751,35.423545198],[139.570577419,35.42374236],[139.570677082,35.423842667],[139.57087808,35.424022333],[139.570596719,35.424282613],[139.570376446,35.424478468],[139.570178781,35.424719027],[139.569990467,35.425],[139.56999017,35.425000441],[139.5699338,35.425084559],[139.569882866,35.425215946],[139.569863165,35.425433774],[139.569929728,35.425563468],[139.569946978,35.425774333],[139.569990143,35.425875559],[139.570048444,35.42590736],[139.570222633,35.425908614],[139.570420415,35.425913108],[139.570675525,35.425916559],[139.57097297,35.425938919],[139.571165914,35.425967839],[139.57139869,35.42600564],[139.571680415,35.426019081],[139.57212083,35.426029028],[139.572775357,35.426050639],[139.573740052,35.426033558],[139.57405594,35.426036838],[139.574177393,35.426028306],[139.57435908,35.425831135],[139.574342996,35.425753586],[139.574242971,35.425482839],[139.574064137,35.425000441],[139.57406397,35.425000001],[139.574008561,35.424850505],[139.574123696,35.424838892],[139.574235772,35.425000001],[139.574236109,35.425000441],[139.574507327,35.425390171],[139.574587393,35.425484081],[139.574732114,35.425761468],[139.574793191,35.425835081],[139.574889663,35.425882388],[139.575,35.425863586],[139.575001505,35.425863333],[139.575079339,35.425850054],[139.575132477,35.425808775],[139.575286226,35.425661838],[139.575282049,35.425569054],[139.575278171,35.425486001],[139.575265914,35.425384198],[139.575238585,35.425282973],[139.575320662,35.42528017],[139.575460467,35.425272441],[139.575552114,35.425254027],[139.57554978,35.425092441],[139.575526394,35.425046333],[139.575127977,35.425000441],[139.575124035,35.425],[139.575001505,35.424985892],[139.575,35.424985721],[139.574978444,35.424983226],[139.574695188,35.424988305],[139.574540778,35.424850468],[139.574478054,35.424772918],[139.574240246,35.424718171],[139.573924942,35.424632279],[139.573924917,35.424370668],[139.574391194,35.424176108],[139.574714385,35.424056505],[139.575,35.423985613],[139.575001479,35.423985225],[139.575021505,35.423980252],[139.575379831,35.423982973],[139.57544275,35.424002585],[139.575526252,35.424049225],[139.57554258,35.424053775],[139.575616745,35.424102667],[139.575721505,35.424172919],[139.576285305,35.424611225],[139.576237887,35.424744333],[139.576258171,35.424905172],[139.576257276,35.425],[139.576257276,35.425000441],[139.576256782,35.425053776],[139.576275643,35.425222468],[139.576280467,35.425326333],[139.576249922,35.425440694],[139.576079494,35.42557217],[139.575897808,35.42571544],[139.575819027,35.425832441],[139.575651804,35.426019107],[139.575518172,35.426106838],[139.575261089,35.426353],[139.575243385,35.426514694],[139.575164617,35.426801279],[139.575122802,35.427039198],[139.575095472,35.427199586],[139.575118003,35.427458559],[139.575145331,35.427779305],[139.575206445,35.42798964],[139.575357588,35.428343252],[139.57560681,35.428861198],[139.575528028,35.428950586],[139.5754693,35.429027387],[139.575429857,35.429143505],[139.575417367,35.429207946],[139.575416252,35.429267387],[139.575419858,35.429302387],[139.5754293,35.429346279],[139.575442088,35.429377108],[139.575464306,35.429422667],[139.575497083,35.429479892],[139.575560803,35.429595613],[139.575532918,35.429733387],[139.575416616,35.429839865],[139.575275577,35.429915504],[139.575234579,35.429971559],[139.575196809,35.430054838],[139.575211284,35.430279614],[139.575234617,35.430718226],[139.575241855,35.430789667],[139.575237029,35.430881695],[139.575170169,35.430971559],[139.57513092,35.431023666],[139.575169494,35.431130171],[139.575223606,35.431209054],[139.575293307,35.431318171],[139.575470725,35.431640721],[139.575552944,35.431759892],[139.575681284,35.431967108],[139.575738495,35.432059612],[139.575791557,35.432141837],[139.575839883,35.432258226],[139.575877198,35.432425387],[139.576013502,35.432528306],[139.57620031,35.432768667],[139.576300752,35.432801775],[139.576416355,35.432949586],[139.576656225,35.433096946],[139.576766744,35.43326064],[139.576874527,35.433333333],[139.576875188,35.433333775],[139.576931894,35.433372027],[139.577191582,35.433524252],[139.577373554,35.433601505],[139.577582725,35.433689333],[139.577761582,35.433675749],[139.577906304,35.433651892],[139.578140752,35.433644053],[139.578302698,35.433622946],[139.578535745,35.433612668],[139.578673799,35.433578225],[139.578795746,35.433538505],[139.5789138,35.433484333],[139.578986861,35.433451],[139.579019364,35.433441279],[139.579087691,35.433420722],[139.579245187,35.433373505],[139.579366304,35.433337108],[139.579375383,35.433333775],[139.57937655,35.433333334],[139.579684643,35.433220441],[139.579782698,35.433196559],[139.579907419,35.433204613],[139.580023256,35.433229054],[139.58003214,35.433231],[139.580186032,35.433260171],[139.580390195,35.433333334],[139.580391414,35.433333775],[139.58039297,35.433334333],[139.580654916,35.433451838],[139.580769079,35.433509892],[139.580875188,35.433549892],[139.581034358,35.433581559],[139.581119364,35.433613504],[139.58114686,35.433625441],[139.581294916,35.433689333],[139.581474917,35.433767108],[139.581583528,35.433852108],[139.582002698,35.43416736],[139.582077977,35.434249026],[139.582229637,35.434413198],[139.58237825,35.434500414],[139.58255131,35.434601252],[139.582683257,35.434678199],[139.582730467,35.434741802],[139.58274908,35.434808198],[139.582759079,35.434841252],[139.582801026,35.434977919],[139.58285908,35.435100135],[139.582996304,35.435345973],[139.583057717,35.435496802],[139.583062724,35.435509027],[139.583106057,35.435589864],[139.583180778,35.435767919],[139.583249105,35.435907919],[139.583333333,35.436081225],[139.583334942,35.436084505],[139.583336614,35.436087919],[139.583425552,35.436246839],[139.583583281,35.436429586],[139.583761051,35.436659586],[139.583893839,35.436846532],[139.584012438,35.437013198],[139.584101608,35.437122919],[139.584196887,35.437265973],[139.584225499,35.43730236],[139.584302438,35.437400414],[139.58438856,35.437520135],[139.584869391,35.43812764],[139.585088275,35.438419802],[139.585126693,35.438447027],[139.585290584,35.438624973],[139.585536394,35.438846892],[139.585814968,35.439074587],[139.585912192,35.439159306],[139.586042477,35.439300973],[139.586253022,35.439529586],[139.586381362,35.439662081],[139.586446472,35.439781135],[139.586524968,35.439903802],[139.586590804,35.440014027],[139.586640532,35.440138198],[139.586710532,35.440239586],[139.586830415,35.440344225],[139.586991089,35.440495973],[139.58706358,35.440527081],[139.587239689,35.440580973],[139.587351634,35.440626532],[139.587455253,35.440665694],[139.58759192,35.440700973],[139.58765834,35.440746532],[139.587747224,35.440812639],[139.587785006,35.440835414],[139.587884449,35.44094264],[139.58792834,35.440990135],[139.588122219,35.441199027],[139.588276978,35.441334108],[139.588334163,35.441384026],[139.588361672,35.441416532],[139.588511389,35.441591803],[139.588513606,35.441594585],[139.588580831,35.441661802],[139.588586783,35.441666668],[139.588587276,35.441667081],[139.588634163,35.441705414],[139.588715279,35.441771252],[139.588715837,35.441771801],[139.588805551,35.44179764],[139.588996939,35.44181764],[139.589254448,35.441855414],[139.589257498,35.441855973],[139.589429729,35.441883198],[139.589576394,35.441911532],[139.58972,35.441921531],[139.589799728,35.441915694],[139.589901387,35.441891802],[139.589971389,35.441865694],[139.590029169,35.441829864],[139.59010083,35.441782081],[139.590158612,35.441738197],[139.590212218,35.441715973],[139.590216667,35.441714306],[139.590274448,35.441704586],[139.59035611,35.441696532],[139.590571388,35.441704586],[139.59071917,35.441718468],[139.590863061,35.441722919],[139.590896109,35.441724027],[139.591111672,35.441717919],[139.591201945,35.441715972],[139.591203332,35.441715972],[139.591305006,35.441694028],[139.591369364,35.441667081],[139.591370337,35.441666668],[139.591376667,35.441664027],[139.591489857,35.441614468],[139.591640921,35.44151064],[139.591666666,35.441486334],[139.59166834,35.441484775],[139.591947224,35.441221803],[139.592214526,35.440938253],[139.592444449,35.440707919],[139.592454449,35.440699865],[139.592551946,35.440620414],[139.592649728,35.440560973],[139.592751388,35.440500973],[139.592903333,35.440444866],[139.592998612,35.440409586],[139.593142218,35.440373468],[139.593221673,35.440344865],[139.593289442,35.440310973],[139.59337917,35.440265135],[139.593528612,35.440209586],[139.593640272,35.440173468],[139.59374,35.440173468],[139.593861673,35.440195414],[139.594031388,35.440231252],[139.594188885,35.440293198],[139.594300558,35.440339027],[139.594398054,35.440378748],[139.594532387,35.440482198],[139.594615472,35.440458946],[139.594795032,35.440447136],[139.595055499,35.440400865],[139.595224306,35.440295253],[139.595507419,35.440062559],[139.595769196,35.440059026],[139.596307134,35.439781532],[139.596598859,35.439677694],[139.596668807,35.439652613],[139.596951673,35.439714586],[139.59712472,35.439741802],[139.597167783,35.439748469],[139.59747,35.439795694],[139.597684448,35.439804028],[139.59783,35.439809865],[139.597957781,35.439816531],[139.59811083,35.439824306],[139.598342503,35.439779865],[139.598492218,35.439750973],[139.598836109,35.439689027],[139.59899,35.439661252],[139.599248885,35.439614305],[139.599626667,35.43957264],[139.599842776,35.439608748],[139.599903061,35.439630694],[139.6,35.439665613],[139.600001672,35.439666226],[139.600109728,35.439705135],[139.600234162,35.439750414],[139.600260558,35.439759865],[139.600385837,35.439809864],[139.600538612,35.439870694],[139.600626394,35.439905694],[139.600763333,35.439927081],[139.600774449,35.439925134],[139.601016667,35.439882082],[139.601178341,35.439799866],[139.601527224,35.43962264],[139.60173917,35.439454586],[139.601932217,35.439259026],[139.602114475,35.438945586],[139.602213061,35.438776252],[139.602312775,35.438684865],[139.602718885,35.438448467],[139.603000804,35.438527],[139.603537134,35.438742468],[139.603625279,35.439161892],[139.603744358,35.439228667],[139.604000921,35.439377225],[139.60415917,35.439619919],[139.604164811,35.439793973],[139.604091855,35.439958748],[139.604014527,35.440106775],[139.603880311,35.440150974],[139.603691192,35.44018],[139.603594385,35.44027172],[139.603598081,35.440353748],[139.603693086,35.440805135],[139.603707524,35.440970135],[139.603722802,35.441056532],[139.603729468,35.441094865],[139.603729754,35.441096252],[139.603694137,35.44116664],[139.603895032,35.441282586],[139.604022244,35.44134708],[139.60422,35.441376776],[139.604444527,35.441429919],[139.604651336,35.441526533],[139.604786693,35.441573279],[139.604970389,35.441606252],[139.605080805,35.441666667],[139.605081531,35.441667081],[139.605241414,35.441754613],[139.605522088,35.441830864],[139.605640857,35.441857053],[139.605651803,35.441879919],[139.605685577,35.442288775],[139.605776135,35.442347333],[139.605895084,35.442456387],[139.606108664,35.442543441],[139.606108949,35.44254344],[139.606254476,35.442589108],[139.606394358,35.442722081],[139.606520027,35.442745919],[139.606556861,35.443120613],[139.607194229,35.443197892],[139.607373385,35.443211775],[139.607520998,35.443228748],[139.60778834,35.443214028],[139.608211193,35.443129973],[139.608333333,35.443104721],[139.608335057,35.443104361],[139.608508664,35.44306844],[139.608770336,35.443075946],[139.609001997,35.443120945],[139.609058664,35.443134279],[139.609337005,35.443199559],[139.609480052,35.443223721],[139.609607004,35.443234001],[139.609846719,35.443217891],[139.609923671,35.443196225],[139.610047834,35.443161506],[139.610178885,35.443118388],[139.610549222,35.442911775],[139.611289494,35.442627892],[139.611416719,35.442587333],[139.611481167,35.442567333],[139.611521441,35.442575387],[139.611537561,35.442633721],[139.61153144,35.442710109],[139.611555616,35.442806775],[139.611591997,35.442866505],[139.611601997,35.442883171],[139.61167144,35.442951225],[139.611675058,35.442954559],[139.611702283,35.442974],[139.611741997,35.443002055],[139.611747563,35.443005945],[139.611855059,35.443082054],[139.612206446,35.443224],[139.612436445,35.443321505],[139.61249144,35.443344559],[139.612561168,35.443374279],[139.612647275,35.443410667],[139.612763113,35.443482054],[139.612885915,35.443540387],[139.612915084,35.443545108],[139.612967588,35.443553171],[139.612988419,35.443556505],[139.613025356,35.443557892],[139.613088144,35.443560108],[139.61334231,35.443567613],[139.613521751,35.443612333],[139.613648974,35.443664559],[139.613835914,35.443866225],[139.614000363,35.444105387],[139.614078144,35.444167333],[139.614085357,35.444173171],[139.614129532,35.444189837],[139.614175084,35.444206775],[139.614215357,35.444220667],[139.614369533,35.444274],[139.614675914,35.444311225],[139.614841194,35.444326225],[139.614929805,35.444298171],[139.614957302,35.444281225],[139.615024527,35.44423956],[139.615053969,35.444212892],[139.615179532,35.444098721],[139.615199248,35.444076505],[139.615348418,35.443907892],[139.615392827,35.443858973],[139.615491751,35.443749838],[139.615586472,35.443669559],[139.615699248,35.443613171],[139.615834526,35.443542054],[139.616229804,35.443424279],[139.616260636,35.443415108],[139.616327588,35.443400387],[139.616383696,35.443387892],[139.616441479,35.443375387],[139.616666667,35.443325721],[139.616668417,35.443325333],[139.616768974,35.443303171],[139.616969248,35.443250947],[139.617142581,35.443205946],[139.617695914,35.443042054],[139.617725837,35.443033468],[139.618260584,35.442926108],[139.618588301,35.442808441],[139.618856667,35.442672]]},"properties":{"city_code":"14105","city_name":"南区","prefecture_code":"14","prefecture_name":"神奈川県"}},{"type":"Feature","geometry":{"type":"LineString","coordinates":[[139.553307639,35.497991694],[139.553378366,35.498212865],[139.5537,35.498132919],[139.553919417,35.498001748],[139.553962438,35.497762973],[139.553876355,35.497574468],[139.553913256,35.497436251],[139.554077782,35.497288839],[139.554432803,35.497149722],[139.554890856,35.496873251],[139.555161634,35.496872892],[139.555385812,35.496817946],[139.555697302,35.496732838],[139.555929922,35.496797838],[139.556018003,35.496958531],[139.556246226,35.497132748],[139.556481479,35.497212279],[139.556866252,35.497229973],[139.556969274,35.497109533],[139.557181141,35.496946135],[139.557509249,35.496884694],[139.557768301,35.496752613],[139.55782786,35.496639694],[139.55787572,35.496505893],[139.557934812,35.496469775],[139.558053696,35.496377279],[139.55821786,35.496235333],[139.558333333,35.496167441],[139.558335357,35.496166252],[139.558712581,35.495912279],[139.558900921,35.495824776],[139.559028689,35.495757279],[139.559088145,35.495714775],[139.559228145,35.495587279],[139.559493696,35.495349506],[139.55959869,35.495239505],[139.559795084,35.494621721],[139.559813164,35.494456414],[139.55983703,35.494313946],[139.559859248,35.494261721],[139.559896472,35.494206171],[139.560026472,35.494028667],[139.560070363,35.493951441],[139.560170077,35.493666721],[139.56022786,35.493433946],[139.560359494,35.493118667],[139.560412555,35.493021441],[139.560536162,35.492794775],[139.560703191,35.49238308],[139.560822024,35.492275748],[139.560955746,35.492132468],[139.561041829,35.492104225],[139.561303166,35.492178974],[139.561610701,35.492317198],[139.56205795,35.492495694],[139.562277276,35.492585613],[139.562463671,35.492678667],[139.562511726,35.492702838],[139.562799533,35.492846441],[139.56313869,35.492949225],[139.563195084,35.492966441],[139.563422866,35.493040171],[139.563520558,35.493058333],[139.563645694,35.493080414],[139.563748911,35.493226865],[139.563763113,35.493436559],[139.563874968,35.493726054],[139.563950271,35.493891946],[139.564017912,35.494018892],[139.564156278,35.494319252],[139.564313061,35.494579414],[139.564445253,35.494865946],[139.564497523,35.494936334],[139.56463895,35.495087135],[139.564749611,35.495289468],[139.56497175,35.495871171],[139.564949805,35.495903947],[139.564907302,35.495968388],[139.564936109,35.496145802],[139.565091219,35.496271722],[139.565154838,35.496315333],[139.565202606,35.496345333],[139.565469197,35.496390695],[139.56572131,35.496428387],[139.565952503,35.496477694],[139.566274306,35.496622533],[139.566666667,35.496807694],[139.566668715,35.496808667],[139.56667655,35.49681236],[139.567016589,35.496915614],[139.567319883,35.496971279],[139.567547366,35.497079333],[139.567608859,35.497169838],[139.567692334,35.497187559],[139.567750117,35.497221171],[139.567822607,35.497263108],[139.56787594,35.497011171],[139.567918171,35.496771442],[139.567897056,35.496496721],[139.567932335,35.496341441],[139.567988716,35.496249775],[139.568765384,35.495494505],[139.56880039,35.495460613],[139.569477588,35.494755892],[139.569649533,35.494589225],[139.570108145,35.494143946],[139.570422023,35.493833108],[139.570510921,35.493744775],[139.571096201,35.493164505],[139.571554813,35.492748946],[139.571921751,35.492234225],[139.572098145,35.492050892],[139.572345084,35.491860892],[139.572587471,35.491667],[139.572587886,35.491666667],[139.572757303,35.491531171],[139.572870363,35.491418387],[139.573025642,35.491080054],[139.573034528,35.491066171],[139.573194812,35.490819225],[139.573484254,35.490417838],[139.573738145,35.490142838],[139.573809248,35.490023108],[139.573830078,35.489987838],[139.573865642,35.489916441],[139.573935914,35.489776441],[139.574034502,35.489445054],[139.574056446,35.488770613],[139.574083385,35.488615054],[139.57412061,35.488400613],[139.57415533,35.488199505],[139.57431061,35.487797838],[139.574543385,35.487311748],[139.574748106,35.486931198],[139.574999999,35.486556415],[139.575001997,35.486553468],[139.575345058,35.486042586],[139.57556144,35.48572064],[139.575668392,35.485573135],[139.575766162,35.485438694],[139.575688637,35.485086199],[139.575702529,35.484733693],[139.575773087,35.484465919],[139.57588642,35.484101198],[139.57592891,35.483868694],[139.575956979,35.483467027],[139.57598083,35.483333694],[139.575980895,35.483333333],[139.576062801,35.482875081],[139.576035033,35.482681198],[139.576253917,35.482427306],[139.576623917,35.481915919],[139.57667725,35.481842306],[139.576726693,35.481546198],[139.576828366,35.481448973],[139.576888885,35.481391198],[139.577083606,35.48129564],[139.577175006,35.48125064],[139.577203607,35.481236748],[139.577291114,35.481193694],[139.577580272,35.480940081],[139.577813333,35.480622865],[139.577863891,35.480539801],[139.577910272,35.480463974],[139.577941673,35.480412027],[139.578074164,35.480195081],[139.578181947,35.480018135],[139.578284164,35.479768414],[139.578372502,35.479552865],[139.578506394,35.478827028],[139.578654721,35.478023414],[139.578685551,35.477694252],[139.578712218,35.477411198],[139.578800532,35.477103974],[139.578830246,35.477001197],[139.57883192,35.47699508],[139.578874969,35.476901748],[139.579088586,35.476437305],[139.579234137,35.476121198],[139.579841089,35.475035919],[139.579867977,35.47500036],[139.579868249,35.475],[139.580027471,35.474789532],[139.580093865,35.474701468],[139.580619974,35.474005919],[139.580725811,35.473866198],[139.580813307,35.473783414],[139.581001088,35.47360536],[139.581164422,35.473397865],[139.58122192,35.473324802],[139.581310804,35.473211747],[139.581459689,35.473013135],[139.581486084,35.47298536],[139.581555227,35.472913135],[139.581657173,35.472806469],[139.581709391,35.472751468],[139.581742166,35.472717306],[139.581782438,35.472682865],[139.581844384,35.47263064],[139.582073838,35.47243564],[139.58229939,35.472245081],[139.582462996,35.471866747],[139.582781894,35.471327027],[139.582857173,35.471508414],[139.582887444,35.471485359],[139.582984669,35.471411747],[139.58292328,35.471630919],[139.582929104,35.471687306],[139.58293856,35.471775359],[139.582963554,35.472014802],[139.582907173,35.472427585],[139.58275192,35.472913694],[139.582716641,35.473068694],[139.582695525,35.473230918],[139.582716641,35.47343536],[139.582760246,35.473512865],[139.582781362,35.47355064],[139.582815525,35.473611467],[139.583097756,35.47374536],[139.583333333,35.473815667],[139.583335253,35.473816225],[139.58385275,35.473970918],[139.584067471,35.47403036],[139.584184422,35.474062585],[139.584259144,35.474102306],[139.584293164,35.474214306],[139.584340752,35.474417532],[139.58449275,35.474678135],[139.584730856,35.475],[139.584731115,35.47500036],[139.584864695,35.475180919],[139.585103021,35.475517306],[139.585448885,35.476038135],[139.58559555,35.476257587],[139.585640829,35.476308135],[139.585778053,35.476460919],[139.585887782,35.476583414],[139.586207497,35.476856198],[139.586456939,35.477029801],[139.586602776,35.477131198],[139.586891946,35.477307307],[139.587160001,35.477462307],[139.587308054,35.477571468],[139.587484721,35.477702027],[139.587872502,35.477998135],[139.588112503,35.478216749],[139.588359467,35.47850564],[139.588535864,35.478759532],[139.588568079,35.478804252],[139.588757251,35.479067865],[139.588933917,35.479356748],[139.588972529,35.479409532],[139.589088912,35.479568414],[139.589413645,35.479885361],[139.589759468,35.480139252],[139.590083645,35.480301468],[139.59040114,35.480533973],[139.590951699,35.48086536],[139.591071336,35.480969837],[139.591494642,35.481351252],[139.591666666,35.481469],[139.591668665,35.48147036],[139.59176389,35.481535532],[139.591832776,35.481617441],[139.591882049,35.481798586],[139.592095746,35.481906693],[139.592499637,35.481983505],[139.592778274,35.482006532],[139.593248975,35.481964559],[139.593728859,35.481796505],[139.594092892,35.481641748],[139.594328054,35.481486892],[139.594480389,35.481373803],[139.594757562,35.48124064],[139.594770337,35.48123564],[139.594795331,35.48122564],[139.594804228,35.481222027],[139.594806446,35.481221198],[139.595023943,35.481134251],[139.59503061,35.481133135],[139.595243943,35.481094252],[139.595327833,35.481096748],[139.595350052,35.481097306],[139.595473114,35.481100919],[139.595607834,35.481116467],[139.595776161,35.481136198],[139.595959494,35.481256198],[139.596072555,35.481538135],[139.596248949,35.482087586],[139.596418392,35.482855919],[139.596431167,35.482936468],[139.596440052,35.482993135],[139.596458664,35.483112865],[139.596472283,35.483198414],[139.596490921,35.483317027],[139.596515695,35.483333333],[139.596516253,35.483333694],[139.596840532,35.483547027],[139.597139584,35.483575586],[139.597437004,35.483473198],[139.597639339,35.483333694],[139.597639831,35.483333334],[139.597696861,35.483294027],[139.597865914,35.483160919],[139.597932166,35.483007171],[139.598424228,35.482252865],[139.599073385,35.481766749],[139.599261724,35.481638694],[139.599560337,35.48143536],[139.59982144,35.481294252],[139.6,35.481210946],[139.600001997,35.481210027],[139.600194255,35.481120333],[139.600377717,35.481053442],[139.60049144,35.480994107],[139.600905136,35.480601613],[139.601306393,35.480195559],[139.60138092,35.479603666],[139.601496744,35.478947253],[139.601606913,35.478273641],[139.601747523,35.477870972],[139.601850947,35.477519081],[139.601863359,35.477058892],[139.601999858,35.476690054],[139.602240389,35.476461108],[139.602427912,35.476264865],[139.602422412,35.476199441],[139.6023507,35.476118226],[139.601823943,35.475933252],[139.601906472,35.475581225],[139.601939559,35.475398469],[139.602054839,35.47500036],[139.602054916,35.475],[139.602088495,35.474884082],[139.602014448,35.474350081],[139.601996667,35.47432536],[139.601847782,35.474117305],[139.601746861,35.474067306],[139.60146642,35.473841081],[139.600804527,35.473333587],[139.600816939,35.473163135],[139.600810001,35.473084802],[139.600790272,35.47286064],[139.600790272,35.472859802],[139.600785552,35.472778135],[139.60078083,35.472692027],[139.600772218,35.472539532],[139.600769727,35.472496748],[139.600767782,35.47246064],[139.600758885,35.472302865],[139.600756939,35.472268973],[139.600640829,35.471831198],[139.600611971,35.471606279],[139.600579856,35.471231054],[139.600610079,35.47106364],[139.600595551,35.470863695],[139.600439222,35.47074036],[139.60024297,35.470931972],[139.60000192,35.470728802],[139.6,35.470727198],[139.599974552,35.470705748],[139.599999999,35.47068744],[139.60000192,35.470686054],[139.600217029,35.470531171],[139.600133451,35.47040436],[139.600043554,35.470149532],[139.60000192,35.470014694],[139.599999999,35.470008468],[139.599950078,35.469846865],[139.59990825,35.469631333],[139.599864721,35.469175414],[139.599800532,35.468856198],[139.599288172,35.468923171],[139.599300558,35.468790506],[139.599458612,35.468782054],[139.599454616,35.468671388],[139.599469027,35.468414306],[139.599409417,35.468374],[139.599284475,35.468347333],[139.599260169,35.468270919],[139.599273281,35.468047721],[139.599514279,35.467928919],[139.599643476,35.468079837],[139.6,35.467977505],[139.60000192,35.467976946],[139.600009884,35.467974668],[139.600084696,35.46778636],[139.600271855,35.467719973],[139.600344695,35.467827865],[139.600537756,35.467840919],[139.600777756,35.467907586],[139.600870805,35.46808064],[139.600924137,35.46820064],[139.601070804,35.468420081],[139.601297198,35.468533414],[139.601446913,35.468526468],[139.601516641,35.468465919],[139.601600246,35.468393414],[139.601799974,35.468419802],[139.602113306,35.468539803],[139.602279974,35.468586199],[139.602484696,35.468604252],[139.602595252,35.468533135],[139.602651633,35.468462027],[139.602740804,35.468350081],[139.602766084,35.468318135],[139.602788859,35.468289252],[139.602927757,35.468114532],[139.603107198,35.467950081],[139.603271634,35.46789036],[139.603397756,35.467862027],[139.603503307,35.467838135],[139.603570533,35.467823135],[139.603876913,35.46778592],[139.60421358,35.467778413],[139.604392192,35.467792307],[139.604407756,35.467793414],[139.604609689,35.467793414],[139.604692477,35.467669532],[139.604758029,35.467576747],[139.604805253,35.467511198],[139.604853864,35.467437864],[139.604898302,35.467367027],[139.604947471,35.467287305],[139.604966641,35.467227865],[139.604976083,35.467151469],[139.604984423,35.467033694],[139.604985811,35.467013414],[139.604985811,35.466977306],[139.604926305,35.466929864],[139.604791362,35.466811108],[139.604652581,35.466685027],[139.604659974,35.466667027],[139.604660117,35.466666667],[139.604700116,35.466569441],[139.60471297,35.466467533],[139.604698833,35.466301532],[139.604693671,35.466224803],[139.604665422,35.466122893],[139.604765226,35.465948865],[139.604784941,35.465871749],[139.604788833,35.465842586],[139.60480856,35.465697586],[139.604901895,35.465579667],[139.604989274,35.465231864],[139.605049196,35.46510964],[139.605156329,35.465011225],[139.605229611,35.464884082],[139.605289558,35.464739],[139.605308275,35.464576748],[139.605368003,35.46444564],[139.605399248,35.464209533],[139.605406939,35.464054],[139.605484111,35.463927028],[139.605513646,35.463817586],[139.605523918,35.463668387],[139.605499493,35.463546505],[139.605487913,35.463428802],[139.605478911,35.463346865],[139.605468638,35.463230224],[139.605451945,35.463044225],[139.605444227,35.462810973],[139.605438029,35.462419839],[139.60542297,35.462288972],[139.605401582,35.461994252],[139.605408807,35.461904802],[139.605425188,35.46183536],[139.605445473,35.46172536],[139.605451582,35.46168036],[139.605456304,35.461527028],[139.605526446,35.461016279],[139.605561141,35.460786171],[139.605594553,35.460624333],[139.605696108,35.460418387],[139.605762918,35.460219775],[139.605899171,35.459887748],[139.605982698,35.459698613],[139.606079078,35.459419135],[139.606387562,35.459496866],[139.606627886,35.459452721],[139.606424838,35.45916064],[139.606225578,35.458835946],[139.606357328,35.458789333],[139.606263774,35.458655667],[139.60618083,35.458639468],[139.606034449,35.458333721],[139.60603428,35.458333334],[139.605998586,35.458258802],[139.606053359,35.458216],[139.606004527,35.458051027],[139.605923554,35.457793586],[139.606048223,35.457762054],[139.605786032,35.45716836],[139.605883256,35.457119414],[139.605782113,35.456809001],[139.605721751,35.456682892],[139.605519948,35.456284667],[139.605638223,35.456239468],[139.605540557,35.456062946],[139.605953114,35.45590636],[139.605604773,35.455525999],[139.60512022,35.455039506],[139.605153645,35.455015307],[139.605382412,35.454838774],[139.60524489,35.454731614],[139.605516084,35.454591865],[139.605265473,35.45433336],[139.605209493,35.454273307],[139.605352089,35.45419928],[139.605465966,35.454072775],[139.605545642,35.453990802],[139.605760143,35.453803171],[139.605774579,35.453792054],[139.605968494,35.453630387],[139.606105577,35.453572],[139.606282502,35.453537613],[139.606548756,35.453545668],[139.606775642,35.453561027],[139.60692345,35.453558946],[139.606978715,35.453504279],[139.607137639,35.453419279],[139.607332918,35.453330387],[139.607539857,35.453238441],[139.607795694,35.453138171],[139.607920414,35.453085667],[139.607936252,35.453075386],[139.607995135,35.453036776],[139.608012361,35.452990946],[139.607992362,35.452959279],[139.607949028,35.452930667],[139.607423191,35.452634838],[139.606794306,35.452284559],[139.60631817,35.451992333],[139.606257886,35.451960946],[139.606111505,35.451903441],[139.605913164,35.451811504],[139.605212049,35.451449838],[139.604887328,35.451257613],[139.604550856,35.451004468],[139.604683164,35.450654],[139.604752633,35.450491694],[139.604831673,35.450361667],[139.604908171,35.450069279],[139.604936252,35.450000387],[139.604936394,35.45],[139.604949274,35.449968414],[139.605023995,35.449888081],[139.604766783,35.449769802],[139.60475153,35.449652919],[139.60464153,35.449622695],[139.604557276,35.449713054],[139.604088106,35.449687802],[139.603974812,35.449388333],[139.603820416,35.449409667],[139.603548339,35.448984893],[139.60384786,35.448856532],[139.603985331,35.448598198],[139.604035447,35.448431108],[139.604058586,35.44833656],[139.604012309,35.447883668],[139.604030311,35.447686108],[139.604013605,35.447550559],[139.603992219,35.447399865],[139.604054747,35.447262613],[139.604085577,35.447068252],[139.60395939,35.446782081],[139.604012023,35.446646505],[139.604069533,35.446514559],[139.604132581,35.446370946],[139.604178106,35.446262306],[139.604183672,35.44607872],[139.604187004,35.446056225],[139.604112555,35.445991225],[139.603858054,35.445876668],[139.603653722,35.445831505],[139.603501415,35.445789198],[139.603259637,35.445735892],[139.603179443,35.445711693],[139.603126446,35.445637613],[139.603161439,35.445409081],[139.603164034,35.445223108],[139.603192283,35.445087054],[139.603249494,35.444891775],[139.603338664,35.444696774],[139.603482283,35.44434928],[139.60362061,35.444197892],[139.603658949,35.444170946],[139.603707276,35.444136775],[139.603733112,35.444118721],[139.603767276,35.444094559],[139.603913672,35.443971225],[139.604058392,35.443834838],[139.604066162,35.443827614],[139.604083942,35.443807054],[139.604105058,35.443782333],[139.604206719,35.443664],[139.604396446,35.44346872],[139.604484774,35.443419279],[139.604516161,35.443401505],[139.604572283,35.443382613],[139.604653943,35.443355387],[139.604803386,35.443298442],[139.604967276,35.443243721],[139.605245888,35.443206506],[139.605527277,35.443129],[139.605754229,35.443094559],[139.605972554,35.443088721],[139.60623192,35.443094225],[139.60630856,35.443096252],[139.606556861,35.443120613],[139.606520027,35.442745919],[139.606394358,35.442722081],[139.606254476,35.442589108],[139.606108949,35.44254344],[139.606108664,35.442543441],[139.605895084,35.442456387],[139.605776135,35.442347333],[139.605685577,35.442288775],[139.605651803,35.441879919],[139.605640857,35.441857053],[139.605522088,35.441830864],[139.605241414,35.441754613],[139.605081531,35.441667081],[139.605080805,35.441666667],[139.604970389,35.441606252],[139.604786693,35.441573279],[139.604651336,35.441526533],[139.604444527,35.441429919],[139.60422,35.441376776],[139.604022244,35.44134708],[139.603895032,35.441282586],[139.603694137,35.44116664],[139.603729754,35.441096252],[139.603729468,35.441094865],[139.603722802,35.441056532],[139.603707524,35.440970135],[139.603693086,35.440805135],[139.603598081,35.440353748],[139.603594385,35.44027172],[139.603691192,35.44018],[139.603880311,35.440150974],[139.604014527,35.440106775],[139.604091855,35.439958748],[139.604164811,35.439793973],[139.60415917,35.439619919],[139.604000921,35.439377225],[139.603744358,35.439228667],[139.603625279,35.439161892],[139.603537134,35.438742468],[139.603000804,35.438527],[139.602718885,35.438448467],[139.602312775,35.438684865],[139.602213061,35.438776252],[139.602114475,35.438945586],[139.601932217,35.439259026],[139.60173917,35.439454586],[139.601527224,35.43962264],[139.601178341,35.439799866],[139.601016667,35.439882082],[139.600774449,35.439925134],[139.600763333,35.439927081],[139.600626394,35.439905694],[139.600538612,35.439870694],[139.600385837,35.439809864],[139.600260558,35.439759865],[139.600234162,35.439750414],[139.600109728,35.439705135],[139.600001672,35.439666226],[139.6,35.439665613],[139.599903061,35.439630694],[139.599842776,35.439608748],[139.599626667,35.43957264],[139.599248885,35.439614305],[139.59899,35.439661252],[139.598836109,35.439689027],[139.598492218,35.439750973],[139.598342503,35.439779865],[139.59811083,35.439824306],[139.597957781,35.439816531],[139.59783,35.439809865],[139.597684448,35.439804028],[139.59747,35.439795694],[139.597167783,35.439748469],[139.59712472,35.439741802],[139.596951673,35.439714586],[139.596668807,35.439652613],[139.596598859,35.439677694],[139.596307134,35.439781532],[139.595769196,35.440059026],[139.595507419,35.440062559],[139.595224306,35.440295253],[139.595055499,35.440400865],[139.594795032,35.440447136],[139.594615472,35.440458946],[139.594532387,35.440482198],[139.594398054,35.440378748],[139.594300558,35.440339027],[139.594188885,35.440293198],[139.594031388,35.440231252],[139.593861673,35.440195414],[139.59374,35.440173468],[139.593640272,35.440173468],[139.593528612,35.440209586],[139.59337917,35.440265135],[139.593289442,35.440310973],[139.593221673,35.440344865],[139.593142218,35.440373468],[139.592998612,35.440409586],[139.592903333,35.440444866],[139.592751388,35.440500973],[139.592649728,35.440560973],[139.592551946,35.440620414],[139.592454449,35.440699865],[139.592444449,35.440707919],[139.592214526,35.440938253],[139.591947224,35.441221803],[139.59166834,35.441484775],[139.591666666,35.441486334],[139.591640921,35.44151064],[139.591489857,35.441614468],[139.591376667,35.441664027],[139.591370337,35.441666668],[139.591369364,35.441667081],[139.591305006,35.441694028],[139.591203332,35.441715972],[139.591201945,35.441715972],[139.591111672,35.441717919],[139.590896109,35.441724027],[139.590863061,35.441722919],[139.59071917,35.441718468],[139.590571388,35.441704586],[139.59035611,35.441696532],[139.590274448,35.441704586],[139.590216667,35.441714306],[139.590212218,35.441715973],[139.590158612,35.441738197],[139.59010083,35.441782081],[139.590029169,35.441829864],[139.589971389,35.441865694],[139.589901387,35.441891802],[139.589799728,35.441915694],[139.58972,35.441921531],[139.589576394,35.441911532],[139.589429729,35.441883198],[139.589257498,35.441855973],[139.589254448,35.441855414],[139.588996939,35.44181764],[139.588805551,35.44179764],[139.588715837,35.441771801],[139.588715279,35.441771252],[139.588634163,35.441705414],[139.588587276,35.441667081],[139.588586783,35.441666668],[139.588580831,35.441661802],[139.588513606,35.441594585],[139.588511389,35.441591803],[139.588361672,35.441416532],[139.588334163,35.441384026],[139.588276978,35.441334108],[139.588122219,35.441199027],[139.58792834,35.440990135],[139.587884449,35.44094264],[139.587785006,35.440835414],[139.587747224,35.440812639],[139.58765834,35.440746532],[139.58759192,35.440700973],[139.587455253,35.440665694],[139.587351634,35.440626532],[139.587239689,35.440580973],[139.58706358,35.440527081],[139.586991089,35.440495973],[139.586830415,35.440344225],[139.586710532,35.440239586],[139.586640532,35.440138198],[139.586590804,35.440014027],[139.586524968,35.439903802],[139.586446472,35.439781135],[139.586381362,35.439662081],[139.586253022,35.439529586],[139.586042477,35.439300973],[139.585912192,35.439159306],[139.585814968,35.439074587],[139.585536394,35.438846892],[139.585290584,35.438624973],[139.585126693,35.438447027],[139.585088275,35.438419802],[139.584869391,35.43812764],[139.58438856,35.437520135],[139.584302438,35.437400414],[139.584225499,35.43730236],[139.584196887,35.437265973],[139.584101608,35.437122919],[139.584012438,35.437013198],[139.583893839,35.436846532],[139.583761051,35.436659586],[139.583583281,35.436429586],[139.583425552,35.436246839],[139.583336614,35.436087919],[139.583334942,35.436084505],[139.583333333,35.436081225],[139.583249105,35.435907919],[139.583180778,35.435767919],[139.583106057,35.435589864],[139.583062724,35.435509027],[139.583057717,35.435496802],[139.582996304,35.435345973],[139.58285908,35.435100135],[139.582801026,35.434977919],[139.582759079,35.434841252],[139.58274908,35.434808198],[139.582730467,35.434741802],[139.582683257,35.434678199],[139.58255131,35.434601252],[139.58237825,35.434500414],[139.582229637,35.434413198],[139.582077977,35.434249026],[139.582002698,35.43416736],[139.581583528,35.433852108],[139.581474917,35.433767108],[139.581294916,35.433689333],[139.58114686,35.433625441],[139.581119364,35.433613504],[139.581034358,35.433581559],[139.580875188,35.433549892],[139.580769079,35.433509892],[139.580654916,35.433451838],[139.58039297,35.433334333],[139.580391414,35.433333775],[139.580390195,35.433333334],[139.580186032,35.433260171],[139.58003214,35.433231],[139.580023256,35.433229054],[139.579907419,35.433204613],[139.579782698,35.433196559],[139.579684643,35.433220441],[139.57937655,35.433333334],[139.579375383,35.433333775],[139.579366304,35.433337108],[139.579245187,35.433373505],[139.579087691,35.433420722],[139.579019364,35.433441279],[139.578986861,35.433451],[139.5789138,35.433484333],[139.578795746,35.433538505],[139.578673799,35.433578225],[139.578535745,35.433612668],[139.578302698,35.433622946],[139.578140752,35.433644053],[139.577906304,35.433651892],[139.577761582,35.433675749],[139.577582725,35.433689333],[139.577373554,35.433601505],[139.577191582,35.433524252],[139.576931894,35.433372027],[139.576875188,35.433333775],[139.576874527,35.433333333],[139.576766744,35.43326064],[139.576656225,35.433096946],[139.576416355,35.432949586],[139.576300752,35.432801775],[139.57620031,35.432768667],[139.576013502,35.432528306],[139.575877198,35.432425387],[139.575839883,35.432258226],[139.575791557,35.432141837],[139.575738495,35.432059612],[139.575681284,35.431967108],[139.575552944,35.431759892],[139.575470725,35.431640721],[139.575293307,35.431318171],[139.575223606,35.431209054],[139.575169494,35.431130171],[139.57513092,35.431023666],[139.575069806,35.431102558],[139.575001556,35.43113],[139.575,35.431130613],[139.574569728,35.431303694],[139.574331829,35.431413225],[139.574275746,35.431567586],[139.574243799,35.431739225],[139.57434406,35.431873775],[139.574377665,35.431944054],[139.574399053,35.432014054],[139.574399053,35.432208506],[139.574397393,35.43222128],[139.574383774,35.432321279],[139.574353774,35.432434333],[139.574331829,35.43251656],[139.574292114,35.432672107],[139.574258782,35.432797387],[139.574188781,35.432903775],[139.574124617,35.432983224],[139.574045162,35.433071558],[139.573859028,35.433213892],[139.57377144,35.433322414],[139.573769339,35.433333333],[139.573769248,35.433333775],[139.5737462,35.433452613],[139.573769612,35.433598505],[139.573769416,35.433677801],[139.573775136,35.433928],[139.573706395,35.434054919],[139.573703087,35.434225838],[139.573597302,35.434322252],[139.573475914,35.434398441],[139.573237133,35.434555441],[139.573417757,35.434676667],[139.573063696,35.434906919],[139.572998948,35.435072107],[139.572906641,35.435414171],[139.572777223,35.435764135],[139.572641167,35.436133135],[139.57239891,35.436803225],[139.572187717,35.437239866],[139.572156329,35.437352081],[139.572060778,35.437606802],[139.572001336,35.43775236],[139.571980221,35.437804306],[139.571951336,35.437829027],[139.571899948,35.43784236],[139.571837445,35.437836802],[139.571686329,35.437806802],[139.571432996,35.437740415],[139.571320219,35.437710695],[139.571146329,35.437671252],[139.570935772,35.437631531],[139.570786058,35.437582919],[139.570639664,35.437525135],[139.570437976,35.43744264],[139.570284358,35.437377919],[139.570119364,35.437316802],[139.569835473,35.437246559],[139.569447691,35.437170441],[139.569330143,35.437161946],[139.568715915,35.437105946],[139.568639442,35.437144332],[139.568474086,35.437186838],[139.568212412,35.437130441],[139.567828469,35.43700536],[139.567223501,35.436835559],[139.566824916,35.436748586],[139.566668248,35.436643532],[139.566666667,35.436642441],[139.566581777,35.436585532],[139.566353217,35.436602532],[139.566129028,35.436648721],[139.565959948,35.43668736],[139.565823281,35.436681306],[139.565632801,35.436626333],[139.565441997,35.436555108],[139.56529786,35.43649856],[139.565149638,35.436396279],[139.565054917,35.43634156],[139.564996861,35.436283505],[139.564932698,35.436213225],[139.564871583,35.436137108],[139.564810467,35.436057667],[139.564710196,35.435926559],[139.56466131,35.435847107],[139.564603256,35.435807667],[139.564490195,35.435780171],[139.56447144,35.435777332],[139.564270467,35.435746837],[139.564157419,35.435734613],[139.563907134,35.435707108],[139.563677977,35.435682668],[139.563497977,35.435652388],[139.563329922,35.435627946],[139.563177419,35.435609613],[139.562955474,35.435569893],[139.562939078,35.435566838],[139.56263131,35.435487387],[139.562481581,35.435456838],[139.562334916,35.43545072],[139.562176305,35.43545072],[139.562047977,35.435466],[139.561956304,35.435499613],[139.561825188,35.435576],[139.561751582,35.435621279],[139.561632698,35.435694892],[139.561458249,35.435823225],[139.561437691,35.435838225],[139.561272698,35.435954333],[139.561270195,35.435956279],[139.561138521,35.436060721],[139.561027418,35.436187946],[139.560856304,35.436373775],[139.56071297,35.436581279],[139.560630467,35.436642387],[139.560453256,35.43677044],[139.560361582,35.436825441],[139.560036913,35.437028838],[139.559742413,35.437150837],[139.559512245,35.437238586],[139.559255694,35.437314],[139.559087834,35.437404973],[139.558897173,35.43757256],[139.558759883,35.437790081],[139.558564644,35.437934613],[139.558464643,35.438092946],[139.55845144,35.438306225],[139.558454332,35.43850656],[139.558428003,35.438661467],[139.558642023,35.439085171],[139.558729104,35.439210441],[139.558795721,35.439334586],[139.558814669,35.439444559],[139.558790221,35.439546],[139.558633087,35.439833414],[139.558592724,35.439981892],[139.558399585,35.440144505],[139.558334942,35.440231613],[139.558333333,35.440233802],[139.558292918,35.440288252],[139.558258886,35.440429721],[139.558244773,35.440562721],[139.558250052,35.440731225],[139.558176057,35.441265694],[139.558160779,35.441412081],[139.55813939,35.441464027],[139.558082165,35.441531252],[139.557964941,35.441632639],[139.557923191,35.441666667],[139.557922672,35.441667081],[139.557861608,35.441716802],[139.557791336,35.441769306],[139.557609663,35.441867919],[139.557512996,35.441895973],[139.557437717,35.441900973],[139.557351893,35.441911532],[139.557264384,35.441925693],[139.557120506,35.44196764],[139.557004941,35.442018467],[139.556861051,35.442077919],[139.556834254,35.442085802],[139.556789391,35.442099027],[139.556710506,35.442111252],[139.556634111,35.442115414],[139.556529105,35.442127918],[139.556444942,35.442145415],[139.556362438,35.442173198],[139.556281894,35.442218747],[139.556174942,35.442299307],[139.556126057,35.442350135],[139.55606275,35.442435973],[139.556013865,35.442523467],[139.555956641,35.442691252],[139.555854968,35.442945135],[139.555804137,35.44302236],[139.555735812,35.443074865],[139.555683307,35.443097639],[139.555637757,35.443104586],[139.555611363,35.443104586],[139.555550246,35.443094027],[139.555429416,35.443065414],[139.555334423,35.443043199],[139.555178585,35.443008198],[139.554976913,35.44295736],[139.554761634,35.442904865],[139.554479689,35.442841252],[139.554360532,35.442805973],[139.553894916,35.442743865],[139.55371917,35.442704973],[139.553389468,35.442640333],[139.553219222,35.442623054],[139.553051024,35.442650135],[139.552896524,35.442692199],[139.552767173,35.44274764],[139.552615189,35.442842747],[139.552476498,35.442878866],[139.55233131,35.442850667],[139.552201336,35.442827081],[139.551947328,35.442835802],[139.551819105,35.442872802],[139.551769274,35.44295456],[139.55174061,35.443142333],[139.551711776,35.443333225],[139.551735694,35.443647919],[139.551746913,35.444031947],[139.551700245,35.44450336],[139.551690143,35.444594108],[139.551648365,35.444665999],[139.551547444,35.444710776],[139.551432219,35.444722865],[139.550936498,35.444764775],[139.550569689,35.444959865],[139.550368949,35.445059668],[139.55010406,35.445115107],[139.550001634,35.445107387],[139.55,35.445107279],[139.549901219,35.445099839],[139.549636355,35.445111306],[139.549380337,35.445147919],[139.549084695,35.445383748],[139.54901358,35.445531803],[139.548895253,35.445750694],[139.548813307,35.445908198],[139.548764138,35.445997641],[139.548685254,35.446218198],[139.548653865,35.446281252],[139.548651634,35.446283748],[139.548603307,35.44634264],[139.548671971,35.446483225],[139.548852892,35.446853865],[139.548898781,35.447119415],[139.548862697,35.447268333],[139.548804229,35.44738664],[139.548658781,35.447395334],[139.548535888,35.447382504],[139.548086939,35.447282081],[139.547900557,35.447243748],[139.547636589,35.447344135],[139.547466057,35.447320468],[139.547186693,35.447349837],[139.546866394,35.447435694],[139.546818106,35.447667081],[139.546740584,35.447771225],[139.546429689,35.44797036],[139.546153891,35.448306801],[139.546012218,35.448450973],[139.545866667,35.448582081],[139.545762218,35.448676532],[139.545642775,35.448775973],[139.545319883,35.449027028],[139.545171556,35.449197694],[139.545080441,35.449376865],[139.545023256,35.449720946],[139.545017251,35.450000001],[139.545017224,35.450000414],[139.54501703,35.450009027],[139.545093334,35.450402359],[139.545181699,35.450666279],[139.545232283,35.450754667],[139.545299493,35.450810332],[139.545412671,35.450833946],[139.545574578,35.450809721],[139.545679922,35.450803505],[139.54574511,35.450839613],[139.545811583,35.450915613],[139.546023671,35.451137837],[139.546069468,35.451351532],[139.546315578,35.451430973],[139.546447523,35.451488198],[139.5465817,35.451550134],[139.546710856,35.451604865],[139.54679725,35.451632919],[139.546872244,35.451657081],[139.546977664,35.451667973],[139.547017807,35.451684197],[139.547159274,35.451671533],[139.547333061,35.451632306],[139.547506394,35.451589081],[139.547677912,35.451615279],[139.547831362,35.451723748],[139.54793236,35.45174864],[139.548091804,35.451829279],[139.548288833,35.451881135],[139.548570532,35.451819919],[139.548723645,35.451849641],[139.549062866,35.451905279],[139.549212827,35.451977388],[139.549432503,35.452138506],[139.549557057,35.452251441],[139.549785253,35.452459081],[139.549940273,35.452508468],[139.55,35.452545505],[139.550001699,35.452546559],[139.550080338,35.452595333],[139.550254942,35.452723305],[139.550409364,35.452851468],[139.550664475,35.453071667],[139.550863773,35.453419748],[139.551403917,35.45365764],[139.551550584,35.453709586],[139.551627523,35.453725414],[139.551697562,35.453723198],[139.551747004,35.453714027],[139.551896135,35.453680135],[139.55212642,35.453650972],[139.552235306,35.453631253],[139.552338638,35.45361264],[139.552386693,35.453603468],[139.552473359,35.453587081],[139.55330616,35.45356236],[139.553534228,35.45358264],[139.553683384,35.453571253],[139.553733113,35.453564586],[139.553828949,35.45356764],[139.554061725,35.453646532],[139.55427144,35.453718749],[139.554403411,35.453806892],[139.554528054,35.453869667],[139.555662608,35.454023333],[139.556163943,35.453964307],[139.556317082,35.453967775],[139.556543579,35.454073333],[139.556945616,35.453938468],[139.557286304,35.45387336],[139.558130999,35.453860387],[139.558333333,35.453859722],[139.558335058,35.453859722],[139.55869489,35.453858559],[139.559199882,35.453886306],[139.559342555,35.453882612],[139.559601335,35.453841505],[139.559933606,35.453791892],[139.560275695,35.453698721],[139.560677225,35.453672307],[139.560997393,35.453571252],[139.561304838,35.453352639],[139.561555032,35.453356802],[139.561703697,35.453458469],[139.562304578,35.454136252],[139.562806719,35.454481775],[139.563002049,35.454506532],[139.563076162,35.454602892],[139.563181363,35.454967279],[139.563319105,35.455363721],[139.563702827,35.455252891],[139.563733385,35.455236505],[139.563778392,35.455207333],[139.56382367,35.455195946],[139.563867277,35.455212892],[139.564007303,35.455305387],[139.564097588,35.455343721],[139.564130637,35.455354559],[139.564194527,35.455375387],[139.564235357,35.455393441],[139.56425786,35.455422613],[139.564275914,35.455472333],[139.564289533,35.455551225],[139.564300636,35.455603172],[139.564355083,35.455715387],[139.564363969,35.455734001],[139.56439786,35.455774559],[139.564445357,35.455806225],[139.56444703,35.455806504],[139.564558691,35.455832892],[139.564569534,35.455835388],[139.56486869,35.455828721],[139.565019806,35.455785667],[139.565146615,35.455780306],[139.565565551,35.455839559],[139.565760312,35.455800667],[139.566027524,35.45571736],[139.566249441,35.455648865],[139.566389221,35.455574468],[139.566428341,35.455696974],[139.56642834,35.455872865],[139.56644856,35.456154305],[139.566444916,35.456419946],[139.566453256,35.456667108],[139.566414747,35.457054054],[139.566385305,35.457274387],[139.566346808,35.457539134],[139.566293255,35.457814532],[139.566213217,35.458159333],[139.566180973,35.458333334],[139.566180921,35.458333721],[139.566179274,35.458342641],[139.566143022,35.458590721],[139.566177004,35.458785108],[139.566321945,35.45905172],[139.566666667,35.459095333],[139.566668443,35.459095559],[139.567022892,35.459140387],[139.567133747,35.459160946],[139.567565188,35.459217027],[139.568029831,35.459325945],[139.568137329,35.459344558],[139.568215668,35.459366775],[139.568275668,35.459396775],[139.568332048,35.459429559],[139.56840817,35.459484],[139.568553994,35.459632613],[139.568641505,35.459749414],[139.568679391,35.459854613],[139.568733774,35.459935225],[139.568755746,35.460019279],[139.568791583,35.460079028],[139.568856498,35.460130108],[139.56887345,35.460253721],[139.568873451,35.460291225],[139.568862334,35.460353722],[139.568818716,35.460422613],[139.568774838,35.460477333],[139.568674552,35.460590108],[139.568583722,35.460713721],[139.568528716,35.460801504],[139.568487886,35.460907613],[139.568484553,35.460932614],[139.568480117,35.460964],[139.568483165,35.461053171],[139.568497327,35.461170668],[139.568514553,35.461258171],[139.56858345,35.461422613],[139.568673191,35.461635107],[139.568695137,35.461707054],[139.568715422,35.461804],[139.568727912,35.461921505],[139.568722919,35.462165668],[139.568721803,35.462406505],[139.568713748,35.462564838],[139.568688469,35.462801225],[139.568653165,35.463080505],[139.568611751,35.463229414],[139.568431673,35.46362036],[139.568373696,35.463781135],[139.568314579,35.464120946],[139.567525006,35.463650838],[139.567187082,35.463470108],[139.566955746,35.463395279],[139.56666847,35.463408333],[139.566666667,35.463408414],[139.566545888,35.463413892],[139.566347173,35.463522198],[139.566130532,35.463628919],[139.565984916,35.463728667],[139.565844137,35.463879279],[139.56555594,35.464156946],[139.565452361,35.464247332],[139.565277912,35.464224],[139.565146524,35.464301775],[139.565007367,35.464398441],[139.564895694,35.464477613],[139.564881529,35.464487613],[139.564749584,35.464568171],[139.564680972,35.464632334],[139.564585136,35.464734838],[139.564428755,35.464900946],[139.564310246,35.465091027],[139.564260584,35.465211198],[139.564202608,35.465305973],[139.564140699,35.465346505],[139.564105384,35.46538664],[139.564098197,35.465394838],[139.564032244,35.465484306],[139.563948003,35.465493838],[139.563801025,35.465471838],[139.563691387,35.465438279],[139.563612088,35.465421225],[139.56353319,35.465425666],[139.563440973,35.465440108],[139.563338471,35.465463721],[139.563324475,35.465468775],[139.563182088,35.465478586],[139.5627707,35.465614],[139.562747367,35.465596505],[139.562716809,35.465573171],[139.562715136,35.465571775],[139.562691803,35.465536506],[139.562672633,35.465510387],[139.562666523,35.46550344],[139.562622634,35.465452892],[139.562574306,35.465430946],[139.562519027,35.465425667],[139.562423191,35.465441775],[139.562246252,35.465496506],[139.562156523,35.465526505],[139.562064034,35.465580946],[139.561999585,35.465639],[139.561750468,35.46581936],[139.561446252,35.465990135],[139.561290117,35.466169081],[139.561083645,35.466477333],[139.560695422,35.466599837],[139.560624034,35.466626505],[139.560535914,35.466666667],[139.560535084,35.466667054],[139.560373774,35.466740667],[139.560101946,35.466957721],[139.559824553,35.467199748],[139.559675525,35.467389279],[139.559507392,35.467597613],[139.559350441,35.467926505],[139.559307665,35.468035387],[139.559280726,35.468128171],[139.559257951,35.468350946],[139.559256835,35.468362333],[139.559253503,35.468472054],[139.559253503,35.468564279],[139.559251556,35.468583721],[139.559168366,35.468672081],[139.558479053,35.468929332],[139.558335162,35.469007197],[139.558333333,35.469008171],[139.557922114,35.469230666],[139.557852114,35.469267333],[139.557847394,35.469270667],[139.557812387,35.469294279],[139.557782672,35.469322614],[139.557776836,35.469336225],[139.557776278,35.469347613],[139.557779883,35.469363441],[139.557790168,35.469380108],[139.558215719,35.469816225],[139.558333333,35.469936613],[139.558335162,35.469938505],[139.558394189,35.469998919],[139.558335162,35.470230225],[139.558333333,35.470237306],[139.558270169,35.47048036],[139.558187134,35.470748973],[139.558161025,35.470893415],[139.558146861,35.470952586],[139.558101855,35.470980919],[139.558094917,35.470981468],[139.558033256,35.470985639],[139.557950194,35.470978694],[139.557860195,35.470973972],[139.557758053,35.471392225],[139.55801214,35.471373414],[139.55808725,35.471338891],[139.558102361,35.471608306],[139.558120998,35.471725081],[139.558224475,35.471977252],[139.558333333,35.472187614],[139.558335188,35.472191198],[139.558396588,35.472309802],[139.558548949,35.472504441],[139.558564085,35.472686586],[139.558663307,35.473051864],[139.558605358,35.47321264],[139.55852153,35.47355364],[139.558478053,35.473679721],[139.558427367,35.473848109],[139.558590856,35.47391664],[139.558665383,35.473932721],[139.558756472,35.473907333],[139.558824773,35.473836252],[139.558888948,35.473788892],[139.558945864,35.473742334],[139.559002802,35.473723721],[139.559080415,35.473689892],[139.559154476,35.473631694],[139.559218248,35.473576198],[139.559273529,35.473547586],[139.559355473,35.473512027],[139.559415188,35.473492306],[139.559547977,35.473467865],[139.559609922,35.473467865],[139.559669637,35.473481198],[139.559780051,35.47351136],[139.559878392,35.473554505],[139.560121855,35.473595559],[139.560209339,35.473601837],[139.560496549,35.473628225],[139.560593385,35.473656639],[139.560741556,35.473773721],[139.560865745,35.473999748],[139.560990753,35.474133054],[139.561286226,35.474455838],[139.561330921,35.474596586],[139.561388859,35.474688612],[139.561551335,35.474866082],[139.561574423,35.474981414],[139.561579947,35.475],[139.561580052,35.47500036],[139.561617756,35.475127198],[139.561697328,35.475192252],[139.561838223,35.475216775],[139.561984332,35.475321306],[139.562041751,35.475394892],[139.562105668,35.475522892],[139.562117756,35.47568364],[139.562080896,35.475810892],[139.562120026,35.475997559],[139.562190467,35.476144748],[139.562307886,35.476295134],[139.562430532,35.476429532],[139.56250489,35.476445531],[139.562653606,35.476459414],[139.562987446,35.476178694],[139.563042166,35.476136747],[139.563242724,35.475958135],[139.563366057,35.475854252],[139.563419442,35.475871694],[139.56347594,35.475997414],[139.563496641,35.476106333],[139.5635238,35.476218],[139.563586446,35.476339838],[139.563608197,35.47648636],[139.563619053,35.476582055],[139.563613839,35.476665252],[139.563571555,35.476837919],[139.563476887,35.477085505],[139.563345862,35.477404838],[139.563283554,35.477521613],[139.563216253,35.477613225],[139.563086809,35.477827865],[139.563033333,35.477870532],[139.562986913,35.477868414],[139.562881633,35.477822865],[139.562837756,35.477778973],[139.56270847,35.477663586],[139.562655305,35.477620694],[139.562587691,35.477571531],[139.562482776,35.477527081],[139.56236275,35.477512135],[139.56227144,35.477519613],[139.562075642,35.477564054],[139.561876355,35.477569252],[139.561699144,35.477552305],[139.561600804,35.477553695],[139.561595811,35.477554252],[139.561508859,35.47756564],[139.561360532,35.477619532],[139.561213411,35.477683865],[139.56072808,35.477800108],[139.560717639,35.477992108],[139.560765525,35.478208973],[139.560801285,35.478267775],[139.560665889,35.478389531],[139.560876719,35.47847336],[139.560965526,35.478648414],[139.560985525,35.478685082],[139.561001634,35.47871508],[139.56102581,35.478781468],[139.561257276,35.479078919],[139.56133725,35.479247387],[139.561391856,35.479430225],[139.561541167,35.479666279],[139.5616962,35.479895468],[139.561947887,35.480164225],[139.562044228,35.480259614],[139.562153281,35.480284],[139.56234092,35.480310865],[139.562615551,35.480272919],[139.562825811,35.480228974],[139.562986082,35.480182865],[139.563025253,35.480171748],[139.563152476,35.48011536],[139.563226083,35.480068135],[139.563287198,35.480027586],[139.563341921,35.480000919],[139.563389416,35.479983973],[139.563427198,35.479980081],[139.563522698,35.480125865],[139.563797367,35.480470586],[139.56389275,35.480485082],[139.563961089,35.48048564],[139.563999688,35.48048092],[139.564325383,35.480510108],[139.564401192,35.480763107],[139.564436057,35.480889558],[139.564458885,35.480954468],[139.564467223,35.481138414],[139.564479974,35.481232892],[139.564621193,35.481218333],[139.564654228,35.481123667],[139.564699169,35.481013136],[139.564733528,35.480940252],[139.56474917,35.480844279],[139.564923087,35.480801081],[139.565063333,35.480772306],[139.565134721,35.480783414],[139.565207497,35.480783414],[139.565434838,35.480784333],[139.5655593,35.480766587],[139.565799274,35.480699892],[139.566033307,35.480497468],[139.566247497,35.480487586],[139.56634834,35.480498414],[139.566413605,35.480518693],[139.566481115,35.48056064],[139.566534162,35.480622586],[139.566628521,35.480684107],[139.566666667,35.480706252],[139.566668612,35.480707386],[139.566945746,35.480868333],[139.566826304,35.481112613],[139.566668612,35.481238559],[139.566666667,35.481240108],[139.566576809,35.481311865],[139.566491699,35.481427279],[139.566353995,35.481529919],[139.566189975,35.481707171],[139.56593083,35.482023864],[139.565741855,35.482046333],[139.565643554,35.482211614],[139.565498495,35.482415586],[139.565437588,35.482498613],[139.565316693,35.482629081],[139.565206887,35.482722802],[139.565224838,35.482810135],[139.565156719,35.482883865],[139.56500983,35.483300198],[139.564994553,35.483333333],[139.564994384,35.483333694],[139.564730584,35.483906333],[139.564656446,35.484107947],[139.564589365,35.484371586],[139.564444916,35.484620468],[139.564309468,35.484563694],[139.564051946,35.484501198],[139.563659728,35.484406198],[139.563386589,35.484321081],[139.563072503,35.484238695],[139.562893281,35.484196668],[139.56269083,35.484257973],[139.562558521,35.484308693],[139.562305578,35.484542468],[139.561981804,35.484510667],[139.561731388,35.484477306],[139.561443061,35.484591748],[139.560976938,35.484783973],[139.560768612,35.484845641],[139.560608885,35.484865108],[139.560417977,35.484852441],[139.560309638,35.484595135],[139.559939728,35.484524253],[139.559543477,35.484458054],[139.559318054,35.484484721],[139.559153943,35.484481252],[139.558937224,35.484671054],[139.558576083,35.484641532],[139.558335279,35.48465144],[139.558333333,35.484651532],[139.558170856,35.484658225],[139.557992866,35.484661694],[139.557892437,35.484765973],[139.55762934,35.484856667],[139.557437301,35.484923721],[139.557193358,35.484919919],[139.557041142,35.484869306],[139.556900506,35.484724467],[139.556538106,35.484803919],[139.556358611,35.485059252],[139.556326887,35.485170694],[139.556501997,35.485242613],[139.556498611,35.485445641],[139.556438054,35.485482027],[139.556280271,35.485648694],[139.556247199,35.485679838],[139.555952529,35.485656],[139.555725279,35.485763694],[139.555433943,35.485755559],[139.555311115,35.485903441],[139.555277782,35.486062306],[139.555297004,35.486159135],[139.55512847,35.486326135],[139.554898612,35.486493973],[139.554830829,35.486555361],[139.554812218,35.486572307],[139.554789999,35.486592586],[139.554612529,35.486826197],[139.554609753,35.486829532],[139.554172243,35.487370919],[139.553596693,35.488047559],[139.553450856,35.488242559],[139.553335033,35.488420054],[139.553149468,35.488657559],[139.553058639,35.48875728],[139.553034189,35.488784505],[139.552962244,35.488863387],[139.552939754,35.488891442],[139.552861699,35.488988388],[139.552623359,35.489333946],[139.552510585,35.489497559],[139.55249725,35.489517442],[139.552392802,35.489673387],[139.552273917,35.489812],[139.552226977,35.489923109],[139.552184189,35.490037838],[139.551944189,35.490531999],[139.551924189,35.490573108],[139.551736135,35.491009225],[139.551633645,35.491178946],[139.551542803,35.491317],[139.551481439,35.491388107],[139.551228949,35.491547838],[139.550927951,35.491666667],[139.550927082,35.491667],[139.550835615,35.491703108],[139.550579495,35.491865893],[139.550572826,35.491870054],[139.550457275,35.491974505],[139.550391167,35.492048667],[139.55029978,35.492183108],[139.550111997,35.492619505],[139.550052555,35.492757838],[139.550050895,35.492769505],[139.550033385,35.492885333],[139.550033385,35.493034775],[139.550059494,35.493282559],[139.550093671,35.493380333],[139.550134501,35.493476171],[139.550247004,35.493869775],[139.550283943,35.493999505],[139.550371167,35.494304775],[139.550662555,35.495327838],[139.550759105,35.495641694],[139.551218586,35.495735279],[139.551358612,35.495807586],[139.55195192,35.496229838],[139.552387445,35.496450748],[139.552623476,35.496436505],[139.552755811,35.496765387],[139.552927004,35.497051973],[139.552923995,35.497467775],[139.553066835,35.497535532],[139.553229416,35.497724109],[139.553307639,35.497991694]]},"properties":{"city_code":"14106","city_name":"保土ケ谷区","prefecture_code":"14","prefecture_name":"神奈川県"}},{"type":"Feature","geometry":{"type":"LineString","coordinates":[[139.633671674,35.393849333],[139.633584812,35.393811694],[139.633547445,35.393869613],[139.633634189,35.393907252],[139.633671674,35.393849333]]},"properties":{"city_code":"14107","city_name":"磯子区","prefecture_code":"14","prefecture_name":"神奈川県"}},{"type":"Feature","geometry":{"type":"LineString","coordinates":[[139.643374253,35.402064468],[139.643382698,35.402034667],[139.643487782,35.402052505],[139.643621633,35.402153108],[139.643634968,35.402150333],[139.643638495,35.402145667],[139.643636005,35.402139613],[139.643497301,35.402033586],[139.643388249,35.402015278],[139.643440636,35.401830306],[139.641721609,35.401506613],[139.64166808,35.40170064],[139.641666667,35.401705775],[139.641575694,35.402035505],[139.641666666,35.402052586],[139.641668079,35.402052865],[139.64309786,35.402321586],[139.643291219,35.402357306],[139.643374253,35.402064468]]},"properties":{"city_code":"14107","city_name":"磯子区","prefecture_code":"14","prefecture_name":"神奈川県"}},{"type":"Feature","geometry":{"type":"LineString","coordinates":[[139.62889297,35.426576559],[139.62914808,35.426417333],[139.629324112,35.426318748],[139.628847951,35.426005721],[139.628577664,35.425892613],[139.628330467,35.425765108],[139.628153606,35.425375946],[139.628004162,35.425112667],[139.627980726,35.425019414],[139.627986446,35.425000414],[139.627986589,35.425],[139.628121555,35.42455192],[139.628154617,35.424366197],[139.628133695,35.424235919],[139.628075863,35.424071107],[139.628154254,35.423945333],[139.628349195,35.42387764],[139.628555109,35.423743468],[139.628925136,35.423443586],[139.629105306,35.423369946],[139.629253307,35.423262081],[139.629356278,35.423154251],[139.629496329,35.423033468],[139.629618004,35.422878468],[139.629792335,35.42264764],[139.629905746,35.422432081],[139.629971025,35.422297361],[139.630063386,35.422087333],[139.630025525,35.421908332],[139.630064643,35.42163736],[139.630188106,35.421492891],[139.63049856,35.421355946],[139.630655188,35.421102919],[139.630778249,35.420797359],[139.630887419,35.420648467],[139.631244916,35.42031064],[139.631611725,35.420339586],[139.631822023,35.420157559],[139.632049364,35.419862946],[139.632055577,35.419714586],[139.632448521,35.419473468],[139.632438586,35.419132199],[139.632692387,35.419009919],[139.632829805,35.41892264],[139.633053501,35.418804613],[139.633275447,35.418712108],[139.633333333,35.418702109],[139.63333489,35.418701864],[139.633339883,35.418701],[139.633522866,35.418585054],[139.633851556,35.418488225],[139.634297978,35.418510441],[139.634608585,35.418548865],[139.634782388,35.418573946],[139.635057471,35.418568279],[139.635263995,35.418592027],[139.635616109,35.418653919],[139.635889637,35.418747197],[139.63613192,35.418829722],[139.636388521,35.418834893],[139.636547976,35.418831838],[139.636686861,35.418832946],[139.63687852,35.418855171],[139.637065746,35.418890171],[139.637116304,35.418901559],[139.637370857,35.418929776],[139.637719493,35.419011559],[139.638127912,35.419064054],[139.638333061,35.419074306],[139.638631025,35.419009306],[139.638663256,35.419000414],[139.638681582,35.418986802],[139.63869908,35.418974586],[139.638710466,35.418958468],[139.638693385,35.418619252],[139.638731997,35.418153667],[139.638822114,35.417830108],[139.639078522,35.417742946],[139.639121855,35.417629333],[139.639217691,35.417301838],[139.639228807,35.417263505],[139.6392538,35.417178505],[139.639343503,35.416946838],[139.639372387,35.416809891],[139.639402608,35.416667108],[139.639402725,35.416666667],[139.639448781,35.416448775],[139.639500999,35.416202387],[139.639502387,35.416196],[139.639506005,35.416178776],[139.639533891,35.415934747],[139.639536355,35.415662559],[139.639539585,35.415231171],[139.639555668,35.415102279],[139.639758366,35.414705054],[139.639842024,35.414547225],[139.640588495,35.41485236],[139.640658781,35.414745441],[139.640677666,35.414717667],[139.640830168,35.414492946],[139.641223501,35.413762667],[139.641460415,35.413362667],[139.641656524,35.413026558],[139.641666667,35.413007838],[139.641668197,35.413005],[139.641841245,35.41268544],[139.641891804,35.412582667],[139.641994863,35.412372946],[139.642292087,35.411875171],[139.642337639,35.411771279],[139.64236319,35.411692108],[139.642370143,35.411670441],[139.642392283,35.411600522],[139.642173359,35.411516386],[139.642164695,35.411531865],[139.641773216,35.411383414],[139.641668197,35.411343865],[139.641666667,35.411343306],[139.641292724,35.411202414],[139.640774189,35.411007559],[139.639238196,35.410432081],[139.639532387,35.409909721],[139.639530856,35.409902414],[139.639473113,35.409880441],[139.639462413,35.409883306],[139.639168198,35.410405722],[139.637574526,35.409804722],[139.636309442,35.409327613],[139.636323917,35.409303108],[139.637256278,35.408763252],[139.637257497,35.408754135],[139.637198003,35.408684278],[139.637186329,35.40868228],[139.636228521,35.409236973],[139.636199339,35.409286135],[139.636194384,35.409284252],[139.635146499,35.408887893],[139.635062918,35.408856279],[139.63507694,35.408829559],[139.635146718,35.408789108],[139.635903113,35.408350919],[139.635888302,35.408333775],[139.635887912,35.408333334],[139.635833165,35.408270027],[139.635723865,35.408333333],[139.635723087,35.408333775],[139.63514703,35.408667414],[139.634979001,35.408764748],[139.634952918,35.408814748],[139.633812503,35.408385055],[139.633828521,35.408357414],[139.633868886,35.408333775],[139.633869663,35.408333333],[139.634189417,35.408146171],[139.634654916,35.407877252],[139.634587639,35.407797919],[139.633983192,35.408145838],[139.633729806,35.408292973],[139.633703385,35.408333333],[139.633703114,35.408333775],[139.633697756,35.408341973],[139.633676057,35.408333775],[139.633674838,35.408333333],[139.633659585,35.408327559],[139.633634773,35.408333334],[139.633632827,35.408333775],[139.633542802,35.408354694],[139.633448638,35.408477279],[139.633414617,35.408459748],[139.633334812,35.408335251],[139.633333866,35.408333775],[139.633333554,35.408333334],[139.633333332,35.408332973],[139.633212581,35.408144559],[139.633181752,35.408096838],[139.633175811,35.408095721],[139.633133606,35.408113252],[139.633133023,35.408118468],[139.633149804,35.408144441],[139.63327148,35.408333334],[139.633271777,35.408333775],[139.633333333,35.408429334],[139.633334812,35.408431586],[139.633371388,35.408488361],[139.633421115,35.408513081],[139.633334812,35.408625532],[139.633333333,35.408627441],[139.633127639,35.408895414],[139.633127588,35.408895387],[139.633092607,35.408877838],[139.63286,35.408514802],[139.632811283,35.408535749],[139.633050921,35.408909775],[139.633098223,35.408933559],[139.633080857,35.408956252],[139.632805838,35.409312667],[139.632769079,35.409295641],[139.632538444,35.408935505],[139.632489611,35.408956442],[139.632727833,35.409328387],[139.632776445,35.409350802],[139.632482503,35.409731802],[139.632446667,35.409714721],[139.632214553,35.409354135],[139.632165863,35.409375135],[139.63240528,35.409747108],[139.632453022,35.409769973],[139.632410389,35.409825252],[139.631914968,35.41046364],[139.630992724,35.411663946],[139.630978755,35.411657135],[139.63092847,35.411724667],[139.630942438,35.411731],[139.630302192,35.412558414],[139.630286783,35.412552171],[139.630182723,35.412687748],[139.630196667,35.412697505],[139.630084228,35.412844614],[139.63003917,35.412903504],[139.629839468,35.413164441],[139.629826913,35.413180865],[139.629823165,35.413190306],[139.629804501,35.413213081],[139.629770363,35.413256387],[139.629723645,35.413315893],[139.629697665,35.413356136],[139.62934817,35.413181865],[139.629379222,35.413140333],[139.629417782,35.413079748],[139.629428053,35.413065974],[139.629433476,35.413058667],[139.629576004,35.412867639],[139.62974153,35.412646054],[139.630223969,35.411999586],[139.630307783,35.412039108],[139.631046589,35.41102736],[139.630973333,35.410992802],[139.630947951,35.410880171],[139.631328054,35.410386468],[139.631295227,35.410272387],[139.631005188,35.410133081],[139.630895499,35.410148506],[139.63057856,35.410577306],[139.630041414,35.410277414],[139.630097303,35.410209279],[139.630009974,35.410170279],[139.629964577,35.410228054],[139.629834968,35.41016308],[139.629732218,35.410111386],[139.629737523,35.410104],[139.629602387,35.410032586],[139.629600726,35.410034919],[139.629578495,35.410068054],[139.629540441,35.410051027],[139.628438807,35.409501108],[139.62771686,35.409140668],[139.628032089,35.408709278],[139.628153022,35.408768892],[139.628222191,35.408671559],[139.628174033,35.408649225],[139.628154384,35.408673252],[139.628125746,35.408678973],[139.628076136,35.408652027],[139.628316419,35.408333802],[139.628316783,35.408333334],[139.628465253,35.408136721],[139.628531193,35.408044694],[139.628559948,35.408004721],[139.628811284,35.40765992],[139.62884131,35.407673667],[139.628855966,35.407663414],[139.628927303,35.407669865],[139.629018807,35.407714],[139.629123891,35.407567054],[139.628949248,35.407480946],[139.629361582,35.406915559],[139.629385032,35.406885838],[139.63001978,35.406024198],[139.630165383,35.40582864],[139.630786497,35.40498136],[139.630944838,35.40492764],[139.631299,35.40480744],[139.631928586,35.404927586],[139.631937368,35.404929306],[139.633102218,35.405152721],[139.633333333,35.405196802],[139.633334747,35.405197081],[139.634109729,35.405344946],[139.635120751,35.405534],[139.635154669,35.40554036],[139.635913333,35.405684027],[139.636626252,35.405816081],[139.637417613,35.405966559],[139.63857214,35.406185108],[139.638617613,35.406193748],[139.638606719,35.406233865],[139.638662827,35.406246279],[139.638674305,35.406204586],[139.639369053,35.406336468],[139.639375668,35.406327946],[139.639596005,35.40637092],[139.639597083,35.406377505],[139.639774812,35.406410866],[139.639810026,35.406417505],[139.639818587,35.406381469],[139.640147782,35.406440667],[139.640142166,35.406479892],[139.64016978,35.406485054],[139.64027511,35.406504775],[139.640237471,35.406633171],[139.641666667,35.406904865],[139.641668145,35.406905171],[139.641761361,35.406922892],[139.641760584,35.406925414],[139.641988054,35.406969387],[139.641999274,35.406930667],[139.641936667,35.406918558],[139.641941114,35.406902974],[139.641920078,35.406898973],[139.641942607,35.406820865],[139.64199039,35.406830135],[139.642030778,35.406828387],[139.642223528,35.406798505],[139.642296083,35.406760866],[139.642781777,35.406510387],[139.64390275,35.405932198],[139.644745357,35.405497865],[139.644786744,35.405356306],[139.644812723,35.405360586],[139.644928521,35.404950252],[139.645027198,35.404600135],[139.645481582,35.402979279],[139.645466939,35.402930054],[139.645413386,35.402857135],[139.645364034,35.402827468],[139.643137174,35.402408892],[139.643073359,35.402396892],[139.642923748,35.402382053],[139.642915498,35.402381226],[139.642397639,35.402284613],[139.641821531,35.402175533],[139.641761219,35.402164334],[139.64166808,35.402147082],[139.641666667,35.402146838],[139.641549664,35.402125171],[139.641238495,35.402067505],[139.640675305,35.401960973],[139.639867562,35.401807775],[139.638890052,35.401619972],[139.638036524,35.401461387],[139.637481114,35.401357587],[139.637118081,35.401285837],[139.636138366,35.401099469],[139.635165914,35.400915694],[139.635003385,35.400884973],[139.634539001,35.400796306],[139.634487717,35.400786505],[139.634375058,35.400765026],[139.634438223,35.400549892],[139.634570467,35.400575054],[139.634600974,35.400580893],[139.634647199,35.400589694],[139.634653061,35.400573224],[139.634947977,35.400628333],[139.63497939,35.400519865],[139.634971285,35.400509198],[139.634888521,35.400490307],[139.634887303,35.400496081],[139.634299364,35.400384612],[139.634280947,35.400394225],[139.634265227,35.400454694],[139.63424083,35.400449864],[139.634258717,35.400385252],[139.634254111,35.400377306],[139.634140999,35.400357387],[139.634132608,35.400360613],[139.634115331,35.400425776],[139.634053891,35.400413026],[139.634060896,35.400387801],[139.634071894,35.400389441],[139.634081894,35.400353586],[139.634075422,35.400344919],[139.63340878,35.400219081],[139.633398301,35.400223469],[139.633379494,35.400291613],[139.633334721,35.400283135],[139.633333333,35.400282892],[139.63321,35.400259586],[139.633228716,35.400197334],[139.633222581,35.400183613],[139.63313686,35.400169586],[139.633122088,35.400179306],[139.633097446,35.400263279],[139.633100388,35.400268667],[139.633201751,35.400287135],[139.633205615,35.400274253],[139.633333333,35.400298721],[139.633334722,35.400298973],[139.633374772,35.40030664],[139.633375305,35.400306721],[139.633371855,35.400319054],[139.633481245,35.400340694],[139.633445357,35.400472973],[139.633624501,35.400510414],[139.63359197,35.400619413],[139.633494694,35.400601135],[139.633334722,35.400570892],[139.633333333,35.40057064],[139.63263428,35.400438441],[139.632308664,35.400375613],[139.632100337,35.400396197],[139.631939559,35.400460919],[139.631752697,35.400535054],[139.631060558,35.400809721],[139.629653477,35.401371837],[139.628567328,35.401477441],[139.627817717,35.401549278],[139.626193021,35.401698837],[139.626023307,35.401636801],[139.625699416,35.401168172],[139.625757808,35.401141305],[139.625708754,35.401077469],[139.625654528,35.401103251],[139.62523345,35.400494171],[139.62526939,35.400475027],[139.625219468,35.400403198],[139.625182309,35.400420027],[139.625001363,35.400158306],[139.625,35.40015636],[139.624892218,35.400000468],[139.62489192,35.400000001],[139.623351362,35.397771641],[139.623338196,35.397753946],[139.623316589,35.397728135],[139.623063256,35.397363694],[139.622795279,35.39697636],[139.622179106,35.396085505],[139.622856199,35.39577036],[139.622845032,35.395752053],[139.622908755,35.395720081],[139.622919144,35.395736667],[139.622960389,35.395717279],[139.622938106,35.395681802],[139.622895473,35.395700027],[139.622901052,35.395709775],[139.622833838,35.395739505],[139.62275022,35.395635253],[139.622110195,35.395961253],[139.622096161,35.39594464],[139.622119299,35.395932054],[139.622021634,35.395515532],[139.621983593,35.395347332],[139.622086719,35.395331027],[139.622110389,35.395326559],[139.622580804,35.394605892],[139.622710219,35.394403586],[139.623121219,35.393748054],[139.623546226,35.393088532],[139.624170661,35.392113467],[139.624199974,35.392067892],[139.624240078,35.392087253],[139.624219611,35.392129946],[139.624598859,35.392302865],[139.624683722,35.392185197],[139.624293113,35.392014054],[139.62426725,35.392053506],[139.624221946,35.392033586],[139.62422192,35.392033559],[139.624427523,35.391713414],[139.62461153,35.391667171],[139.624613554,35.391666667],[139.624619532,35.391665171],[139.624623022,35.391666667],[139.624624189,35.391667171],[139.625,35.391829586],[139.625001245,35.391830135],[139.625233671,35.391930586],[139.625948081,35.392239108],[139.626669974,35.392549892],[139.62738978,35.392860306],[139.628301387,35.393252721],[139.628922698,35.393518532],[139.629036304,35.393567387],[139.629048055,35.393572441],[139.629136861,35.393610559],[139.628917639,35.393957306],[139.629034643,35.394005108],[139.629243477,35.393656252],[139.629429636,35.393736081],[139.629423113,35.393747332],[139.629780052,35.393901532],[139.629796667,35.393908587],[139.629342776,35.394617333],[139.62924153,35.394780667],[139.629244889,35.394800775],[139.629257498,35.394813865],[139.629376914,35.394867252],[139.629386005,35.394848973],[139.629724253,35.394993586],[139.629686226,35.395055892],[139.62969336,35.395072505],[139.629772309,35.395106891],[139.629771505,35.395122387],[139.629815615,35.395135613],[139.629830246,35.395132135],[139.629895889,35.395162],[139.629906355,35.395165441],[139.629919663,35.395163747],[139.629947588,35.395139198],[139.630280804,35.39527972],[139.630274449,35.395307224],[139.630276497,35.395320387],[139.630287082,35.395322108],[139.630347782,35.395353027],[139.630348495,35.395372505],[139.630400169,35.395394866],[139.630421115,35.395386892],[139.630490272,35.395415027],[139.630500751,35.395416225],[139.630508444,35.395413892],[139.630533606,35.395389865],[139.630816589,35.395512108],[139.630845863,35.395560748],[139.630863308,35.395576279],[139.630930389,35.395604333],[139.630933866,35.395625],[139.630976446,35.395642721],[139.630993969,35.395631945],[139.631079856,35.395665803],[139.631100777,35.395661225],[139.631112049,35.395640054],[139.631456394,35.395788028],[139.631436032,35.395824586],[139.631530389,35.395861333],[139.631524747,35.395871613],[139.631673554,35.395929],[139.631800311,35.395731721],[139.631686498,35.395682946],[139.631669689,35.395706974],[139.629949222,35.394967468],[139.629963942,35.394938919],[139.629799079,35.394872306],[139.629767588,35.394927225],[139.629434384,35.394786054],[139.629396693,35.394713333],[139.629457134,35.394617532],[139.629605694,35.394385667],[139.629645032,35.394324252],[139.629886394,35.393947504],[139.630506499,35.39421536],[139.631302335,35.394558613],[139.631534189,35.394497333],[139.631714034,35.394207199],[139.63195572,35.393832974],[139.632256199,35.393367532],[139.632470999,35.393310109],[139.632636615,35.393381695],[139.632631608,35.393393306],[139.632763475,35.393447694],[139.632768444,35.393440668],[139.633239754,35.393645532],[139.633233696,35.393655],[139.633333333,35.393696974],[139.633334643,35.393697532],[139.633344306,35.393701612],[139.633349831,35.393694505],[139.633583166,35.39379936],[139.633685473,35.393837198],[139.633764332,35.393949198],[139.634068948,35.394080224],[139.634067134,35.39409464],[139.634122775,35.394119533],[139.634137563,35.394111081],[139.634403476,35.394226613],[139.634400701,35.394232107],[139.634415966,35.394237559],[139.634411556,35.394246001],[139.634482412,35.394273252],[139.634485162,35.394269225],[139.634499364,35.394274721],[139.634504332,35.394272027],[139.635181389,35.394565468],[139.635323697,35.394627198],[139.636121634,35.394975],[139.636116108,35.39498364],[139.636235863,35.395037838],[139.636324812,35.394903108],[139.636199663,35.394847585],[139.63618939,35.394859722],[139.635767665,35.394676945],[139.635765499,35.39466],[139.635698521,35.394632225],[139.635686939,35.394639775],[139.63566297,35.394627748],[139.635181751,35.394419639],[139.633846719,35.393842252],[139.633860531,35.393819441],[139.633915252,35.393813414],[139.634081414,35.393616],[139.634097951,35.393613414],[139.635124773,35.392458613],[139.635186743,35.392362973],[139.635307522,35.392176865],[139.635415253,35.392148],[139.637496615,35.393046225],[139.637574281,35.392925388],[139.635493062,35.392027333],[139.635461997,35.391938775],[139.635638107,35.391667171],[139.635638417,35.391666667],[139.635801894,35.391414532],[139.63593703,35.391206252],[139.636182283,35.390835613],[139.636382166,35.390524505],[139.63650847,35.390327505],[139.636458885,35.390305694],[139.636486498,35.39026236],[139.636535005,35.390283279],[139.636530026,35.390294802],[139.638029339,35.390926776],[139.638051971,35.390887585],[139.638203671,35.390951135],[139.638179559,35.390990108],[139.63816642,35.391011559],[139.638404722,35.391112532],[139.638537523,35.390903973],[139.638414475,35.390853387],[139.638374449,35.390922919],[139.638371051,35.390921559],[139.638331114,35.390906279],[139.638340532,35.390888613],[139.638341751,35.390886441],[139.638314476,35.390876505],[139.638261115,35.390857026],[139.638255084,35.390854748],[139.638247004,35.390870802],[139.638232049,35.390900252],[139.638080169,35.390838775],[139.638097782,35.390808279],[139.63810397,35.390797559],[139.636318444,35.390027721],[139.636314553,35.390037081],[139.636229559,35.390000892],[139.636234527,35.389990081],[139.636208807,35.389979226],[139.63612847,35.390107722],[139.636128249,35.390108081],[139.63609852,35.39015536],[139.635978781,35.390100198],[139.635925966,35.389993387],[139.635993061,35.389891171],[139.635862192,35.389837775],[139.63530742,35.389602947],[139.635193606,35.389554],[139.633604086,35.388870198],[139.633333332,35.388752081],[139.633098275,35.388649505],[139.631969636,35.388161838],[139.631274721,35.387861533],[139.630137082,35.387372135],[139.629548366,35.387117865],[139.629415746,35.387061108],[139.629170896,35.386956387],[139.628292477,35.386576586],[139.627457911,35.386218748],[139.627429339,35.386207081],[139.627493943,35.386099244],[139.627378522,35.386048973],[139.627414112,35.385994947],[139.627471583,35.38590364],[139.62747978,35.385888505],[139.62748,35.385888613],[139.627490118,35.385891225],[139.627691724,35.385564721],[139.627949611,35.385164306],[139.628532892,35.384251],[139.628592893,35.384160135],[139.628689689,35.384137135],[139.628815253,35.384105613],[139.628789027,35.384027055],[139.628889249,35.38400344],[139.628921413,35.384081108],[139.629052361,35.384050505],[139.62914083,35.384025946],[139.629300907,35.383981614],[139.629059106,35.383333865],[139.629058911,35.383333333],[139.629025058,35.383242667],[139.628808611,35.382710171],[139.62868153,35.382367613],[139.62845314,35.382117586],[139.627297419,35.381762027],[139.626800973,35.381788],[139.62654083,35.381723054],[139.626010636,35.381555865],[139.625582917,35.381429027],[139.625001167,35.381243613],[139.625,35.381243252],[139.62492642,35.381219775],[139.624561051,35.381119135],[139.624153943,35.380968135],[139.623729,35.380799306],[139.623524475,35.380745721],[139.623396419,35.380495171],[139.623298106,35.380361001],[139.623123891,35.380242306],[139.623012698,35.380121586],[139.622872244,35.380013306],[139.622793359,35.379939414],[139.622726693,35.379861081],[139.622646692,35.379779693],[139.62253419,35.379699694],[139.622425032,35.379620532],[139.622368106,35.379466135],[139.622335057,35.379136919],[139.622351284,35.379081108],[139.622354889,35.378998946],[139.622301284,35.37881872],[139.622174189,35.378700225],[139.621896393,35.378319134],[139.621677756,35.37827],[139.621655914,35.378106027],[139.621652503,35.37782136],[139.621737328,35.377468054],[139.62174131,35.377312198],[139.621524864,35.376849532],[139.621489079,35.376519973],[139.621485137,35.376006973],[139.621533307,35.375850108],[139.621421582,35.375722865],[139.621124136,35.375369586],[139.621336056,35.375222469],[139.621266693,35.375172532],[139.621412438,35.37501536],[139.621419273,35.375000559],[139.621419532,35.375],[139.621489078,35.374849468],[139.621539274,35.374701171],[139.621348781,35.374654775],[139.621619248,35.373870468],[139.621338754,35.373806721],[139.621423529,35.373549108],[139.621602244,35.37358644],[139.621726861,35.373322973],[139.621840533,35.372993892],[139.621201141,35.372851054],[139.620702139,35.372736054],[139.620479922,35.37269736],[139.620228171,35.37262864],[139.62011153,35.372486334],[139.620087445,35.372452225],[139.61992856,35.372269721],[139.619729948,35.372094999],[139.619571946,35.371985359],[139.619361284,35.371839081],[139.619287445,35.371787775],[139.619148808,35.371725],[139.619131026,35.371485],[139.619096304,35.371402973],[139.61902869,35.37128336],[139.618925887,35.371157225],[139.618886589,35.371132505],[139.618611855,35.370836946],[139.618628249,35.370799171],[139.618683307,35.370691919],[139.618700143,35.370554252],[139.618671388,35.370471135],[139.618625721,35.370383468],[139.618562192,35.370271694],[139.618357639,35.370096135],[139.618085616,35.370096135],[139.61819878,35.369758468],[139.618290143,35.369334749],[139.618371505,35.369055532],[139.61841122,35.368828252],[139.618176913,35.368445973],[139.618128274,35.368327468],[139.61803594,35.368207333],[139.617865162,35.368169198],[139.617804617,35.368032838],[139.617616978,35.367757667],[139.61754153,35.367628613],[139.61743131,35.367511721],[139.617321634,35.367518197],[139.617184112,35.367495505],[139.61686642,35.367437054],[139.616892217,35.367348586],[139.616978612,35.367198414],[139.616816939,35.367116333],[139.616667639,35.36710464],[139.616666667,35.367104559],[139.616615551,35.367100559],[139.616622166,35.366956533],[139.616309001,35.366925865],[139.616331777,35.366667252],[139.616331829,35.366666668],[139.616340194,35.366571802],[139.616065383,35.366517945],[139.615629053,35.366482252],[139.615467498,35.366465892],[139.615082165,35.366429946],[139.614936719,35.366420414],[139.614613839,35.366413279],[139.614499495,35.366282613],[139.614507717,35.366123775],[139.614556252,35.36598336],[139.614347913,35.365450306],[139.614322089,35.365285586],[139.614256524,35.365121973],[139.614080116,35.364675305],[139.614000025,35.364567748],[139.613840026,35.364353721],[139.613525862,35.364334694],[139.613458948,35.364422694],[139.613406616,35.364746108],[139.613544864,35.364918198],[139.613510246,35.365184306],[139.613412192,35.365224171],[139.613243645,35.365248468],[139.613036278,35.365262414],[139.613018081,35.365118333],[139.612962802,35.365050171],[139.612856056,35.365091891],[139.612770894,35.364965],[139.61283934,35.364895947],[139.612842244,35.364453613],[139.612848079,35.363820973],[139.612882969,35.363359586],[139.61221467,35.363257613],[139.611085863,35.362982747],[139.610988107,35.363323468],[139.610901285,35.363695278],[139.610805136,35.363970134],[139.610575473,35.364253531],[139.610165525,35.364018226],[139.609879078,35.363865082],[139.610010726,35.36375408],[139.609950999,35.36348108],[139.609764553,35.363445278],[139.609657781,35.363406721],[139.609642866,35.363350108],[139.609695811,35.363327919],[139.6098207,35.363223586],[139.609861414,35.363117054],[139.609959999,35.362921641],[139.61004603,35.362883973],[139.610119637,35.362857667],[139.610172283,35.362737468],[139.610176355,35.362591],[139.610183139,35.362470027],[139.610165499,35.362298],[139.610048754,35.362159252],[139.609978145,35.36207936],[139.609942866,35.362012748],[139.610004383,35.361913504],[139.610098974,35.361869586],[139.610173969,35.361784442],[139.610150001,35.361662532],[139.610078808,35.361581559],[139.610187717,35.361463306],[139.610312918,35.361434252],[139.610340584,35.361304693],[139.610252362,35.361170387],[139.610031115,35.361106027],[139.609847782,35.361123387],[139.609765032,35.361244748],[139.609630637,35.361265838],[139.609477367,35.361329945],[139.609485384,35.361454505],[139.60941345,35.361527748],[139.608985837,35.361347973],[139.608933528,35.361491081],[139.608826252,35.361528946],[139.608687198,35.361488919],[139.608449611,35.361454505],[139.608334228,35.361414946],[139.608333333,35.36141464],[139.608213385,35.361373505],[139.60814144,35.361324666],[139.607928341,35.361203694],[139.607568586,35.361306892],[139.607407057,35.360911802],[139.607282192,35.360754533],[139.60693061,35.360561505],[139.606986226,35.360386839],[139.607038716,35.360265054],[139.607151945,35.360189559],[139.607364721,35.360126387],[139.607436913,35.360090505],[139.607463359,35.360029225],[139.607532556,35.359961135],[139.607636472,35.359856333],[139.607674189,35.359798946],[139.607572218,35.359744306],[139.607494617,35.359637081],[139.607256355,35.359473441],[139.607032556,35.359406441],[139.606971804,35.359487919],[139.606897471,35.359509306],[139.606834864,35.359390387],[139.606764669,35.359302559],[139.606687614,35.359274838],[139.606603256,35.359095838],[139.606474527,35.358967135],[139.606352437,35.358835748],[139.606280467,35.358798108],[139.606051478,35.358683559],[139.605914189,35.358610306],[139.605721051,35.358438468],[139.605624475,35.358333919],[139.605623917,35.358333333],[139.605585279,35.358291505],[139.605516783,35.358173505],[139.60541895,35.358068774],[139.605305032,35.357843748],[139.605208366,35.357786414],[139.605072023,35.357747838],[139.605017393,35.357690694],[139.605005577,35.357576694],[139.605012438,35.357516866],[139.604987056,35.357448082],[139.604878054,35.357411441],[139.604606694,35.357355775],[139.604404306,35.357304892],[139.604264449,35.357292109],[139.60407175,35.357280468],[139.603754059,35.357305973],[139.603597951,35.357332613],[139.603515525,35.35732836],[139.603417419,35.357333721],[139.603109273,35.357328171],[139.6027693,35.357320802],[139.602687639,35.35698036],[139.602602944,35.356637919],[139.60251847,35.356451108],[139.602510701,35.356291559],[139.602453646,35.356170694],[139.602373554,35.356080802],[139.602294811,35.35595208],[139.602092477,35.355820919],[139.60183603,35.355628],[139.601502088,35.355481532],[139.601301193,35.355407171],[139.601170856,35.355407171],[139.601069248,35.355372865],[139.600952335,35.35530508],[139.600770584,35.355270332],[139.600626551,35.355267333],[139.600284617,35.355295803],[139.600084942,35.355341693],[139.60000083,35.355372748],[139.6,35.355373054],[139.599842218,35.355431332],[139.599755084,35.355483748],[139.599748756,35.355568252],[139.599736783,35.355709748],[139.599689857,35.355802865],[139.599574812,35.355980225],[139.599494475,35.356096333],[139.599416939,35.356166171],[139.599185279,35.356221442],[139.598618054,35.356299505],[139.598411245,35.356358252],[139.598219856,35.356389306],[139.597949442,35.35635144],[139.597706783,35.356296108],[139.597546589,35.356248387],[139.597461025,35.356185532],[139.597374384,35.356124253],[139.597275109,35.356021973],[139.597200895,35.355965613],[139.597079637,35.355963171],[139.596852944,35.355987586],[139.5966507,35.355978695],[139.59647939,35.355969973],[139.596257055,35.355963171],[139.596054034,35.355965613],[139.595770584,35.355930441],[139.595619079,35.355878802],[139.595422283,35.355761198],[139.595092413,35.35560028],[139.594675721,35.355404946],[139.594565643,35.355360532],[139.594470117,35.355365505],[139.594342724,35.355428775],[139.594150467,35.355551893],[139.594041505,35.355532946],[139.593864034,35.355560721],[139.593721388,35.355536441],[139.593558664,35.355648171],[139.593368807,35.35566764],[139.593230117,35.355700135],[139.593140507,35.355699027],[139.593072633,35.355640225],[139.592892113,35.355561415],[139.592674721,35.355495441],[139.592604357,35.355460441],[139.592379027,35.355414946],[139.592189001,35.355480414],[139.591996226,35.35554136],[139.591896305,35.355573198],[139.591690052,35.355660775],[139.591667497,35.355665171],[139.591666666,35.355665332],[139.591556472,35.355686838],[139.59132083,35.355655891],[139.591186393,35.35562644],[139.591143839,35.355572531],[139.591131608,35.35548708],[139.591055227,35.355308387],[139.590893061,35.355141171],[139.590655006,35.354885225],[139.590560026,35.354848532],[139.590372217,35.354771467],[139.590263165,35.354736505],[139.590128638,35.354728027],[139.59002297,35.354734946],[139.58992083,35.354804613],[139.589874695,35.354880054],[139.589794577,35.354900054],[139.58967786,35.354900054],[139.589618145,35.354993252],[139.589501997,35.355209108],[139.589458638,35.355319],[139.589484864,35.355416414],[139.589470661,35.355530919],[139.589381971,35.355651306],[139.589250311,35.355844387],[139.589221245,35.355990506],[139.589117276,35.356081864],[139.589068418,35.356255],[139.589067497,35.356356441],[139.589067496,35.35644256],[139.589088341,35.356461721],[139.589208341,35.356571999],[139.589282802,35.356713388],[139.589541699,35.357110333],[139.589681971,35.357250333],[139.589810026,35.357305612],[139.589958561,35.357331667],[139.590057524,35.357336667],[139.590199144,35.35733364],[139.590409028,35.357426613],[139.590513645,35.357453388],[139.590595577,35.357474506],[139.59064978,35.357534506],[139.590784136,35.357641027],[139.590906304,35.357791973],[139.59098611,35.357906946],[139.591085006,35.357943667],[139.591238834,35.357924],[139.591426136,35.357904027],[139.591589027,35.357921775],[139.591666667,35.357914747],[139.591667523,35.357914667],[139.591723385,35.357909586],[139.591846783,35.357876306],[139.591886278,35.357880721],[139.591895772,35.357957306],[139.591884917,35.358047198],[139.591884475,35.358146803],[139.591874865,35.358333333],[139.591874839,35.358333946],[139.591872698,35.358375468],[139.591899856,35.358559865],[139.592022024,35.358751839],[139.592062724,35.358870586],[139.592099364,35.359042586],[139.592071245,35.359133171],[139.592050027,35.359238306],[139.592052503,35.359297171],[139.592097198,35.359400027],[139.592217472,35.359490892],[139.592406809,35.359672333],[139.592550585,35.359872081],[139.592613775,35.360007946],[139.592624112,35.360125775],[139.592596135,35.360228775],[139.592637056,35.360397333],[139.592730532,35.360491802],[139.592741388,35.360589414],[139.59271694,35.360693721],[139.592590726,35.36100108],[139.592571724,35.361174198],[139.59256358,35.361262973],[139.592522867,35.361345081],[139.592610415,35.361521613],[139.592691167,35.361697973],[139.592605331,35.361889468],[139.592490804,35.361960892],[139.592373579,35.362034172],[139.592303113,35.362208414],[139.592134773,35.362413081],[139.591843672,35.362639468],[139.591667562,35.362751199],[139.591666666,35.362751775],[139.59151616,35.362847252],[139.591363671,35.36291836],[139.591362438,35.363068333],[139.591437082,35.363401224],[139.591521218,35.363698586],[139.591541362,35.363966838],[139.591534838,35.364161279],[139.591488691,35.364295559],[139.591666667,35.364403865],[139.591667588,35.364404414],[139.591669196,35.364405387],[139.5918307,35.36443536],[139.591940363,35.364430306],[139.591971193,35.364440865],[139.592206744,35.364479468],[139.592753411,35.364535865],[139.593083697,35.364617802],[139.593233411,35.364680865],[139.593430921,35.364803919],[139.593557861,35.364899198],[139.593692581,35.36501364],[139.59391869,35.36528836],[139.593986744,35.365381694],[139.594183411,35.365652252],[139.594250363,35.365717801],[139.59434786,35.36581364],[139.594429248,35.36589336],[139.594609248,35.36604864],[139.5947262,35.366206972],[139.594738975,35.366224468],[139.594782581,35.36628336],[139.594924255,35.366365307],[139.595005084,35.366406135],[139.59516231,35.36647364],[139.595240921,35.366507533],[139.59542703,35.36661864],[139.595471388,35.366666668],[139.595471919,35.366667252],[139.595808171,35.367031387],[139.595929222,35.36714636],[139.596170169,35.36727136],[139.596448196,35.367388802],[139.596601115,35.367466468],[139.596670609,35.367583919],[139.596684527,35.367784693],[139.596651089,35.367949532],[139.596394916,35.368002532],[139.596350895,35.368091559],[139.596235033,35.368167332],[139.596105305,35.368313198],[139.595996783,35.368612505],[139.595880337,35.368799054],[139.595760078,35.368887135],[139.59564192,35.368942054],[139.595476083,35.369005587],[139.595356498,35.369041946],[139.595282049,35.369131108],[139.595215616,35.369351225],[139.595090507,35.369497054],[139.594900557,35.369716802],[139.594782387,35.370021748],[139.594678106,35.370218748],[139.594411803,35.370554721],[139.594229027,35.370787775],[139.594183748,35.370857225],[139.594006227,35.371143134],[139.594015473,35.371239748],[139.594004307,35.37138836],[139.593958833,35.37150592],[139.593874137,35.371677306],[139.593746719,35.372010694],[139.593679534,35.372291053],[139.593554449,35.372501306],[139.593296744,35.372743694],[139.59303083,35.372918026],[139.59284183,35.373056027],[139.592417951,35.373452332],[139.592080973,35.373517027],[139.591723916,35.373602305],[139.591667665,35.373582171],[139.591666667,35.373581802],[139.591339559,35.373464775],[139.591087977,35.373543197],[139.590810506,35.373637891],[139.590752555,35.373776442],[139.590666523,35.373961387],[139.590476524,35.374377306],[139.590217173,35.374980865],[139.590207366,35.374999999],[139.590207057,35.375000559],[139.590098716,35.375211414],[139.590011854,35.375379108],[139.589627419,35.376092559],[139.58947297,35.376392413],[139.589347523,35.376625919],[139.589248301,35.376787803],[139.589102751,35.377025108],[139.588971115,35.377261721],[139.588860117,35.377539225],[139.588817328,35.377807414],[139.589000052,35.377839081],[139.58941703,35.377894892],[139.589732023,35.377914027],[139.589912192,35.377998198],[139.589978145,35.378174414],[139.59000389,35.378376973],[139.590068222,35.378491387],[139.590121608,35.378471667],[139.590351337,35.378334865],[139.590566887,35.378292775],[139.590740636,35.378224387],[139.590845498,35.378263332],[139.591071052,35.378353333],[139.591347446,35.378506387],[139.591482166,35.378581108],[139.591611894,35.378689171],[139.591666667,35.378600468],[139.591667717,35.378598775],[139.59174022,35.378481386],[139.591787445,35.378354441],[139.591831607,35.378236109],[139.591980506,35.378290279],[139.592593554,35.378511946],[139.59249856,35.378712505],[139.592299105,35.379085251],[139.592226978,35.379223892],[139.592151362,35.379389586],[139.592114358,35.379534252],[139.592117717,35.379747748],[139.59214655,35.379916946],[139.592223555,35.380043586],[139.592397717,35.380207748],[139.592500415,35.380283891],[139.592399105,35.380412775],[139.59201144,35.380912532],[139.591974968,35.380989694],[139.591847756,35.381477468],[139.591668808,35.381654252],[139.591667756,35.381654802],[139.591666667,35.381655388],[139.591380558,35.381806],[139.591230117,35.381877892],[139.591052724,35.381956748],[139.590682724,35.38198172],[139.590552439,35.381946225],[139.590389974,35.38188836],[139.590282193,35.381847586],[139.590166355,35.381825225],[139.590056978,35.381788387],[139.589954423,35.381809135],[139.589796393,35.38193964],[139.589669299,35.382033027],[139.589439274,35.382157973],[139.589368495,35.382227668],[139.589251088,35.382501225],[139.589146524,35.382714278],[139.589048392,35.382939171],[139.588998521,35.383083802],[139.588898833,35.383321865],[139.588889974,35.383333333],[139.588889585,35.383333865],[139.58881358,35.383432333],[139.588773359,35.383495441],[139.588781388,35.383553333],[139.588853773,35.383663802],[139.589008223,35.383918946],[139.589035551,35.384022838],[139.588912023,35.384208973],[139.588763695,35.384498919],[139.588668612,35.384654693],[139.588549755,35.384731694],[139.588387301,35.384776388],[139.588287562,35.384823748],[139.588223216,35.384928972],[139.588168521,35.385024973],[139.588012503,35.385172252],[139.587947885,35.385269333],[139.587983527,35.385393198],[139.587986744,35.385518135],[139.587957807,35.385606252],[139.588094528,35.385770667],[139.588223217,35.385908748],[139.588269884,35.386040252],[139.588327808,35.386408505],[139.588355162,35.386605748],[139.588470972,35.386931919],[139.58865275,35.386854333],[139.588865032,35.386762172],[139.589347808,35.386595802],[139.589535862,35.386533414],[139.589723644,35.386482747],[139.590293087,35.38630164],[139.590447251,35.386279694],[139.590613645,35.386204973],[139.590977808,35.386063305],[139.591187886,35.385885054],[139.591321414,35.386008694],[139.591425966,35.386084973],[139.591619001,35.386111279],[139.591666667,35.386108441],[139.591667808,35.386108387],[139.591797562,35.386100748],[139.591955188,35.386086278],[139.592042049,35.38605472],[139.592098366,35.385860082],[139.592120894,35.385752252],[139.59213856,35.385632586],[139.592247951,35.38538664],[139.592399144,35.385136748],[139.592633995,35.385215667],[139.592844721,35.385339307],[139.59305869,35.385629946],[139.593172503,35.385746054],[139.593263646,35.385858279],[139.593213139,35.386169135],[139.593187393,35.386324333],[139.593277471,35.386400613],[139.593328948,35.386457171],[139.593536472,35.386383504],[139.593710195,35.386288837],[139.593827612,35.386237532],[139.593949882,35.386400614],[139.594006161,35.386507135],[139.594102698,35.386521613],[139.594204034,35.386508468],[139.594440506,35.386365108],[139.594691441,35.386687333],[139.594847418,35.386892532],[139.594954189,35.38700164],[139.59501406,35.387012667],[139.595307523,35.38690036],[139.595442698,35.386894333],[139.595576161,35.386941135],[139.595609638,35.387057197],[139.595696913,35.387140559],[139.595784475,35.387121892],[139.596031804,35.387006198],[139.596241388,35.387082587],[139.596400143,35.387225414],[139.596603308,35.387274946],[139.596742412,35.38729756],[139.596764942,35.387656586],[139.596888807,35.387677613],[139.597044838,35.387618441],[139.597253944,35.387581613],[139.597340415,35.387595838],[139.597428807,35.387788559],[139.597236109,35.387966946],[139.597332581,35.388142802],[139.597652918,35.388177387],[139.597741388,35.388273387],[139.598729052,35.388105054],[139.598886161,35.388114413],[139.599044838,35.388138559],[139.599422387,35.388162918],[139.599606524,35.388223441],[139.599865966,35.388196838],[139.6,35.388166026],[139.600001167,35.388165748],[139.600044501,35.388155775],[139.600164228,35.388180505],[139.600346161,35.388207441],[139.600536447,35.388196893],[139.60060808,35.388040974],[139.600727368,35.387982893],[139.601121051,35.388002441],[139.601304254,35.387985333],[139.601449494,35.387906639],[139.601432283,35.38766108],[139.601426161,35.387578028],[139.601421724,35.387513027],[139.601415617,35.387425252],[139.60142022,35.386958252],[139.601459468,35.386673865],[139.601492802,35.386516081],[139.601519468,35.38639108],[139.601645448,35.386199415],[139.601944642,35.386361171],[139.602124475,35.386503586],[139.602274384,35.386658387],[139.602385084,35.386664252],[139.602523723,35.386638667],[139.602660856,35.386605802],[139.602755617,35.386581135],[139.602816782,35.386474414],[139.602969299,35.386374333],[139.602996641,35.386198081],[139.603110856,35.38615336],[139.603223476,35.386311199],[139.603385837,35.386411694],[139.603485667,35.386587361],[139.603667445,35.386760973],[139.60375594,35.386826721],[139.603873333,35.386387468],[139.603944501,35.386120694],[139.604112996,35.386075774],[139.604241699,35.386225695],[139.604270701,35.386304558],[139.604465304,35.386336171],[139.604505966,35.38620936],[139.605000636,35.386281054],[139.605092634,35.385990305],[139.605270311,35.386012414],[139.605290505,35.386100775],[139.605452801,35.386264135],[139.605579754,35.386348586],[139.605991997,35.386464693],[139.606092827,35.386492198],[139.606236445,35.386514694],[139.606363943,35.386566639],[139.606433477,35.386649108],[139.606465136,35.386738333],[139.606456744,35.386934559],[139.606459975,35.387148918],[139.606321634,35.387194946],[139.606295889,35.387283054],[139.606255667,35.387440892],[139.606158392,35.387431387],[139.606142283,35.387597171],[139.60628144,35.387631333],[139.606128367,35.387823946],[139.605991893,35.387987973],[139.605849559,35.388207251],[139.605724837,35.388282559],[139.605678806,35.388414613],[139.605435306,35.388439053],[139.605367757,35.388665252],[139.605248419,35.388640054],[139.605123722,35.388947838],[139.604947912,35.389126865],[139.604796473,35.389299946],[139.604715357,35.38937856],[139.60461655,35.389513532],[139.604573139,35.389689748],[139.604542554,35.389846252],[139.604462309,35.389997999],[139.60437786,35.390110505],[139.604353969,35.390142171],[139.604219805,35.390322722],[139.604137589,35.390394946],[139.603920027,35.390524864],[139.603770441,35.390569586],[139.603630856,35.390617865],[139.603558107,35.390693198],[139.603443139,35.391046054],[139.603379533,35.391304748],[139.603374643,35.391438387],[139.603713968,35.391584108],[139.603693723,35.391666667],[139.60369358,35.391667171],[139.603663696,35.391788838],[139.603625914,35.391911613],[139.603908716,35.392100198],[139.603754423,35.392322559],[139.603685551,35.392540027],[139.60358869,35.392658027],[139.603422996,35.392843468],[139.603331219,35.392962999],[139.603106108,35.392918414],[139.602708781,35.393223533],[139.602888949,35.393431334],[139.603091634,35.393495775],[139.603150117,35.393511333],[139.603381193,35.393622027],[139.603664305,35.393657531],[139.603900778,35.393749613],[139.603994838,35.394079108],[139.604033527,35.394171441],[139.604114864,35.394375306],[139.604201025,35.394546468],[139.604239831,35.394689054],[139.604309416,35.394828027],[139.604347004,35.394904613],[139.604346446,35.395014415],[139.604337717,35.395068387],[139.604272114,35.395148306],[139.604208054,35.395188387],[139.604144747,35.395214776],[139.604034331,35.395214694],[139.603871414,35.395175586],[139.603633916,35.395040802],[139.603591997,35.395065973],[139.603559754,35.395107748],[139.603564332,35.395191748],[139.603575331,35.395238559],[139.603570416,35.395298505],[139.603466005,35.395360945],[139.603212633,35.395312441],[139.603065136,35.395375054],[139.603216394,35.395453225],[139.603281505,35.395490892],[139.603350661,35.395539559],[139.60340856,35.395614505],[139.603434306,35.395674999],[139.60351795,35.395944613],[139.603112633,35.395932721],[139.602970973,35.395939947],[139.602836524,35.395890224],[139.602650973,35.395721054],[139.602539027,35.395628559],[139.602255422,35.395844947],[139.602258365,35.395965667],[139.602271244,35.396074838],[139.602502633,35.396143838],[139.602819805,35.396273414],[139.602649857,35.396456613],[139.602579027,35.396550775],[139.602245136,35.396999387],[139.602156809,35.397118559],[139.602066524,35.397240775],[139.601873476,35.397521892],[139.601731802,35.397677721],[139.601499105,35.397920053],[139.601072672,35.397901614],[139.60089406,35.397816613],[139.600708755,35.397634892],[139.600514669,35.397325135],[139.600295226,35.397147973],[139.600162022,35.397102278],[139.600066809,35.397108001],[139.600055422,35.397219667],[139.600021803,35.39733744],[139.600001244,35.397409721],[139.6,35.397414134],[139.599930973,35.397656893],[139.599902361,35.397779109],[139.599825421,35.398108838],[139.599755305,35.398209387],[139.599568691,35.398601306],[139.599353774,35.398901279],[139.599154228,35.398928306],[139.599033995,35.398807279],[139.59888681,35.398854945],[139.598811025,35.398922225],[139.598765966,35.399028748],[139.598589026,35.399353613],[139.598507173,35.399589586],[139.598373774,35.399728775],[139.59835406,35.399884667],[139.597971439,35.399897441],[139.597714331,35.400000001],[139.597713113,35.400000505],[139.597648275,35.400026361],[139.597587497,35.400178667],[139.597689728,35.400389974],[139.597631894,35.400637252],[139.597609611,35.400871586],[139.597612283,35.401047108],[139.597611,35.401273775],[139.597443722,35.401288081],[139.597358418,35.401453973],[139.597415863,35.401552225],[139.597640804,35.401618027],[139.597852802,35.401637081],[139.597911698,35.401786586],[139.597982049,35.401826721],[139.59821214,35.401755198],[139.598356031,35.401868198],[139.598597393,35.402008748],[139.598806278,35.402072253],[139.598979027,35.402109639],[139.599153087,35.402144694],[139.599248612,35.402249667],[139.599317809,35.402381171],[139.599463191,35.402387027],[139.599667497,35.402355252],[139.599901505,35.402337333],[139.599999999,35.402418946],[139.60000131,35.402420026],[139.600043307,35.402454838],[139.60006083,35.402599667],[139.600478638,35.402644468],[139.600649105,35.402621441],[139.600789728,35.40252717],[139.600849637,35.402553532],[139.601029442,35.402466667],[139.601457367,35.402471946],[139.601608559,35.402612666],[139.601663723,35.402642333],[139.602153891,35.402633694],[139.602292244,35.402629748],[139.602447419,35.402779081],[139.602562503,35.402875694],[139.602638145,35.402983532],[139.602562555,35.403137414],[139.602556642,35.403248333],[139.60263384,35.403448803],[139.60272341,35.403563531],[139.602893917,35.403704279],[139.603006977,35.403816722],[139.603062997,35.403972135],[139.603144696,35.404088054],[139.603217276,35.404163279],[139.60341192,35.404306612],[139.603461777,35.40415536],[139.603608028,35.404068252],[139.603780221,35.403976027],[139.604344942,35.403877865],[139.604227471,35.403496468],[139.604496109,35.403421532],[139.604837172,35.40332156],[139.604952996,35.403238694],[139.605141089,35.403431198],[139.605283282,35.403529918],[139.605501608,35.403657694],[139.605582438,35.403686027],[139.605661609,35.40369936],[139.605801699,35.403699171],[139.605953555,35.40369436],[139.605972918,35.403474135],[139.606045331,35.403397837],[139.606193333,35.403280775],[139.606383139,35.403147946],[139.60661642,35.403030892],[139.606861051,35.40290964],[139.607166616,35.402750721],[139.607298521,35.402608694],[139.607425615,35.402499532],[139.607586912,35.40243864],[139.607735499,35.402465749],[139.607821363,35.402508721],[139.607961141,35.402590866],[139.608025189,35.402674838],[139.608043722,35.402748136],[139.607932361,35.402915135],[139.607951673,35.402994054],[139.608070727,35.402979612],[139.6082093,35.402860667],[139.608277109,35.402869559],[139.608333333,35.402888586],[139.608334669,35.402889027],[139.608424163,35.402919306],[139.608512309,35.403062333],[139.608554942,35.403105865],[139.608638612,35.403245278],[139.608594942,35.403372973],[139.608663606,35.403446],[139.608788222,35.403447839],[139.60892655,35.40347028],[139.609020506,35.403561865],[139.609023113,35.403667468],[139.608939441,35.403825306],[139.608887497,35.403941279],[139.608833696,35.404057919],[139.60881533,35.404325279],[139.608767692,35.404469919],[139.608653864,35.404621054],[139.60866275,35.404706532],[139.608754189,35.404768613],[139.608899248,35.404830171],[139.609060144,35.404901198],[139.609106783,35.405011667],[139.609085863,35.405172135],[139.608944306,35.405390468],[139.608945473,35.405483172],[139.6089583,35.405838802],[139.608931634,35.406001585],[139.608912244,35.406026306],[139.608791141,35.40613992],[139.608605083,35.406179055],[139.60837642,35.406208559],[139.608334695,35.406210919],[139.608333333,35.406211],[139.608202865,35.406218333],[139.608083307,35.406212973],[139.607855253,35.406188306],[139.60772489,35.406191468],[139.607659883,35.406229171],[139.607570583,35.406313803],[139.607470441,35.406389668],[139.607346913,35.406453532],[139.607349754,35.406499973],[139.607336304,35.406638667],[139.607419222,35.406696532],[139.607491244,35.406943082],[139.607293216,35.407084694],[139.607144111,35.407196306],[139.606938223,35.407372559],[139.606848145,35.407450171],[139.606779027,35.407574802],[139.60665,35.407840198],[139.60655214,35.407999946],[139.606457224,35.408220919],[139.606402607,35.408333334],[139.606402387,35.408333802],[139.606358949,35.408423225],[139.606360973,35.408476252],[139.606504721,35.40854464],[139.606669442,35.408894081],[139.606757756,35.409237505],[139.606817588,35.409591414],[139.606879274,35.409836721],[139.606112944,35.409938641],[139.605994163,35.409961027],[139.606160026,35.410175467],[139.606402335,35.410389225],[139.606334189,35.410873803],[139.606212724,35.411009252],[139.606074358,35.411351225],[139.606045383,35.411543252],[139.605983579,35.411760198],[139.605836252,35.412040414],[139.605723917,35.412094919],[139.605654695,35.412115613],[139.605660947,35.412203973],[139.605738975,35.412414333],[139.605725863,35.412725721],[139.606305811,35.413527252],[139.606142554,35.413834892],[139.606092826,35.414007387],[139.606203087,35.414055359],[139.606199857,35.414310532],[139.60634786,35.414405225],[139.606355747,35.414557586],[139.606409494,35.414676387],[139.606521608,35.414770865],[139.606730609,35.415171001],[139.606761997,35.415237108],[139.606814501,35.415348505],[139.606936978,35.415607775],[139.607145836,35.415972999],[139.60705253,35.415996694],[139.607133969,35.416203775],[139.607002607,35.416280559],[139.607038145,35.416408442],[139.607032244,35.416666667],[139.607032244,35.416667108],[139.607030078,35.416762946],[139.607020363,35.41687264],[139.607022724,35.417158387],[139.607011283,35.417315387],[139.607068612,35.417593414],[139.607073774,35.417997333],[139.607071166,35.418182748],[139.607036471,35.418366776],[139.60703022,35.418426252],[139.607256783,35.418491748],[139.60730703,35.418597387],[139.607421829,35.418687225],[139.607652698,35.418747775],[139.607737366,35.418798414],[139.607528756,35.418858694],[139.607139417,35.419219054],[139.607268145,35.419421613],[139.607493359,35.419650468],[139.607499805,35.419808306],[139.607487329,35.419961468],[139.607689637,35.420034532],[139.607921284,35.420123946],[139.608333333,35.420258225],[139.608334838,35.42025872],[139.608365305,35.42026864],[139.608699922,35.420402802],[139.608918716,35.420484333],[139.608900143,35.421023505],[139.609105357,35.421157748],[139.609253359,35.421268225],[139.609340143,35.421349387],[139.60946786,35.42139336],[139.609575551,35.421516414],[139.609672529,35.421609252],[139.609820415,35.421581279],[139.609963281,35.421523893],[139.610094137,35.421509081],[139.610215746,35.421573946],[139.610257224,35.421681225],[139.610289585,35.422100442],[139.61028511,35.422114306],[139.610183217,35.422254667],[139.610175524,35.422380171],[139.610276252,35.42243408],[139.610288469,35.422527666],[139.610259027,35.422659055],[139.610351362,35.422913865],[139.61059978,35.423247468],[139.610782944,35.423349613],[139.610851556,35.423530171],[139.61088786,35.423556775],[139.610942114,35.423587108],[139.611074475,35.423569919],[139.611207031,35.423484414],[139.611345837,35.423427532],[139.611549689,35.423415],[139.611953995,35.423237441],[139.612209883,35.423000999],[139.612498781,35.422737387],[139.612636006,35.42263156],[139.612674087,35.422623774],[139.612876834,35.422517027],[139.613201193,35.422254667],[139.613305279,35.422495],[139.613458495,35.422625721],[139.613634113,35.422695532],[139.613976641,35.422691333],[139.614116005,35.422699468],[139.614211556,35.422786838],[139.614299144,35.422980225],[139.614452827,35.422988585],[139.614755448,35.423198225],[139.614922387,35.423297667],[139.614989612,35.423346838],[139.615087951,35.423418505],[139.615149053,35.423462946],[139.615189637,35.423517306],[139.615273061,35.423640919],[139.615374501,35.423796946],[139.615374773,35.424061054],[139.615394968,35.424251081],[139.615453502,35.424398532],[139.6155538,35.424494306],[139.615713165,35.424613865],[139.61589686,35.424670414],[139.616113088,35.424674721],[139.616174228,35.424845694],[139.616248054,35.425],[139.616248275,35.425000414],[139.616290052,35.425087721],[139.616348833,35.425260946],[139.616437134,35.425349441],[139.616611777,35.425421775],[139.616666667,35.425415586],[139.616668249,35.425415387],[139.617079781,35.425368893],[139.617274333,35.425506802],[139.617393022,35.42556],[139.617606005,35.425624333],[139.617721855,35.425615134],[139.617706031,35.425664027],[139.617870636,35.425646774],[139.618144423,35.425563775],[139.618520779,35.425458],[139.619020856,35.425748505],[139.619120999,35.425823414],[139.619377639,35.425726252],[139.619400272,35.425573946],[139.61990192,35.425616838],[139.620035005,35.425592748],[139.620213606,35.425599721],[139.620500726,35.425608082],[139.620480467,35.425724586],[139.620276524,35.426061],[139.620268612,35.426180332],[139.620281479,35.426315469],[139.620324812,35.426521333],[139.620306329,35.426647081],[139.620842166,35.426653198],[139.621564942,35.426659306],[139.621789948,35.426671802],[139.622182724,35.426590694],[139.622489948,35.42660236],[139.622582438,35.426605973],[139.622777445,35.426624027],[139.622836058,35.426630413],[139.622999106,35.42664764],[139.623019106,35.426649865],[139.623117446,35.426658468],[139.623128003,35.426636531],[139.623233385,35.426426613],[139.623368521,35.42642136],[139.623539053,35.426431892],[139.623696694,35.426489748],[139.623979856,35.42661864],[139.624246886,35.426750171],[139.624625772,35.426984586],[139.624870195,35.427079306],[139.625,35.427141559],[139.625001634,35.427142333],[139.625083476,35.427181585],[139.625218612,35.427234198],[139.62535358,35.427281802],[139.62581061,35.427368332],[139.626079922,35.427452775],[139.626230804,35.427608198],[139.626528106,35.427710306],[139.626898585,35.42781236],[139.627083865,35.427875613],[139.627286551,35.427942225],[139.627753411,35.427638],[139.627783917,35.42741892],[139.627928029,35.427387919],[139.62820686,35.42731336],[139.628448053,35.427178],[139.628625914,35.427013225],[139.628703139,35.426926414],[139.628761051,35.426794892],[139.62889297,35.426576559]]},"properties":{"city_code":"14107","city_name":"磯子区","prefecture_code":"14","prefecture_name":"神奈川県"}},{"type":"Feature","geometry":{"type":"LineString","coordinates":[[139.634508003,35.322105279],[139.634460777,35.322058054],[139.634455447,35.32206064],[139.634438223,35.322081225],[139.63442886,35.322096505],[139.634441776,35.322117171],[139.634463774,35.322141198],[139.63449297,35.322159414],[139.63450345,35.322169001],[139.63466511,35.32227217],[139.634671025,35.322275775],[139.634508003,35.322105279]]},"properties":{"city_code":"14108","city_name":"金沢区","prefecture_code":"14","prefecture_name":"神奈川県"}},{"type":"Feature","geometry":{"type":"LineString","coordinates":[[139.635944113,35.323613613],[139.635801427,35.323438846],[139.635748664,35.323483946],[139.635707782,35.323592946],[139.635714423,35.323609414],[139.635726032,35.323628054],[139.635772672,35.323682694],[139.635796809,35.323692775],[139.635870337,35.323751026],[139.635879442,35.323765919],[139.635898003,35.323808613],[139.635911362,35.32383936],[139.635933086,35.323870667],[139.635960558,35.32389892],[139.636003944,35.323934387],[139.636250972,35.324114108],[139.636312776,35.324165414],[139.636383943,35.324234],[139.636537445,35.324393306],[139.636604943,35.324452748],[139.636647056,35.324481776],[139.636672943,35.324498469],[139.636694916,35.324518586],[139.636747224,35.324582387],[139.636766667,35.324598586],[139.636784475,35.324609],[139.636814695,35.324620198],[139.636836979,35.32462536],[139.636837977,35.324625396],[139.636738858,35.324481081],[139.636329144,35.324023055],[139.635944113,35.323613613]]},"properties":{"city_code":"14108","city_name":"金沢区","prefecture_code":"14","prefecture_name":"神奈川県"}},{"type":"Feature","geometry":{"type":"LineString","coordinates":[[139.637135551,35.325],[139.636893334,35.324701189],[139.636891167,35.324723666],[139.636894748,35.324750468],[139.636908223,35.324789748],[139.636936615,35.324843441],[139.636969948,35.324890359],[139.63700917,35.324934559],[139.637049468,35.324972333],[139.637084112,35.324999999],[139.637085136,35.325000802],[139.637085201,35.325000856],[139.637093282,35.325007306],[139.637185227,35.325072],[139.637231946,35.325110252],[139.637252685,35.325122378],[139.637168859,35.32504108],[139.637136226,35.325000802],[139.637135551,35.325]]},"properties":{"city_code":"14108","city_name":"金沢区","prefecture_code":"14","prefecture_name":"神奈川県"}},{"type":"Feature","geometry":{"type":"LineString","coordinates":[[139.637499416,35.32537164],[139.637443995,35.325309577],[139.637449249,35.325323946],[139.637480117,35.325382306],[139.637519857,35.32543736],[139.637563748,35.325484667],[139.637609468,35.325524441],[139.63763978,35.325550532],[139.637665084,35.325579775],[139.637695939,35.325617693],[139.637710972,35.325630749],[139.637735214,35.325644667],[139.637499416,35.32537164]]},"properties":{"city_code":"14108","city_name":"金沢区","prefecture_code":"14","prefecture_name":"神奈川県"}},{"type":"Feature","geometry":{"type":"LineString","coordinates":[[139.634301751,35.330393108],[139.634317419,35.330374387],[139.634336445,35.330377919],[139.635025525,35.329549919],[139.635013217,35.329536027],[139.635340558,35.329182027],[139.635416783,35.329099775],[139.635408886,35.329088505],[139.635490973,35.329078802],[139.635691218,35.329055136],[139.636248586,35.328551748],[139.636275188,35.328526774],[139.636302166,35.328554802],[139.636881673,35.328216387],[139.636895642,35.328203667],[139.637100001,35.328074027],[139.637153994,35.328031],[139.637279195,35.327977946],[139.637428832,35.327936279],[139.637593553,35.327875775],[139.637797665,35.327808468],[139.637902088,35.327765108],[139.637927692,35.327803028],[139.638049339,35.327986387],[139.638064229,35.327979225],[139.637676641,35.327401171],[139.637676667,35.327401135],[139.63768694,35.327381865],[139.637746718,35.327313198],[139.637798781,35.327261171],[139.638090584,35.327027532],[139.638100506,35.327019532],[139.638104669,35.327027559],[139.638202555,35.327217],[139.638297912,35.327393306],[139.638358832,35.327503027],[139.63845725,35.327692387],[139.638590751,35.327935613],[139.638681725,35.328112892],[139.638849948,35.328432559],[139.638998339,35.328711838],[139.639132775,35.328968414],[139.639192672,35.328947332],[139.639041025,35.328656387],[139.638829274,35.328249802],[139.638657302,35.327928414],[139.638499416,35.327630694],[139.638368003,35.327385838],[139.638242866,35.327151559],[139.638175383,35.327027667],[139.63816214,35.327003306],[139.638151504,35.326982748],[139.638159857,35.326987081],[139.638160896,35.326971226],[139.63815939,35.326960748],[139.637996108,35.326706838],[139.637983839,35.326691866],[139.637963191,35.326676775],[139.637936693,35.326668252],[139.637914163,35.326664613],[139.637847367,35.326668695],[139.637829883,35.326644251],[139.637809688,35.326611252],[139.637785058,35.326559694],[139.637762892,35.326512135],[139.63770917,35.326454306],[139.637671089,35.326424333],[139.637609494,35.32639636],[139.63756795,35.326383613],[139.637552865,35.326380748],[139.637547419,35.326375892],[139.637537056,35.326367559],[139.637524449,35.326362838],[139.637473646,35.32637017],[139.637419585,35.326317748],[139.63707031,35.325979415],[139.636679532,35.325600919],[139.636445577,35.325373721],[139.635999637,35.325000801],[139.635998664,35.324999999],[139.635915188,35.324930171],[139.63548061,35.324566721],[139.635428003,35.324529613],[139.635427977,35.32453536],[139.635351894,35.324522252],[139.635339248,35.324520081],[139.635289468,35.324501054],[139.635238275,35.324473586],[139.635186252,35.324431865],[139.635151582,35.324393306],[139.635122672,35.324341414],[139.635101141,35.324287668],[139.635096472,35.324255028],[139.635104747,35.324254774],[139.6350638,35.324216108],[139.634704553,35.323912306],[139.634577108,35.323806468],[139.634378223,35.323640892],[139.634265837,35.323546532],[139.63376742,35.323214054],[139.633756912,35.323182865],[139.63362594,35.323089333],[139.633576328,35.323093775],[139.633334112,35.323384387],[139.633333333,35.323385305],[139.633075161,35.32369508],[139.632974694,35.323803802],[139.632843554,35.323949081],[139.632754721,35.324109667],[139.632740195,35.324157505],[139.632738223,35.32416436],[139.632728495,35.324223748],[139.632732801,35.324305946],[139.632755576,35.324609919],[139.632676498,35.324614225],[139.632679755,35.324698504],[139.632681855,35.324784333],[139.632694916,35.324904054],[139.632692943,35.324905586],[139.632698418,35.324954803],[139.632709339,35.324957919],[139.632714747,35.324981838],[139.632716161,35.325],[139.632716226,35.325000802],[139.632717523,35.325017747],[139.632709415,35.325037946],[139.632701479,35.325050748],[139.632698106,35.32506444],[139.632704163,35.325209837],[139.632698222,35.325245973],[139.632695006,35.325312505],[139.632690726,35.325349613],[139.632675694,35.325412361],[139.632662437,35.32545317],[139.632644773,35.325478722],[139.632616666,35.325541505],[139.632587717,35.325597333],[139.632543528,35.325659748],[139.632529417,35.325680667],[139.632520363,35.325694108],[139.632485032,35.325743252],[139.632441389,35.325795774],[139.632411284,35.325835414],[139.632378418,35.325865721],[139.632329999,35.325920838],[139.632319689,35.325929613],[139.632224475,35.326037468],[139.63220786,35.326065171],[139.632255863,35.326091865],[139.632284189,35.326107505],[139.632289806,35.326110667],[139.632275032,35.326125585],[139.632168912,35.326242865],[139.632131441,35.326276613],[139.632120636,35.326285973],[139.632115032,35.326289387],[139.632104449,35.326293332],[139.632094668,35.326295027],[139.632084864,35.326294306],[139.632076641,35.326293107],[139.632063217,35.326290198],[139.632047716,35.326284667],[139.632035641,35.326278973],[139.632023994,35.326271919],[139.632005447,35.326259559],[139.631984916,35.326244279],[139.631970415,35.326233081],[139.631948029,35.326212225],[139.631820921,35.326465387],[139.631070415,35.326953533],[139.630981829,35.327015946],[139.630849831,35.327108918],[139.630727056,35.327201919],[139.630595357,35.327309973],[139.630499105,35.327394891],[139.630399222,35.32749036],[139.630288054,35.327604225],[139.630167951,35.327739054],[139.630047328,35.327887748],[139.629942607,35.328031802],[139.629837471,35.328191082],[139.629754968,35.328335918],[139.629681388,35.32847136],[139.629621219,35.328605919],[139.629568003,35.328725361],[139.629542387,35.328801865],[139.629799248,35.328929803],[139.629757639,35.328990865],[139.629765473,35.329026027],[139.63037358,35.329350918],[139.630427498,35.329297027],[139.630478807,35.329324054],[139.63045939,35.329344946],[139.6305107,35.329372775],[139.630494526,35.329394865],[139.630722581,35.329515468],[139.630923192,35.329625225],[139.630901335,35.329654198],[139.630931699,35.329676468],[139.631024812,35.329690198],[139.631062478,35.329696586],[139.631128249,35.329717559],[139.631159728,35.329718441],[139.631182023,35.329720613],[139.631307588,35.329783198],[139.631370856,35.329814838],[139.631378911,35.329805748],[139.631441777,35.329835775],[139.631550389,35.329951],[139.631604112,35.329979386],[139.631593281,35.329993252],[139.631702166,35.330048505],[139.631711855,35.330036171],[139.631850726,35.330109333],[139.631974086,35.330174441],[139.632067886,35.330223891],[139.632110856,35.330246505],[139.632195006,35.330291],[139.63236428,35.330382135],[139.632526862,35.330469667],[139.632602335,35.330510279],[139.63258856,35.330525838],[139.632957107,35.330721694],[139.633049052,35.330723306],[139.633333332,35.330827666],[139.633334137,35.330827973],[139.633687588,35.330957721],[139.633699663,35.33096],[139.633711895,35.330956866],[139.633721361,35.330948775],[139.63402594,35.330681919],[139.634176977,35.330542252],[139.634301751,35.330393108]]},"properties":{"city_code":"14108","city_name":"金沢区","prefecture_code":"14","prefecture_name":"神奈川県"}},{"type":"Feature","geometry":{"type":"LineString","coordinates":[[139.648806589,35.335393387],[139.648807639,35.334687198],[139.647191414,35.333842613],[139.646325331,35.333836586],[139.646309468,35.333857027],[139.646354384,35.33388144],[139.646048223,35.334333306],[139.646056329,35.334353775],[139.646066719,35.334380333],[139.64618603,35.334683612],[139.64623852,35.334816946],[139.646264112,35.334882253],[139.646334229,35.335060387],[139.646806355,35.335062721],[139.646997081,35.335063667],[139.64699594,35.335127748],[139.647278224,35.335129533],[139.647278911,35.335065081],[139.647307197,35.335065307],[139.647328638,35.335065414],[139.64732808,35.335305054],[139.648095551,35.335306081],[139.648095863,35.335385532],[139.648104449,35.335385531],[139.648733113,35.335385333],[139.648732088,35.335639973],[139.64873131,35.335836748],[139.648803256,35.335836612],[139.648806589,35.335393387]]},"properties":{"city_code":"14108","city_name":"金沢区","prefecture_code":"14","prefecture_name":"神奈川県"}},{"type":"Feature","geometry":{"type":"LineString","coordinates":[[139.645792866,35.338693505],[139.646033774,35.338501973],[139.646195616,35.338502108],[139.646280196,35.338502252],[139.646876693,35.338503171],[139.646901219,35.338503225],[139.647571167,35.338504252],[139.647571996,35.338525973],[139.647582724,35.338557279],[139.647602335,35.338585694],[139.647629559,35.33860936],[139.647663087,35.338626974],[139.64770066,35.338637586],[139.647740272,35.338640532],[139.647779559,35.338635559],[139.647816226,35.338623054],[139.647848274,35.338603748],[139.647873645,35.33857864],[139.647890973,35.33854936],[139.6478993,35.338517468],[139.647899,35.338508],[139.648547497,35.338165388],[139.648900778,35.337710532],[139.648615084,35.337575532],[139.648615772,35.337349973],[139.648617134,35.336900892],[139.648642555,35.336897973],[139.649688756,35.336740199],[139.649690078,35.335417892],[139.649635526,35.335417441],[139.649582049,35.335417279],[139.64957725,35.33632436],[139.649528079,35.33632564],[139.649528275,35.336330505],[139.649528365,35.336339171],[139.649528145,35.336347919],[139.649527665,35.336356559],[139.649527004,35.336365225],[139.649525967,35.336373946],[139.649524747,35.336382613],[139.649523307,35.336391252],[139.64952153,35.336399722],[139.649519534,35.336408388],[139.649517198,35.336416748],[139.649514747,35.336425333],[139.649511997,35.336433694],[139.649508886,35.336442081],[139.649505693,35.336450278],[139.649502139,35.336458559],[139.649498393,35.336466667],[139.649494305,35.336474694],[139.649490117,35.336482694],[139.649485577,35.33649064],[139.649480947,35.336498467],[139.649475965,35.336506108],[139.649470778,35.336513775],[139.649465357,35.336521252],[139.649459753,35.33652864],[139.64945389,35.336535748],[139.649447834,35.336543028],[139.649441556,35.336549973],[139.649435033,35.336556893],[139.649428301,35.336563748],[139.649421804,35.336569865],[139.649414306,35.336576775],[139.649407031,35.336583082],[139.649399636,35.336589198],[139.649391946,35.336595333],[139.649384111,35.336601253],[139.649376161,35.336607027],[139.649367913,35.336612505],[139.649359662,35.336617802],[139.649351166,35.336623198],[139.649342477,35.336628252],[139.649333672,35.336633081],[139.649324747,35.336637666],[139.649315694,35.336642361],[139.649306446,35.336646667],[139.649297082,35.336650802],[139.649287639,35.336654667],[139.649278054,35.336658532],[139.649268367,35.336662027],[139.64925856,35.336665414],[139.649248637,35.336668668],[139.649238755,35.336671614],[139.649228612,35.336674387],[139.649218495,35.336677],[139.64920825,35.336679333],[139.649198029,35.336681559],[139.649187665,35.336683441],[139.649177225,35.336685135],[139.649166784,35.336686667],[139.649156305,35.336688],[139.649152801,35.33668844],[139.649161505,35.336728198],[139.648660245,35.336804252],[139.648426913,35.336807504],[139.648341388,35.336734333],[139.648348339,35.336727865],[139.648349663,35.336727135],[139.648366978,35.336710135],[139.648378664,35.336690135],[139.648383892,35.336668414],[139.648382412,35.336646251],[139.648374189,35.336625225],[139.64835983,35.336606441],[139.648340272,35.336591108],[139.648316667,35.336580333],[139.64829061,35.336574614],[139.648263528,35.336574504],[139.648237328,35.336579947],[139.648213554,35.336590441],[139.648194617,35.336604748],[139.648187108,35.336609803],[139.648038341,35.33648472],[139.648011114,35.336507667],[139.648011089,35.336507694],[139.647982049,35.33647336],[139.647958663,35.336452333],[139.647930856,35.33643264],[139.647904086,35.336415641],[139.64786747,35.336395946],[139.647825057,35.336375865],[139.647790117,35.336361559],[139.647746135,35.336347081],[139.647698106,35.336334388],[139.647650052,35.336325387],[139.647604189,35.336322803],[139.647547302,35.336321613],[139.647498146,35.336321641],[139.647443995,35.336329505],[139.64739834,35.336338532],[139.647353865,35.336350892],[139.647312918,35.336365694],[139.647278107,35.336379531],[139.647243412,35.336398776],[139.647211245,35.33641836],[139.647181829,35.336439865],[139.647154163,35.336466775],[139.647127108,35.336508387],[139.646890895,35.336620054],[139.646869831,35.336588838],[139.646641557,35.336697918],[139.646218223,35.336698532],[139.645935084,35.336462108],[139.645936914,35.335999306],[139.645894772,35.335998532],[139.645895551,35.335755054],[139.64593022,35.335737054],[139.645937276,35.335747],[139.645922632,35.33575456],[139.645923385,35.335849467],[139.64602131,35.335896333],[139.646123607,35.335847],[139.646122827,35.335754586],[139.646020533,35.335704505],[139.645959831,35.335735468],[139.645952672,35.335725279],[139.646114086,35.335641279],[139.64611642,35.335103026],[139.646050584,35.334936802],[139.646024773,35.334871586],[139.645972724,35.334740252],[139.645862607,35.334462225],[139.645842555,35.334411866],[139.645813917,35.334339415],[139.644828586,35.334335279],[139.64477358,35.334335],[139.644673281,35.334334586],[139.643344112,35.334331333],[139.643104721,35.334521892],[139.643093192,35.334511586],[139.643058833,35.334493333],[139.643020026,35.334482613],[139.642979105,35.334480108],[139.642938834,35.334486198],[139.642901505,35.334500108],[139.642869663,35.334521225],[139.642845279,35.334548135],[139.642829805,35.334579414],[139.642824228,35.334612559],[139.642828885,35.334646028],[139.64284367,35.334677225],[139.642867367,35.334704666],[139.642872634,35.334708279],[139.64225489,35.335201197],[139.642162529,35.335279838],[139.642154189,35.335272171],[139.642126718,35.335255613],[139.642095719,35.335244135],[139.642062529,35.335238226],[139.642028418,35.335238172],[139.641995188,35.335243892],[139.641964034,35.335255081],[139.641936394,35.335271441],[139.641913554,35.335292054],[139.641896446,35.335316198],[139.64188572,35.335342586],[139.641882023,35.33537036],[139.641885472,35.335398027],[139.641895862,35.335424641],[139.64191275,35.335448837],[139.641929443,35.335464081],[139.641707808,35.335643198],[139.641677717,35.33566164],[139.641684812,35.335874838],[139.641685941,35.335908559],[139.641687665,35.33596264],[139.641689221,35.336008054],[139.641696913,35.336240027],[139.641942113,35.336590694],[139.64181808,35.336649802],[139.641816304,35.336935748],[139.641817198,35.336940442],[139.641820584,35.336945839],[139.641824307,35.336950171],[139.641829922,35.336954054],[139.641837056,35.336957506],[139.641844423,35.336959865],[139.641864228,35.336960892],[139.642129779,35.336959415],[139.642137393,35.33695708],[139.642146978,35.336951946],[139.642227108,35.336899667],[139.642256278,35.336932028],[139.642281193,35.336953559],[139.642320558,35.336997468],[139.642347756,35.337026027],[139.64236834,35.337059505],[139.642383645,35.337090081],[139.642394721,35.337121225],[139.642404254,35.337153278],[139.642409416,35.337202839],[139.642410169,35.337238749],[139.642408106,35.337268053],[139.642403606,35.337307721],[139.642398949,35.337340333],[139.642398249,35.337345226],[139.642391634,35.337377693],[139.642383112,35.337415198],[139.642380246,35.337427748],[139.642364942,35.337427532],[139.64236467,35.337412279],[139.642341025,35.337412081],[139.642271284,35.337413414],[139.642265007,35.337414838],[139.642255863,35.337418694],[139.642250922,35.337421837],[139.642246615,35.337426332],[139.642072919,35.337667279],[139.642060584,35.337684306],[139.64197511,35.337803252],[139.642205358,35.338125892],[139.642272944,35.338158974],[139.6421917,35.338275108],[139.642368171,35.338356891],[139.642503671,35.338416945],[139.642679494,35.338499332],[139.642760168,35.338387],[139.64300489,35.338502108],[139.6434807,35.338500694],[139.64370642,35.338688],[139.644434916,35.338689946],[139.644753358,35.338690802],[139.645792866,35.338693505]]},"properties":{"city_code":"14108","city_name":"金沢区","prefecture_code":"14","prefecture_name":"神奈川県"}},{"type":"Feature","geometry":{"type":"LineString","coordinates":[[139.652598885,35.37900008],[139.652190195,35.37866136],[139.652202775,35.378650107],[139.651853411,35.378360506],[139.651437913,35.378017973],[139.651317082,35.377917721],[139.651002776,35.377657027],[139.650563359,35.377294613],[139.650170584,35.376967532],[139.650001193,35.376827441],[139.65,35.376826441],[139.649762477,35.376630054],[139.649375472,35.376309559],[139.648475863,35.375566946],[139.648522387,35.375529135],[139.648399026,35.375427109],[139.648277418,35.375527612],[139.648399026,35.375628197],[139.64844367,35.375594108],[139.648713139,35.37581692],[139.649027108,35.376076279],[139.649396978,35.376378892],[139.649385525,35.376389694],[139.649432309,35.37642728],[139.649444332,35.37641936],[139.649629882,35.376570252],[139.649617756,35.376582414],[139.649665746,35.376619973],[139.649677224,35.376612081],[139.649860468,35.376761973],[139.649847782,35.376773694],[139.649896887,35.376813136],[139.649908911,35.376804333],[139.65,35.376879251],[139.650001194,35.376880252],[139.650092802,35.376955613],[139.650080143,35.376964946],[139.650129221,35.377004414],[139.650142995,35.37699517],[139.650323943,35.377147865],[139.650313023,35.377157225],[139.65036214,35.377198135],[139.650374695,35.377189225],[139.65055742,35.377340135],[139.650545383,35.377349946],[139.650594501,35.377389387],[139.650606524,35.377380945],[139.650789754,35.377532306],[139.650777083,35.377542641],[139.65082795,35.377582559],[139.650838858,35.377572306],[139.651020895,35.377724108],[139.651009416,35.377734802],[139.651058003,35.377773838],[139.651066588,35.377766802],[139.651253256,35.377917279],[139.651252918,35.377917641],[139.651242334,35.377927532],[139.651288586,35.377966081],[139.651300584,35.377957198],[139.651485694,35.37810936],[139.651474773,35.378119802],[139.651523256,35.378158802],[139.651534811,35.378149802],[139.651718612,35.378300721],[139.651706472,35.378310532],[139.651755578,35.378349081],[139.65176594,35.378341532],[139.651917781,35.378463803],[139.651965473,35.37850364],[139.651950804,35.378515505],[139.651955966,35.378519225],[139.651943943,35.378529469],[139.651993606,35.378568468],[139.652005084,35.378559135],[139.65215978,35.378685559],[139.652171219,35.378675838],[139.652411608,35.378874505],[139.6528962,35.379275919],[139.652915162,35.379260973],[139.652598885,35.37900008]]},"properties":{"city_code":"14108","city_name":"金沢区","prefecture_code":"14","prefecture_name":"神奈川県"}},{"type":"Feature","geometry":{"type":"LineString","coordinates":[[139.653818859,35.379990387],[139.653381608,35.379631333],[139.653343671,35.379662225],[139.653763217,35.380011333],[139.654002309,35.380205387],[139.654009339,35.380211],[139.654039105,35.380233919],[139.654068664,35.380256694],[139.65410428,35.380226279],[139.654059144,35.380189532],[139.654002438,35.38014264],[139.653818859,35.379990387]]},"properties":{"city_code":"14108","city_name":"金沢区","prefecture_code":"14","prefecture_name":"神奈川県"}},{"type":"Feature","geometry":{"type":"LineString","coordinates":[[139.654990661,35.380222081],[139.654983061,35.380172865],[139.65448655,35.380224414],[139.654485668,35.380224586],[139.654493281,35.380273802],[139.654990661,35.380222081]]},"properties":{"city_code":"14108","city_name":"金沢区","prefecture_code":"14","prefecture_name":"神奈川県"}},{"type":"Feature","geometry":{"type":"LineString","coordinates":[[139.648423839,35.381349919],[139.648289805,35.381207251],[139.648072918,35.381235108],[139.647992529,35.381403919],[139.648130052,35.381542775],[139.648341699,35.381514667],[139.648423839,35.381349919]]},"properties":{"city_code":"14108","city_name":"金沢区","prefecture_code":"14","prefecture_name":"神奈川県"}},{"type":"Feature","geometry":{"type":"LineString","coordinates":[[139.656380364,35.380060973],[139.656688223,35.379805694],[139.656609338,35.379741946],[139.656490246,35.379840559],[139.656525422,35.379868919],[139.65633786,35.380024505],[139.655827445,35.379586279],[139.655236355,35.379452838],[139.655234475,35.379458225],[139.654004553,35.379180586],[139.653982438,35.379175667],[139.653384669,35.378683774],[139.653366809,35.378698279],[139.653969299,35.379193945],[139.653968055,35.379203333],[139.654004475,35.379211667],[139.655224721,35.379487253],[139.655222607,35.379493641],[139.655799831,35.379624027],[139.656481089,35.380208775],[139.657228172,35.380830505],[139.657600752,35.381140505],[139.658333333,35.381753],[139.658334617,35.381754054],[139.658398301,35.381807306],[139.658413307,35.38179444],[139.658334617,35.381728199],[139.658333333,35.381727136],[139.657636497,35.381140532],[139.657228249,35.380801641],[139.656499274,35.380196532],[139.656519663,35.380180531],[139.656380364,35.380060973]]},"properties":{"city_code":"14108","city_name":"金沢区","prefecture_code":"14","prefecture_name":"神奈川県"}},{"type":"Feature","geometry":{"type":"LineString","coordinates":[[139.654439637,35.384878865],[139.654517393,35.384820279],[139.654569883,35.384868586],[139.654556447,35.384879027],[139.655056939,35.38529244],[139.655110221,35.385333973],[139.65515856,35.385375054],[139.655242166,35.385446135],[139.657221634,35.383850721],[139.657862892,35.383333865],[139.657863554,35.383333332],[139.65832725,35.382959586],[139.658313607,35.382946506],[139.657834228,35.383333332],[139.657833555,35.383333865],[139.657221699,35.383827558],[139.65525061,35.385417919],[139.655231894,35.385415918],[139.655168392,35.385363197],[139.655132361,35.385333279],[139.655149663,35.385318891],[139.654573359,35.384836413],[139.654502827,35.384784306],[139.654408884,35.384853225],[139.65399153,35.385185108],[139.65381489,35.385328558],[139.652651336,35.386268694],[139.652686589,35.386297946],[139.653850144,35.385357802],[139.653991414,35.38524308],[139.654439637,35.384878865]]},"properties":{"city_code":"14108","city_name":"金沢区","prefecture_code":"14","prefecture_name":"神奈川県"}},{"type":"Feature","geometry":{"type":"LineString","coordinates":[[139.649088419,35.388948892],[139.64947834,35.388800748],[139.649859831,35.388655946],[139.649951193,35.388621225],[139.65,35.388602694],[139.650271946,35.388499468],[139.650457419,35.388429027],[139.650709584,35.388626225],[139.650749559,35.388596972],[139.650789442,35.388582198],[139.65080192,35.388591027],[139.651028755,35.388507721],[139.651028716,35.388472667],[139.65094808,35.388502279],[139.650933384,35.388475468],[139.650916668,35.388481613],[139.650812361,35.388295279],[139.6514507,35.388055306],[139.65147,35.388089505],[139.651536109,35.388064802],[139.651516809,35.388031973],[139.651677977,35.387970559],[139.651978911,35.387855919],[139.652329921,35.387722225],[139.652712243,35.387576559],[139.652734501,35.387622838],[139.652881776,35.387567441],[139.652856252,35.387523586],[139.653205577,35.38738728],[139.653232944,35.387261838],[139.65297345,35.387044748],[139.651968444,35.386211613],[139.651419533,35.385754135],[139.650247562,35.384784252],[139.650218002,35.384759748],[139.650351634,35.384652694],[139.652517834,35.386447532],[139.652694279,35.386305441],[139.652685837,35.386299027],[139.652515551,35.386434532],[139.652326135,35.386277505],[139.650349364,35.38463917],[139.650209338,35.384752532],[139.650001284,35.384579748],[139.65,35.384578694],[139.649422477,35.384099081],[139.65,35.383632279],[139.650001284,35.383631252],[139.650369196,35.383333865],[139.650369857,35.383333332],[139.651021388,35.382806721],[139.651069145,35.382768108],[139.650001246,35.381881505],[139.65,35.381880468],[139.649855331,35.38176036],[139.649424838,35.381402865],[139.649312218,35.381402505],[139.648626253,35.381957721],[139.648570855,35.381961613],[139.648520661,35.38196064],[139.648459026,35.381957279],[139.648387081,35.381949108],[139.648313696,35.381932721],[139.648240855,35.381916225],[139.648152438,35.381889667],[139.648061608,35.38185356],[139.64796703,35.381813946],[139.647960778,35.381808414],[139.64790384,35.381773441],[139.647811751,35.381710225],[139.647742971,35.381656387],[139.647686525,35.381597802],[139.647641194,35.38154256],[139.647630662,35.381527027],[139.647610584,35.381497361],[139.647571387,35.381442386],[139.647536861,35.381375919],[139.647507082,35.381308694],[139.647487523,35.381244586],[139.647476614,35.381199946],[139.647480584,35.381199505],[139.647477562,35.381180468],[139.647474228,35.381144225],[139.647472724,35.381125387],[139.647469106,35.381125387],[139.647466304,35.381098892],[139.647465059,35.381064441],[139.64746489,35.381035775],[139.647474112,35.381008109],[139.64753,35.380963055],[139.647567614,35.380932721],[139.647916836,35.380651414],[139.647927808,35.380660532],[139.648017912,35.380588027],[139.648006913,35.380578892],[139.648403113,35.380259504],[139.648402023,35.380157838],[139.647900973,35.37974656],[139.647893087,35.379680999],[139.647097833,35.379021667],[139.646495811,35.378521441],[139.64648336,35.378512747],[139.646471284,35.378504468],[139.646418754,35.378479413],[139.646320973,35.378398586],[139.646230999,35.378324081],[139.64614236,35.378250749],[139.646053721,35.378177307],[139.646006499,35.378132171],[139.645987224,35.378133054],[139.645936265,35.378090542],[139.645912996,35.378109506],[139.645893217,35.378093333],[139.644033917,35.379604172],[139.643252996,35.378956198],[139.643293451,35.378924613],[139.643641699,35.378646802],[139.643649637,35.378640585],[139.643649831,35.378640306],[139.644454617,35.377989054],[139.644554502,35.37790736],[139.644968807,35.377568802],[139.645504813,35.377136865],[139.646831672,35.376056946],[139.647413528,35.375594614],[139.647978171,35.375134136],[139.648144254,35.375000559],[139.648144969,35.374999999],[139.648207716,35.374949505],[139.648404188,35.374790171],[139.64847572,35.374849415],[139.649065162,35.374373919],[139.649472024,35.374045253],[139.649999999,35.373618559],[139.650001167,35.373617586],[139.65013192,35.37351192],[139.650475057,35.373235613],[139.650401997,35.373175386],[139.650520752,35.373077667],[139.651135383,35.373081387],[139.651615032,35.373084803],[139.652187589,35.373557027],[139.652543087,35.373851838],[139.652519274,35.373869279],[139.653684188,35.374826532],[139.653829299,35.374708109],[139.653565863,35.374489306],[139.653595422,35.374465198],[139.653901246,35.374718946],[139.653738717,35.374854838],[139.65389153,35.374981082],[139.653881284,35.374988802],[139.653894811,35.375],[139.653895499,35.375000559],[139.654013334,35.375097802],[139.654814864,35.37575864],[139.654973192,35.375630694],[139.655361025,35.375952531],[139.655842191,35.376353469],[139.656305162,35.376736532],[139.656801193,35.377146775],[139.657235357,35.37750536],[139.657743061,35.377927253],[139.657804253,35.377978171],[139.658095422,35.378217721],[139.65814847,35.378424586],[139.658133061,35.378428802],[139.658168755,35.37856056],[139.658273021,35.378543946],[139.65817795,35.378179441],[139.657873696,35.377927414],[139.657235616,35.377398721],[139.657219442,35.377385361],[139.656751894,35.376998054],[139.656233554,35.376569946],[139.655884838,35.376279973],[139.65530083,35.375797864],[139.654534747,35.375162946],[139.654338911,35.375000559],[139.654338249,35.375],[139.654058079,35.374767694],[139.654157029,35.374768838],[139.654458367,35.374524721],[139.654776161,35.374266973],[139.655072918,35.374026333],[139.655519857,35.373665],[139.655941025,35.373324802],[139.656343217,35.372996999],[139.656505136,35.372684721],[139.656503891,35.372297387],[139.656504812,35.372018865],[139.656507588,35.371151865],[139.656504747,35.370632919],[139.656506809,35.369942414],[139.656509052,35.369116721],[139.656511245,35.368395505],[139.656512283,35.367618027],[139.656512362,35.36759164],[139.656513451,35.367236667],[139.656513606,35.366667279],[139.656513606,35.366666667],[139.656513645,35.366539972],[139.656372607,35.366421225],[139.65596445,35.366423334],[139.655542411,35.366419748],[139.655000441,35.366416775],[139.654300531,35.366420532],[139.654032114,35.366421109],[139.653544915,35.366422198],[139.652375472,35.366419559],[139.65134214,35.36641736],[139.650936057,35.366416505],[139.650963554,35.366035865],[139.650963411,35.365799775],[139.650963385,35.365716028],[139.650963088,35.365018694],[139.650965473,35.364396],[139.650968391,35.36362736],[139.650971051,35.362494559],[139.65097153,35.362279306],[139.650971751,35.36218592],[139.65097345,35.36147064],[139.650973646,35.361393945],[139.650975577,35.360312721],[139.650977977,35.359838108],[139.651425473,35.359119639],[139.651916329,35.358333973],[139.651916719,35.358333333],[139.652209857,35.357864251],[139.652214163,35.357857306],[139.652270467,35.357772306],[139.652527886,35.357359919],[139.652773476,35.356967359],[139.652965616,35.356659721],[139.653078807,35.356478613],[139.653383476,35.355990586],[139.653689857,35.355499945],[139.653988781,35.355022838],[139.654056913,35.354913865],[139.654184553,35.354709802],[139.654496498,35.354211414],[139.654569585,35.354094441],[139.65467581,35.353924505],[139.654835253,35.35366908],[139.655670389,35.353670333],[139.656705525,35.353672197],[139.656927419,35.353493946],[139.656927717,35.353092198],[139.656929857,35.352618414],[139.656930778,35.352201505],[139.656933359,35.351016414],[139.656933748,35.35088364],[139.656936394,35.350000667],[139.656936394,35.349999999],[139.656936835,35.349853135],[139.656938171,35.349245306],[139.656939533,35.348619026],[139.656940117,35.347392559],[139.656943645,35.346003919],[139.656946355,35.345408198],[139.656949248,35.344079506],[139.656950337,35.343324585],[139.656951699,35.342699441],[139.656953333,35.341934865],[139.656762776,35.341737533],[139.656386226,35.341667387],[139.656382387,35.341666666],[139.654885084,35.341387721],[139.654086719,35.341238171],[139.65393572,35.341209919],[139.653636278,35.341153865],[139.651918054,35.34083472],[139.650478885,35.340567332],[139.650330894,35.34053936],[139.650000921,35.340476946],[139.649999999,35.340476775],[139.649993087,35.340475467],[139.646276524,35.339772613],[139.646191971,35.33975664],[139.645789494,35.339680468],[139.644986303,35.339679585],[139.644813087,35.339678775],[139.6445193,35.339677505],[139.643710947,35.339673802],[139.642323476,35.339397027],[139.642301388,35.339106306],[139.642087782,35.339005361],[139.641954358,35.338942306],[139.641740078,35.338841199],[139.641667561,35.338917108],[139.641666667,35.338918055],[139.641509054,35.339082946],[139.641613528,35.339141081],[139.641395863,35.339363387],[139.641301803,35.339305721],[139.641143721,35.339305028],[139.640762361,35.339620198],[139.640762477,35.339666306],[139.640810194,35.339666252],[139.640810311,35.339715802],[139.640762439,35.339715974],[139.640762751,35.339914135],[139.640749585,35.339897081],[139.640747302,35.339894108],[139.640743216,35.339888865],[139.640593217,35.339959667],[139.640544553,35.339980946],[139.640534423,35.339983279],[139.640528275,35.339984171],[139.640517691,35.339984775],[139.64051144,35.339984865],[139.640501089,35.339984946],[139.640490636,35.339986279],[139.640481725,35.339989585],[139.640475667,35.33999292],[139.640469689,35.339998667],[139.64046572,35.340004613],[139.640462192,35.340010838],[139.640458444,35.340016973],[139.640452698,35.340024333],[139.640447197,35.340029559],[139.640441141,35.340034613],[139.640431336,35.34003964],[139.640387717,35.340060306],[139.640372945,35.340065865],[139.640357563,35.340071171],[139.640350389,35.340072864],[139.640343774,35.340074279],[139.640331997,35.340076252],[139.640316499,35.340077586],[139.64030572,35.34007836],[139.640293281,35.340079973],[139.640282581,35.340082839],[139.640272581,35.340086252],[139.640263671,35.340091198],[139.640253191,35.340097387],[139.640244916,35.340104504],[139.640236744,35.340113135],[139.640229922,35.340122135],[139.640223747,35.340130802],[139.640215577,35.340139333],[139.640206523,35.340146803],[139.640199053,35.340151136],[139.64018869,35.340156252],[139.640173943,35.340162721],[139.640154669,35.340170001],[139.640132633,35.34017817],[139.640110311,35.340185252],[139.640095773,35.340190253],[139.64009939,35.340188387],[139.64010083,35.340186028],[139.640101387,35.340183135],[139.640101284,35.340180641],[139.640100196,35.340178108],[139.640098223,35.340175388],[139.640094475,35.340173946],[139.640088976,35.340173865],[139.640080947,35.340173468],[139.640072697,35.340174441],[139.640061699,35.340177306],[139.640052114,35.340181802],[139.640043722,35.340186946],[139.640035136,35.340194053],[139.640027977,35.340202135],[139.640022218,35.340211253],[139.640012503,35.340230414],[139.640011608,35.340232134],[139.640011725,35.340234838],[139.640012362,35.340237722],[139.640013256,35.34023936],[139.640014229,35.340240441],[139.640015446,35.340240892],[139.640016978,35.340241054],[139.64001834,35.340240721],[139.639936783,35.340339279],[139.63992297,35.340359721],[139.639915357,35.340371694],[139.639902503,35.340414587],[139.639893969,35.34043036],[139.639888469,35.340436559],[139.639872114,35.340435306],[139.639856861,35.340430919],[139.639834864,35.34042472],[139.639793606,35.340415441],[139.639781673,35.340415081],[139.639759805,35.340415613],[139.639739079,35.34042264],[139.639724668,35.340426505],[139.639698444,35.340444613],[139.639681283,35.340455054],[139.63966214,35.340459135],[139.639638975,35.340459333],[139.639599689,35.340457722],[139.639561415,35.34045836],[139.639509754,35.340469919],[139.639465811,35.340495279],[139.639439754,35.340536892],[139.639415616,35.340540199],[139.639371245,35.340550468],[139.639093411,35.340614505],[139.639045422,35.34063136],[139.639016887,35.340642387],[139.638767639,35.340586278],[139.638689079,35.340568251],[139.638559558,35.340529225],[139.638395331,35.340461666],[139.638231115,35.340391505],[139.638107951,35.340336946],[139.638019533,35.340297973],[139.637849001,35.340214892],[139.637716394,35.340142198],[139.637611219,35.340083668],[139.637532282,35.340047306],[139.637491218,35.340021333],[139.637396524,35.339966838],[139.637235499,35.339875973],[139.637166031,35.339844802],[139.637058754,35.339766972],[139.637017717,35.339735838],[139.636935642,35.33968136],[139.636891479,35.339650224],[139.636847277,35.339606135],[139.636818859,35.339590559],[139.636774669,35.339569775],[139.636676783,35.33952564],[139.636660999,35.339510081],[139.636645252,35.339486748],[139.636626329,35.339466001],[139.636610558,35.33945564],[139.636481089,35.339388109],[139.636440052,35.339362171],[139.636321996,35.33928536],[139.636303087,35.339267225],[139.636135914,35.339103892],[139.63570428,35.338654586],[139.635655058,35.338628892],[139.635618664,35.338613802],[139.635438885,35.338440081],[139.635318392,35.338298613],[139.635241725,35.338170586],[139.635127082,35.337985586],[139.635096835,35.337949307],[139.635067859,35.337914081],[139.635023748,35.337863306],[139.635006109,35.337836359],[139.634994772,35.337813586],[139.634992308,35.337799081],[139.634989804,35.337785639],[139.634971856,35.337764468],[139.634954189,35.337752027],[139.634928949,35.337731279],[139.634889883,35.337687749],[139.634845773,35.337629721],[139.634796667,35.337558252],[139.634712335,35.337420468],[139.634652996,35.337327838],[139.634650052,35.337320802],[139.634644475,35.337310973],[139.63463878,35.337302387],[139.634633502,35.337294919],[139.634627471,35.337285972],[139.634621996,35.337276505],[139.634615525,35.337266946],[139.634610389,35.337260803],[139.634605006,35.337254748],[139.634596135,35.337245891],[139.634582165,35.337239],[139.634533308,35.33718964],[139.634470052,35.337117919],[139.634353411,35.336946666],[139.634309689,35.336876279],[139.634278807,35.336819586],[139.634226005,35.336685134],[139.63420144,35.336612171],[139.634166161,35.336540028],[139.634147198,35.336519108],[139.634130661,35.336503081],[139.634054189,35.336434252],[139.634037665,35.336412892],[139.633970585,35.336305558],[139.633853839,35.336097973],[139.633804163,35.335986198],[139.633803062,35.335966081],[139.633878586,35.335916198],[139.633917807,35.335888586],[139.634531505,35.335454306],[139.634511415,35.335435081],[139.634834747,35.335508001],[139.635326031,35.335154441],[139.635527471,35.335009559],[139.635584943,35.334855587],[139.635375135,35.334140532],[139.635809858,35.334055413],[139.636939248,35.334418802],[139.637109533,35.334385279],[139.637092283,35.334325946],[139.636946329,35.334353838],[139.635816835,35.333990892],[139.635328638,35.334086532],[139.63513725,35.334124],[139.635084917,35.333932],[139.635307004,35.333887387],[139.635144722,35.333334108],[139.635144501,35.333333333],[139.634950053,35.332670441],[139.635332282,35.332595802],[139.635378911,35.332586667],[139.637420947,35.333244892],[139.637446939,35.333333333],[139.637447173,35.333334108],[139.637703671,35.334206946],[139.637411673,35.33426408],[139.637429559,35.334322172],[139.637792892,35.334251279],[139.637522244,35.333334108],[139.637522036,35.333333333],[139.6374938,35.33323346],[139.637462205,35.333120018],[139.635332802,35.332373225],[139.635047717,35.332220973],[139.635007445,35.332270306],[139.635323722,35.332439748],[139.634709442,35.332546802],[139.634670559,35.332525748],[139.63495061,35.332169693],[139.634542502,35.331951973],[139.634527251,35.331932387],[139.634538444,35.331897414],[139.634499883,35.331877],[139.634451673,35.331944053],[139.634474228,35.331977441],[139.634501115,35.332001748],[139.634870661,35.332200306],[139.634831529,35.332249559],[139.634731245,35.332375613],[139.63463061,35.332502171],[139.634629468,35.332503612],[139.633619027,35.33196317],[139.633620142,35.331961721],[139.633699144,35.331861171],[139.633699559,35.331860613],[139.633856589,35.331660748],[139.634229222,35.331857441],[139.634268911,35.331868414],[139.634312802,35.331869279],[139.63435153,35.331818694],[139.634316589,35.331800414],[139.634292283,35.331809027],[139.634267419,35.331805586],[139.633855668,35.331587919],[139.633483554,35.331585135],[139.633334137,35.331506081],[139.633333333,35.33150564],[139.632930921,35.331292694],[139.63292611,35.331288721],[139.632686472,35.33113592],[139.632532802,35.331047306],[139.632349248,35.330943612],[139.632182283,35.330850865],[139.632109441,35.330809973],[139.632013217,35.330756],[139.631890973,35.330688748],[139.631756278,35.330618468],[139.631559223,35.330513306],[139.631298911,35.330374081],[139.631305913,35.330365334],[139.631257367,35.330338468],[139.631129248,35.330285801],[139.630977198,35.33021217],[139.630822943,35.330136919],[139.630708469,35.330080278],[139.630543139,35.329994919],[139.630180194,35.329802108],[139.629975747,35.329693694],[139.629793605,35.329596585],[139.629342699,35.329439839],[139.629297393,35.329655973],[139.629070195,35.32976564],[139.628947276,35.329822668],[139.627919663,35.330310946],[139.627837612,35.330350108],[139.627805383,35.330305892],[139.627796913,35.33031],[139.627828249,35.330354505],[139.626591803,35.330944559],[139.626589923,35.330954197],[139.626695331,35.331107613],[139.626605253,35.331149279],[139.626540947,35.331052533],[139.62653358,35.331041252],[139.6265607,35.331029414],[139.626533087,35.330987081],[139.62651214,35.330996252],[139.626502502,35.330982253],[139.626458249,35.331000027],[139.626348002,35.331050946],[139.62625275,35.331094865],[139.626198393,35.331126532],[139.626075305,35.331179027],[139.626066355,35.331179198],[139.626083917,35.331225224],[139.625992776,35.331284171],[139.625416939,35.33145272],[139.625240974,35.331437108],[139.625232388,35.331439802],[139.625225616,35.331422748],[139.625287471,35.331403027],[139.625288911,35.331405919],[139.625326329,35.331393082],[139.625305746,35.331352468],[139.625300584,35.331354108],[139.625317004,35.331386586],[139.625284747,35.331397532],[139.625286162,35.331400505],[139.625224527,35.331420225],[139.625168521,35.331279864],[139.625151699,35.331284333],[139.625203866,35.331415135],[139.62515703,35.331432],[139.625111673,35.331447333],[139.625135746,35.331490559],[139.625000778,35.331525776],[139.625,35.331525973],[139.624903307,35.331551225],[139.624848885,35.331406586],[139.624835006,35.331410171],[139.624870531,35.331504332],[139.624856861,35.331507919],[139.624875525,35.331557532],[139.62482153,35.331571334],[139.624801829,35.331521441],[139.62478917,35.331524865],[139.62475192,35.331430585],[139.624734423,35.331435135],[139.624795279,35.331589387],[139.624814864,35.331584306],[139.624853022,35.331686586],[139.624819222,35.331694919],[139.624808054,35.331679386],[139.624243671,35.331879414],[139.62405978,35.33194436],[139.623986551,35.33180164],[139.623967198,35.33180828],[139.624040558,35.331951171],[139.62394847,35.331983667],[139.623929754,35.331948306],[139.623940001,35.331944694],[139.623892049,35.331853587],[139.623856616,35.331866054],[139.623904553,35.331957252],[139.623920726,35.331951533],[139.623939468,35.331986838],[139.623724747,35.332062613],[139.623724721,35.332062613],[139.62365406,35.331923748],[139.623633995,35.33193056],[139.623704942,35.332069587],[139.623610804,35.332102865],[139.623506575,35.332171063],[139.623435616,35.332217505],[139.623424941,35.332216505],[139.623406912,35.332288225],[139.623403256,35.332429919],[139.623333721,35.332435469],[139.62333297,35.332429414],[139.623267613,35.33243464],[139.623229663,35.332475506],[139.623211855,35.332467972],[139.623238365,35.332437838],[139.62322022,35.332427171],[139.623233476,35.332412134],[139.623312139,35.332322668],[139.623343774,35.332203198],[139.623320803,35.332199198],[139.623290143,35.332314694],[139.623213217,35.332402225],[139.623162166,35.332377224],[139.623219611,35.332282587],[139.623234306,35.332177586],[139.623215617,35.332175838],[139.623201362,35.332278108],[139.623145915,35.332369252],[139.623070441,35.332332253],[139.623081504,35.332308279],[139.622852554,35.332192333],[139.622846057,35.33220008],[139.622582503,35.332068441],[139.622628638,35.332006532],[139.622619195,35.332001919],[139.622573139,35.332063775],[139.622333554,35.33194417],[139.622531556,35.331567081],[139.622559559,35.331493505],[139.622525616,35.331481532],[139.622538003,35.331458027],[139.622557665,35.331464919],[139.622598054,35.331455891],[139.622629222,35.331446108],[139.622648911,35.331436748],[139.622661699,35.331428414],[139.622675032,35.331419054],[139.622684306,35.331409135],[139.62269017,35.331399333],[139.622694357,35.331386641],[139.622695642,35.331370135],[139.622692387,35.331349748],[139.622685719,35.331328919],[139.622676641,35.331309974],[139.622662387,35.331293839],[139.622644163,35.33127964],[139.622618885,35.331266694],[139.62259306,35.331259892],[139.622575811,35.331257441],[139.622557328,35.331257306],[139.622540051,35.331260441],[139.622516355,35.331270306],[139.62249611,35.331281],[139.622478145,35.331295027],[139.622466446,35.331309171],[139.622456472,35.331332135],[139.622452802,35.331351054],[139.622453191,35.33137],[139.622455888,35.331386504],[139.622462673,35.331400198],[139.622491051,35.331441441],[139.622517004,35.331450586],[139.622504617,35.331474108],[139.622478807,35.331464946],[139.622429584,35.331519748],[139.622290856,35.331783721],[139.622141634,35.33167756],[139.622203969,35.331608054],[139.621991362,35.331473306],[139.622030752,35.331435027],[139.622090596,35.331469694],[139.622296616,35.331294765],[139.622388391,35.331219324],[139.622476057,35.331144026],[139.62256406,35.331078883],[139.622699248,35.330964586],[139.62262428,35.33089],[139.622705668,35.330808387],[139.622839974,35.330678559],[139.622925332,35.330594225],[139.623007276,35.330513613],[139.623100336,35.330426865],[139.623170143,35.33036264],[139.62323694,35.330303171],[139.623299664,35.33024828],[139.62335061,35.330206198],[139.623408145,35.330158892],[139.623469001,35.330110107],[139.623531141,35.330063892],[139.623603671,35.330011468],[139.623933476,35.329779918],[139.624030895,35.329712225],[139.624211283,35.329588668],[139.624481142,35.329401387],[139.624999999,35.329045803],[139.625000777,35.329045252],[139.625021582,35.329031135],[139.625216668,35.328900198],[139.62523275,35.328889919],[139.62530061,35.32884656],[139.625374228,35.328802252],[139.625421778,35.32877364],[139.625502606,35.328728694],[139.625664034,35.328562893],[139.625844358,35.328438054],[139.626789883,35.327787586],[139.627655747,35.327191613],[139.627659689,35.327190694],[139.627758859,35.327123081],[139.627760078,35.327120306],[139.627919856,35.327010865],[139.628903994,35.326337919],[139.629390272,35.325989693],[139.629417587,35.325978748],[139.629806523,35.325713749],[139.629813165,35.325713135],[139.629813218,35.325715306],[139.63036725,35.325715135],[139.630943192,35.325618387],[139.63095319,35.32561464],[139.630955526,35.325607415],[139.630954772,35.325599946],[139.630994839,35.325596946],[139.631333217,35.325573251],[139.631263891,35.325495613],[139.631260169,35.325490197],[139.63125786,35.325484333],[139.631256693,35.325477946],[139.631256589,35.325473413],[139.631257471,35.325467226],[139.631260921,35.325459279],[139.631263774,35.325455054],[139.631268755,35.325450198],[139.631286913,35.325438866],[139.631283087,35.325433278],[139.631559533,35.325286892],[139.631602725,35.325204847],[139.631513839,35.325091082],[139.631430856,35.325000802],[139.631430117,35.325],[139.631371895,35.32493664],[139.631246056,35.324799414],[139.631181479,35.324729135],[139.631140507,35.324684414],[139.631138833,35.324682748],[139.631080506,35.324616081],[139.631035227,35.324487467],[139.63103022,35.324470532],[139.630984112,35.324310279],[139.630818003,35.323733892],[139.630702724,35.323466387],[139.630655498,35.323388613],[139.630618832,35.323326667],[139.630605499,35.323319171],[139.630588833,35.323318613],[139.63053939,35.323329721],[139.630416887,35.323357505],[139.630248275,35.323395558],[139.630222437,35.323401946],[139.630083554,35.323436945],[139.630002166,35.323457505],[139.629955499,35.323469171],[139.629891608,35.32347472],[139.629821051,35.323464721],[139.629663839,35.323421946],[139.629638833,35.323410838],[139.629613839,35.323391387],[139.62956939,35.323333054],[139.629558275,35.323315],[139.629433555,35.323110838],[139.629394384,35.323046945],[139.629055746,35.322652505],[139.628693528,35.322338333],[139.628389078,35.322138892],[139.628180752,35.321948333],[139.628129637,35.321901667],[139.627930752,35.321719441],[139.627875188,35.321671667],[139.627747978,35.321562775],[139.627587134,35.321424721],[139.627376031,35.321243892],[139.627145746,35.321051108],[139.62691908,35.320878893],[139.626591854,35.320688892],[139.62646686,35.320588892],[139.626435551,35.320557],[139.626268806,35.320387225],[139.625634916,35.31979836],[139.625021556,35.319120587],[139.625000726,35.319099532],[139.625,35.319098775],[139.624733774,35.318829748],[139.624605446,35.318735306],[139.624456278,35.318667532],[139.624324332,35.31863364],[139.623784617,35.318609468],[139.62353406,35.318579198],[139.62336489,35.31851836],[139.623067108,35.318322252],[139.623000441,35.318272532],[139.622909053,35.318239198],[139.622809052,35.318219748],[139.622708223,35.318208919],[139.622691828,35.318207252],[139.622375447,35.31814336],[139.622255162,35.318119197],[139.622011557,35.318045027],[139.621789611,35.318002802],[139.621678496,35.318056694],[139.621596278,35.318080306],[139.621512115,35.318090586],[139.621350999,35.318010027],[139.621257666,35.317911414],[139.621146004,35.317852803],[139.62095406,35.317838082],[139.620726005,35.317891135],[139.620407393,35.318006414],[139.620288494,35.318055306],[139.62013572,35.31805836],[139.619929053,35.318035028],[139.619817664,35.318075586],[139.619633218,35.318019748],[139.619471556,35.317941414],[139.61924406,35.317789748],[139.619132672,35.317694748],[139.618955447,35.317602252],[139.618849339,35.317569198],[139.618343218,35.317225027],[139.618213748,35.317137802],[139.618064864,35.31707836],[139.617856809,35.317113081],[139.617598755,35.317192252],[139.617200699,35.317228081],[139.616989028,35.317187532],[139.6168393,35.317169198],[139.616725967,35.317146135],[139.616667367,35.317134279],[139.616666667,35.317134135],[139.616627082,35.317126134],[139.616307639,35.317067279],[139.6161407,35.317055054],[139.615999028,35.316999505],[139.615792633,35.316984775],[139.61547847,35.316934506],[139.615354577,35.316907279],[139.615255422,35.316885613],[139.614794034,35.316746171],[139.61461847,35.316667558],[139.614616497,35.316666667],[139.614607912,35.316662838],[139.614460143,35.31665228],[139.614317912,35.316612279],[139.614175136,35.316574225],[139.614066252,35.316589225],[139.613928911,35.316666666],[139.613927367,35.316667559],[139.6138407,35.316716441],[139.613639584,35.316821171],[139.613374034,35.316941721],[139.613264864,35.316984226],[139.613113191,35.316996722],[139.613027912,35.316982],[139.612958197,35.316938666],[139.61277847,35.316724505],[139.612758949,35.316667558],[139.612758638,35.316666666],[139.612669585,35.316407],[139.612659301,35.316288108],[139.612600143,35.316144505],[139.612414033,35.31593228],[139.612257913,35.315837278],[139.612118197,35.315767279],[139.611971531,35.315714225],[139.611856251,35.315638946],[139.611728469,35.315541721],[139.611564034,35.31539144],[139.611381802,35.315354775],[139.611305694,35.315304775],[139.611062919,35.315301441],[139.610844578,35.315255054],[139.610705694,35.315170892],[139.610589585,35.315083946],[139.610430143,35.314873667],[139.610336498,35.314772558],[139.610169831,35.314663946],[139.610060661,35.314549775],[139.609947056,35.31443117],[139.609902335,35.314343668],[139.609877613,35.314165054],[139.609886498,35.313985054],[139.609818172,35.313679532],[139.60970956,35.313535081],[139.609629559,35.31336064],[139.60957511,35.313197306],[139.609508171,35.312964252],[139.609479001,35.312725081],[139.609469274,35.312646198],[139.609433996,35.312501748],[139.608969001,35.312586467],[139.608696783,35.31267064],[139.608630948,35.312690919],[139.608333995,35.312792667],[139.608333333,35.312792892],[139.607923165,35.312933414],[139.607780389,35.312982586],[139.607603165,35.31301536],[139.607488715,35.313012306],[139.607377056,35.313008973],[139.607313449,35.313007306],[139.607173722,35.313022028],[139.607135383,35.313026198],[139.607059559,35.31306536],[139.60701594,35.313087865],[139.606847056,35.313232586],[139.606705383,35.31335036],[139.606504838,35.31345064],[139.606363995,35.313489801],[139.60614428,35.31361064],[139.605792606,35.31375536],[139.605539559,35.313852865],[139.605439274,35.313901468],[139.605354552,35.314014532],[139.60529345,35.314181171],[139.605105668,35.31457256],[139.605056226,35.314646442],[139.604987613,35.314695892],[139.604778444,35.314784224],[139.604537613,35.314764505],[139.604256226,35.314693108],[139.60420983,35.314695613],[139.604143165,35.314800892],[139.603978716,35.315021721],[139.603813995,35.315163387],[139.603641777,35.315317279],[139.603722049,35.315617],[139.603834837,35.315954775],[139.603880947,35.316060612],[139.603962893,35.316211441],[139.604006498,35.316339775],[139.60398594,35.316470892],[139.603913996,35.316647838],[139.60390153,35.316666666],[139.603900947,35.316667558],[139.603788171,35.316837838],[139.60374594,35.316863387],[139.60363345,35.317008108],[139.603562892,35.317049225],[139.603440117,35.317120892],[139.603363721,35.317141171],[139.603247056,35.317104775],[139.602812608,35.316718667],[139.602643722,35.316694505],[139.602522893,35.316815332],[139.602393995,35.316992],[139.602313722,35.317040333],[139.602168716,35.316992],[139.601450805,35.316667559],[139.601448858,35.316666666],[139.601154554,35.316533667],[139.600987328,35.31648256],[139.600863994,35.316418387],[139.600653449,35.316320892],[139.600509559,35.316289775],[139.600433994,35.31626228],[139.600000661,35.316105135],[139.6,35.316104892],[139.599545383,35.315940054],[139.599383722,35.315888387],[139.59926594,35.315850891],[139.599264554,35.315850333],[139.598813722,35.315752559],[139.598664838,35.315760333],[139.59852594,35.315829505],[139.598491776,35.315882559],[139.598258443,35.316019225],[139.598113449,35.316115613],[139.598013995,35.316166441],[139.597772335,35.316217559],[139.597448716,35.316312559],[139.59712345,35.316397279],[139.596648716,35.316413387],[139.596222334,35.316421441],[139.596072607,35.316569505],[139.596125189,35.316666667],[139.596125669,35.316667558],[139.596197328,35.316800054],[139.59629345,35.317066721],[139.596326783,35.317538946],[139.596318716,35.317755892],[139.596278445,35.317940892],[139.596177886,35.318048947],[139.595956783,35.318225865],[139.595828444,35.318363081],[139.595768444,35.318477252],[139.595763722,35.318655586],[139.595622891,35.318878919],[139.595534553,35.31898336],[139.595323994,35.319288081],[139.595298444,35.319314468],[139.595229001,35.319385586],[139.595162607,35.319426134],[139.595019559,35.319458081],[139.594721777,35.319530305],[139.594351505,35.319683081],[139.594045668,35.319835865],[139.593820389,35.319972532],[139.593458197,35.320197802],[139.593372802,35.320259973],[139.593160414,35.320414748],[139.593157081,35.320681135],[139.593173476,35.320813919],[139.593159857,35.320957252],[139.593143748,35.321127802],[139.5929907,35.321497802],[139.592945422,35.321586973],[139.592907367,35.321661414],[139.592894307,35.32180336],[139.592777082,35.322133613],[139.592733191,35.322285559],[139.592714863,35.322435838],[139.592733191,35.322494721],[139.592774578,35.322555279],[139.5928007,35.322575279],[139.592945422,35.322685279],[139.593014864,35.322751946],[139.593103476,35.322928892],[139.593081245,35.323129441],[139.593074578,35.323321388],[139.593059586,35.323763892],[139.593029857,35.323908333],[139.592959027,35.324027506],[139.592440143,35.324182506],[139.592039856,35.324358333],[139.591793191,35.324491667],[139.591667366,35.324599333],[139.591666667,35.324599919],[139.591460414,35.324776387],[139.59129297,35.325],[139.591292361,35.325000838],[139.591252634,35.325053893],[139.5911707,35.325130279],[139.591084034,35.325222506],[139.59100153,35.325387505],[139.590880415,35.325655],[139.590817912,35.325817505],[139.59080847,35.325958333],[139.590815421,35.326138587],[139.590937367,35.326575532],[139.590872918,35.326730252],[139.590897082,35.32689108],[139.590899663,35.327003306],[139.590905136,35.327244973],[139.590896835,35.327371081],[139.590856834,35.327494136],[139.590669054,35.327670532],[139.590549339,35.327724414],[139.590371284,35.327790802],[139.589960726,35.327895252],[139.589699053,35.327987469],[139.589625447,35.328167468],[139.589666278,35.328262469],[139.589842671,35.328387198],[139.589989338,35.328537468],[139.590032671,35.328699973],[139.589959339,35.328819414],[139.589930999,35.328850533],[139.589847951,35.328940802],[139.58973406,35.329063306],[139.589625447,35.329199135],[139.589549339,35.329308586],[139.589394617,35.329430532],[139.589260725,35.329583864],[139.589188222,35.32965636],[139.589057393,35.329731639],[139.588709883,35.330047468],[139.588815719,35.330272441],[139.588923502,35.330433839],[139.589067665,35.330613279],[139.589168782,35.330793838],[139.589115162,35.330964946],[139.58907489,35.331166054],[139.589062944,35.33128856],[139.589070441,35.331338279],[139.589082944,35.331423279],[139.58919572,35.331618838],[139.589274616,35.331755505],[139.589377664,35.331997721],[139.589444889,35.332219388],[139.589423774,35.332603837],[139.589332114,35.332717721],[139.589276005,35.332975225],[139.589163217,35.333241893],[139.589138755,35.333333333],[139.589138521,35.333334108],[139.589125448,35.333383001],[139.589128223,35.333494387],[139.589147109,35.333890774],[139.589129923,35.334098252],[139.589090194,35.334372414],[139.58910659,35.334597415],[139.5891338,35.334725468],[139.589198807,35.334861027],[139.589218521,35.335047134],[139.589174643,35.335339081],[139.589090467,35.335567973],[139.58900908,35.335795749],[139.588977133,35.336067973],[139.588920752,35.336285198],[139.588864358,35.33638964],[139.588764916,35.336458252],[139.58858297,35.33650436],[139.58835214,35.336480199],[139.5880438,35.336502414],[139.587858521,35.336518532],[139.587896861,35.336612414],[139.587922477,35.336704559],[139.588007691,35.336997414],[139.588068807,35.337280333],[139.58813306,35.337390533],[139.588165745,35.337490198],[139.588202192,35.33769608],[139.588134086,35.337797252],[139.588070804,35.338001306],[139.588032503,35.338263053],[139.587923359,35.338376775],[139.587894162,35.338502559],[139.587997951,35.338704775],[139.58816934,35.338840135],[139.58821419,35.339023559],[139.588140468,35.339222108],[139.588116252,35.339333225],[139.58820428,35.339562866],[139.588275423,35.339731279],[139.588522582,35.340092559],[139.588687445,35.340321613],[139.588881608,35.340624892],[139.588922724,35.340960721],[139.588983256,35.341138171],[139.589021607,35.341303505],[139.589024449,35.341426],[139.589088949,35.341666666],[139.589089144,35.341667387],[139.58911856,35.341777108],[139.589166744,35.342093441],[139.589237173,35.342304865],[139.589145499,35.342743468],[139.589064475,35.342926802],[139.589042866,35.343081559],[139.589075446,35.343258387],[139.589077523,35.343485279],[139.589048781,35.34373],[139.589028197,35.343929027],[139.58916939,35.344387918],[139.589176615,35.344546802],[139.589152723,35.34476736],[139.589118275,35.344863198],[139.589029663,35.344983199],[139.588885887,35.345130802],[139.588812893,35.34521664],[139.588768494,35.345343838],[139.588814721,35.345492108],[139.588816614,35.345598946],[139.588634968,35.346000388],[139.588548834,35.346112135],[139.588403916,35.346246027],[139.58842856,35.346323748],[139.588484112,35.346423171],[139.588541089,35.346524838],[139.58849358,35.346691776],[139.588456913,35.346928721],[139.588470533,35.347047892],[139.588483307,35.347158721],[139.588543307,35.347290387],[139.588568859,35.347530108],[139.58862275,35.347840667],[139.588601089,35.348027333],[139.588654968,35.348165387],[139.58890358,35.348608721],[139.588982283,35.34877864],[139.588973529,35.348841171],[139.5888993,35.349039775],[139.588879534,35.349217775],[139.588870921,35.349469468],[139.588825966,35.349558252],[139.58876825,35.349636721],[139.588785499,35.349823802],[139.588921803,35.35],[139.588922309,35.350000667],[139.589187367,35.350340587],[139.589460778,35.350410999],[139.589691116,35.350443171],[139.589974137,35.350548414],[139.590194695,35.350680081],[139.590346472,35.350810558],[139.590468859,35.350879253],[139.590592049,35.350940469],[139.59075083,35.351160748],[139.590784669,35.351805667],[139.590739948,35.352079639],[139.590837108,35.352320054],[139.591005059,35.35258136],[139.591199274,35.352650891],[139.591288418,35.352779333],[139.591294034,35.352941613],[139.591236446,35.353024333],[139.591093671,35.353212586],[139.591038638,35.353382054],[139.590849222,35.353624973],[139.590919494,35.353668802],[139.591015006,35.353806613],[139.590997225,35.353983973],[139.590937251,35.354048441],[139.590780947,35.35420772],[139.590562866,35.354380946],[139.590471116,35.354497865],[139.590346108,35.354636171],[139.590263165,35.354736505],[139.590372217,35.354771467],[139.590560026,35.354848532],[139.590655006,35.354885225],[139.590893061,35.355141171],[139.591055227,35.355308387],[139.591131608,35.35548708],[139.591143839,35.355572531],[139.591186393,35.35562644],[139.59132083,35.355655891],[139.591556472,35.355686838],[139.591666666,35.355665332],[139.591667497,35.355665171],[139.591690052,35.355660775],[139.591896305,35.355573198],[139.591996226,35.35554136],[139.592189001,35.355480414],[139.592379027,35.355414946],[139.592604357,35.355460441],[139.592674721,35.355495441],[139.592892113,35.355561415],[139.593072633,35.355640225],[139.593140507,35.355699027],[139.593230117,35.355700135],[139.593368807,35.35566764],[139.593558664,35.355648171],[139.593721388,35.355536441],[139.593864034,35.355560721],[139.594041505,35.355532946],[139.594150467,35.355551893],[139.594342724,35.355428775],[139.594470117,35.355365505],[139.594565643,35.355360532],[139.594675721,35.355404946],[139.595092413,35.35560028],[139.595422283,35.355761198],[139.595619079,35.355878802],[139.595770584,35.355930441],[139.596054034,35.355965613],[139.596257055,35.355963171],[139.59647939,35.355969973],[139.5966507,35.355978695],[139.596852944,35.355987586],[139.597079637,35.355963171],[139.597200895,35.355965613],[139.597275109,35.356021973],[139.597374384,35.356124253],[139.597461025,35.356185532],[139.597546589,35.356248387],[139.597706783,35.356296108],[139.597949442,35.35635144],[139.598219856,35.356389306],[139.598411245,35.356358252],[139.598618054,35.356299505],[139.599185279,35.356221442],[139.599416939,35.356166171],[139.599494475,35.356096333],[139.599574812,35.355980225],[139.599689857,35.355802865],[139.599736783,35.355709748],[139.599748756,35.355568252],[139.599755084,35.355483748],[139.599842218,35.355431332],[139.6,35.355373054],[139.60000083,35.355372748],[139.600084942,35.355341693],[139.600284617,35.355295803],[139.600626551,35.355267333],[139.600770584,35.355270332],[139.600952335,35.35530508],[139.601069248,35.355372865],[139.601170856,35.355407171],[139.601301193,35.355407171],[139.601502088,35.355481532],[139.60183603,35.355628],[139.602092477,35.355820919],[139.602294811,35.35595208],[139.602373554,35.356080802],[139.602453646,35.356170694],[139.602510701,35.356291559],[139.60251847,35.356451108],[139.602602944,35.356637919],[139.602687639,35.35698036],[139.6027693,35.357320802],[139.603109273,35.357328171],[139.603417419,35.357333721],[139.603515525,35.35732836],[139.603597951,35.357332613],[139.603754059,35.357305973],[139.60407175,35.357280468],[139.604264449,35.357292109],[139.604404306,35.357304892],[139.604606694,35.357355775],[139.604878054,35.357411441],[139.604987056,35.357448082],[139.605012438,35.357516866],[139.605005577,35.357576694],[139.605017393,35.357690694],[139.605072023,35.357747838],[139.605208366,35.357786414],[139.605305032,35.357843748],[139.60541895,35.358068774],[139.605516783,35.358173505],[139.605585279,35.358291505],[139.605623917,35.358333333],[139.605624475,35.358333919],[139.605721051,35.358438468],[139.605914189,35.358610306],[139.606051478,35.358683559],[139.606280467,35.358798108],[139.606352437,35.358835748],[139.606474527,35.358967135],[139.606603256,35.359095838],[139.606687614,35.359274838],[139.606764669,35.359302559],[139.606834864,35.359390387],[139.606897471,35.359509306],[139.606971804,35.359487919],[139.607032556,35.359406441],[139.607256355,35.359473441],[139.607494617,35.359637081],[139.607572218,35.359744306],[139.607674189,35.359798946],[139.607636472,35.359856333],[139.607532556,35.359961135],[139.607463359,35.360029225],[139.607436913,35.360090505],[139.607364721,35.360126387],[139.607151945,35.360189559],[139.607038716,35.360265054],[139.606986226,35.360386839],[139.60693061,35.360561505],[139.607282192,35.360754533],[139.607407057,35.360911802],[139.607568586,35.361306892],[139.607928341,35.361203694],[139.60814144,35.361324666],[139.608213385,35.361373505],[139.608333333,35.36141464],[139.608334228,35.361414946],[139.608449611,35.361454505],[139.608687198,35.361488919],[139.608826252,35.361528946],[139.608933528,35.361491081],[139.608985837,35.361347973],[139.60941345,35.361527748],[139.609485384,35.361454505],[139.609477367,35.361329945],[139.609630637,35.361265838],[139.609765032,35.361244748],[139.609847782,35.361123387],[139.610031115,35.361106027],[139.610252362,35.361170387],[139.610340584,35.361304693],[139.610312918,35.361434252],[139.610187717,35.361463306],[139.610078808,35.361581559],[139.610150001,35.361662532],[139.610173969,35.361784442],[139.610098974,35.361869586],[139.610004383,35.361913504],[139.609942866,35.362012748],[139.609978145,35.36207936],[139.610048754,35.362159252],[139.610165499,35.362298],[139.610183139,35.362470027],[139.610176355,35.362591],[139.610172283,35.362737468],[139.610119637,35.362857667],[139.61004603,35.362883973],[139.609959999,35.362921641],[139.609861414,35.363117054],[139.6098207,35.363223586],[139.609695811,35.363327919],[139.609642866,35.363350108],[139.609657781,35.363406721],[139.609764553,35.363445278],[139.609950999,35.36348108],[139.610010726,35.36375408],[139.609879078,35.363865082],[139.610165525,35.364018226],[139.610575473,35.364253531],[139.610805136,35.363970134],[139.610901285,35.363695278],[139.610988107,35.363323468],[139.611085863,35.362982747],[139.61221467,35.363257613],[139.612882969,35.363359586],[139.612848079,35.363820973],[139.612842244,35.364453613],[139.61283934,35.364895947],[139.612770894,35.364965],[139.612856056,35.365091891],[139.612962802,35.365050171],[139.613018081,35.365118333],[139.613036278,35.365262414],[139.613243645,35.365248468],[139.613412192,35.365224171],[139.613510246,35.365184306],[139.613544864,35.364918198],[139.613406616,35.364746108],[139.613458948,35.364422694],[139.613525862,35.364334694],[139.613840026,35.364353721],[139.614000025,35.364567748],[139.614080116,35.364675305],[139.614256524,35.365121973],[139.614322089,35.365285586],[139.614347913,35.365450306],[139.614556252,35.36598336],[139.614507717,35.366123775],[139.614499495,35.366282613],[139.614613839,35.366413279],[139.614936719,35.366420414],[139.615082165,35.366429946],[139.615467498,35.366465892],[139.615629053,35.366482252],[139.616065383,35.366517945],[139.616340194,35.366571802],[139.616331829,35.366666668],[139.616331777,35.366667252],[139.616309001,35.366925865],[139.616622166,35.366956533],[139.616615551,35.367100559],[139.616666667,35.367104559],[139.616667639,35.36710464],[139.616816939,35.367116333],[139.616978612,35.367198414],[139.616892217,35.367348586],[139.61686642,35.367437054],[139.617184112,35.367495505],[139.617321634,35.367518197],[139.61743131,35.367511721],[139.61754153,35.367628613],[139.617616978,35.367757667],[139.617804617,35.368032838],[139.617865162,35.368169198],[139.61803594,35.368207333],[139.618128274,35.368327468],[139.618176913,35.368445973],[139.61841122,35.368828252],[139.618371505,35.369055532],[139.618290143,35.369334749],[139.61819878,35.369758468],[139.618085616,35.370096135],[139.618357639,35.370096135],[139.618562192,35.370271694],[139.618625721,35.370383468],[139.618671388,35.370471135],[139.618700143,35.370554252],[139.618683307,35.370691919],[139.618628249,35.370799171],[139.618611855,35.370836946],[139.618886589,35.371132505],[139.618925887,35.371157225],[139.61902869,35.37128336],[139.619096304,35.371402973],[139.619131026,35.371485],[139.619148808,35.371725],[139.619287445,35.371787775],[139.619361284,35.371839081],[139.619571946,35.371985359],[139.619729948,35.372094999],[139.61992856,35.372269721],[139.620087445,35.372452225],[139.62011153,35.372486334],[139.620228171,35.37262864],[139.620479922,35.37269736],[139.620702139,35.372736054],[139.621201141,35.372851054],[139.621840533,35.372993892],[139.621726861,35.373322973],[139.621602244,35.37358644],[139.621423529,35.373549108],[139.621338754,35.373806721],[139.621619248,35.373870468],[139.621348781,35.374654775],[139.621539274,35.374701171],[139.621489078,35.374849468],[139.621419532,35.375],[139.621419273,35.375000559],[139.621412438,35.37501536],[139.621266693,35.375172532],[139.621336056,35.375222469],[139.621124136,35.375369586],[139.621421582,35.375722865],[139.621533307,35.375850108],[139.621485137,35.376006973],[139.621489079,35.376519973],[139.621524864,35.376849532],[139.62174131,35.377312198],[139.621737328,35.377468054],[139.621652503,35.37782136],[139.621655914,35.378106027],[139.621677756,35.37827],[139.621896393,35.378319134],[139.622174189,35.378700225],[139.622301284,35.37881872],[139.622354889,35.378998946],[139.622351284,35.379081108],[139.622335057,35.379136919],[139.622368106,35.379466135],[139.622425032,35.379620532],[139.62253419,35.379699694],[139.622646692,35.379779693],[139.622726693,35.379861081],[139.622793359,35.379939414],[139.622872244,35.380013306],[139.623012698,35.380121586],[139.623123891,35.380242306],[139.623298106,35.380361001],[139.623396419,35.380495171],[139.623524475,35.380745721],[139.623729,35.380799306],[139.624153943,35.380968135],[139.624561051,35.381119135],[139.62492642,35.381219775],[139.625,35.381243252],[139.625001167,35.381243613],[139.625582917,35.381429027],[139.626010636,35.381555865],[139.62654083,35.381723054],[139.626800973,35.381788],[139.627297419,35.381762027],[139.62845314,35.382117586],[139.62868153,35.382367613],[139.628808611,35.382710171],[139.629025058,35.383242667],[139.629058911,35.383333333],[139.629059106,35.383333865],[139.629300907,35.383981614],[139.629320363,35.383976224],[139.629390078,35.383956865],[139.629459027,35.383938946],[139.630229364,35.383743027],[139.631773307,35.383349972],[139.631837367,35.383333865],[139.631839468,35.383333333],[139.631981581,35.383297586],[139.632341946,35.383207054],[139.632276641,35.383040198],[139.632287108,35.383037586],[139.632090611,35.382520748],[139.632080247,35.382522892],[139.632027198,35.382385612],[139.632015746,35.382388667],[139.632000752,35.382353226],[139.632536057,35.382212027],[139.632612776,35.382190198],[139.632950001,35.383060865],[139.633333333,35.382965279],[139.633334527,35.382964973],[139.633812802,35.382845694],[139.634794163,35.383269252],[139.634942503,35.383333332],[139.634943722,35.383333865],[139.63520847,35.383448135],[139.636320558,35.383928082],[139.636643282,35.384066613],[139.636923892,35.384187027],[139.637053748,35.384243414],[139.637421777,35.384401667],[139.637477419,35.384425559],[139.63763144,35.384491775],[139.637691167,35.384517586],[139.638067108,35.384678892],[139.638349611,35.384800333],[139.638588106,35.384902586],[139.639242243,35.385185225],[139.639683308,35.385374414],[139.639826226,35.385491468],[139.639733917,35.385566585],[139.640349001,35.386077694],[139.640431167,35.386011919],[139.641601387,35.386984333],[139.641666667,35.387038135],[139.641667951,35.387039198],[139.642134332,35.38742364],[139.642503411,35.387136838],[139.642844189,35.387423135],[139.642484359,35.387704333],[139.642516329,35.387730171],[139.642768366,35.387933946],[139.643063774,35.388179135],[139.642976005,35.388247694],[139.642949532,35.388273414],[139.64379594,35.388976748],[139.643811167,35.388963973],[139.643912387,35.388885252],[139.644666498,35.389510667],[139.644552244,35.389599802],[139.6456807,35.390539225],[139.646340221,35.390289109],[139.647283307,35.389930721],[139.648268054,35.389556694],[139.648130117,35.389315721],[139.649074306,35.388954559],[139.649088419,35.388948892]]},"properties":{"city_code":"14108","city_name":"金沢区","prefecture_code":"14","prefecture_name":"神奈川県"}},{"type":"Feature","geometry":{"type":"LineString","coordinates":[[139.62869345,35.562613054],[139.629081219,35.562403054],[139.629239559,35.562292775],[139.629711219,35.561963892],[139.629793165,35.561906667],[139.629945941,35.561823891],[139.630222891,35.561674171],[139.630415383,35.561625],[139.630760388,35.561589171],[139.631367327,35.561546667],[139.631629831,35.561528333],[139.631743165,35.561520559],[139.632336225,35.561458333],[139.632638717,35.561426668],[139.632893995,35.561417775],[139.633333333,35.561398613],[139.63333345,35.561398613],[139.63333594,35.561398613],[139.63348122,35.561398892],[139.63380594,35.561399172],[139.634141777,35.561399171],[139.634308716,35.561376108],[139.634598171,35.561336387],[139.635010117,35.561309721],[139.635220661,35.561269441],[139.635372892,35.56123],[139.635565383,35.56118],[139.63577594,35.561081387],[139.635941505,35.560996386],[139.63624428,35.560806947],[139.636324838,35.560713333],[139.636481776,35.560605838],[139.636615382,35.560526108],[139.636781776,35.560426946],[139.637054838,35.560270278],[139.637265383,35.560171946],[139.637372607,35.560104721],[139.637476782,35.560042775],[139.637627887,35.559952774],[139.637986227,35.559809441],[139.638299559,35.559608333],[139.638483165,35.559528054],[139.638606497,35.559449171],[139.638772048,35.559385837],[139.638874839,35.559346387],[139.639139,35.559310559],[139.639327083,35.559346387],[139.639442088,35.559312225],[139.63949319,35.559296946],[139.639863748,35.559186667],[139.640184578,35.559091108],[139.640314035,35.559052505],[139.640336252,35.559045838],[139.640481245,35.559002775],[139.640534864,35.558986946],[139.640636524,35.558956387],[139.640889856,35.558881108],[139.641265966,35.558845279],[139.641666666,35.558768802],[139.6416693,35.558768306],[139.641739027,35.558755],[139.6418293,35.558716946],[139.641972088,35.558656387],[139.642127912,35.558605279],[139.642298756,35.558549172],[139.642558197,35.558504441],[139.642707639,35.558447775],[139.642934306,35.558361387],[139.643153748,35.558334721],[139.64321083,35.558333613],[139.643224838,35.558333333],[139.643382088,35.558330279],[139.643410895,35.558333333],[139.643413449,35.558333613],[139.643439585,35.558336387],[139.643632918,35.558356946],[139.6437493,35.558388333],[139.643888197,35.558450838],[139.6440493,35.558500278],[139.644235695,35.558616667],[139.644383477,35.558670279],[139.644504578,35.558761667],[139.6447507,35.558947505],[139.644902918,35.558996667],[139.6450793,35.559021387],[139.645283476,35.559050279],[139.645489299,35.559081667],[139.645829585,35.559063892],[139.645938198,35.559059721],[139.646174306,35.559050279],[139.646416252,35.559072774],[139.646532633,35.559121946],[139.646783191,35.559242775],[139.646895137,35.559305279],[139.647103748,35.559341387],[139.647224578,35.559386108],[139.64734572,35.559471107],[139.647550169,35.559560838],[139.647752944,35.55965],[139.648035162,35.559726108],[139.648172672,35.559756947],[139.648204331,35.559763892],[139.64833489,35.559793333],[139.648424332,35.559766387],[139.648545719,35.559662775],[139.648581284,35.559632225],[139.648742387,35.559529441],[139.64893044,35.559417505],[139.649181284,35.559247505],[139.649391556,35.559118053],[139.649846836,35.558835],[139.649952944,35.558771108],[139.649999999,35.558742693],[139.650002671,35.558741108],[139.650292387,35.558566387],[139.65029489,35.558565],[139.650678664,35.558333612],[139.650679105,35.558333333],[139.650692943,35.558325],[139.65075572,35.558280279],[139.650757665,35.558272505],[139.650773774,35.558204171],[139.65074655,35.558154721],[139.650692943,35.558056667],[139.65088044,35.557947775],[139.651131829,35.557801667],[139.651279611,35.557694441],[139.651372114,35.557552225],[139.651487108,35.557375],[139.651670726,35.557249721],[139.651858781,35.557124441],[139.652037951,35.556994721],[139.652217108,35.556873892],[139.652315447,35.556824721],[139.652400725,35.556838333],[139.652629053,35.55691417],[139.652682113,35.556939171],[139.652781284,35.556985838],[139.652969339,35.556887505],[139.65306489,35.556836107],[139.653192943,35.556766667],[139.653457108,35.556668332],[139.653662672,35.55659],[139.653755447,35.556554722],[139.653907665,35.556505279],[139.654051284,35.556465279],[139.654224332,35.556417225],[139.654355447,35.556380559],[139.654798782,35.556237224],[139.655506278,35.556026946],[139.656061556,35.555848054],[139.65626489,35.555763892],[139.656343501,35.555731667],[139.656650441,35.55560472],[139.65671406,35.555571108],[139.656896549,35.555474999],[139.657232114,35.555313892],[139.657520441,35.555164171],[139.657567952,35.555139441],[139.657618495,35.555118053],[139.657908223,35.554996667],[139.658091829,35.554875839],[139.658253502,35.554742774],[139.658273774,35.554706387],[139.658333333,35.554600027],[139.658336005,35.55459528],[139.658357951,35.554556107],[139.658420726,35.554372775],[139.658425161,35.554153333],[139.658416279,35.553965559],[139.658387393,35.5539],[139.658336005,35.553782838],[139.658335719,35.553782225],[139.658333333,35.553778359],[139.658241557,35.553630001],[139.657982672,35.553385838],[139.657906835,35.553291946],[139.657868223,35.553241946],[139.657862115,35.553233892],[139.657861284,35.55322917],[139.65784406,35.553113053],[139.657834617,35.553053333],[139.657830726,35.553028055],[139.657838197,35.552968613],[139.65783847,35.552967225],[139.657853191,35.552849171],[139.657839585,35.552701667],[139.657781531,35.552473333],[139.657777082,35.552352505],[139.657765422,35.552288055],[139.657750143,35.552205],[139.657701531,35.552062775],[139.657593191,35.551746388],[139.657537639,35.551545],[139.657530416,35.551518613],[139.657530415,35.551486108],[139.657530415,35.551259171],[139.657534864,35.551039721],[139.6575293,35.550942775],[139.657525966,35.550883333],[139.6574893,35.550585279],[139.657386252,35.550281108],[139.657307445,35.550000279],[139.657307367,35.55],[139.657180415,35.549547505],[139.6570593,35.549046947],[139.657009831,35.548841667],[139.656906783,35.548479171],[139.656759274,35.548085838],[139.656598171,35.547745838],[139.656118444,35.546750279],[139.655728171,35.545799171],[139.655535641,35.545329441],[139.655426199,35.544899721],[139.655410363,35.544837225],[139.655109248,35.543975],[139.654898975,35.543626108],[139.654643696,35.543205559],[139.654595914,35.543118613],[139.654517588,35.542976386],[139.654465642,35.542882504],[139.654437302,35.542831108],[139.654388145,35.542651947],[139.654375643,35.542491667],[139.654365641,35.542365838],[139.654293943,35.541970837],[139.654276161,35.541873613],[139.654250337,35.541739721],[139.654236135,35.541666946],[139.654236082,35.541666667],[139.654220052,35.541584441],[139.654168664,35.541318892],[139.654141725,35.540667226],[139.65415061,35.540492774],[139.654156719,35.540465559],[139.654181996,35.540353891],[139.654258664,35.540291108],[139.654307561,35.540251108],[139.654374501,35.540161667],[139.654446161,35.539911108],[139.654652282,35.539606946],[139.654764227,35.539463613],[139.655047276,35.539188333],[139.655150609,35.539091108],[139.655280052,35.538969171],[139.655369494,35.538915279],[139.655542555,35.538832225],[139.655380895,35.538832225],[139.655256161,35.538850838],[139.654963672,35.538825838],[139.654658664,35.538825838],[139.654467562,35.538815838],[139.654422283,35.538813613],[139.654154774,35.538776108],[139.653837276,35.538701667],[139.653470052,35.538620837],[139.653201413,35.538496387],[139.652972529,35.53839056],[139.652667523,35.538266387],[139.652016693,35.538020559],[139.651823645,35.537902505],[139.651556135,35.537821667],[139.651331971,35.537728613],[139.651033359,35.537579171],[139.650790583,35.537429999],[139.650578911,35.53732444],[139.650392528,35.537218613],[139.650174747,35.537063054],[139.650002529,35.536922505],[139.649999999,35.536920441],[139.649969196,35.536895279],[139.649813645,35.536665279],[139.649698366,35.536459721],[139.649670585,35.536410279],[139.649570856,35.536261108],[139.64945834,35.53589],[139.649419442,35.535802225],[139.649271388,35.535466946],[139.649265551,35.535441388],[139.649215551,35.535224441],[139.649214449,35.535221947],[139.649072218,35.534876387],[139.649029442,35.534799172],[139.648947783,35.534652505],[139.648823334,35.534478333],[139.648686394,35.534279441],[139.648512218,35.534105279],[139.648266978,35.533936586],[139.647986498,35.533770946],[139.647711193,35.533664775],[139.647426083,35.533574442],[139.646892504,35.53350472],[139.646726498,35.533434721],[139.646677523,35.533333613],[139.646677393,35.533333333],[139.646613257,35.533200919],[139.646529948,35.532773892],[139.647087834,35.532492693],[139.647398586,35.531281387],[139.647424137,35.531115],[139.647433866,35.531050838],[139.647873695,35.531061838],[139.647847665,35.530207946],[139.64733655,35.530223027],[139.647247133,35.529547559],[139.64718275,35.528990532],[139.647155357,35.528629252],[139.64710406,35.528247802],[139.64712192,35.528063585],[139.647133554,35.527690279],[139.647155499,35.527492505],[139.647162166,35.527431946],[139.647184942,35.527054441],[139.647222166,35.526776946],[139.647365498,35.525881946],[139.647396615,35.525340838],[139.647404773,35.525000279],[139.647404773,35.525],[139.647409805,35.524790028],[139.647431245,35.523281171],[139.647005642,35.523091109],[139.645987833,35.523110865],[139.645726862,35.523114172],[139.645557134,35.523116387],[139.645258521,35.523097505],[139.645049364,35.523095559],[139.644860467,35.523093892],[139.644598808,35.523091387],[139.64434214,35.523083333],[139.644207977,35.52307917],[139.643782996,35.523067081],[139.643791946,35.522600803],[139.643722698,35.522418053],[139.643666589,35.522325838],[139.643628807,35.522264171],[139.643620467,35.522250559],[139.64356961,35.522166946],[139.643485136,35.522071721],[139.643185746,35.521737224],[139.64321258,35.521937613],[139.643134061,35.521968054],[139.642897392,35.522055],[139.64252406,35.52215472],[139.642443411,35.522160334],[139.642147329,35.52224236],[139.641901284,35.522377775],[139.641777108,35.522518614],[139.641701284,35.52265944],[139.641669053,35.522671973],[139.641666667,35.522672919],[139.64157297,35.52270936],[139.641307691,35.52257364],[139.641021089,35.522594802],[139.64084358,35.522533586],[139.640662411,35.522361251],[139.640597082,35.522237468],[139.640637951,35.522079171],[139.640695032,35.521956135],[139.640563554,35.521780054],[139.64052655,35.521588919],[139.640586005,35.521450306],[139.640619883,35.521371135],[139.640789416,35.521205054],[139.640867394,35.521016667],[139.640949339,35.520880026],[139.641192114,35.520500864],[139.641347393,35.520307802],[139.641367951,35.520281973],[139.641442114,35.520190027],[139.641472114,35.520152532],[139.641615447,35.520239749],[139.641666667,35.520285918],[139.641669052,35.520288082],[139.641739883,35.520351694],[139.641870441,35.520482252],[139.642069611,35.520600306],[139.642262672,35.520643919],[139.642278223,35.52056364],[139.642306279,35.520420027],[139.642418223,35.520276973],[139.642674332,35.520061135],[139.642549882,35.519824748],[139.642523774,35.519692533],[139.642480999,35.519475027],[139.642356005,35.519137667],[139.642356005,35.518838081],[139.642417912,35.518410865],[139.642133359,35.518277306],[139.6419407,35.518202802],[139.641837912,35.518162801],[139.641719584,35.518099468],[139.641669026,35.518072305],[139.641666666,35.518071027],[139.641582633,35.518025864],[139.641414577,35.51798864],[139.641333747,35.518044748],[139.6411907,35.518168919],[139.641047366,35.518212531],[139.640929585,35.518206414],[139.640711803,35.518162801],[139.640630778,35.518114027],[139.6404407,35.517706414],[139.640151245,35.517548919],[139.640023969,35.517465054],[139.639766472,35.517336387],[139.639545772,35.517137414],[139.639434643,35.516954972],[139.639388975,35.516827721],[139.63917834,35.516666973],[139.639177951,35.516666667],[139.639111751,35.516616171],[139.638735188,35.516237721],[139.638592218,35.516028532],[139.63835956,35.515863919],[139.637955032,35.515860001],[139.637679222,35.515753838],[139.637125577,35.515600775],[139.636733411,35.51555264],[139.635850636,35.515560468],[139.635420751,35.515488306],[139.635463671,35.51512864],[139.635458716,35.514770865],[139.635507056,35.514494748],[139.635773062,35.513969468],[139.635985862,35.513534946],[139.636286303,35.512982279],[139.636307782,35.512771749],[139.636297082,35.512595694],[139.636339948,35.512376973],[139.636425772,35.512137199],[139.636605109,35.511876081],[139.636865719,35.511561108],[139.637030247,35.511262865],[139.637312308,35.510640586],[139.637527419,35.510404865],[139.63769642,35.510333135],[139.637877912,35.510227694],[139.638185499,35.510025919],[139.638418003,35.509756891],[139.63878642,35.50934164],[139.639018885,35.509154505],[139.639337224,35.508946892],[139.639609027,35.508788973],[139.639655525,35.50835036],[139.639640143,35.50833364],[139.639639857,35.508333333],[139.639381894,35.508052973],[139.639265694,35.507809361],[139.639206978,35.507616613],[139.639172556,35.507236973],[139.639106641,35.506896694],[139.639581479,35.506648802],[139.639339028,35.50626772],[139.639221751,35.506319306],[139.638899338,35.506292468],[139.638645577,35.505908081],[139.638495888,35.50564836],[139.638402283,35.505436973],[139.638358948,35.505213081],[139.638340052,35.505020306],[139.638333942,35.504600586],[139.638277835,35.504314468],[139.638215577,35.504059468],[139.638044747,35.503810307],[139.637948639,35.503666413],[139.637821414,35.503476135],[139.637705863,35.503325586],[139.637676693,35.503291694],[139.637643087,35.50325892],[139.637503087,35.503082252],[139.637395305,35.502929747],[139.63726642,35.502767802],[139.637170583,35.502471694],[139.636815577,35.501356279],[139.636703358,35.500855586],[139.636640558,35.500586414],[139.636613606,35.500218081],[139.636619105,35.500000306],[139.636619143,35.5],[139.636623606,35.499821134],[139.636631673,35.499509197],[139.636640558,35.499078081],[139.63667611,35.498189468],[139.636715279,35.497511136],[139.636727755,35.497220775],[139.636763022,35.496070026],[139.63678358,35.495612532],[139.636761803,35.49522536],[139.636743891,35.495022802],[139.636666278,35.494873919],[139.636318029,35.494672532],[139.63618886,35.494596135],[139.636177757,35.494590027],[139.636081362,35.494538081],[139.635854137,35.494424468],[139.635624695,35.49428364],[139.635563579,35.494236135],[139.635473023,35.494154468],[139.635442477,35.494116414],[139.635375252,35.494016973],[139.635321089,35.493895585],[139.635236641,35.493735865],[139.635211362,35.493706414],[139.635186913,35.493677532],[139.635188301,35.49362364],[139.635191335,35.493500586],[139.635204669,35.493350585],[139.635204669,35.493255306],[139.63520022,35.493201973],[139.635195772,35.493146694],[139.635169104,35.493096974],[139.635168559,35.493095865],[139.635049106,35.493070865],[139.635011336,35.493062802],[139.635002438,35.493060865],[139.634949105,35.493049748],[139.634892724,35.493037802],[139.634829105,35.493024468],[139.634631051,35.492995054],[139.63458856,35.492988945],[139.634500777,35.492975892],[139.634349105,35.492989225],[139.63418105,35.492985333],[139.633833839,35.492941721],[139.633605499,35.492913107],[139.633354384,35.492875892],[139.633335499,35.492875386],[139.633333333,35.492875305],[139.633215772,35.492872279],[139.633076887,35.492886721],[139.632901608,35.492912278],[139.632832166,35.492934225],[139.632762724,35.492952559],[139.632711608,35.492970892],[139.632601894,35.493047559],[139.632500506,35.493135612],[139.632469105,35.493163108],[139.632378833,35.493241441],[139.632096328,35.493568667],[139.6319855,35.493562279],[139.631818833,35.493577],[139.631803839,35.493578387],[139.631728275,35.493590613],[139.631632167,35.493605893],[139.631504669,35.493626441],[139.631161894,35.493703387],[139.631026615,35.493727279],[139.630991336,35.493733386],[139.630989948,35.493733667],[139.630878276,35.493753387],[139.630837445,35.493633387],[139.630743307,35.493413999],[139.630637276,35.493243026],[139.630510895,35.492966973],[139.630540609,35.492802306],[139.630593451,35.492672721],[139.630438197,35.492553027],[139.63027978,35.492397387],[139.63014389,35.492205748],[139.629932996,35.492185055],[139.629871336,35.492173667],[139.629371803,35.492140947],[139.629058145,35.492157135],[139.62877747,35.492205721],[139.628465811,35.492207586],[139.628210506,35.492224775],[139.628112166,35.492218108],[139.62804939,35.492213667],[139.62777852,35.492195333],[139.627522283,35.49217436],[139.627444501,35.49199864],[139.627370246,35.491939387],[139.627263502,35.491920532],[139.627303891,35.491733748],[139.627524423,35.491781721],[139.627751829,35.491802919],[139.627879363,35.491774441],[139.628000441,35.491739199],[139.628126809,35.491720802],[139.628260414,35.491667],[139.628261219,35.491666667],[139.628382867,35.491617694],[139.628632309,35.491571946],[139.628814528,35.491473748],[139.628888197,35.491261749],[139.629177056,35.491067135],[139.628849001,35.490779946],[139.628610947,35.490603108],[139.628319169,35.490676694],[139.628150779,35.490664838],[139.627927833,35.490602667],[139.627691674,35.490548253],[139.627568521,35.490545892],[139.627353606,35.490383081],[139.627105668,35.490173505],[139.626979363,35.489980613],[139.626885032,35.489854278],[139.626792114,35.489718973],[139.626663891,35.489690279],[139.626458418,35.489660252],[139.62633834,35.48964536],[139.626131634,35.48965964],[139.625954526,35.489673891],[139.625616305,35.489707109],[139.625479637,35.489737532],[139.625394357,35.489525892],[139.625374916,35.489493667],[139.625359079,35.489471171],[139.625303528,35.489390893],[139.625184358,35.489443946],[139.625152411,35.489458107],[139.625116589,35.489473945],[139.625053528,35.489502],[139.62500214,35.489526775],[139.625,35.489527803],[139.624387691,35.489823108],[139.624141582,35.489886442],[139.623896031,35.489943108],[139.623833256,35.489951441],[139.623796031,35.48995644],[139.623771855,35.489959505],[139.623758807,35.489961441],[139.623649637,35.489978946],[139.623510467,35.490017558],[139.623131168,35.490291],[139.622846641,35.490362225],[139.62274214,35.490402559],[139.622589728,35.490435802],[139.622322699,35.490511721],[139.622164385,35.490577027],[139.622079922,35.490637279],[139.621891505,35.49082864],[139.621788807,35.490995054],[139.621494644,35.491194226],[139.621395473,35.49127644],[139.621280467,35.491388667],[139.621197419,35.491488946],[139.621083528,35.491666667],[139.621083333,35.491667],[139.620996305,35.491802838],[139.620927614,35.491931171],[139.620766472,35.492233838],[139.620714227,35.492348946],[139.620739728,35.492468081],[139.620609688,35.492689558],[139.620452944,35.493097838],[139.620276031,35.493665891],[139.620158248,35.494011694],[139.620084228,35.494239559],[139.619943411,35.494677505],[139.619830195,35.494838892],[139.619730777,35.495004775],[139.619740856,35.49512536],[139.619772166,35.495216441],[139.619807718,35.495319225],[139.619907173,35.495527279],[139.619721335,35.495482171],[139.619526808,35.495387226],[139.619368833,35.495294081],[139.61922275,35.495187001],[139.619154643,35.495066171],[139.619134087,35.494987],[139.61909686,35.494881999],[139.619094228,35.494877586],[139.61902017,35.494825865],[139.61859192,35.494653776],[139.618321894,35.494527973],[139.617927056,35.494349945],[139.617672996,35.494237197],[139.617288301,35.494075775],[139.617077808,35.493990333],[139.616668807,35.493824414],[139.616666666,35.493823559],[139.616516005,35.493762441],[139.616348249,35.493697559],[139.616299637,35.493673388],[139.616257691,35.493652838],[139.616011025,35.493530892],[139.615960752,35.493506171],[139.615839922,35.493446441],[139.615394644,35.493193387],[139.614366005,35.492610333],[139.614323217,35.492588387],[139.61424044,35.492546171],[139.614191557,35.492520892],[139.613751829,35.492296171],[139.613697108,35.492262],[139.613562672,35.492177838],[139.613495721,35.492130613],[139.613322283,35.492040332],[139.613145136,35.492310919],[139.612561582,35.493050332],[139.612081828,35.493685333],[139.611756589,35.494149225],[139.611581582,35.494336721],[139.611478521,35.494404225],[139.611477135,35.494405054],[139.611326304,35.494457838],[139.611154916,35.494515333],[139.610939636,35.494586721],[139.610833256,35.494621721],[139.610825188,35.494624505],[139.610511025,35.494790333],[139.610500467,35.494793667],[139.610362412,35.494836441],[139.610263528,35.494867],[139.610116589,35.494912838],[139.609955188,35.494962838],[139.609847978,35.494995892],[139.609785746,35.495015333],[139.609385473,35.495063386],[139.609365746,35.495065612],[139.609312413,35.495092279],[139.609300467,35.495098387],[139.609263801,35.495143387],[139.6092438,35.495182559],[139.609232698,35.495227838],[139.609227419,35.495255892],[139.609222697,35.495282],[139.609230752,35.495326171],[139.609256861,35.495372278],[139.609288521,35.495414775],[139.609631855,35.495621721],[139.609685188,35.495658387],[139.609957394,35.495807387],[139.609975227,35.496256946],[139.609848782,35.496463225],[139.609798859,35.496576441],[139.609755331,35.496851278],[139.609867445,35.497040333],[139.609919079,35.497304506],[139.609939364,35.497407559],[139.609957134,35.497524504],[139.609962141,35.497667559],[139.609974643,35.497801442],[139.609979637,35.497855892],[139.60997214,35.497956441],[139.60993686,35.498036999],[139.609897419,35.498083667],[139.609854085,35.498118945],[139.609668808,35.498242973],[139.60950856,35.498333108],[139.609427523,35.498808694],[139.609154254,35.499156586],[139.609003748,35.499293694],[139.608844163,35.499109054],[139.608473281,35.498764775],[139.608435499,35.498721721],[139.608335474,35.498606748],[139.608333333,35.49860428],[139.608290751,35.498555333],[139.608210195,35.498485055],[139.608124695,35.49842272],[139.607890026,35.498449973],[139.607753605,35.498488468],[139.60755214,35.498805613],[139.607322698,35.498982838],[139.607200364,35.49907744],[139.607098249,35.499105892],[139.606810778,35.499230415],[139.606447561,35.499302505],[139.606335161,35.498890279],[139.606466744,35.498674973],[139.606295473,35.498408109],[139.606019559,35.498365613],[139.605544916,35.498066441],[139.605265188,35.498056441],[139.604991582,35.498031171],[139.604707419,35.498038667],[139.604620752,35.498048387],[139.604093256,35.498187559],[139.603934916,35.498216721],[139.603728145,35.498251279],[139.603371608,35.497887802],[139.602652776,35.498092748],[139.601796589,35.498534775],[139.601375837,35.498696865],[139.600627419,35.499205802],[139.6000838,35.498915333],[139.600002141,35.498964108],[139.6,35.498965387],[139.599905188,35.499022],[139.59963214,35.499125333],[139.599532141,35.499151721],[139.599466304,35.499169225],[139.598746032,35.499359504],[139.59825131,35.499468387],[139.598166304,35.499487],[139.598112412,35.499498945],[139.598049364,35.499512838],[139.59747131,35.499655613],[139.597380389,35.499674414],[139.596993358,35.499693279],[139.596523838,35.499688973],[139.596111634,35.499992919],[139.596114189,35.5],[139.596114306,35.500000333],[139.596181751,35.500188865],[139.596185966,35.500300972],[139.596198782,35.500585973],[139.596262413,35.50099],[139.596229532,35.501063748],[139.595734838,35.501084694],[139.595634669,35.501139026],[139.595574942,35.501314748],[139.595468833,35.501563054],[139.595482698,35.501720892],[139.595438392,35.501868505],[139.595189144,35.502027441],[139.594973528,35.502215053],[139.594805473,35.502242],[139.594714916,35.502255054],[139.594650752,35.502252559],[139.594587977,35.502244775],[139.594584086,35.502244225],[139.594529363,35.502231171],[139.594378949,35.502199533],[139.594303256,35.502022559],[139.594270195,35.501957838],[139.594034358,35.501300613],[139.593838145,35.500977837],[139.593121218,35.501164587],[139.592920533,35.501225108],[139.592497613,35.501306839],[139.592207951,35.501392748],[139.591668808,35.501816775],[139.591666667,35.501818441],[139.591433839,35.502001586],[139.591411582,35.502400333],[139.591292917,35.502865919],[139.591162114,35.503000413],[139.590868521,35.503296081],[139.59065672,35.503721892],[139.589959196,35.503677559],[139.589673969,35.503675225],[139.589514086,35.50377328],[139.589262919,35.503907387],[139.588998911,35.50397236],[139.588527302,35.503976558],[139.587451388,35.503926667],[139.586440896,35.503886442],[139.586100001,35.503871775],[139.585894942,35.503903198],[139.58523769,35.504022559],[139.584323722,35.504196586],[139.583557367,35.504299252],[139.5833393,35.50432736],[139.583335474,35.504326333],[139.583333333,35.504325748],[139.582857613,35.504196586],[139.582660246,35.504450135],[139.58266795,35.504900667],[139.582516719,35.505284171],[139.582716471,35.505305838],[139.582857692,35.505288667],[139.583144643,35.505526441],[139.583319638,35.505751171],[139.583333333,35.505760279],[139.583335473,35.505761721],[139.583638807,35.505963946],[139.583882698,35.506205892],[139.584120752,35.506481171],[139.584223281,35.506660613],[139.584261051,35.50702672],[139.584279105,35.507061441],[139.584571336,35.507049226],[139.584728832,35.507030054],[139.584805577,35.507036],[139.584887613,35.507214108],[139.585046887,35.507185442],[139.585138808,35.507268613],[139.585267665,35.507261053],[139.585415616,35.507459279],[139.585687302,35.507480251],[139.586176861,35.507467668],[139.586428028,35.507499108],[139.586812503,35.508090054],[139.586966161,35.508333333],[139.586966355,35.508333667],[139.586973969,35.508345668],[139.58643022,35.508571134],[139.586090219,35.508801973],[139.585927717,35.508898918],[139.585396886,35.509322802],[139.584893607,35.509749198],[139.585106744,35.510121],[139.584966278,35.510234748],[139.584787056,35.510455721],[139.584666588,35.510683027],[139.58454664,35.510906414],[139.584487471,35.510940306],[139.584340804,35.511033081],[139.583902023,35.511247468],[139.583593891,35.51138008],[139.583689027,35.511518135],[139.583794137,35.511556973],[139.58395642,35.51161],[139.583972438,35.511915252],[139.583975694,35.512145467],[139.584120311,35.512229414],[139.584337588,35.512260865],[139.584737108,35.512809748],[139.584942827,35.512875172],[139.585191362,35.513010414],[139.585284137,35.513131414],[139.585321218,35.513228838],[139.585285162,35.513442838],[139.585101581,35.513485441],[139.585199442,35.513637946],[139.585491363,35.513488306],[139.585588366,35.513369361],[139.585555279,35.513194532],[139.585682918,35.512881721],[139.585641971,35.512772306],[139.585960532,35.512706135],[139.586528859,35.512511135],[139.586708859,35.512429468],[139.586904423,35.51235336],[139.586986083,35.512321414],[139.587228028,35.512276694],[139.587517757,35.51229864],[139.587870726,35.512421892],[139.588306304,35.512596135],[139.588535668,35.512785559],[139.589020803,35.513123641],[139.589294255,35.513287414],[139.589541167,35.51339736],[139.589941946,35.513482252],[139.590442412,35.513531866],[139.590632388,35.513550802],[139.591361634,35.513565775],[139.591666666,35.513611838],[139.591668885,35.513612171],[139.591960143,35.513656135],[139.592125838,35.513690865],[139.59237297,35.513924225],[139.592483502,35.514172081],[139.592615577,35.514473252],[139.592701114,35.514654199],[139.593469441,35.515440306],[139.593813359,35.515787775],[139.594246615,35.516217748],[139.594722529,35.516522252],[139.595006589,35.516666667],[139.595007198,35.516666973],[139.595092244,35.516710225],[139.595711141,35.517057252],[139.596037523,35.517187252],[139.596389637,35.517333387],[139.596649144,35.517450838],[139.596901672,35.517467865],[139.597344164,35.517477333],[139.597680921,35.517455919],[139.597822529,35.517309468],[139.597783891,35.516855693],[139.598168197,35.516824252],[139.598758002,35.516804414],[139.598895616,35.516875441],[139.599111025,35.517068027],[139.59918428,35.517088919],[139.599462309,35.517136054],[139.599572918,35.517077694],[139.599607809,35.516980306],[139.599592049,35.516836225],[139.6,35.516784748],[139.600002243,35.516784469],[139.600253476,35.516752776],[139.60065681,35.516666973],[139.600658275,35.516666667],[139.600932049,35.516608414],[139.601113606,35.516626892],[139.601205137,35.516575946],[139.601641829,35.51647536],[139.602244968,35.516290946],[139.602614384,35.516605414],[139.602672607,35.516666667],[139.602672893,35.516666973],[139.602744617,35.516742414],[139.602783281,35.516843721],[139.602904943,35.51682564],[139.602587835,35.517166694],[139.60258144,35.517206694],[139.602571441,35.517271694],[139.602556161,35.517368081],[139.602549221,35.517489748],[139.602507561,35.517627252],[139.602391167,35.517968919],[139.60233616,35.518173359],[139.602126446,35.518736973],[139.602049493,35.519071694],[139.60205144,35.51914864],[139.602121441,35.51933336],[139.602148664,35.519464468],[139.602244228,35.519635027],[139.602621725,35.520129747],[139.602826446,35.520433641],[139.602998106,35.520670866],[139.603125616,35.520832532],[139.603222826,35.520774747],[139.603335331,35.520707802],[139.603425356,35.520872532],[139.603505084,35.521146972],[139.603550078,35.521441135],[139.603660078,35.522152531],[139.603715084,35.522566414],[139.603735084,35.522721135],[139.603764812,35.523030027],[139.603764034,35.523292279],[139.603709611,35.523482613],[139.603674527,35.523609469],[139.603555084,35.523951414],[139.603500363,35.52411364],[139.603373696,35.52448864],[139.603240364,35.524763081],[139.60315655,35.525000001],[139.603156446,35.525000306],[139.6031162,35.525114198],[139.603051778,35.52527392],[139.602958716,35.525457532],[139.602955668,35.525463081],[139.602741505,35.525851694],[139.602407886,35.526557533],[139.602296783,35.526781414],[139.602241219,35.526855027],[139.602057887,35.52706864],[139.601884552,35.527200865],[139.601726498,35.527305306],[139.601670946,35.527345585],[139.601595668,35.527400027],[139.601364553,35.527567532],[139.60085428,35.528018081],[139.600694553,35.528035107],[139.600704112,35.528269225],[139.600721972,35.528502171],[139.600444112,35.528464748],[139.600078106,35.528449946],[139.600002335,35.528456694],[139.6,35.528456892],[139.599568418,35.528495414],[139.599070311,35.52867536],[139.599172244,35.528843919],[139.599510506,35.528881802],[139.599450389,35.529029468],[139.599380117,35.529185586],[139.599397886,35.529320307],[139.599336784,35.529462802],[139.599265384,35.529686694],[139.599222892,35.52985864],[139.59924511,35.530256135],[139.599285668,35.530445586],[139.599356783,35.530648919],[139.599487368,35.530908468],[139.599579754,35.531290306],[139.599601245,35.531513919],[139.599594864,35.531773081],[139.599461244,35.532116973],[139.599445422,35.532157532],[139.599277302,35.532472919],[139.599147912,35.532716135],[139.599000972,35.53281364],[139.598987081,35.532823082],[139.59896847,35.532825586],[139.598747639,35.532855027],[139.598586809,35.532876694],[139.5978493,35.53294864],[139.597748469,35.532961694],[139.597634577,35.532976135],[139.59714847,35.533022802],[139.596877639,35.533069198],[139.596803748,35.533080865],[139.596684306,35.533099468],[139.596072503,35.533122667],[139.596081751,35.533304505],[139.596085695,35.533333333],[139.596085746,35.53333364],[139.596136809,35.533704199],[139.596196006,35.533997613],[139.596181361,35.534225027],[139.596012244,35.534461775],[139.595776615,35.534901775],[139.595490999,35.53546564],[139.595219948,35.535840668],[139.59485852,35.536376694],[139.595099469,35.536425919],[139.595745837,35.536378586],[139.596321285,35.536557171],[139.596332504,35.536749],[139.596217833,35.536964667],[139.596489612,35.53713836],[139.596896227,35.537522531],[139.596919339,35.537550587],[139.597048495,35.537722532],[139.597213502,35.537880865],[139.597622386,35.538286838],[139.597741803,35.538540136],[139.597576005,35.538706108],[139.597592114,35.53881],[139.597610441,35.538930001],[139.597618781,35.538983054],[139.59766489,35.539107775],[139.597752114,35.539125001],[139.597865162,35.539299441],[139.597910441,35.539440838],[139.597990726,35.539979721],[139.598123087,35.539970414],[139.598246744,35.540441441],[139.598648664,35.54034064],[139.598637886,35.540616775],[139.59857061,35.540737505],[139.598589805,35.541076919],[139.598785188,35.541159251],[139.59898358,35.541086533],[139.599196939,35.540958],[139.599587523,35.540917306],[139.599952192,35.540904054],[139.6,35.540909027],[139.600002412,35.540909278],[139.600121582,35.540921667],[139.600349533,35.541039414],[139.600514163,35.541086359],[139.600966031,35.541048775],[139.601630337,35.540964802],[139.602218145,35.540976775],[139.602273995,35.541143414],[139.602277418,35.541547865],[139.602239856,35.541666667],[139.60223978,35.541666946],[139.60215428,35.541937334],[139.602213022,35.542135108],[139.602233022,35.542277919],[139.602189921,35.542501027],[139.602166473,35.542567413],[139.602281777,35.542779748],[139.602373022,35.543297865],[139.602435227,35.543929586],[139.602555253,35.544996667],[139.60257153,35.545474721],[139.602803721,35.546227838],[139.60321258,35.546318],[139.603585279,35.546464838],[139.603858004,35.546651974],[139.604129105,35.547015279],[139.604223281,35.547180837],[139.60431655,35.547446081],[139.604542478,35.547417891],[139.604739663,35.547576],[139.604983748,35.547831559],[139.605339248,35.548024054],[139.605322219,35.548307171],[139.605384617,35.548518865],[139.605469974,35.548648892],[139.605567756,35.548874171],[139.605385811,35.549536667],[139.605294423,35.549803892],[139.605210752,35.55],[139.605210609,35.550000279],[139.605189144,35.550050559],[139.605019002,35.550377199],[139.605131362,35.550505946],[139.605641089,35.551080837],[139.605776082,35.551248892],[139.606279443,35.551816946],[139.606507783,35.552074999],[139.606608054,35.552208333],[139.606722996,35.552387172],[139.607162502,35.552408892],[139.607337224,35.5524],[139.607813061,35.552395559],[139.608333333,35.552379027],[139.608335837,35.552378946],[139.608844449,35.552362775],[139.608934162,35.552361387],[139.609521387,35.552351946],[139.609958341,35.552308892],[139.610168612,35.552247225],[139.610428612,35.552138892],[139.610572776,35.552058892],[139.610604164,35.552140278],[139.610623333,35.552231387],[139.610865812,35.552819414],[139.610968885,35.553846108],[139.610894163,35.553870837],[139.610866394,35.554211387],[139.610996031,35.554537973],[139.611132672,35.555445333],[139.610846938,35.555817748],[139.61068131,35.556044587],[139.610615057,35.556308667],[139.610664721,35.556430532],[139.610768275,35.556637055],[139.610870311,35.556779333],[139.610725162,35.556971415],[139.610730245,35.557192306],[139.610734475,35.557355558],[139.61075511,35.557467054],[139.611467471,35.557673334],[139.611542244,35.557960559],[139.611635032,35.557983891],[139.611798079,35.558024721],[139.612493917,35.558186667],[139.612848639,35.558260279],[139.612990026,35.558289721],[139.612983996,35.558333333],[139.612983943,35.558333613],[139.612949469,35.558582504],[139.612939495,35.558754171],[139.613020337,35.558966108],[139.613102284,35.559095559],[139.613193386,35.559242506],[139.61326367,35.559397505],[139.613305331,35.559541387],[139.613348393,35.559690559],[139.613355331,35.559715],[139.613403385,35.559976946],[139.613414501,35.560106387],[139.613394228,35.560288054],[139.613382827,35.560380837],[139.613350895,35.560641946],[139.613324773,35.560801108],[139.613278665,35.560902505],[139.613269222,35.560967225],[139.613405058,35.560966946],[139.61352061,35.560952505],[139.613548665,35.560944721],[139.613669221,35.560928892],[139.613927277,35.560875838],[139.614556446,35.560747505],[139.614865616,35.560667775],[139.615119494,35.560602506],[139.615308949,35.560556946],[139.615555616,35.560485],[139.615950052,35.560360559],[139.616170895,35.560327225],[139.616308392,35.560306667],[139.616482827,35.560283892],[139.616617833,35.560304441],[139.616666667,35.560298974],[139.616669222,35.560298694],[139.617140894,35.560245838],[139.617388664,35.560234721],[139.61754061,35.560234721],[139.617711168,35.560265001],[139.617831166,35.560314441],[139.618067562,35.560412505],[139.61837978,35.560607775],[139.618675641,35.560869171],[139.618888145,35.561024441],[139.619221751,35.561357774],[139.619373411,35.56147917],[139.619675084,35.561681108],[139.619895084,35.56179444],[139.620342581,35.561896946],[139.620695084,35.561942225],[139.621002866,35.562013333],[139.621301751,35.562082505],[139.621471751,35.562098055],[139.621506745,35.562101387],[139.621787859,35.562097505],[139.622077859,35.562035838],[139.622305642,35.561950279],[139.622488975,35.561873054],[139.622621751,35.561803054],[139.622790636,35.561714171],[139.62313703,35.561624721],[139.623495357,35.561498334],[139.623670637,35.561429171],[139.623833696,35.561388614],[139.624114813,35.561347775],[139.624404254,35.561303892],[139.624608975,35.561272775],[139.624747859,35.561290838],[139.624830079,35.561358334],[139.624912867,35.561426386],[139.624988419,35.561488613],[139.625,35.561498081],[139.62500258,35.561500225],[139.625025357,35.561518892],[139.62510148,35.561608333],[139.625231479,35.561720279],[139.625432581,35.561903613],[139.625698145,35.562076387],[139.62587258,35.562188333],[139.626001725,35.562272694],[139.626119001,35.562349441],[139.626279273,35.562433054],[139.626410117,35.562501387],[139.626624838,35.562496946],[139.626803995,35.562465559],[139.62702345,35.562438892],[139.627211505,35.56247],[139.62744428,35.562479171],[139.62764594,35.562510279],[139.62780956,35.562556387],[139.628070947,35.562630838],[139.628281505,35.562635279],[139.628401777,35.562643054],[139.62856345,35.562653333],[139.62869345,35.562613054]]},"properties":{"city_code":"14109","city_name":"港北区","prefecture_code":"14","prefecture_name":"神奈川県"}},{"type":"Feature","geometry":{"type":"LineString","coordinates":[[139.531633021,35.448002919],[139.531980532,35.447795973],[139.532224812,35.447831559],[139.532284423,35.447801252],[139.532516083,35.44769764],[139.532741634,35.447592081],[139.532873865,35.447545414],[139.53301192,35.447512919],[139.533269974,35.447447919],[139.533333334,35.447435892],[139.533334968,35.447435586],[139.533454424,35.447412919],[139.533594695,35.447390694],[139.533698301,35.447380414],[139.533789689,35.447380413],[139.533893022,35.447370414],[139.534011089,35.447352082],[139.534181634,35.44732764],[139.53430358,35.447295135],[139.534380804,35.44725264],[139.534439689,35.447179586],[139.534500805,35.447063748],[139.534531088,35.446960135],[139.534537756,35.446849027],[139.534554137,35.446749586],[139.534600804,35.446623748],[139.534651634,35.446495694],[139.534726641,35.446390135],[139.534801919,35.446303198],[139.535273333,35.445975386],[139.53539192,35.445743468],[139.53549358,35.445609306],[139.535558341,35.445389413],[139.535622023,35.445230946],[139.535743891,35.444972837],[139.535821089,35.444794027],[139.535900533,35.444612081],[139.53598192,35.44445764],[139.536067174,35.44432764],[139.536221608,35.444019306],[139.536329662,35.443745694],[139.536425228,35.443559027],[139.536476057,35.443412919],[139.536496329,35.443325414],[139.536516614,35.443282919],[139.536561336,35.443258468],[139.536760507,35.443240135],[139.5369355,35.443237919],[139.537113555,35.443235414],[139.537460778,35.443202919],[139.537716886,35.443199026],[139.538021608,35.443166533],[139.538071609,35.443153467],[139.538123281,35.443140136],[139.538152503,35.443327749],[139.538171725,35.443464081],[139.538236641,35.443636506],[139.538391219,35.443797802],[139.538704332,35.443945108],[139.538902555,35.444416306],[139.538957692,35.444487748],[139.53929869,35.444408253],[139.539515032,35.444316587],[139.539663502,35.444259973],[139.539917108,35.444232505],[139.540302633,35.444256198],[139.540581725,35.444300413],[139.540933774,35.444386801],[139.541071894,35.444454387],[139.541204578,35.444552532],[139.541354332,35.444707946],[139.5415193,35.444885973],[139.541608858,35.445045171],[139.541649689,35.445094306],[139.541666667,35.445113225],[139.541668301,35.445115027],[139.541772191,35.445230694],[139.541872191,35.44530736],[139.541965253,35.445365414],[139.542102476,35.445430694],[139.542195811,35.445470135],[139.542337756,35.445509586],[139.542481921,35.445539864],[139.542630804,35.445558468],[139.542746913,35.445570135],[139.542972749,35.445579586],[139.543049689,35.445577082],[139.543170533,35.445563197],[139.543298585,35.445544587],[139.543507757,35.445500414],[139.543684695,35.445446802],[139.543786913,35.445409586],[139.543947756,35.445354027],[139.54401275,35.445321252],[139.544273307,35.445170414],[139.544359559,35.445055171],[139.544434163,35.444956694],[139.544538975,35.444938892],[139.544558663,35.44503464],[139.544553969,35.44530028],[139.544621089,35.445434892],[139.544645811,35.445505135],[139.544965447,35.446125252],[139.54500144,35.446299586],[139.545045746,35.446507892],[139.545217302,35.446946279],[139.545279222,35.44709192],[139.545333775,35.447173505],[139.545394358,35.447248135],[139.545536549,35.447315171],[139.545779637,35.447411253],[139.545903722,35.44750164],[139.546017809,35.447562919],[139.546186939,35.447621252],[139.546322192,35.447625586],[139.546477756,35.447591973],[139.546665837,35.447512667],[139.546866394,35.447435694],[139.547186693,35.447349837],[139.547466057,35.447320468],[139.547636589,35.447344135],[139.547900557,35.447243748],[139.548086939,35.447282081],[139.548535888,35.447382504],[139.548658781,35.447395334],[139.548804229,35.44738664],[139.548862697,35.447268333],[139.548898781,35.447119415],[139.548852892,35.446853865],[139.548671971,35.446483225],[139.548603307,35.44634264],[139.548651634,35.446283748],[139.548653865,35.446281252],[139.548685254,35.446218198],[139.548764138,35.445997641],[139.548813307,35.445908198],[139.548895253,35.445750694],[139.54901358,35.445531803],[139.549084695,35.445383748],[139.549380337,35.445147919],[139.549636355,35.445111306],[139.549901219,35.445099839],[139.55,35.445107279],[139.550001634,35.445107387],[139.55010406,35.445115107],[139.550368949,35.445059668],[139.550569689,35.444959865],[139.550936498,35.444764775],[139.551432219,35.444722865],[139.551547444,35.444710776],[139.551648365,35.444665999],[139.551690143,35.444594108],[139.551700245,35.44450336],[139.551746913,35.444031947],[139.551735694,35.443647919],[139.551711776,35.443333225],[139.55174061,35.443142333],[139.551769274,35.44295456],[139.551819105,35.442872802],[139.551947328,35.442835802],[139.552201336,35.442827081],[139.55233131,35.442850667],[139.552476498,35.442878866],[139.552615189,35.442842747],[139.552767173,35.44274764],[139.552896524,35.442692199],[139.553051024,35.442650135],[139.553219222,35.442623054],[139.553389468,35.442640333],[139.55371917,35.442704973],[139.553894916,35.442743865],[139.554360532,35.442805973],[139.554479689,35.442841252],[139.554761634,35.442904865],[139.554976913,35.44295736],[139.555178585,35.443008198],[139.555334423,35.443043199],[139.555429416,35.443065414],[139.555550246,35.443094027],[139.555611363,35.443104586],[139.555637757,35.443104586],[139.555683307,35.443097639],[139.555735812,35.443074865],[139.555804137,35.44302236],[139.555854968,35.442945135],[139.555956641,35.442691252],[139.556013865,35.442523467],[139.55606275,35.442435973],[139.556126057,35.442350135],[139.556174942,35.442299307],[139.556281894,35.442218747],[139.556362438,35.442173198],[139.556444942,35.442145415],[139.556529105,35.442127918],[139.556634111,35.442115414],[139.556710506,35.442111252],[139.556789391,35.442099027],[139.556834254,35.442085802],[139.556861051,35.442077919],[139.557004941,35.442018467],[139.557120506,35.44196764],[139.557264384,35.441925693],[139.557351893,35.441911532],[139.557437717,35.441900973],[139.557512996,35.441895973],[139.557609663,35.441867919],[139.557791336,35.441769306],[139.557861608,35.441716802],[139.557922672,35.441667081],[139.557923191,35.441666667],[139.557964941,35.441632639],[139.558082165,35.441531252],[139.55813939,35.441464027],[139.558160779,35.441412081],[139.558176057,35.441265694],[139.558250052,35.440731225],[139.558244773,35.440562721],[139.558258886,35.440429721],[139.558292918,35.440288252],[139.558333333,35.440233802],[139.558334942,35.440231613],[139.558399585,35.440144505],[139.558592724,35.439981892],[139.558633087,35.439833414],[139.558790221,35.439546],[139.558814669,35.439444559],[139.558795721,35.439334586],[139.558729104,35.439210441],[139.558642023,35.439085171],[139.558428003,35.438661467],[139.558454332,35.43850656],[139.55845144,35.438306225],[139.558464643,35.438092946],[139.558564644,35.437934613],[139.558759883,35.437790081],[139.558897173,35.43757256],[139.559087834,35.437404973],[139.559255694,35.437314],[139.559512245,35.437238586],[139.559742413,35.437150837],[139.560036913,35.437028838],[139.560361582,35.436825441],[139.560453256,35.43677044],[139.560630467,35.436642387],[139.56071297,35.436581279],[139.560856304,35.436373775],[139.561027418,35.436187946],[139.561138521,35.436060721],[139.561270195,35.435956279],[139.561272698,35.435954333],[139.561437691,35.435838225],[139.561458249,35.435823225],[139.561632698,35.435694892],[139.561751582,35.435621279],[139.561825188,35.435576],[139.561956304,35.435499613],[139.562047977,35.435466],[139.562176305,35.43545072],[139.562334916,35.43545072],[139.562481581,35.435456838],[139.56263131,35.435487387],[139.562939078,35.435566838],[139.562955474,35.435569893],[139.563177419,35.435609613],[139.563329922,35.435627946],[139.563497977,35.435652388],[139.563677977,35.435682668],[139.563907134,35.435707108],[139.564157419,35.435734613],[139.564270467,35.435746837],[139.56447144,35.435777332],[139.564490195,35.435780171],[139.564603256,35.435807667],[139.56466131,35.435847107],[139.564710196,35.435926559],[139.564810467,35.436057667],[139.564871583,35.436137108],[139.564932698,35.436213225],[139.564996861,35.436283505],[139.565054917,35.43634156],[139.565149638,35.436396279],[139.56529786,35.43649856],[139.565441997,35.436555108],[139.565632801,35.436626333],[139.565823281,35.436681306],[139.565959948,35.43668736],[139.566129028,35.436648721],[139.566353217,35.436602532],[139.566581777,35.436585532],[139.566666667,35.436642441],[139.566668248,35.436643532],[139.566824916,35.436748586],[139.567223501,35.436835559],[139.567828469,35.43700536],[139.568212412,35.437130441],[139.568474086,35.437186838],[139.568639442,35.437144332],[139.568715915,35.437105946],[139.569330143,35.437161946],[139.569447691,35.437170441],[139.569835473,35.437246559],[139.570119364,35.437316802],[139.570284358,35.437377919],[139.570437976,35.43744264],[139.570639664,35.437525135],[139.570786058,35.437582919],[139.570935772,35.437631531],[139.571146329,35.437671252],[139.571320219,35.437710695],[139.571432996,35.437740415],[139.571686329,35.437806802],[139.571837445,35.437836802],[139.571899948,35.43784236],[139.571951336,35.437829027],[139.571980221,35.437804306],[139.572001336,35.43775236],[139.572060778,35.437606802],[139.572156329,35.437352081],[139.572187717,35.437239866],[139.57239891,35.436803225],[139.572641167,35.436133135],[139.572777223,35.435764135],[139.572906641,35.435414171],[139.572998948,35.435072107],[139.573063696,35.434906919],[139.573417757,35.434676667],[139.573237133,35.434555441],[139.573475914,35.434398441],[139.573597302,35.434322252],[139.573703087,35.434225838],[139.573706395,35.434054919],[139.573775136,35.433928],[139.573769416,35.433677801],[139.573769612,35.433598505],[139.5737462,35.433452613],[139.573769248,35.433333775],[139.573769339,35.433333333],[139.57377144,35.433322414],[139.573859028,35.433213892],[139.574045162,35.433071558],[139.574124617,35.432983224],[139.574188781,35.432903775],[139.574258782,35.432797387],[139.574292114,35.432672107],[139.574331829,35.43251656],[139.574353774,35.432434333],[139.574383774,35.432321279],[139.574397393,35.43222128],[139.574399053,35.432208506],[139.574399053,35.432014054],[139.574377665,35.431944054],[139.57434406,35.431873775],[139.574243799,35.431739225],[139.574275746,35.431567586],[139.574331829,35.431413225],[139.574569728,35.431303694],[139.575,35.431130613],[139.575001556,35.43113],[139.575069806,35.431102558],[139.57513092,35.431023666],[139.575170169,35.430971559],[139.575237029,35.430881695],[139.575241855,35.430789667],[139.575234617,35.430718226],[139.575211284,35.430279614],[139.575196809,35.430054838],[139.575234579,35.429971559],[139.575275577,35.429915504],[139.575416616,35.429839865],[139.575532918,35.429733387],[139.575560803,35.429595613],[139.575497083,35.429479892],[139.575464306,35.429422667],[139.575442088,35.429377108],[139.5754293,35.429346279],[139.575419858,35.429302387],[139.575416252,35.429267387],[139.575417367,35.429207946],[139.575429857,35.429143505],[139.5754693,35.429027387],[139.575528028,35.428950586],[139.57560681,35.428861198],[139.575357588,35.428343252],[139.575206445,35.42798964],[139.575145331,35.427779305],[139.575118003,35.427458559],[139.575095472,35.427199586],[139.575122802,35.427039198],[139.575164617,35.426801279],[139.575243385,35.426514694],[139.575261089,35.426353],[139.575518172,35.426106838],[139.575651804,35.426019107],[139.575819027,35.425832441],[139.575897808,35.42571544],[139.576079494,35.42557217],[139.576249922,35.425440694],[139.576280467,35.425326333],[139.576275643,35.425222468],[139.576256782,35.425053776],[139.576257276,35.425000441],[139.576257276,35.425],[139.576258171,35.424905172],[139.576237887,35.424744333],[139.576285305,35.424611225],[139.575721505,35.424172919],[139.575616745,35.424102667],[139.57554258,35.424053775],[139.575526252,35.424049225],[139.57544275,35.424002585],[139.575379831,35.423982973],[139.575021505,35.423980252],[139.575001479,35.423985225],[139.575,35.423985613],[139.574714385,35.424056505],[139.574391194,35.424176108],[139.573924917,35.424370668],[139.573924942,35.424632279],[139.574240246,35.424718171],[139.574478054,35.424772918],[139.574540778,35.424850468],[139.574695188,35.424988305],[139.574978444,35.424983226],[139.575,35.424985721],[139.575001505,35.424985892],[139.575124035,35.425],[139.575127977,35.425000441],[139.575526394,35.425046333],[139.57554978,35.425092441],[139.575552114,35.425254027],[139.575460467,35.425272441],[139.575320662,35.42528017],[139.575238585,35.425282973],[139.575265914,35.425384198],[139.575278171,35.425486001],[139.575282049,35.425569054],[139.575286226,35.425661838],[139.575132477,35.425808775],[139.575079339,35.425850054],[139.575001505,35.425863333],[139.575,35.425863586],[139.574889663,35.425882388],[139.574793191,35.425835081],[139.574732114,35.425761468],[139.574587393,35.425484081],[139.574507327,35.425390171],[139.574236109,35.425000441],[139.574235772,35.425000001],[139.574123696,35.424838892],[139.574008561,35.424850505],[139.57406397,35.425000001],[139.574064137,35.425000441],[139.574242971,35.425482839],[139.574342996,35.425753586],[139.57435908,35.425831135],[139.574177393,35.426028306],[139.57405594,35.426036838],[139.573740052,35.426033558],[139.572775357,35.426050639],[139.57212083,35.426029028],[139.571680415,35.426019081],[139.57139869,35.42600564],[139.571165914,35.425967839],[139.57097297,35.425938919],[139.570675525,35.425916559],[139.570420415,35.425913108],[139.570222633,35.425908614],[139.570048444,35.42590736],[139.569990143,35.425875559],[139.569946978,35.425774333],[139.569929728,35.425563468],[139.569863165,35.425433774],[139.569882866,35.425215946],[139.5699338,35.425084559],[139.56999017,35.425000441],[139.569990467,35.425],[139.570178781,35.424719027],[139.570376446,35.424478468],[139.570596719,35.424282613],[139.57087808,35.424022333],[139.570677082,35.423842667],[139.570577419,35.42374236],[139.570932751,35.423545198],[139.571487445,35.423242866],[139.57170175,35.423120198],[139.572182023,35.422806441],[139.572437691,35.422617171],[139.572518054,35.422472586],[139.572863799,35.422171279],[139.57337192,35.42193044],[139.573418444,35.421835027],[139.573286135,35.421686775],[139.57308725,35.421548468],[139.572961804,35.421415694],[139.572785057,35.421295747],[139.572737782,35.421245919],[139.572433021,35.421024414],[139.572266978,35.420932252],[139.572173671,35.420867333],[139.572211555,35.420764667],[139.57191533,35.420379082],[139.571605058,35.419934919],[139.571350466,35.419541721],[139.571152166,35.419449198],[139.570962049,35.41919964],[139.570047056,35.419482],[139.569818859,35.419745838],[139.569691531,35.419801442],[139.569550143,35.419859198],[139.569198664,35.419884387],[139.568697133,35.420030252],[139.568650506,35.419903613],[139.568635525,35.419860442],[139.568549858,35.419674721],[139.568480052,35.419532135],[139.568454669,35.419469973],[139.568362776,35.419235054],[139.568748807,35.419115414],[139.569342283,35.418931694],[139.569470195,35.418894973],[139.569102309,35.418060694],[139.569196887,35.417993973],[139.569274773,35.417909054],[139.569335032,35.417766253],[139.569341699,35.417709082],[139.569380584,35.417522694],[139.569380026,35.417435198],[139.569436134,35.417375198],[139.569527523,35.417277136],[139.569579754,35.417221306],[139.569887523,35.417115468],[139.570021971,35.417087135],[139.570360584,35.416971865],[139.570209468,35.416919081],[139.570048367,35.416862694],[139.569728275,35.416909972],[139.569563645,35.416934081],[139.569349197,35.416965747],[139.56918031,35.417014081],[139.568279754,35.417160748],[139.568277523,35.417161028],[139.567422244,35.417281864],[139.567321414,35.417296027],[139.567202802,35.417312974],[139.567058366,35.417333252],[139.56666808,35.417394864],[139.566666667,35.417395081],[139.566384475,35.41743964],[139.565743916,35.417802414],[139.565538079,35.417887134],[139.565064475,35.418],[139.564843165,35.418108225],[139.564659442,35.418190612],[139.564471725,35.418241694],[139.564362802,35.418375198],[139.564259663,35.418497668],[139.564025474,35.418719974],[139.563901219,35.418770171],[139.563771284,35.418786506],[139.563715383,35.418864053],[139.563647276,35.419019134],[139.563635136,35.419144414],[139.56360594,35.419259749],[139.56355,35.41932336],[139.563000727,35.41915964],[139.562382827,35.418963532],[139.562176913,35.419074108],[139.562100506,35.419142414],[139.562078612,35.419212026],[139.562102944,35.41949436],[139.56205144,35.419684919],[139.561925383,35.419703135],[139.56178144,35.41970464],[139.561509222,35.419667694],[139.560760052,35.419472694],[139.559434773,35.419379081],[139.559313386,35.419359081],[139.55929144,35.419355748],[139.559038949,35.419314359],[139.559030052,35.419312973],[139.558734968,35.419425333],[139.558410752,35.419527532],[139.558334773,35.419548333],[139.558333333,35.419548721],[139.557852891,35.419680334],[139.55754511,35.419781559],[139.557075111,35.420038532],[139.556633359,35.42026528],[139.5564938,35.419974802],[139.556723191,35.419773441],[139.556895253,35.419890198],[139.556923385,35.41978436],[139.556944501,35.419754918],[139.557236719,35.419348801],[139.557257562,35.419319641],[139.557761972,35.418643532],[139.557934748,35.418375469],[139.558098197,35.418265359],[139.558183333,35.418124667],[139.55815131,35.418028054],[139.55812764,35.417746387],[139.558234306,35.417458865],[139.558333334,35.417333225],[139.558334747,35.417331414],[139.5584062,35.417240774],[139.558531997,35.416667135],[139.558532114,35.416666667],[139.558546472,35.416601107],[139.558558366,35.41641964],[139.558540026,35.416114081],[139.558498911,35.415960469],[139.558459559,35.415846775],[139.558397419,35.415799252],[139.558334721,35.415776747],[139.558333333,35.415776252],[139.558087497,35.415687972],[139.557849028,35.415628721],[139.557575473,35.415574081],[139.557386694,35.415460721],[139.557272503,35.415347414],[139.556980415,35.415212802],[139.556840415,35.415169947],[139.556436355,35.415111801],[139.556122218,35.415032693],[139.555815966,35.415081135],[139.555584812,35.415110225],[139.555272777,35.415179945],[139.555246977,35.415132838],[139.555217134,35.415066279],[139.555043476,35.414916387],[139.554790559,35.414829171],[139.554504086,35.414762946],[139.554217613,35.41475164],[139.553880559,35.414731198],[139.554004228,35.414504505],[139.553960778,35.41396336],[139.553964721,35.413756613],[139.553958807,35.413574081],[139.553982503,35.413305946],[139.55401214,35.413041027],[139.55396275,35.412852054],[139.553861946,35.412603306],[139.553702996,35.412313667],[139.553682166,35.412193],[139.55370978,35.411945171],[139.553869857,35.411695504],[139.554047666,35.411561441],[139.553755356,35.411147721],[139.553812672,35.411071135],[139.554050999,35.410956505],[139.55419192,35.410702108],[139.554460143,35.410453279],[139.554675551,35.410338748],[139.554950585,35.410007559],[139.554922918,35.409917081],[139.554899222,35.409564973],[139.554978223,35.409254838],[139.555116524,35.409080386],[139.555331854,35.408818721],[139.555491894,35.408799333],[139.555879949,35.40879328],[139.556146057,35.408892171],[139.556499494,35.40868464],[139.556677302,35.408592586],[139.556825473,35.408501667],[139.556843554,35.408367748],[139.556838755,35.408333838],[139.55683869,35.408333334],[139.556833217,35.408294999],[139.55672275,35.408012694],[139.556659781,35.407883918],[139.556654112,35.407740468],[139.556649689,35.407553171],[139.55662253,35.407380026],[139.556602244,35.407226054],[139.55657061,35.407101694],[139.556560337,35.406958838],[139.556578521,35.406831946],[139.556635499,35.406684667],[139.556593839,35.406485224],[139.556513528,35.406287171],[139.556524812,35.406164612],[139.556482412,35.405984946],[139.556432309,35.405877586],[139.556420441,35.405352386],[139.556377977,35.405055919],[139.556247691,35.404872171],[139.55616131,35.404609387],[139.556103281,35.404382108],[139.556155253,35.404284973],[139.556293217,35.404212612],[139.556347393,35.40414964],[139.556347004,35.404042027],[139.556283671,35.403792224],[139.55626153,35.403631441],[139.556283528,35.403544586],[139.556464358,35.403394307],[139.556598107,35.403244252],[139.556718755,35.403150838],[139.556888145,35.403028307],[139.556940532,35.402907999],[139.556948366,35.402797505],[139.556961556,35.402782467],[139.557089611,35.402560252],[139.557046279,35.402414135],[139.556882115,35.402040252],[139.556848223,35.40184164],[139.556881829,35.40159636],[139.556893502,35.401139973],[139.556975304,35.400681225],[139.55709214,35.400564837],[139.557467639,35.400394],[139.55747345,35.400194947],[139.557458301,35.400000532],[139.557458275,35.4],[139.557448755,35.399877748],[139.557458755,35.399700802],[139.557607082,35.39952436],[139.557763839,35.399379253],[139.558058392,35.399160054],[139.558303191,35.398956027],[139.558333333,35.398938533],[139.558334578,35.398937802],[139.558617328,35.398773532],[139.559193191,35.398577414],[139.559373995,35.398458559],[139.559544864,35.398336081],[139.559635305,35.398256613],[139.559792827,35.398045055],[139.560097081,35.397751054],[139.560201803,35.397533027],[139.56039148,35.397411892],[139.560795525,35.397175468],[139.560374838,35.39666164],[139.560154553,35.396412748],[139.560102049,35.396353586],[139.559962724,35.396145533],[139.559753306,35.395888694],[139.559581413,35.395683559],[139.559354189,35.395426721],[139.559208003,35.395250667],[139.558978833,35.394969612],[139.558810895,35.394703108],[139.558717886,35.394514135],[139.55865681,35.394360667],[139.55860148,35.394199135],[139.558538249,35.39393908],[139.558536252,35.393670973],[139.558601439,35.393328532],[139.558688366,35.393037802],[139.55879703,35.392801974],[139.558949169,35.392491838],[139.558730467,35.392245999],[139.55879642,35.392095441],[139.558596303,35.392022947],[139.558416667,35.39193],[139.558437133,35.391766387],[139.558494642,35.391667225],[139.558494942,35.391666667],[139.558535914,35.391596055],[139.558334528,35.39151964],[139.558333333,35.391519171],[139.558138469,35.391445252],[139.558233359,35.391286721],[139.558044112,35.391213305],[139.557592166,35.391051333],[139.55776358,35.390758279],[139.557455745,35.39063064],[139.557478612,35.390565361],[139.557018948,35.390401387],[139.556941997,35.390365279],[139.556854228,35.390328613],[139.556765058,35.390291109],[139.556655332,35.390248892],[139.556478392,35.390180279],[139.556376446,35.390140838],[139.556268391,35.390099171],[139.556025331,35.389970838],[139.556033747,35.389937387],[139.556236329,35.389695332],[139.555902361,35.389462171],[139.555657833,35.389263053],[139.555472283,35.389066107],[139.555352283,35.388920252],[139.555220803,35.388701919],[139.554979559,35.388182226],[139.554746005,35.387556108],[139.554650272,35.387396441],[139.554562193,35.387271225],[139.554401362,35.387155388],[139.554269467,35.387055838],[139.554341414,35.38674264],[139.554331972,35.386705],[139.554022803,35.386375],[139.553977523,35.386296667],[139.553755032,35.385986386],[139.553730856,35.385939721],[139.553644747,35.385772505],[139.55357336,35.385653613],[139.553515032,35.385556667],[139.553252245,35.385088054],[139.553233358,35.384942225],[139.553218911,35.384831694],[139.553135863,35.384455865],[139.553127808,35.384430306],[139.55305197,35.384193359],[139.552913086,35.384094197],[139.552797808,35.384013361],[139.552665578,35.383856414],[139.552383644,35.383651414],[139.551969831,35.383469946],[139.551751362,35.383392279],[139.551595305,35.38334236],[139.551556032,35.383333919],[139.551553359,35.383333332],[139.551435162,35.383307946],[139.551315746,35.383250252],[139.551112192,35.383112694],[139.550947977,35.382981748],[139.55085978,35.382895225],[139.550843502,35.382782055],[139.550828172,35.382666225],[139.550791336,35.382534802],[139.550689857,35.382373946],[139.550557717,35.382292946],[139.550388275,35.382183586],[139.550236329,35.382159892],[139.550001115,35.382131081],[139.55,35.382130946],[139.549926109,35.382121919],[139.549863722,35.382077559],[139.549779559,35.381963279],[139.54968856,35.381810748],[139.549586251,35.381670613],[139.54933856,35.381522802],[139.549269339,35.381368586],[139.549238885,35.38113892],[139.549206913,35.380895946],[139.549197419,35.380782776],[139.549193333,35.380652973],[139.549171283,35.380510775],[139.549145083,35.380444802],[139.549094281,35.380326775],[139.548885694,35.380032441],[139.548737393,35.379841946],[139.548670895,35.379750973],[139.548605667,35.379621559],[139.548532437,35.379395946],[139.548491699,35.379057532],[139.548468585,35.378961414],[139.548406354,35.37880364],[139.548294695,35.378519748],[139.548200246,35.378409198],[139.548091699,35.378281973],[139.547961114,35.378044586],[139.547877328,35.377942306],[139.547729105,35.377747973],[139.547639494,35.377568613],[139.547429274,35.377503892],[139.547163165,35.377372108],[139.547103605,35.377379532],[139.546932477,35.377570866],[139.546749248,35.377788306],[139.546498081,35.377990586],[139.546331284,35.378016866],[139.5460538,35.37800764],[139.545956744,35.378169973],[139.545772283,35.378321586],[139.545487887,35.378342613],[139.545293087,35.378404],[139.544773384,35.378421802],[139.544558613,35.378532946],[139.544331,35.378571586],[139.543926589,35.378552721],[139.543694527,35.378657],[139.543604968,35.37881456],[139.543461362,35.37882836],[139.543275227,35.378826748],[139.543131362,35.378800135],[139.542945473,35.378777946],[139.542790778,35.378821198],[139.542572283,35.378907748],[139.5423,35.378947533],[139.542168885,35.378956414],[139.542076938,35.378960999],[139.541838105,35.378850081],[139.541805447,35.378737559],[139.541667782,35.378733946],[139.541666667,35.378733919],[139.541653554,35.378733586],[139.541612284,35.378806415],[139.541475772,35.378865613],[139.541364163,35.378939225],[139.541217224,35.378977559],[139.541122944,35.378936612],[139.540997328,35.378993226],[139.540927523,35.379052],[139.540926161,35.379150747],[139.540905811,35.379216198],[139.540855616,35.379269441],[139.540806109,35.379296415],[139.540357562,35.379381505],[139.54033856,35.37954572],[139.540251336,35.379568838],[139.540191946,35.379874198],[139.540012865,35.379902973],[139.539869053,35.379941559],[139.539505331,35.379971747],[139.539349274,35.38016036],[139.53946869,35.380347865],[139.539410338,35.380354532],[139.539216278,35.380416667],[139.538938079,35.380569776],[139.538727716,35.380691802],[139.538599611,35.380832667],[139.538518755,35.38115336],[139.538449922,35.381259468],[139.538338275,35.381303135],[139.538187562,35.381308775],[139.537983671,35.381318838],[139.537690947,35.38149064],[139.537583359,35.381572252],[139.537406136,35.381732532],[139.537277223,35.381940505],[139.537203023,35.382006414],[139.53706131,35.382069775],[139.536844163,35.382111946],[139.53676275,35.382191838],[139.536703061,35.382333838],[139.536651855,35.382453919],[139.536630311,35.382463081],[139.536400855,35.382605586],[139.536167004,35.38267336],[139.536020169,35.382803694],[139.535667614,35.383018387],[139.535449079,35.382819135],[139.535266692,35.38265308],[139.535252529,35.382656414],[139.535003359,35.382712802],[139.534485616,35.382786505],[139.533980584,35.382897532],[139.533680856,35.382955306],[139.533542802,35.382981973],[139.533442528,35.383001135],[139.533334475,35.383026224],[139.533333333,35.383026505],[139.532901141,35.383127252],[139.532894747,35.383128639],[139.532683918,35.383177532],[139.532431025,35.383174838],[139.532363165,35.383175946],[139.532369754,35.383017802],[139.532425305,35.382289748],[139.532466979,35.381440027],[139.532503087,35.380770585],[139.532536939,35.380138108],[139.532553334,35.379947],[139.532549171,35.379770333],[139.532615005,35.379410334],[139.532615279,35.379409226],[139.532639999,35.379273667],[139.532631673,35.379032838],[139.532471946,35.378313947],[139.532264163,35.377887838],[139.531933891,35.377375333],[139.531569416,35.376846171],[139.531489144,35.376848108],[139.531485525,35.376848108],[139.531320558,35.376915053],[139.531268886,35.376935892],[139.53111611,35.376997838],[139.530961115,35.377051721],[139.530823891,35.377099505],[139.530347224,35.377306171],[139.530203606,35.377372558],[139.529552218,35.377626441],[139.529073061,35.377807838],[139.528931946,35.377852278],[139.528686394,35.377955054],[139.52842445,35.378064505],[139.528271193,35.378067468],[139.528112866,35.378139999],[139.52797445,35.378245413],[139.527892996,35.378156748],[139.527508974,35.378199919],[139.527175967,35.378269974],[139.527215331,35.378335108],[139.527248859,35.378434306],[139.527240947,35.378576973],[139.527119585,35.378542668],[139.526971582,35.378548306],[139.526743605,35.378610442],[139.526549559,35.378683667],[139.5263962,35.378743559],[139.52627856,35.378814749],[139.526218443,35.37888336],[139.526097665,35.379016505],[139.525892412,35.379257171],[139.525561946,35.379242279],[139.525446668,35.379252559],[139.525426667,35.379254505],[139.525261673,35.379260054],[139.525187107,35.379343721],[139.525001116,35.379442109],[139.525000001,35.379442693],[139.524940196,35.379474333],[139.524781582,35.379479892],[139.524607471,35.379481747],[139.524457755,35.379452838],[139.524069144,35.379272],[139.523769001,35.379152001],[139.523430637,35.379135252],[139.52307869,35.379210279],[139.522814228,35.379291559],[139.522590052,35.379431892],[139.522479857,35.379531667],[139.522378612,35.379695639],[139.522345278,35.379872802],[139.522364968,35.380157279],[139.522393113,35.38033136],[139.522380416,35.380520441],[139.522345279,35.380569054],[139.522198949,35.380773774],[139.522103308,35.380877306],[139.522030389,35.380924198],[139.521885694,35.380899532],[139.52171406,35.380897252],[139.521543722,35.380917081],[139.521331388,35.380971613],[139.521202633,35.381021667],[139.521060583,35.381070135],[139.520943114,35.381095839],[139.5208062,35.381090468],[139.520562335,35.381084333],[139.520114942,35.381068999],[139.520014643,35.381065721],[139.519785772,35.381032973],[139.519630999,35.381023775],[139.51948939,35.380957838],[139.519383411,35.380909505],[139.519343087,35.380799108],[139.519179923,35.380626586],[139.519187757,35.38045864],[139.519080506,35.380351306],[139.518929883,35.380198441],[139.518915447,35.380087532],[139.518784332,35.379926108],[139.518981089,35.379852135],[139.519080506,35.379766278],[139.51910769,35.379496387],[139.519118949,35.379401306],[139.519178029,35.379270171],[139.51925869,35.379063135],[139.519372165,35.378892171],[139.519632865,35.378779441],[139.519648781,35.378596198],[139.519580337,35.378478865],[139.519462166,35.378394532],[139.519289922,35.378348306],[139.519190195,35.378318613],[139.519218339,35.378292838],[139.51944694,35.377989775],[139.519554449,35.37781644],[139.519880441,35.377515055],[139.520082088,35.377382414],[139.520247134,35.377261279],[139.520360117,35.377194505],[139.520447782,35.377127559],[139.520686667,35.376944225],[139.520814721,35.376875892],[139.520951673,35.376776171],[139.521061673,35.376696171],[139.521318054,35.376420892],[139.521392503,35.376380054],[139.521574163,35.376280613],[139.521605837,35.376263386],[139.521886667,35.376094775],[139.521985006,35.375873947],[139.522129728,35.375581171],[139.522209417,35.375385613],[139.522290804,35.375230333],[139.522411362,35.375000612],[139.522411699,35.374999999],[139.522499144,35.374833386],[139.522586083,35.374633946],[139.522643022,35.374503667],[139.522718587,35.374330054],[139.522743581,35.374272838],[139.522799975,35.374143387],[139.522950856,35.373847027],[139.522665719,35.373754279],[139.522403166,35.373675306],[139.52221192,35.373623108],[139.521837665,35.373633613],[139.521794526,35.373692945],[139.52153214,35.374069278],[139.521422244,35.374141999],[139.521319416,35.374176802],[139.521188716,35.374201253],[139.520998366,35.374232694],[139.520803307,35.374346946],[139.520536978,35.374563135],[139.520274695,35.374510333],[139.520054423,35.374487558],[139.519987756,35.374480613],[139.519739975,35.374521721],[139.519588586,35.374631172],[139.519530532,35.374673387],[139.519197835,35.374857532],[139.519004668,35.374895108],[139.518883697,35.374920414],[139.518809611,35.374930467],[139.518737419,35.374809999],[139.518607055,35.374589199],[139.518527367,35.37448264],[139.518429145,35.374367],[139.518376354,35.374320865],[139.518291971,35.37426336],[139.51816445,35.374174413],[139.517883114,35.374037946],[139.517608366,35.373942108],[139.51733642,35.373857027],[139.516964112,35.373740469],[139.516667756,35.373639414],[139.516666667,35.373639054],[139.516658417,35.373636225],[139.516634968,35.373622415],[139.516519637,35.373403136],[139.516308638,35.373226081],[139.516263645,35.373080414],[139.516285188,35.37282664],[139.516338663,35.372733108],[139.516430804,35.372639532],[139.516538393,35.37259664],[139.516666667,35.372537135],[139.516667757,35.372536639],[139.516705305,35.372519225],[139.516885357,35.372363586],[139.517107912,35.372218387],[139.517223891,35.372083],[139.517426419,35.371914333],[139.517650974,35.371752054],[139.517750362,35.371609802],[139.51777153,35.371439775],[139.517781945,35.371271054],[139.517764034,35.371121613],[139.5177293,35.370990506],[139.517744305,35.370867838],[139.517784617,35.37074672],[139.51784275,35.370643225],[139.517937834,35.370541413],[139.5181338,35.370435559],[139.518203773,35.370340387],[139.518317224,35.370138776],[139.518382866,35.370052134],[139.518454137,35.369973171],[139.518503839,35.369929468],[139.518614086,35.369866838],[139.518719494,35.369819838],[139.518809533,35.36976464],[139.519144306,35.369529279],[139.51920808,35.369443414],[139.51916681,35.369293919],[139.519058029,35.369136775],[139.519028223,35.369099],[139.518852698,35.368833947],[139.518747665,35.368708224],[139.518659533,35.368607027],[139.518541388,35.368435305],[139.518502918,35.368350972],[139.518162438,35.368196414],[139.518160661,35.368120973],[139.518192555,35.368025135],[139.518279754,35.367779803],[139.518326939,35.367606973],[139.518344747,35.367523359],[139.518351337,35.367391135],[139.518391335,35.367312198],[139.518499169,35.367206386],[139.518724163,35.366809279],[139.518772438,35.366667306],[139.518772672,35.366666667],[139.518782309,35.366638333],[139.518829196,35.366434414],[139.518874228,35.366323252],[139.51892297,35.366229748],[139.518983917,35.366107838],[139.51912175,35.365916198],[139.519160194,35.365826504],[139.519189275,35.365749081],[139.519216472,35.365608],[139.519237523,35.365484054],[139.519272724,35.365377251],[139.519331335,35.36518964],[139.519365552,35.365092108],[139.519394616,35.364992441],[139.519472438,35.364758613],[139.519515577,35.364577695],[139.519460026,35.364433081],[139.519334618,35.364313226],[139.51920428,35.364246532],[139.519101141,35.364166054],[139.519020505,35.364107027],[139.518961414,35.36406564],[139.518867665,35.364013504],[139.51882358,35.363966748],[139.518802022,35.363909252],[139.518771088,35.363830279],[139.518739222,35.36371836],[139.518736394,35.363612586],[139.518753256,35.363536694],[139.518771089,35.363486865],[139.518787951,35.363443946],[139.518821725,35.363371892],[139.518862477,35.363306469],[139.518937976,35.363210892],[139.519061414,35.363026837],[139.518992528,35.362849892],[139.518952944,35.362767802],[139.518887301,35.362624469],[139.51883092,35.362465919],[139.518795421,35.362295613],[139.518756031,35.362087081],[139.518742919,35.361924587],[139.518730726,35.361740586],[139.518723839,35.361566919],[139.518491285,35.361642333],[139.518385446,35.361673171],[139.518263502,35.361674838],[139.518062387,35.361628721],[139.517905162,35.361626224],[139.517760441,35.361643721],[139.51758489,35.361711225],[139.517369883,35.361794279],[139.516667665,35.362029864],[139.516666667,35.362030198],[139.516633774,35.362041225],[139.516510999,35.362065666],[139.516437393,35.362080108],[139.516127951,35.362141225],[139.515832672,35.362189838],[139.515600726,35.362227892],[139.515389079,35.362260387],[139.514959079,35.362260108],[139.514342699,35.362359838],[139.514296589,35.362367333],[139.51401131,35.362406775],[139.513827134,35.362464559],[139.513569922,35.362597055],[139.513256031,35.362895108],[139.513032139,35.363055668],[139.51288214,35.363145946],[139.512669364,35.363234279],[139.512441582,35.363279279],[139.512201855,35.363384559],[139.512038807,35.363466225],[139.511892141,35.363568171],[139.511574085,35.363804001],[139.511445747,35.363938721],[139.511300752,35.364040946],[139.511169079,35.364110108],[139.511008807,35.364187333],[139.510891582,35.364230387],[139.510645747,35.364344558],[139.510526031,35.364361225],[139.510273528,35.364402054],[139.510056588,35.364436224],[139.509964358,35.364450667],[139.509931582,35.364462612],[139.509780195,35.364518441],[139.509438521,35.364746225],[139.508514643,35.364734559],[139.508459079,35.36488564],[139.508421581,35.364987306],[139.508389079,35.365044802],[139.508334359,35.365072468],[139.508333333,35.365073],[139.508081855,35.365200081],[139.507981608,35.365228693],[139.507933282,35.36525036],[139.507926887,35.365253135],[139.507650506,35.365376467],[139.507641052,35.36538064],[139.507577445,35.365408973],[139.507263281,35.365522027],[139.506736328,35.36577036],[139.50651939,35.365886468],[139.506408274,35.365968135],[139.50621022,35.366050918],[139.506122166,35.366073694],[139.506030363,35.366083531],[139.505894112,35.366098135],[139.505723282,35.366187586],[139.505679105,35.366214252],[139.505588834,35.366268973],[139.505492724,35.366353135],[139.505210779,35.36661064],[139.505168392,35.366666668],[139.505167886,35.366667306],[139.504947717,35.366958135],[139.504934112,35.366976198],[139.50481022,35.367169533],[139.504575773,35.367220082],[139.504469948,35.367220081],[139.503924669,35.367268973],[139.503501336,35.367317865],[139.503053838,35.367472307],[139.502811894,35.367518973],[139.502646887,35.367537305],[139.502591051,35.367547585],[139.502515499,35.367389252],[139.502493839,35.367216468],[139.502436057,35.367101198],[139.502418003,35.366893135],[139.502325772,35.366716198],[139.502293477,35.366667306],[139.502293061,35.366666668],[139.502206329,35.36653536],[139.502143839,35.366401198],[139.502073281,35.366305919],[139.501960777,35.366154251],[139.501868002,35.366028694],[139.501573553,35.365744532],[139.501484384,35.365648973],[139.501466057,35.365629532],[139.501304112,35.365539532],[139.50116856,35.365382306],[139.501098833,35.365238694],[139.501088002,35.365116468],[139.50116939,35.364896748],[139.501161336,35.364734252],[139.501079664,35.364578973],[139.500941894,35.364333694],[139.500819364,35.364140946],[139.500467691,35.363718721],[139.500405473,35.363652054],[139.500338807,35.363667054],[139.500268249,35.363711775],[139.500001025,35.363881694],[139.5,35.363882333],[139.499940195,35.363920387],[139.499809922,35.363970108],[139.499720468,35.363970108],[139.49958131,35.363882891],[139.499359079,35.363667054],[139.499157977,35.36344344],[139.499020467,35.363352054],[139.498906589,35.363246225],[139.498833256,35.362965946],[139.498736861,35.362857613],[139.498689364,35.362758442],[139.498686589,35.362725668],[139.498710195,35.362687333],[139.49878131,35.362625387],[139.498881311,35.362542613],[139.498892412,35.362436775],[139.498850752,35.362386505],[139.498751025,35.362315108],[139.498667977,35.362338441],[139.498549922,35.362419838],[139.498465474,35.362453441],[139.49835297,35.362452892],[139.498156304,35.362411506],[139.497972412,35.362269559],[139.49794908,35.362183171],[139.497791581,35.361934838],[139.49769659,35.361697054],[139.497653527,35.361470387],[139.497606304,35.361348441],[139.497559922,35.361229559],[139.497521026,35.361129559],[139.497514087,35.361111505],[139.497278248,35.360712613],[139.497137691,35.360554],[139.496935747,35.360222892],[139.496800195,35.360038441],[139.49678603,35.360017054],[139.496724358,35.359923441],[139.496628807,35.359726505],[139.496558249,35.359602613],[139.496547691,35.359562613],[139.496519079,35.359455387],[139.49650131,35.359387613],[139.496472698,35.359280108],[139.496388781,35.358964279],[139.496304059,35.358795109],[139.496257108,35.358716775],[139.496139884,35.358665108],[139.496034616,35.358661225],[139.495834617,35.358652613],[139.495724616,35.358635947],[139.495580727,35.358557054],[139.495473774,35.358497893],[139.495321284,35.358354],[139.495302139,35.358334],[139.495301505,35.358333333],[139.495173503,35.35819956],[139.495078781,35.358099838],[139.495113502,35.358050667],[139.495391284,35.357711506],[139.495167665,35.357767892],[139.494987393,35.357813441],[139.494393774,35.358039],[139.494112387,35.358146225],[139.493997665,35.358189838],[139.493822113,35.358256775],[139.493616005,35.358330946],[139.493606666,35.358333333],[139.493604035,35.358334],[139.49351489,35.358356776],[139.49340655,35.358384559],[139.493200169,35.358437613],[139.492830752,35.358560667],[139.492617419,35.358631776],[139.492449364,35.358681225],[139.492096589,35.358699838],[139.491774915,35.358717055],[139.491667692,35.358714225],[139.491666667,35.358714198],[139.491364916,35.358706225],[139.4911738,35.358720108],[139.491101025,35.358742054],[139.490976304,35.358802613],[139.490801583,35.358920108],[139.490658807,35.35899844],[139.490534357,35.359041225],[139.490388249,35.359066226],[139.489801026,35.359037892],[139.489615473,35.359020668],[139.489569364,35.359016506],[139.489287691,35.358988171],[139.48925214,35.358959559],[139.489219922,35.358852613],[139.489188521,35.358646225],[139.489174358,35.358577054],[139.489140195,35.358494838],[139.488824086,35.358571224],[139.488567419,35.358628171],[139.487113528,35.358995667],[139.486732412,35.359120387],[139.485880195,35.35942317],[139.485732413,35.359514],[139.485714642,35.359552612],[139.485710752,35.359560667],[139.485683528,35.359620387],[139.485693256,35.359741775],[139.486056861,35.360390108],[139.486329079,35.361308172],[139.486354086,35.361529],[139.48639297,35.361803171],[139.486436057,35.362105667],[139.486444669,35.362150109],[139.486614384,35.363013694],[139.486831894,35.363491198],[139.487260778,35.363992306],[139.487294112,35.364037865],[139.487570507,35.364416198],[139.48791939,35.364818974],[139.488098275,35.365122586],[139.488281051,35.365357306],[139.488375226,35.365478414],[139.488616615,35.365855082],[139.488712996,35.366079252],[139.488919662,35.366613694],[139.48892786,35.366666667],[139.488927951,35.366667306],[139.488978858,35.366996749],[139.489008859,35.367133135],[139.489087471,35.367578694],[139.489130246,35.368554532],[139.489165811,35.368956468],[139.489151634,35.369572865],[139.489160246,35.369700919],[139.489180246,35.369993414],[139.489201634,35.370337586],[139.489230247,35.370562027],[139.489323022,35.370893414],[139.489397782,35.37113564],[139.489512776,35.371344252],[139.489624449,35.371499802],[139.489919442,35.371843388],[139.490097782,35.372003667],[139.490293891,35.372157],[139.490500557,35.372295892],[139.490693061,35.372427279],[139.491538054,35.372897559],[139.491666667,35.372963749],[139.491667783,35.372964306],[139.492137782,35.373206172],[139.492587782,35.373437838],[139.492927496,35.373630612],[139.492976938,35.37366644],[139.493005836,35.373687559],[139.493127224,35.373808667],[139.493223333,35.373911999],[139.493448054,35.374182838],[139.493556394,35.374391721],[139.493595551,35.374498667],[139.493631115,35.374748109],[139.493652504,35.374983107],[139.493650415,35.374999999],[139.493650337,35.375000613],[139.493648611,35.375014504],[139.493638339,35.375093666],[139.493343645,35.376153946],[139.493252529,35.376481172],[139.492959754,35.377438666],[139.492681415,35.378263108],[139.492578079,35.378477],[139.492324747,35.378872279],[139.492114475,35.379114505],[139.491802802,35.379391171],[139.491667808,35.379487838],[139.491666667,35.37948864],[139.491514189,35.379597838],[139.490854501,35.379954225],[139.490700895,35.380029225],[139.490032555,35.380354748],[139.489751997,35.380486134],[139.48842144,35.381109748],[139.487371167,35.381606694],[139.486333671,35.382109198],[139.48617144,35.382196694],[139.486014501,35.38227864],[139.48588978,35.382381973],[139.485750895,35.382517251],[139.485675888,35.382602532],[139.485526161,35.382820028],[139.48544061,35.382965865],[139.485387276,35.383111974],[139.485365889,35.383272252],[139.485370337,35.383333333],[139.485370363,35.383333919],[139.485397859,35.38371336],[139.485456472,35.383875027],[139.485458975,35.383882252],[139.485502865,35.384065585],[139.485546472,35.38427836],[139.485565913,35.384401414],[139.48559786,35.384636414],[139.48559786,35.384864198],[139.485487302,35.385106694],[139.485376744,35.385324198],[139.485288975,35.385491414],[139.485130078,35.38579336],[139.48493786,35.386150027],[139.484655914,35.386672803],[139.484408146,35.387118359],[139.484269805,35.387366972],[139.484230948,35.387755026],[139.484225939,35.387783081],[139.484223995,35.387793918],[139.484165383,35.388128361],[139.484152891,35.388198919],[139.484097614,35.38898],[139.484061556,35.389317054],[139.484052335,35.38949],[139.484038664,35.389728279],[139.484228367,35.389637694],[139.484497588,35.389519225],[139.485119754,35.389298694],[139.486177368,35.388961055],[139.486498003,35.388896559],[139.486720661,35.388909306],[139.486912633,35.388893803],[139.487106498,35.38884472],[139.48723428,35.388772253],[139.487324358,35.388647694],[139.487391025,35.388529892],[139.487487562,35.388479334],[139.487856031,35.388238],[139.488063723,35.388236135],[139.488479144,35.388279801],[139.488627665,35.388339081],[139.488751478,35.38836944],[139.489011777,35.388389468],[139.489121946,35.388396198],[139.489185616,35.388635505],[139.489250169,35.388869721],[139.489313165,35.38899836],[139.489575772,35.389013919],[139.489650506,35.389253333],[139.489674254,35.389338694],[139.489769339,35.38943864],[139.489864423,35.389489306],[139.489951856,35.389540667],[139.490125889,35.38958092],[139.490367004,35.389642001],[139.49052489,35.38970864],[139.490646278,35.389821054],[139.490793164,35.389893252],[139.490924747,35.389916838],[139.491197276,35.389933504],[139.491435837,35.389966802],[139.49162144,35.390048558],[139.491666667,35.390078135],[139.491667886,35.390078919],[139.491758886,35.390138441],[139.491971051,35.390230441],[139.492175499,35.390329469],[139.492412581,35.390420776],[139.492972632,35.390847775],[139.493141283,35.390951252],[139.493209728,35.391019838],[139.493301505,35.391091946],[139.493382891,35.391086947],[139.493462607,35.391060838],[139.493524112,35.391064054],[139.49355847,35.391071081],[139.493537057,35.391188333],[139.493485939,35.391404441],[139.493430117,35.391548333],[139.493348716,35.391647775],[139.493334333,35.391666667],[139.493333891,35.391667225],[139.49324428,35.391784721],[139.493142049,35.39191],[139.493153722,35.391965558],[139.49326511,35.392000558],[139.493446498,35.392095558],[139.493524968,35.392182865],[139.49356192,35.392239748],[139.493630661,35.392349306],[139.493695084,35.392489054],[139.493835965,35.39261336],[139.494098807,35.392798748],[139.494175279,35.392861252],[139.494324748,35.393004532],[139.494381439,35.393068414],[139.494525746,35.393217306],[139.494919585,35.393639171],[139.4954807,35.394296108],[139.495704578,35.394754441],[139.495791245,35.395046108],[139.495984384,35.395823747],[139.496105667,35.396074974],[139.496187056,35.396212612],[139.496327392,35.396443054],[139.496485162,35.396604505],[139.496549585,35.396446468],[139.496651777,35.39621964],[139.496733385,35.396030027],[139.496818444,35.395905693],[139.49692236,35.395760333],[139.496992827,35.39561072],[139.497129974,35.395392387],[139.497204137,35.395296081],[139.497456719,35.395032721],[139.497579559,35.394895748],[139.497695526,35.394778468],[139.497816641,35.394668198],[139.498055474,35.394438532],[139.498236719,35.394279108],[139.498423165,35.394165333],[139.499056278,35.393830306],[139.499210921,35.393757973],[139.499407639,35.393679306],[139.49960153,35.393618333],[139.499810415,35.393554171],[139.499934033,35.393516387],[139.5,35.393502306],[139.500001244,35.393502027],[139.500248471,35.393449171],[139.500259028,35.393448891],[139.500448197,35.393442225],[139.500666523,35.393412225],[139.500939389,35.393337946],[139.501252088,35.393297225],[139.501495694,35.393278613],[139.501928755,35.393255559],[139.502322633,35.393278613],[139.502837366,35.393356108],[139.503515423,35.393545837],[139.504036472,35.393692197],[139.504305109,35.393817081],[139.504476303,35.393886],[139.504894358,35.394109054],[139.505068911,35.394176694],[139.505413943,35.394273613],[139.505604942,35.394393468],[139.505745773,35.394525532],[139.505885357,35.394721468],[139.506014423,35.394859278],[139.506199586,35.395082774],[139.50637847,35.395313614],[139.506662335,35.39565817],[139.506846693,35.395972532],[139.506938885,35.396118973],[139.507125888,35.39650872],[139.507207562,35.396935054],[139.507247004,35.397167333],[139.507262866,35.397514306],[139.507268144,35.397852387],[139.507266784,35.398053108],[139.507252335,35.398196919],[139.50722489,35.398464441],[139.507170363,35.398677252],[139.507123281,35.398847198],[139.506976836,35.39922944],[139.507215473,35.399361838],[139.507489196,35.399500613],[139.507635616,35.399257612],[139.507765279,35.399424171],[139.507855252,35.399535225],[139.507962827,35.399662135],[139.50805786,35.399783865],[139.508219923,35.4],[139.508220311,35.400000559],[139.508281246,35.400081838],[139.508333333,35.400161586],[139.508334617,35.400163559],[139.508541777,35.400480776],[139.508701971,35.400417865],[139.508908807,35.400326279],[139.509122724,35.400272918],[139.509232969,35.400335667],[139.50928655,35.400429055],[139.509345888,35.400533252],[139.509402114,35.40066817],[139.509483502,35.400835387],[139.509542607,35.400911838],[139.509602582,35.400960865],[139.509706667,35.401020721],[139.509815863,35.401073414],[139.509806472,35.401138748],[139.509849585,35.401299802],[139.509880442,35.401432469],[139.509895448,35.401676947],[139.509867224,35.401808919],[139.509849883,35.401908387],[139.509834643,35.402067108],[139.50982703,35.402178613],[139.509815383,35.402310414],[139.509817393,35.402426838],[139.509815006,35.402468171],[139.509815005,35.402543252],[139.509815382,35.402601305],[139.509812191,35.402653748],[139.509809779,35.402708532],[139.509871167,35.40273936],[139.510043217,35.403060082],[139.510110999,35.403196171],[139.510229728,35.403411279],[139.510265032,35.403473586],[139.510340441,35.403620505],[139.51037214,35.403698225],[139.510444333,35.403847415],[139.510486862,35.403936946],[139.510772606,35.404234027],[139.511016056,35.404404225],[139.511246058,35.404563441],[139.511534811,35.404865386],[139.51193328,35.405113306],[139.512135772,35.40517664],[139.512382166,35.405223866],[139.512760778,35.405275252],[139.512896615,35.405293586],[139.513162438,35.405329694],[139.513186887,35.405329694],[139.513364112,35.405328865],[139.514082438,35.405326081],[139.514148003,35.405320532],[139.514211051,35.405314973],[139.514259663,35.405310802],[139.514336057,35.405304135],[139.514688833,35.405296919],[139.514938833,35.405297468],[139.515077717,35.405298027],[139.515392724,35.405298865],[139.515516057,35.405299135],[139.515606887,35.405299413],[139.515708833,35.405289414],[139.515920506,35.405268306],[139.516051052,35.405255532],[139.516162724,35.405244414],[139.516256329,35.405235251],[139.516472996,35.405213865],[139.51648022,35.405213027],[139.516578833,35.405202468],[139.516666667,35.405192721],[139.516668003,35.405192586],[139.516726615,35.405186081],[139.517042997,35.40515164],[139.517283554,35.405125531],[139.51752022,35.405099694],[139.517737445,35.405090253],[139.51791856,35.405106081],[139.518396329,35.405089973],[139.518891245,35.405085],[139.519095499,35.405091613],[139.519275694,35.405278504],[139.519399922,35.405503613],[139.51957956,35.40577264],[139.519650052,35.405889279],[139.519797808,35.406148694],[139.519875032,35.406281838],[139.520061336,35.406586919],[139.520135227,35.406747108],[139.520202387,35.406936532],[139.52021917,35.40709436],[139.520195668,35.40729064],[139.520165447,35.407429252],[139.520076472,35.407588468],[139.520014358,35.407688667],[139.519955616,35.407790225],[139.519737393,35.408269252],[139.519728145,35.408333334],[139.51972808,35.408333865],[139.519699754,35.408530613],[139.519688691,35.40869336],[139.519703799,35.40887864],[139.519710532,35.409209414],[139.5197038,35.409437279],[139.51970214,35.409625306],[139.51970214,35.410105667],[139.51969,35.410334225],[139.51963834,35.410613532],[139.519604773,35.410764505],[139.51954358,35.411269387],[139.519537613,35.411559135],[139.519540999,35.411699135],[139.519603113,35.411892666],[139.519648444,35.412014838],[139.519750558,35.412281333],[139.519795837,35.412418279],[139.519982503,35.412595414],[139.520118495,35.41272992],[139.520231608,35.412875306],[139.520571777,35.413274803],[139.520707757,35.413479333],[139.520817419,35.413666919],[139.52086725,35.413782668],[139.520926005,35.413903441],[139.521057367,35.414175559],[139.52129869,35.414467558],[139.521511894,35.414688532],[139.521860415,35.415061026],[139.521975305,35.415288333],[139.522108975,35.415463054],[139.522229365,35.415564333],[139.522326161,35.415668532],[139.522467198,35.415919694],[139.522855551,35.416344838],[139.523051751,35.416470641],[139.523398664,35.416546586],[139.523732582,35.416612558],[139.523861894,35.416666667],[139.523863087,35.416667171],[139.523956329,35.416706198],[139.524091752,35.416855945],[139.524200584,35.416982171],[139.52427642,35.417123],[139.524303917,35.417275225],[139.524312245,35.417376001],[139.524306913,35.417662668],[139.524320778,35.417762279],[139.52438384,35.418076586],[139.524470947,35.418223469],[139.524302361,35.418657505],[139.524472827,35.419004946],[139.524593671,35.419144668],[139.524717275,35.419230505],[139.524881167,35.419289946],[139.525000001,35.419316333],[139.52500144,35.419316668],[139.525041168,35.419325504],[139.525336161,35.419401613],[139.525498106,35.419506333],[139.525637004,35.419676613],[139.525670895,35.419718279],[139.525685005,35.419747892],[139.525852049,35.419994441],[139.525977834,35.420183001],[139.526090195,35.420474387],[139.526251725,35.420745225],[139.526260895,35.420780225],[139.526331116,35.420976946],[139.526311725,35.421266721],[139.526350467,35.42133236],[139.52629786,35.421465946],[139.526323385,35.421710505],[139.526307588,35.421796252],[139.526530441,35.421830387],[139.526672723,35.421858747],[139.526785227,35.42183492],[139.526948366,35.422037918],[139.527291945,35.421839441],[139.527387561,35.421913532],[139.527654669,35.422149586],[139.52752978,35.422226866],[139.52750703,35.422269027],[139.527433191,35.422638585],[139.527394812,35.422720468],[139.527405914,35.422745748],[139.527423969,35.422775748],[139.527452309,35.422795748],[139.527492023,35.422803252],[139.527664527,35.422810468],[139.527901479,35.422832694],[139.527951193,35.422843532],[139.527965084,35.422852694],[139.527969533,35.422861306],[139.527970636,35.422871306],[139.527963696,35.422887973],[139.527934526,35.422906865],[139.527832581,35.422953801],[139.52775703,35.42299464],[139.527744527,35.423012972],[139.5277362,35.423036027],[139.527733969,35.423067135],[139.527747302,35.42313964],[139.527871479,35.423714918],[139.52796231,35.42398436],[139.527982866,35.424014081],[139.528039533,35.424042693],[139.52805258,35.42404964],[139.528092023,35.424070197],[139.528100078,35.424104082],[139.52809786,35.424113251],[139.528092866,35.424132135],[139.52805258,35.424208251],[139.5280362,35.424239081],[139.528018911,35.424278801],[139.527990636,35.424343532],[139.527907224,35.424483532],[139.52790489,35.424665333],[139.527990636,35.424968251],[139.527992388,35.425000001],[139.527992412,35.425000468],[139.528000635,35.425149641],[139.528006743,35.425285748],[139.527980921,35.425393801],[139.527963411,35.425452972],[139.527912412,35.425670307],[139.527902023,35.425726865],[139.528018418,35.425902135],[139.528166226,35.426156586],[139.528252049,35.426313532],[139.528278171,35.42642964],[139.528278171,35.426576865],[139.528273722,35.426715198],[139.528273722,35.42671936],[139.528255383,35.426799918],[139.528252049,35.42681436],[139.528226498,35.426891864],[139.52818594,35.426976586],[139.528182335,35.42698436],[139.528179001,35.426991307],[139.528131505,35.427064639],[139.528110117,35.427117414],[139.528089831,35.427167136],[139.528075382,35.427202694],[139.528062335,35.427303252],[139.528062335,35.427425468],[139.528062334,35.427455748],[139.528032827,35.427624252],[139.528047134,35.427891],[139.528077445,35.428091278],[139.528153165,35.428246108],[139.528219053,35.428364973],[139.528222335,35.428376586],[139.528282335,35.428485468],[139.528372335,35.428588532],[139.528454968,35.428701135],[139.528605383,35.42881464],[139.528682892,35.428865468],[139.528777613,35.428900748],[139.528851336,35.42894164],[139.528944475,35.429033639],[139.529039001,35.429117171],[139.529240388,35.429214667],[139.529289857,35.429267414],[139.529410389,35.429282694],[139.529508559,35.429300892],[139.529500389,35.429392081],[139.529310584,35.429740252],[139.529307056,35.429843532],[139.529316161,35.42992364],[139.529342088,35.430089639],[139.529296782,35.430240586],[139.529273671,35.430356108],[139.529225161,35.430487667],[139.529055864,35.430711441],[139.528961335,35.430858224],[139.528872632,35.431188171],[139.528808249,35.431407586],[139.528660143,35.43175517],[139.52856022,35.432124054],[139.528485473,35.432311947],[139.528446226,35.432409468],[139.528399611,35.432524748],[139.528355227,35.432676414],[139.528354722,35.432806946],[139.528291634,35.432934504],[139.528187782,35.433039694],[139.528122918,35.433109333],[139.528105966,35.433154333],[139.528090416,35.433224892],[139.528085422,35.433305171],[139.528087808,35.433333333],[139.528087834,35.433333775],[139.528093748,35.433403774],[139.528115422,35.433505721],[139.528117082,35.433574054],[139.528098496,35.433630721],[139.528068495,35.433691],[139.528051829,35.433731279],[139.528051828,35.433771279],[139.528066835,35.433859892],[139.528045227,35.434009837],[139.528003696,35.434118506],[139.527876589,35.434253306],[139.527765058,35.434304748],[139.527610467,35.434329027],[139.527470169,35.434341947],[139.527297108,35.434337667],[139.527178223,35.434346],[139.527121284,35.434349053],[139.526909922,35.434422387],[139.526721,35.434447946],[139.526703774,35.434472387],[139.526671557,35.434540172],[139.526583191,35.434668613],[139.526477978,35.434947054],[139.526674475,35.435139838],[139.526885162,35.435456838],[139.526852945,35.435506558],[139.526800998,35.435570441],[139.526737108,35.435647667],[139.526687951,35.435695721],[139.526567951,35.43578628],[139.526524061,35.435832667],[139.526478222,35.435896279],[139.526451829,35.435964334],[139.526430441,35.436038775],[139.526419612,35.436153225],[139.526397108,35.436289054],[139.526370441,35.436401],[139.526326278,35.436556279],[139.526273217,35.436709333],[139.52623183,35.436802667],[139.52616655,35.436913225],[139.526077108,35.437046001],[139.525954332,35.437236559],[139.525885163,35.437347946],[139.525834617,35.437449333],[139.525775747,35.437599334],[139.52575852,35.437661838],[139.525750467,35.437717945],[139.525754643,35.437760441],[139.525789079,35.437896279],[139.525815746,35.437962946],[139.525838521,35.438016],[139.525855747,35.438057387],[139.525886589,35.438129892],[139.525922412,35.438195171],[139.525973256,35.438294892],[139.526029078,35.438407946],[139.526051856,35.438470722],[139.526068522,35.438529892],[139.526072141,35.438542387],[139.52610131,35.438752667],[139.52612131,35.438869892],[139.526150752,35.438936559],[139.526167977,35.438968505],[139.526209364,35.439002946],[139.526270467,35.439020441],[139.5263038,35.43902572],[139.526355473,35.439034333],[139.526644137,35.438956279],[139.526799197,35.439117001],[139.527160195,35.439162054],[139.527196393,35.439234081],[139.52727786,35.439299919],[139.527409416,35.43932008],[139.527557886,35.43941808],[139.527809364,35.439587947],[139.527859689,35.439680694],[139.528054526,35.439906721],[139.528078807,35.439919306],[139.528298145,35.43982864],[139.5284417,35.439820613],[139.528556667,35.439764108],[139.528695915,35.43978708],[139.528908521,35.439784054],[139.529232141,35.439874892],[139.529452049,35.439910973],[139.529692724,35.440004415],[139.529521051,35.440137973],[139.529585473,35.440313775],[139.529634643,35.440521279],[139.529674642,35.440649054],[139.529705188,35.440708775],[139.529721168,35.440735802],[139.529751141,35.440864586],[139.529797951,35.440962],[139.529930804,35.440947252],[139.530023553,35.441000442],[139.530073554,35.441006559],[139.530130777,35.441013225],[139.530169391,35.441026558],[139.530182724,35.441045171],[139.530251051,35.441143225],[139.530295577,35.441233468],[139.530440311,35.441322441],[139.530580856,35.441412387],[139.530669689,35.441666667],[139.530669857,35.441667108],[139.530675772,35.441684053],[139.530734941,35.441809333],[139.53074856,35.441837946],[139.530742996,35.441879333],[139.530733281,35.441911279],[139.530709947,35.441947108],[139.530694669,35.441965441],[139.530658833,35.442007946],[139.530592672,35.442030532],[139.530569495,35.442087225],[139.530579391,35.442451838],[139.530567756,35.442614586],[139.530445914,35.442705135],[139.530418223,35.442963226],[139.530390505,35.443043225],[139.530102996,35.443204613],[139.529532166,35.443483893],[139.529419947,35.443519333],[139.529310053,35.443608613],[139.529246057,35.44387764],[139.528907393,35.444041865],[139.528535357,35.444196946],[139.528277445,35.44434764],[139.528020337,35.444378054],[139.527596692,35.44455236],[139.527475007,35.444381135],[139.527446744,35.444275892],[139.527095084,35.444319533],[139.52692939,35.444326001],[139.526766835,35.444352307],[139.525932023,35.444568945],[139.52604611,35.445054919],[139.526191089,35.445309306],[139.526343022,35.445483198],[139.526504358,35.445806333],[139.526583892,35.445918748],[139.526644527,35.446132721],[139.526814643,35.44656492],[139.527079195,35.446723532],[139.527301089,35.446899586],[139.52752939,35.447066],[139.527942503,35.447323802],[139.528318911,35.447393748],[139.5284607,35.447377748],[139.528859416,35.447248468],[139.529193995,35.447217892],[139.529448223,35.447239864],[139.529959079,35.44751164],[139.53019131,35.447595586],[139.530291505,35.447659532],[139.530467496,35.44763356],[139.530569494,35.447594332],[139.530890195,35.447999586],[139.530936835,35.448330999],[139.53091083,35.448464586],[139.531070246,35.448401974],[139.531181725,35.44828464],[139.531325474,35.448221081],[139.531633021,35.448002919]]},"properties":{"city_code":"14110","city_name":"戸塚区","prefecture_code":"14","prefecture_name":"神奈川県"}},{"type":"Feature","geometry":{"type":"LineString","coordinates":[[139.575579339,35.422456748],[139.575722438,35.422426532],[139.575952361,35.422447559],[139.576095447,35.422455441],[139.576331803,35.422468586],[139.576605136,35.422463333],[139.577003864,35.422405505],[139.577237004,35.422180694],[139.577413864,35.421973028],[139.57771131,35.421635198],[139.577884942,35.421423559],[139.578028054,35.421275027],[139.578200078,35.421093641],[139.578339975,35.420934613],[139.578458911,35.420757135],[139.578579494,35.42059808],[139.578682412,35.420424586],[139.578784773,35.420295748],[139.578761193,35.420182694],[139.578717782,35.420011838],[139.578711361,35.419917171],[139.578714554,35.419750252],[139.578703308,35.419549108],[139.578669779,35.419302947],[139.578636278,35.41903136],[139.578624527,35.418851135],[139.578741894,35.418665775],[139.578961673,35.418334],[139.57883847,35.418145694],[139.578829222,35.41801936],[139.578988639,35.417666028],[139.578945305,35.417517694],[139.57885642,35.417186586],[139.578880026,35.417115748],[139.578937809,35.416942973],[139.579095578,35.416667135],[139.579095863,35.416666667],[139.579309468,35.416293252],[139.579341141,35.41623936],[139.579563087,35.415863252],[139.579631414,35.415721586],[139.579695032,35.41558908],[139.579769248,35.41552292],[139.580000752,35.415401973],[139.580412361,35.415048386],[139.580525616,35.414916081],[139.580731389,35.414183252],[139.580785279,35.414119081],[139.58092083,35.413755748],[139.580961114,35.413684641],[139.581009728,35.413598533],[139.581100778,35.413437721],[139.581176005,35.413398775],[139.581248366,35.413326468],[139.581347886,35.413115614],[139.581389999,35.413007973],[139.581431633,35.412862468],[139.581468975,35.412773054],[139.581507497,35.412720469],[139.581579559,35.412756],[139.581713892,35.412694919],[139.581929728,35.412586865],[139.582048054,35.412443802],[139.582151674,35.412315749],[139.582265836,35.412316586],[139.582405006,35.412317973],[139.582620829,35.41231964],[139.582833891,35.41230492],[139.583095007,35.412268532],[139.583170559,35.412246865],[139.583313606,35.412138802],[139.583333333,35.412104225],[139.58333472,35.412101802],[139.58340834,35.411972694],[139.583455006,35.411891306],[139.583484695,35.411841171],[139.583947718,35.412025198],[139.584014448,35.411927135],[139.584127808,35.411834585],[139.584470246,35.411708415],[139.584793385,35.411688694],[139.585041803,35.411634306],[139.585176031,35.411561198],[139.585335188,35.41150336],[139.585491362,35.411492442],[139.585613333,35.411421865],[139.585708197,35.411345639],[139.585636109,35.411286306],[139.585372477,35.410929919],[139.585280532,35.410841307],[139.585218028,35.410723802],[139.585169975,35.410617414],[139.585327198,35.410595468],[139.585799974,35.410530198],[139.58580939,35.410548586],[139.586037756,35.410467585],[139.586363333,35.410357199],[139.586346355,35.410212135],[139.586288561,35.410045666],[139.586315447,35.409988333],[139.586522529,35.409910253],[139.586764968,35.409838802],[139.586947756,35.40976464],[139.587417174,35.40962636],[139.587560246,35.409869532],[139.587645473,35.409956306],[139.58773869,35.410031225],[139.587831946,35.410190252],[139.587979856,35.410411054],[139.588084357,35.410587198],[139.588142219,35.410700252],[139.588335162,35.410889505],[139.588484694,35.411005171],[139.588666355,35.411187892],[139.588711388,35.411354802],[139.588835163,35.41154672],[139.588976641,35.41177936],[139.589087588,35.411883197],[139.589238716,35.411959441],[139.589465383,35.411994946],[139.58981428,35.412056694],[139.590135812,35.41211717],[139.590301414,35.412184198],[139.59039786,35.412251252],[139.590552217,35.412395839],[139.590709754,35.412479947],[139.591076031,35.412560136],[139.59134,35.412698135],[139.591410272,35.41275908],[139.591494721,35.412941865],[139.591530558,35.41301964],[139.591595863,35.413161586],[139.591610311,35.413192694],[139.591666667,35.413411252],[139.59166808,35.41341672],[139.591695305,35.413522278],[139.591770895,35.413841666],[139.591827133,35.413971802],[139.59189144,35.414053306],[139.591954163,35.414092721],[139.592057056,35.414220226],[139.592116524,35.414317505],[139.592237108,35.414452892],[139.592314281,35.414548838],[139.59244611,35.414676306],[139.592581167,35.414872171],[139.592707393,35.414987838],[139.592958975,35.415049613],[139.593035032,35.41516936],[139.593169585,35.415441306],[139.593269248,35.415426865],[139.593692088,35.415328279],[139.593962166,35.415269108],[139.594393061,35.415179748],[139.595407497,35.415015441],[139.595494358,35.415428136],[139.595729079,35.416278559],[139.595807833,35.41647964],[139.596319105,35.416382387],[139.597272438,35.416130027],[139.597687225,35.416026198],[139.598328664,35.415847441],[139.598511945,35.416190505],[139.598634136,35.41613264],[139.598827057,35.416051171],[139.598851167,35.415969667],[139.599105188,35.415890802],[139.599343112,35.415829027],[139.599370441,35.415415],[139.59931258,35.415269109],[139.599180752,35.415165279],[139.598619663,35.414972054],[139.598372087,35.414686837],[139.598307756,35.414596135],[139.598172724,35.41460928],[139.597992672,35.414538332],[139.597907445,35.414420054],[139.597802969,35.414254441],[139.597634163,35.413940306],[139.597497497,35.413653774],[139.597444449,35.413505279],[139.597407471,35.413389614],[139.597388663,35.413226442],[139.597381388,35.412928865],[139.597524838,35.412896721],[139.597298171,35.412355198],[139.597417951,35.41232292],[139.597492827,35.412201359],[139.597567665,35.412178],[139.597678145,35.412047504],[139.597826783,35.412009839],[139.597942309,35.411929108],[139.598109974,35.411747973],[139.5981038,35.411631532],[139.597969105,35.411642532],[139.597880026,35.411724468],[139.597762308,35.411693332],[139.59785275,35.411391775],[139.598006615,35.411398776],[139.598227328,35.411214333],[139.598335058,35.411144668],[139.598526395,35.411121586],[139.598638611,35.411075747],[139.598895358,35.410996306],[139.599084306,35.410919775],[139.599178054,35.410896892],[139.599585811,35.411134171],[139.599744358,35.411232505],[139.6,35.411223108],[139.600001388,35.411223054],[139.600052244,35.411221198],[139.600267444,35.411272171],[139.60036847,35.411301506],[139.600645669,35.41120664],[139.600789533,35.411110027],[139.600878366,35.410904171],[139.600968392,35.41083056],[139.601113113,35.410699414],[139.601188781,35.410574441],[139.601317225,35.410367892],[139.601428833,35.41017964],[139.601500506,35.410193081],[139.601611556,35.410084532],[139.601734475,35.410030775],[139.601836499,35.409917081],[139.601794422,35.409862252],[139.602155811,35.409471081],[139.602469104,35.409521532],[139.6025262,35.409443918],[139.602737612,35.409389441],[139.602759002,35.409185136],[139.602838054,35.408974081],[139.602887886,35.408908973],[139.603139494,35.408916972],[139.603333411,35.408640892],[139.60348114,35.408792001],[139.603599416,35.408801469],[139.603899637,35.408769333],[139.60395428,35.408803613],[139.604026109,35.408667135],[139.604093644,35.408597468],[139.604268859,35.408586973],[139.604290221,35.408483334],[139.604355836,35.408486333],[139.604365642,35.408567387],[139.604533113,35.408602775],[139.60457581,35.408491532],[139.604419105,35.408333802],[139.604418638,35.408333333],[139.604314087,35.408228108],[139.604390246,35.408115586],[139.604602697,35.408178721],[139.605081479,35.408333333],[139.605081971,35.408333505],[139.605082023,35.408333333],[139.605191582,35.408071838],[139.605609832,35.408278306],[139.60572428,35.408307333],[139.60583144,35.408333334],[139.605833359,35.408333802],[139.605976782,35.408368613],[139.606360973,35.408476252],[139.606358949,35.408423225],[139.606402387,35.408333802],[139.606402607,35.408333334],[139.606457224,35.408220919],[139.60655214,35.407999946],[139.60665,35.407840198],[139.606779027,35.407574802],[139.606848145,35.407450171],[139.606938223,35.407372559],[139.607144111,35.407196306],[139.607293216,35.407084694],[139.607491244,35.406943082],[139.607419222,35.406696532],[139.607336304,35.406638667],[139.607349754,35.406499973],[139.607346913,35.406453532],[139.607470441,35.406389668],[139.607570583,35.406313803],[139.607659883,35.406229171],[139.60772489,35.406191468],[139.607855253,35.406188306],[139.608083307,35.406212973],[139.608202865,35.406218333],[139.608333333,35.406211],[139.608334695,35.406210919],[139.60837642,35.406208559],[139.608605083,35.406179055],[139.608791141,35.40613992],[139.608912244,35.406026306],[139.608931634,35.406001585],[139.6089583,35.405838802],[139.608945473,35.405483172],[139.608944306,35.405390468],[139.609085863,35.405172135],[139.609106783,35.405011667],[139.609060144,35.404901198],[139.608899248,35.404830171],[139.608754189,35.404768613],[139.60866275,35.404706532],[139.608653864,35.404621054],[139.608767692,35.404469919],[139.60881533,35.404325279],[139.608833696,35.404057919],[139.608887497,35.403941279],[139.608939441,35.403825306],[139.609023113,35.403667468],[139.609020506,35.403561865],[139.60892655,35.40347028],[139.608788222,35.403447839],[139.608663606,35.403446],[139.608594942,35.403372973],[139.608638612,35.403245278],[139.608554942,35.403105865],[139.608512309,35.403062333],[139.608424163,35.402919306],[139.608334669,35.402889027],[139.608333333,35.402888586],[139.608277109,35.402869559],[139.6082093,35.402860667],[139.608070727,35.402979612],[139.607951673,35.402994054],[139.607932361,35.402915135],[139.608043722,35.402748136],[139.608025189,35.402674838],[139.607961141,35.402590866],[139.607821363,35.402508721],[139.607735499,35.402465749],[139.607586912,35.40243864],[139.607425615,35.402499532],[139.607298521,35.402608694],[139.607166616,35.402750721],[139.606861051,35.40290964],[139.60661642,35.403030892],[139.606383139,35.403147946],[139.606193333,35.403280775],[139.606045331,35.403397837],[139.605972918,35.403474135],[139.605953555,35.40369436],[139.605801699,35.403699171],[139.605661609,35.40369936],[139.605582438,35.403686027],[139.605501608,35.403657694],[139.605283282,35.403529918],[139.605141089,35.403431198],[139.604952996,35.403238694],[139.604837172,35.40332156],[139.604496109,35.403421532],[139.604227471,35.403496468],[139.604344942,35.403877865],[139.603780221,35.403976027],[139.603608028,35.404068252],[139.603461777,35.40415536],[139.60341192,35.404306612],[139.603217276,35.404163279],[139.603144696,35.404088054],[139.603062997,35.403972135],[139.603006977,35.403816722],[139.602893917,35.403704279],[139.60272341,35.403563531],[139.60263384,35.403448803],[139.602556642,35.403248333],[139.602562555,35.403137414],[139.602638145,35.402983532],[139.602562503,35.402875694],[139.602447419,35.402779081],[139.602292244,35.402629748],[139.602153891,35.402633694],[139.601663723,35.402642333],[139.601608559,35.402612666],[139.601457367,35.402471946],[139.601029442,35.402466667],[139.600849637,35.402553532],[139.600789728,35.40252717],[139.600649105,35.402621441],[139.600478638,35.402644468],[139.60006083,35.402599667],[139.600043307,35.402454838],[139.60000131,35.402420026],[139.599999999,35.402418946],[139.599901505,35.402337333],[139.599667497,35.402355252],[139.599463191,35.402387027],[139.599317809,35.402381171],[139.599248612,35.402249667],[139.599153087,35.402144694],[139.598979027,35.402109639],[139.598806278,35.402072253],[139.598597393,35.402008748],[139.598356031,35.401868198],[139.59821214,35.401755198],[139.597982049,35.401826721],[139.597911698,35.401786586],[139.597852802,35.401637081],[139.597640804,35.401618027],[139.597415863,35.401552225],[139.597358418,35.401453973],[139.597443722,35.401288081],[139.597611,35.401273775],[139.597612283,35.401047108],[139.597609611,35.400871586],[139.597631894,35.400637252],[139.597689728,35.400389974],[139.597587497,35.400178667],[139.597648275,35.400026361],[139.597713113,35.400000505],[139.597714331,35.400000001],[139.597971439,35.399897441],[139.59835406,35.399884667],[139.598373774,35.399728775],[139.598507173,35.399589586],[139.598589026,35.399353613],[139.598765966,35.399028748],[139.598811025,35.398922225],[139.59888681,35.398854945],[139.599033995,35.398807279],[139.599154228,35.398928306],[139.599353774,35.398901279],[139.599568691,35.398601306],[139.599755305,35.398209387],[139.599825421,35.398108838],[139.599902361,35.397779109],[139.599930973,35.397656893],[139.6,35.397414134],[139.600001244,35.397409721],[139.600021803,35.39733744],[139.600055422,35.397219667],[139.600066809,35.397108001],[139.600162022,35.397102278],[139.600295226,35.397147973],[139.600514669,35.397325135],[139.600708755,35.397634892],[139.60089406,35.397816613],[139.601072672,35.397901614],[139.601499105,35.397920053],[139.601731802,35.397677721],[139.601873476,35.397521892],[139.602066524,35.397240775],[139.602156809,35.397118559],[139.602245136,35.396999387],[139.602579027,35.396550775],[139.602649857,35.396456613],[139.602819805,35.396273414],[139.602502633,35.396143838],[139.602271244,35.396074838],[139.602258365,35.395965667],[139.602255422,35.395844947],[139.602539027,35.395628559],[139.602650973,35.395721054],[139.602836524,35.395890224],[139.602970973,35.395939947],[139.603112633,35.395932721],[139.60351795,35.395944613],[139.603434306,35.395674999],[139.60340856,35.395614505],[139.603350661,35.395539559],[139.603281505,35.395490892],[139.603216394,35.395453225],[139.603065136,35.395375054],[139.603212633,35.395312441],[139.603466005,35.395360945],[139.603570416,35.395298505],[139.603575331,35.395238559],[139.603564332,35.395191748],[139.603559754,35.395107748],[139.603591997,35.395065973],[139.603633916,35.395040802],[139.603871414,35.395175586],[139.604034331,35.395214694],[139.604144747,35.395214776],[139.604208054,35.395188387],[139.604272114,35.395148306],[139.604337717,35.395068387],[139.604346446,35.395014415],[139.604347004,35.394904613],[139.604309416,35.394828027],[139.604239831,35.394689054],[139.604201025,35.394546468],[139.604114864,35.394375306],[139.604033527,35.394171441],[139.603994838,35.394079108],[139.603900778,35.393749613],[139.603664305,35.393657531],[139.603381193,35.393622027],[139.603150117,35.393511333],[139.603091634,35.393495775],[139.602888949,35.393431334],[139.602708781,35.393223533],[139.603106108,35.392918414],[139.603331219,35.392962999],[139.603422996,35.392843468],[139.60358869,35.392658027],[139.603685551,35.392540027],[139.603754423,35.392322559],[139.603908716,35.392100198],[139.603625914,35.391911613],[139.603663696,35.391788838],[139.60369358,35.391667171],[139.603693723,35.391666667],[139.603713968,35.391584108],[139.603374643,35.391438387],[139.603379533,35.391304748],[139.603443139,35.391046054],[139.603558107,35.390693198],[139.603630856,35.390617865],[139.603770441,35.390569586],[139.603920027,35.390524864],[139.604137589,35.390394946],[139.604219805,35.390322722],[139.604353969,35.390142171],[139.60437786,35.390110505],[139.604462309,35.389997999],[139.604542554,35.389846252],[139.604573139,35.389689748],[139.60461655,35.389513532],[139.604715357,35.38937856],[139.604796473,35.389299946],[139.604947912,35.389126865],[139.605123722,35.388947838],[139.605248419,35.388640054],[139.605367757,35.388665252],[139.605435306,35.388439053],[139.605678806,35.388414613],[139.605724837,35.388282559],[139.605849559,35.388207251],[139.605991893,35.387987973],[139.606128367,35.387823946],[139.60628144,35.387631333],[139.606142283,35.387597171],[139.606158392,35.387431387],[139.606255667,35.387440892],[139.606295889,35.387283054],[139.606321634,35.387194946],[139.606459975,35.387148918],[139.606456744,35.386934559],[139.606465136,35.386738333],[139.606433477,35.386649108],[139.606363943,35.386566639],[139.606236445,35.386514694],[139.606092827,35.386492198],[139.605991997,35.386464693],[139.605579754,35.386348586],[139.605452801,35.386264135],[139.605290505,35.386100775],[139.605270311,35.386012414],[139.605092634,35.385990305],[139.605000636,35.386281054],[139.604505966,35.38620936],[139.604465304,35.386336171],[139.604270701,35.386304558],[139.604241699,35.386225695],[139.604112996,35.386075774],[139.603944501,35.386120694],[139.603873333,35.386387468],[139.60375594,35.386826721],[139.603667445,35.386760973],[139.603485667,35.386587361],[139.603385837,35.386411694],[139.603223476,35.386311199],[139.603110856,35.38615336],[139.602996641,35.386198081],[139.602969299,35.386374333],[139.602816782,35.386474414],[139.602755617,35.386581135],[139.602660856,35.386605802],[139.602523723,35.386638667],[139.602385084,35.386664252],[139.602274384,35.386658387],[139.602124475,35.386503586],[139.601944642,35.386361171],[139.601645448,35.386199415],[139.601519468,35.38639108],[139.601492802,35.386516081],[139.601459468,35.386673865],[139.60142022,35.386958252],[139.601415617,35.387425252],[139.601421724,35.387513027],[139.601426161,35.387578028],[139.601432283,35.38766108],[139.601449494,35.387906639],[139.601304254,35.387985333],[139.601121051,35.388002441],[139.600727368,35.387982893],[139.60060808,35.388040974],[139.600536447,35.388196893],[139.600346161,35.388207441],[139.600164228,35.388180505],[139.600044501,35.388155775],[139.600001167,35.388165748],[139.6,35.388166026],[139.599865966,35.388196838],[139.599606524,35.388223441],[139.599422387,35.388162918],[139.599044838,35.388138559],[139.598886161,35.388114413],[139.598729052,35.388105054],[139.597741388,35.388273387],[139.597652918,35.388177387],[139.597332581,35.388142802],[139.597236109,35.387966946],[139.597428807,35.387788559],[139.597340415,35.387595838],[139.597253944,35.387581613],[139.597044838,35.387618441],[139.596888807,35.387677613],[139.596764942,35.387656586],[139.596742412,35.38729756],[139.596603308,35.387274946],[139.596400143,35.387225414],[139.596241388,35.387082587],[139.596031804,35.387006198],[139.595784475,35.387121892],[139.595696913,35.387140559],[139.595609638,35.387057197],[139.595576161,35.386941135],[139.595442698,35.386894333],[139.595307523,35.38690036],[139.59501406,35.387012667],[139.594954189,35.38700164],[139.594847418,35.386892532],[139.594691441,35.386687333],[139.594440506,35.386365108],[139.594204034,35.386508468],[139.594102698,35.386521613],[139.594006161,35.386507135],[139.593949882,35.386400614],[139.593827612,35.386237532],[139.593710195,35.386288837],[139.593536472,35.386383504],[139.593328948,35.386457171],[139.593277471,35.386400613],[139.593187393,35.386324333],[139.593213139,35.386169135],[139.593263646,35.385858279],[139.593172503,35.385746054],[139.59305869,35.385629946],[139.592844721,35.385339307],[139.592633995,35.385215667],[139.592399144,35.385136748],[139.592247951,35.38538664],[139.59213856,35.385632586],[139.592120894,35.385752252],[139.592098366,35.385860082],[139.592042049,35.38605472],[139.591955188,35.386086278],[139.591797562,35.386100748],[139.591667808,35.386108387],[139.591666667,35.386108441],[139.591619001,35.386111279],[139.591425966,35.386084973],[139.591321414,35.386008694],[139.591187886,35.385885054],[139.590977808,35.386063305],[139.590613645,35.386204973],[139.590447251,35.386279694],[139.590293087,35.38630164],[139.589723644,35.386482747],[139.589535862,35.386533414],[139.589347808,35.386595802],[139.588865032,35.386762172],[139.58865275,35.386854333],[139.588470972,35.386931919],[139.588355162,35.386605748],[139.588327808,35.386408505],[139.588269884,35.386040252],[139.588223217,35.385908748],[139.588094528,35.385770667],[139.587957807,35.385606252],[139.587986744,35.385518135],[139.587983527,35.385393198],[139.587947885,35.385269333],[139.588012503,35.385172252],[139.588168521,35.385024973],[139.588223216,35.384928972],[139.588287562,35.384823748],[139.588387301,35.384776388],[139.588549755,35.384731694],[139.588668612,35.384654693],[139.588763695,35.384498919],[139.588912023,35.384208973],[139.589035551,35.384022838],[139.589008223,35.383918946],[139.588853773,35.383663802],[139.588781388,35.383553333],[139.588773359,35.383495441],[139.58881358,35.383432333],[139.588889585,35.383333865],[139.588889974,35.383333333],[139.588898833,35.383321865],[139.588998521,35.383083802],[139.589048392,35.382939171],[139.589146524,35.382714278],[139.589251088,35.382501225],[139.589368495,35.382227668],[139.589439274,35.382157973],[139.589669299,35.382033027],[139.589796393,35.38193964],[139.589954423,35.381809135],[139.590056978,35.381788387],[139.590166355,35.381825225],[139.590282193,35.381847586],[139.590389974,35.38188836],[139.590552439,35.381946225],[139.590682724,35.38198172],[139.591052724,35.381956748],[139.591230117,35.381877892],[139.591380558,35.381806],[139.591666667,35.381655388],[139.591667756,35.381654802],[139.591668808,35.381654252],[139.591847756,35.381477468],[139.591974968,35.380989694],[139.59201144,35.380912532],[139.592399105,35.380412775],[139.592500415,35.380283891],[139.592397717,35.380207748],[139.592223555,35.380043586],[139.59214655,35.379916946],[139.592117717,35.379747748],[139.592114358,35.379534252],[139.592151362,35.379389586],[139.592226978,35.379223892],[139.592299105,35.379085251],[139.59249856,35.378712505],[139.592593554,35.378511946],[139.591980506,35.378290279],[139.591831607,35.378236109],[139.591787445,35.378354441],[139.59174022,35.378481386],[139.591667717,35.378598775],[139.591666667,35.378600468],[139.591611894,35.378689171],[139.591482166,35.378581108],[139.591347446,35.378506387],[139.591071052,35.378353333],[139.590845498,35.378263332],[139.590740636,35.378224387],[139.590566887,35.378292775],[139.590351337,35.378334865],[139.590121608,35.378471667],[139.590068222,35.378491387],[139.59000389,35.378376973],[139.589978145,35.378174414],[139.589912192,35.377998198],[139.589732023,35.377914027],[139.58941703,35.377894892],[139.589000052,35.377839081],[139.588817328,35.377807414],[139.588860117,35.377539225],[139.588971115,35.377261721],[139.589102751,35.377025108],[139.589248301,35.376787803],[139.589347523,35.376625919],[139.58947297,35.376392413],[139.589627419,35.376092559],[139.590011854,35.375379108],[139.590098716,35.375211414],[139.590207057,35.375000559],[139.590207366,35.374999999],[139.590217173,35.374980865],[139.590476524,35.374377306],[139.590666523,35.373961387],[139.590752555,35.373776442],[139.590810506,35.373637891],[139.591087977,35.373543197],[139.591339559,35.373464775],[139.591666667,35.373581802],[139.591667665,35.373582171],[139.591723916,35.373602305],[139.592080973,35.373517027],[139.592417951,35.373452332],[139.59284183,35.373056027],[139.59303083,35.372918026],[139.593296744,35.372743694],[139.593554449,35.372501306],[139.593679534,35.372291053],[139.593746719,35.372010694],[139.593874137,35.371677306],[139.593958833,35.37150592],[139.594004307,35.37138836],[139.594015473,35.371239748],[139.594006227,35.371143134],[139.594183748,35.370857225],[139.594229027,35.370787775],[139.594411803,35.370554721],[139.594678106,35.370218748],[139.594782387,35.370021748],[139.594900557,35.369716802],[139.595090507,35.369497054],[139.595215616,35.369351225],[139.595282049,35.369131108],[139.595356498,35.369041946],[139.595476083,35.369005587],[139.59564192,35.368942054],[139.595760078,35.368887135],[139.595880337,35.368799054],[139.595996783,35.368612505],[139.596105305,35.368313198],[139.596235033,35.368167332],[139.596350895,35.368091559],[139.596394916,35.368002532],[139.596651089,35.367949532],[139.596684527,35.367784693],[139.596670609,35.367583919],[139.596601115,35.367466468],[139.596448196,35.367388802],[139.596170169,35.36727136],[139.595929222,35.36714636],[139.595808171,35.367031387],[139.595471919,35.366667252],[139.595471388,35.366666668],[139.59542703,35.36661864],[139.595240921,35.366507533],[139.59516231,35.36647364],[139.595005084,35.366406135],[139.594924255,35.366365307],[139.594782581,35.36628336],[139.594738975,35.366224468],[139.5947262,35.366206972],[139.594609248,35.36604864],[139.594429248,35.36589336],[139.59434786,35.36581364],[139.594250363,35.365717801],[139.594183411,35.365652252],[139.593986744,35.365381694],[139.59391869,35.36528836],[139.593692581,35.36501364],[139.593557861,35.364899198],[139.593430921,35.364803919],[139.593233411,35.364680865],[139.593083697,35.364617802],[139.592753411,35.364535865],[139.592206744,35.364479468],[139.591971193,35.364440865],[139.591940363,35.364430306],[139.5918307,35.36443536],[139.591669196,35.364405387],[139.591667588,35.364404414],[139.591666667,35.364403865],[139.591488691,35.364295559],[139.591534838,35.364161279],[139.591541362,35.363966838],[139.591521218,35.363698586],[139.591437082,35.363401224],[139.591362438,35.363068333],[139.591363671,35.36291836],[139.591237588,35.362845306],[139.591023139,35.362840892],[139.590834501,35.362918559],[139.590681116,35.363001776],[139.590518638,35.363069586],[139.590340272,35.363105559],[139.590136278,35.363133892],[139.589963307,35.36316617],[139.589861388,35.363225919],[139.589797588,35.36329136],[139.58971886,35.363380135],[139.589665279,35.363465027],[139.58958725,35.363708585],[139.589552892,35.363785973],[139.589472477,35.363845468],[139.58936197,35.363892775],[139.589208612,35.363917198],[139.58894594,35.363956748],[139.588733138,35.363963919],[139.588121505,35.36411136],[139.587896199,35.364222333],[139.587415357,35.364269306],[139.586974669,35.364291108],[139.58665572,35.364267802],[139.586391052,35.364256721],[139.586283865,35.36429336],[139.586253671,35.364369973],[139.58614406,35.364572973],[139.586042361,35.364702333],[139.585853605,35.364837054],[139.585689533,35.364908919],[139.585543579,35.36493136],[139.585283581,35.364805973],[139.585003996,35.364760468],[139.584814228,35.36475436],[139.58462672,35.364771586],[139.584351635,35.364845442],[139.584106913,35.364906973],[139.583920973,35.365005721],[139.583724163,35.365132199],[139.583498885,35.365294198],[139.583334254,35.365418135],[139.583333333,35.365418838],[139.583327885,35.365422919],[139.583277664,35.365489506],[139.583217951,35.365638199],[139.583193257,35.365832171],[139.583085525,35.366011135],[139.582910778,35.366148774],[139.58272397,35.366225172],[139.582419221,35.366288224],[139.582229947,35.36628064],[139.581955811,35.366056505],[139.581725642,35.365917999],[139.581191828,35.366091054],[139.580904475,35.366021946],[139.580880921,35.366204082],[139.58084594,35.366405442],[139.580536979,35.366653945],[139.580513359,35.366666667],[139.580512244,35.366667252],[139.580342114,35.366758865],[139.58020834,35.366935413],[139.580107808,35.367101054],[139.579970636,35.367110171],[139.579651284,35.367247108],[139.57938642,35.367495802],[139.579287562,35.36764436],[139.579067691,35.367556694],[139.57885817,35.36757864],[139.578715382,35.36767836],[139.578617886,35.367759198],[139.578534838,35.367873359],[139.578434578,35.368087802],[139.578162088,35.368250586],[139.578042088,35.36833364],[139.578038974,35.368505387],[139.57811983,35.368601694],[139.578057809,35.368755171],[139.578546135,35.369201505],[139.578147522,35.369466306],[139.577741725,35.369729279],[139.577619584,35.369578387],[139.57746891,35.369444107],[139.577287756,35.369260865],[139.577088911,35.369381973],[139.576873113,35.369549532],[139.576723799,35.369492946],[139.576566394,35.369398612],[139.576385771,35.369366026],[139.576198586,35.369302081],[139.575789755,35.369118333],[139.575659781,35.369033559],[139.575507639,35.368926694],[139.575370973,35.368798082],[139.575320973,35.36871336],[139.575256694,35.368389999],[139.575450778,35.368087108],[139.575319028,35.367987838],[139.575187471,35.367876279],[139.575000973,35.367869415],[139.575,35.367869359],[139.574916031,35.367866306],[139.574738249,35.367870721],[139.574607978,35.367769748],[139.574373165,35.367542306],[139.574284942,35.367466838],[139.574099,35.367343667],[139.573957782,35.367386414],[139.573894086,35.367509],[139.573913774,35.367625108],[139.573927082,35.367809506],[139.573922918,35.367849775],[139.573914423,35.368013865],[139.573847366,35.368259225],[139.573843865,35.368432198],[139.573805357,35.368553413],[139.573653839,35.368675198],[139.573553671,35.368938468],[139.573410895,35.368959252],[139.573316031,35.369019197],[139.573330921,35.369073748],[139.573451608,35.369178919],[139.573443645,35.369306559],[139.573241245,35.369337586],[139.573133281,35.369277947],[139.572996939,35.369235505],[139.572729494,35.369181198],[139.572599301,35.36911128],[139.572440637,35.369030586],[139.572317003,35.369023613],[139.572255642,35.369100586],[139.572249027,35.369217],[139.572241245,35.369368387],[139.572269027,35.369597801],[139.572259975,35.369634586],[139.572247782,35.36978144],[139.572078145,35.36985136],[139.571922088,35.36999228],[139.572129169,35.370245973],[139.572163671,35.370448306],[139.572292581,35.370588108],[139.572339728,35.370717054],[139.572482671,35.370930306],[139.572322438,35.371187306],[139.572137886,35.371311586],[139.571638443,35.371572333],[139.571493217,35.371393694],[139.57134105,35.371519414],[139.57094489,35.371829748],[139.570653114,35.37196736],[139.57036131,35.372067225],[139.570065446,35.372101613],[139.56972555,35.372097172],[139.569556277,35.372081135],[139.569426835,35.372180865],[139.569306809,35.372218108],[139.569160246,35.372213694],[139.568792478,35.372232532],[139.568656744,35.372466666],[139.568469467,35.372546559],[139.568348689,35.372607586],[139.568200778,35.372958197],[139.568101855,35.372946135],[139.567985473,35.372906135],[139.567904358,35.37287808],[139.567746304,35.372851414],[139.567497782,35.37281728],[139.567283333,35.372677468],[139.567311855,35.372549892],[139.567283333,35.372493306],[139.567129637,35.372430468],[139.566995332,35.372373197],[139.566819197,35.372363468],[139.566667691,35.372371505],[139.566666667,35.372371559],[139.566547276,35.372377892],[139.56644603,35.372445306],[139.566205577,35.372637721],[139.566063281,35.372734081],[139.565889559,35.372811748],[139.565691414,35.372887198],[139.565484917,35.372847252],[139.565019637,35.372911585],[139.564859494,35.37292492],[139.564746835,35.372920469],[139.563955837,35.373038027],[139.563628586,35.373105748],[139.563501,35.373060279],[139.563351726,35.373120198],[139.56306808,35.373252225],[139.562791582,35.372966171],[139.562467691,35.372613667],[139.562293165,35.372456722],[139.562644669,35.372197081],[139.562397666,35.371859775],[139.56233389,35.371761027],[139.562226304,35.371629775],[139.562094359,35.371459641],[139.561896835,35.371024775],[139.561787109,35.370878946],[139.561703994,35.370837667],[139.561579079,35.370630891],[139.561233216,35.370573838],[139.561005888,35.370517748],[139.560765253,35.370402442],[139.560603527,35.370276468],[139.560488171,35.370148865],[139.560437394,35.37001736],[139.560320312,35.369843919],[139.560190195,35.369794586],[139.560114112,35.369900414],[139.560119442,35.370049],[139.560044384,35.370059],[139.559931751,35.370019054],[139.559817756,35.369904775],[139.559731414,35.370016198],[139.559572945,35.370354775],[139.55974572,35.370452559],[139.559773256,35.37047372],[139.559870726,35.370539613],[139.559707835,35.370624865],[139.559744086,35.37069328],[139.559769053,35.370775054],[139.559747198,35.370854533],[139.559466278,35.370837893],[139.559228781,35.370890054],[139.559202996,35.371143027],[139.559235577,35.371237334],[139.559398444,35.371297252],[139.559573502,35.371316107],[139.559654942,35.371302775],[139.559749948,35.371318333],[139.559668495,35.371520252],[139.559619637,35.371675613],[139.559586641,35.371801748],[139.55965275,35.371873108],[139.559706524,35.372031748],[139.559648715,35.372182027],[139.559680726,35.372275865],[139.559749947,35.372288054],[139.559830973,35.372314775],[139.559885668,35.372426748],[139.559840752,35.372602279],[139.559779806,35.372855028],[139.559774358,35.373213413],[139.559712698,35.373379081],[139.559604254,35.373558027],[139.559627275,35.373774973],[139.559693554,35.374322505],[139.559759494,35.374316613],[139.559873839,35.374792251],[139.559908833,35.374883666],[139.559822996,35.374979109],[139.559719727,35.374992414],[139.55971642,35.374999999],[139.559716162,35.375000586],[139.559612918,35.375237198],[139.559782556,35.375502387],[139.559386278,35.375611108],[139.559080921,35.375720974],[139.559109416,35.375992802],[139.559265474,35.376208081],[139.55945956,35.376522082],[139.559938613,35.377234387],[139.560097419,35.377571693],[139.560248054,35.377955613],[139.560317276,35.378310666],[139.560395526,35.378840027],[139.560447562,35.379047387],[139.560596835,35.379663171],[139.560518145,35.379670946],[139.560547977,35.379768586],[139.560387834,35.379967198],[139.560364773,35.380088135],[139.560286057,35.380217946],[139.560211415,35.380318919],[139.560106913,35.380449838],[139.560065616,35.380555081],[139.560085772,35.380714505],[139.559906056,35.380875892],[139.559646835,35.381133305],[139.559397173,35.381395171],[139.559308949,35.381459505],[139.559170532,35.381409586],[139.558707782,35.381197667],[139.558410532,35.381061198],[139.558334423,35.381032802],[139.558333333,35.381032387],[139.558000921,35.38090836],[139.558053606,35.380749414],[139.557371699,35.380416838],[139.557129417,35.380406559],[139.557127717,35.380561865],[139.557155228,35.380814865],[139.557198664,35.380934694],[139.557360169,35.381039],[139.557637004,35.381256441],[139.557446161,35.381435946],[139.55761105,35.381792469],[139.557554085,35.382097306],[139.557375888,35.382128613],[139.557252944,35.382114108],[139.557114424,35.382116667],[139.556970662,35.382151839],[139.556914359,35.382169305],[139.55679528,35.382140586],[139.556679416,35.382150198],[139.556562113,35.382237441],[139.556478054,35.382384839],[139.556539171,35.382514865],[139.556537419,35.382635919],[139.556456694,35.382717306],[139.556429857,35.382770054],[139.556447523,35.382919919],[139.556436498,35.383057],[139.556582698,35.383333332],[139.556582996,35.383333919],[139.55661847,35.383400946],[139.556743218,35.383552027],[139.556830895,35.383759505],[139.556879754,35.383971414],[139.556514695,35.383980278],[139.556233774,35.384062387],[139.556111673,35.38416336],[139.556020727,35.384248775],[139.555955577,35.384313135],[139.555746615,35.384407441],[139.555562049,35.384490668],[139.555437198,35.384552775],[139.555325914,35.384688135],[139.55520786,35.384823505],[139.555076329,35.38490236],[139.55462022,35.384781333],[139.554492724,35.384692109],[139.554325746,35.384621586],[139.554073332,35.384565027],[139.553765474,35.384546333],[139.553454748,35.384390027],[139.55305197,35.384193359],[139.553127808,35.384430306],[139.553135863,35.384455865],[139.553218911,35.384831694],[139.553233358,35.384942225],[139.553252245,35.385088054],[139.553515032,35.385556667],[139.55357336,35.385653613],[139.553644747,35.385772505],[139.553730856,35.385939721],[139.553755032,35.385986386],[139.553977523,35.386296667],[139.554022803,35.386375],[139.554331972,35.386705],[139.554341414,35.38674264],[139.554269467,35.387055838],[139.554401362,35.387155388],[139.554562193,35.387271225],[139.554650272,35.387396441],[139.554746005,35.387556108],[139.554979559,35.388182226],[139.555220803,35.388701919],[139.555352283,35.388920252],[139.555472283,35.389066107],[139.555657833,35.389263053],[139.555902361,35.389462171],[139.556236329,35.389695332],[139.556033747,35.389937387],[139.556025331,35.389970838],[139.556268391,35.390099171],[139.556376446,35.390140838],[139.556478392,35.390180279],[139.556655332,35.390248892],[139.556765058,35.390291109],[139.556854228,35.390328613],[139.556941997,35.390365279],[139.557018948,35.390401387],[139.557478612,35.390565361],[139.557455745,35.39063064],[139.55776358,35.390758279],[139.557592166,35.391051333],[139.558044112,35.391213305],[139.558233359,35.391286721],[139.558138469,35.391445252],[139.558333333,35.391519171],[139.558334528,35.39151964],[139.558535914,35.391596055],[139.558494942,35.391666667],[139.558494642,35.391667225],[139.558437133,35.391766387],[139.558416667,35.39193],[139.558596303,35.392022947],[139.55879642,35.392095441],[139.558730467,35.392245999],[139.558949169,35.392491838],[139.55879703,35.392801974],[139.558688366,35.393037802],[139.558601439,35.393328532],[139.558536252,35.393670973],[139.558538249,35.39393908],[139.55860148,35.394199135],[139.55865681,35.394360667],[139.558717886,35.394514135],[139.558810895,35.394703108],[139.558978833,35.394969612],[139.559208003,35.395250667],[139.559354189,35.395426721],[139.559581413,35.395683559],[139.559753306,35.395888694],[139.559962724,35.396145533],[139.560102049,35.396353586],[139.560154553,35.396412748],[139.560374838,35.39666164],[139.560795525,35.397175468],[139.56039148,35.397411892],[139.560201803,35.397533027],[139.560097081,35.397751054],[139.559792827,35.398045055],[139.559635305,35.398256613],[139.559544864,35.398336081],[139.559373995,35.398458559],[139.559193191,35.398577414],[139.558617328,35.398773532],[139.558334578,35.398937802],[139.558333333,35.398938533],[139.558303191,35.398956027],[139.558058392,35.399160054],[139.557763839,35.399379253],[139.557607082,35.39952436],[139.557458755,35.399700802],[139.557448755,35.399877748],[139.557458275,35.4],[139.557458301,35.400000532],[139.55747345,35.400194947],[139.557467639,35.400394],[139.55709214,35.400564837],[139.556975304,35.400681225],[139.556893502,35.401139973],[139.556881829,35.40159636],[139.556848223,35.40184164],[139.556882115,35.402040252],[139.557046279,35.402414135],[139.557089611,35.402560252],[139.556961556,35.402782467],[139.556948366,35.402797505],[139.556940532,35.402907999],[139.556888145,35.403028307],[139.556718755,35.403150838],[139.556598107,35.403244252],[139.556464358,35.403394307],[139.556283528,35.403544586],[139.55626153,35.403631441],[139.556283671,35.403792224],[139.556347004,35.404042027],[139.556347393,35.40414964],[139.556293217,35.404212612],[139.556155253,35.404284973],[139.556103281,35.404382108],[139.55616131,35.404609387],[139.556247691,35.404872171],[139.556377977,35.405055919],[139.556420441,35.405352386],[139.556432309,35.405877586],[139.556482412,35.405984946],[139.556524812,35.406164612],[139.556513528,35.406287171],[139.556593839,35.406485224],[139.556635499,35.406684667],[139.556578521,35.406831946],[139.556560337,35.406958838],[139.55657061,35.407101694],[139.556602244,35.407226054],[139.55662253,35.407380026],[139.556649689,35.407553171],[139.556654112,35.407740468],[139.556659781,35.407883918],[139.55672275,35.408012694],[139.556833217,35.408294999],[139.55683869,35.408333334],[139.556838755,35.408333838],[139.556843554,35.408367748],[139.556825473,35.408501667],[139.556677302,35.408592586],[139.556499494,35.40868464],[139.556146057,35.408892171],[139.555879949,35.40879328],[139.555491894,35.408799333],[139.555331854,35.408818721],[139.555116524,35.409080386],[139.554978223,35.409254838],[139.554899222,35.409564973],[139.554922918,35.409917081],[139.554950585,35.410007559],[139.554675551,35.410338748],[139.554460143,35.410453279],[139.55419192,35.410702108],[139.554050999,35.410956505],[139.553812672,35.411071135],[139.553755356,35.411147721],[139.554047666,35.411561441],[139.553869857,35.411695504],[139.55370978,35.411945171],[139.553682166,35.412193],[139.553702996,35.412313667],[139.553861946,35.412603306],[139.55396275,35.412852054],[139.55401214,35.413041027],[139.553982503,35.413305946],[139.553958807,35.413574081],[139.553964721,35.413756613],[139.553960778,35.41396336],[139.554004228,35.414504505],[139.553880559,35.414731198],[139.554217613,35.41475164],[139.554504086,35.414762946],[139.554790559,35.414829171],[139.555043476,35.414916387],[139.555217134,35.415066279],[139.555246977,35.415132838],[139.555272777,35.415179945],[139.555584812,35.415110225],[139.555815966,35.415081135],[139.556122218,35.415032693],[139.556436355,35.415111801],[139.556840415,35.415169947],[139.556980415,35.415212802],[139.557272503,35.415347414],[139.557386694,35.415460721],[139.557575473,35.415574081],[139.557849028,35.415628721],[139.558087497,35.415687972],[139.558333333,35.415776252],[139.558334721,35.415776747],[139.558397419,35.415799252],[139.558459559,35.415846775],[139.558498911,35.415960469],[139.558540026,35.416114081],[139.558558366,35.41641964],[139.558546472,35.416601107],[139.558532114,35.416666667],[139.558531997,35.416667135],[139.5584062,35.417240774],[139.558334747,35.417331414],[139.558333334,35.417333225],[139.558234306,35.417458865],[139.55812764,35.417746387],[139.55815131,35.418028054],[139.558183333,35.418124667],[139.558098197,35.418265359],[139.557934748,35.418375469],[139.557761972,35.418643532],[139.557257562,35.419319641],[139.557236719,35.419348801],[139.556944501,35.419754918],[139.556923385,35.41978436],[139.556895253,35.419890198],[139.556723191,35.419773441],[139.5564938,35.419974802],[139.556633359,35.42026528],[139.557075111,35.420038532],[139.55754511,35.419781559],[139.557852891,35.419680334],[139.558333333,35.419548721],[139.558334773,35.419548333],[139.558410752,35.419527532],[139.558734968,35.419425333],[139.559030052,35.419312973],[139.559038949,35.419314359],[139.55929144,35.419355748],[139.559313386,35.419359081],[139.559434773,35.419379081],[139.560760052,35.419472694],[139.561509222,35.419667694],[139.56178144,35.41970464],[139.561925383,35.419703135],[139.56205144,35.419684919],[139.562102944,35.41949436],[139.562078612,35.419212026],[139.562100506,35.419142414],[139.562176913,35.419074108],[139.562382827,35.418963532],[139.563000727,35.41915964],[139.56355,35.41932336],[139.56360594,35.419259749],[139.563635136,35.419144414],[139.563647276,35.419019134],[139.563715383,35.418864053],[139.563771284,35.418786506],[139.563901219,35.418770171],[139.564025474,35.418719974],[139.564259663,35.418497668],[139.564362802,35.418375198],[139.564471725,35.418241694],[139.564659442,35.418190612],[139.564843165,35.418108225],[139.565064475,35.418],[139.565538079,35.417887134],[139.565743916,35.417802414],[139.566384475,35.41743964],[139.566666667,35.417395081],[139.56666808,35.417394864],[139.567058366,35.417333252],[139.567202802,35.417312974],[139.567321414,35.417296027],[139.567422244,35.417281864],[139.568277523,35.417161028],[139.568279754,35.417160748],[139.56918031,35.417014081],[139.569349197,35.416965747],[139.569563645,35.416934081],[139.569728275,35.416909972],[139.570048367,35.416862694],[139.570209468,35.416919081],[139.570360584,35.416971865],[139.570021971,35.417087135],[139.569887523,35.417115468],[139.569579754,35.417221306],[139.569527523,35.417277136],[139.569436134,35.417375198],[139.569380026,35.417435198],[139.569380584,35.417522694],[139.569341699,35.417709082],[139.569335032,35.417766253],[139.569274773,35.417909054],[139.569196887,35.417993973],[139.569102309,35.418060694],[139.569470195,35.418894973],[139.569342283,35.418931694],[139.568748807,35.419115414],[139.568362776,35.419235054],[139.568454669,35.419469973],[139.568480052,35.419532135],[139.568549858,35.419674721],[139.568635525,35.419860442],[139.568650506,35.419903613],[139.568697133,35.420030252],[139.569198664,35.419884387],[139.569550143,35.419859198],[139.569691531,35.419801442],[139.569818859,35.419745838],[139.570047056,35.419482],[139.570962049,35.41919964],[139.571152166,35.419449198],[139.571350466,35.419541721],[139.571605058,35.419934919],[139.57191533,35.420379082],[139.572211555,35.420764667],[139.572173671,35.420867333],[139.572266978,35.420932252],[139.572433021,35.421024414],[139.572737782,35.421245919],[139.572785057,35.421295747],[139.572961804,35.421415694],[139.57308725,35.421548468],[139.573286135,35.421686775],[139.573418444,35.421835027],[139.57337192,35.42193044],[139.573525914,35.421917054],[139.573813968,35.421915225],[139.573979586,35.421919171],[139.574451285,35.42184864],[139.574542308,35.421788253],[139.574779494,35.421797892],[139.574973191,35.421854748],[139.575,35.421864171],[139.57500148,35.421864694],[139.575117108,35.421905333],[139.575329079,35.422010695],[139.575244916,35.422180721],[139.575106641,35.422435721],[139.575019533,35.422577387],[139.575153282,35.422610559],[139.575397003,35.422708414],[139.575579339,35.422456748]]},"properties":{"city_code":"14111","city_name":"港南区","prefecture_code":"14","prefecture_name":"神奈川県"}},{"type":"Feature","geometry":{"type":"LineString","coordinates":[[139.502825577,35.509066866],[139.502797613,35.508695803],[139.50332428,35.508495838],[139.503770661,35.508387252],[139.503918171,35.508333639],[139.503918974,35.508333333],[139.504213164,35.508226414],[139.504437328,35.508140306],[139.504431505,35.508060306],[139.504460363,35.507882252],[139.504494812,35.507618081],[139.504529248,35.507394198],[139.504598144,35.507261973],[139.504985084,35.506787802],[139.505197587,35.506535586],[139.505502308,35.506179468],[139.505663411,35.505972801],[139.505732309,35.505840586],[139.505789805,35.505599468],[139.505916471,35.50511364],[139.505968144,35.50487836],[139.506065914,35.504384468],[139.506117588,35.504034198],[139.506180921,35.503638081],[139.506192283,35.503379748],[139.506192283,35.503256973],[139.506188949,35.503142802],[139.50620144,35.50296836],[139.506203671,35.502898919],[139.50620144,35.502730585],[139.506188949,35.502625865],[139.506112477,35.502418],[139.506005863,35.502101333],[139.506014552,35.501959],[139.506173411,35.501811333],[139.506604501,35.50164364],[139.506732827,35.501595586],[139.506934229,35.501545865],[139.507240337,35.50150836],[139.507412555,35.50149364],[139.507929494,35.501482252],[139.508000895,35.50147864],[139.508094773,35.501458359],[139.50814533,35.501436413],[139.508333333,35.501361802],[139.508335332,35.501361],[139.508429494,35.50132364],[139.509342555,35.500964468],[139.509530894,35.500869198],[139.509741725,35.500754197],[139.50995144,35.500633919],[139.510322283,35.500428946],[139.510637393,35.500254776],[139.510555966,35.500049171],[139.510618366,35.500000306],[139.510618755,35.5],[139.51083869,35.499827747],[139.511240363,35.499586892],[139.511704189,35.499470667],[139.512766588,35.499125054],[139.513754059,35.498730667],[139.513958664,35.498723],[139.514022335,35.498877946],[139.514354942,35.498944252],[139.514644035,35.499124387],[139.515038275,35.499352776],[139.5151993,35.499427469],[139.515453891,35.499530667],[139.5155662,35.499566892],[139.515876083,35.499670558],[139.516251996,35.499914198],[139.516297562,35.499989468],[139.516305771,35.5],[139.51630603,35.500000306],[139.51656978,35.500337532],[139.516666667,35.500422946],[139.516668665,35.500424694],[139.516775887,35.500519198],[139.517054501,35.500688639],[139.517275331,35.500795586],[139.517505331,35.500837802],[139.517923385,35.50086808],[139.518226161,35.500865307],[139.518601725,35.500861974],[139.518867835,35.50089836],[139.519059221,35.50096836],[139.519163943,35.501041694],[139.519212282,35.501094198],[139.519239222,35.501126973],[139.519267562,35.50115864],[139.519443138,35.501412532],[139.519538974,35.501531414],[139.519770364,35.501818081],[139.519873411,35.501896694],[139.519994527,35.501938919],[139.520254812,35.50199336],[139.52055428,35.502014081],[139.520963333,35.501741892],[139.521337588,35.501679639],[139.521526668,35.501539],[139.521944669,35.501453721],[139.522044916,35.501269468],[139.522268859,35.501124613],[139.522395084,35.501135279],[139.522470584,35.501196307],[139.522828029,35.501973667],[139.523009027,35.502263666],[139.523234333,35.502346279],[139.523542608,35.502616946],[139.523568145,35.502829387],[139.523465862,35.502995694],[139.523558663,35.503152775],[139.523725084,35.503258081],[139.524940857,35.504367613],[139.525,35.504382171],[139.525002022,35.504382667],[139.525164968,35.504422748],[139.525320272,35.504417532],[139.525571855,35.504410306],[139.525955357,35.504306973],[139.52628231,35.504143919],[139.5266262,35.503989198],[139.526914254,35.503890307],[139.527516472,35.503817251],[139.52774175,35.503742803],[139.527986744,35.503682532],[139.528266471,35.503558081],[139.528649248,35.503416414],[139.528850921,35.503351973],[139.529040362,35.503258081],[139.529307588,35.503167532],[139.529728417,35.503067802],[139.529859248,35.503036973],[139.530008418,35.503026414],[139.530115642,35.503123081],[139.530170636,35.503258082],[139.530190363,35.503283082],[139.530402892,35.503512801],[139.530475668,35.503584749],[139.530617328,35.503724198],[139.530695383,35.503800866],[139.530851777,35.503929748],[139.531144553,35.50409336],[139.531250118,35.504123081],[139.531469274,35.504174468],[139.531555383,35.50421336],[139.531796226,35.504251974],[139.531922336,35.504269468],[139.532200389,35.504307802],[139.532407055,35.50433364],[139.532553165,35.504355027],[139.532587613,35.504286414],[139.532588444,35.504267532],[139.532589832,35.50423336],[139.532561777,35.504191695],[139.532473165,35.504121973],[139.532372607,35.504062801],[139.532185253,35.503920693],[139.532005643,35.503841108],[139.531781479,35.503769694],[139.531600336,35.503631333],[139.531454721,35.50351172],[139.531281219,35.503387252],[139.53121428,35.503345865],[139.531180363,35.503299198],[139.531170363,35.503258081],[139.531189689,35.503043135],[139.531340752,35.50287],[139.531439585,35.502717109],[139.531504695,35.502579973],[139.531552023,35.502299749],[139.531550636,35.502290586],[139.531540363,35.502202532],[139.531534254,35.502141135],[139.531538417,35.502053081],[139.531550921,35.501981135],[139.531550921,35.501914505],[139.531538417,35.501851171],[139.531498145,35.501747559],[139.531434527,35.501612838],[139.531399248,35.501535613],[139.531348418,35.501388109],[139.531325642,35.501291721],[139.531309806,35.501202279],[139.531297588,35.501065333],[139.531285357,35.500870613],[139.53129231,35.500714506],[139.531311479,35.500585054],[139.531333696,35.500507838],[139.531366472,35.500447],[139.53139314,35.500411441],[139.531429248,35.500391721],[139.531520637,35.500389775],[139.531664811,35.500403946],[139.53206869,35.500438946],[139.532124813,35.500442559],[139.532197029,35.500444505],[139.532252309,35.500439775],[139.532391193,35.500419224],[139.532452582,35.500405054],[139.532500363,35.500391441],[139.532607588,35.500338667],[139.532707589,35.500278946],[139.53282703,35.50020172],[139.532945914,35.500136721],[139.533145642,35.500035613],[139.533206472,35.500008667],[139.533220247,35.500000333],[139.533220778,35.5],[139.533333333,35.499931892],[139.533335357,35.499930667],[139.53334786,35.499923108],[139.533497031,35.499823108],[139.533635357,35.499726722],[139.533672866,35.499704225],[139.533713139,35.499682838],[139.533760078,35.499659225],[139.533818146,35.499644225],[139.533859248,35.499641442],[139.533904254,35.499645333],[139.533952022,35.499651172],[139.534083969,35.499667],[139.534180636,35.499695053],[139.534328146,35.499744225],[139.534573696,35.499827],[139.534731751,35.499868946],[139.534854812,35.499902279],[139.535090077,35.499963667],[139.535191634,35.5],[139.535192554,35.500000333],[139.535369533,35.500063667],[139.535608145,35.500148108],[139.53584786,35.500207278],[139.536414163,35.500350839],[139.536579533,35.500137387],[139.536963695,35.500245613],[139.537377367,35.500308532],[139.537628146,35.500313109],[139.537924812,35.500316027],[139.538645694,35.500407198],[139.539014137,35.500506504],[139.539322801,35.500540721],[139.53958769,35.500521171],[139.540071608,35.500521171],[139.540409053,35.500472225],[139.540583891,35.500350333],[139.540584864,35.500000333],[139.540584864,35.5],[139.540585422,35.499803171],[139.541051413,35.499243081],[139.541306304,35.498783919],[139.54160703,35.498461559],[139.541666667,35.498385081],[139.541668689,35.498382505],[139.541869883,35.498124532],[139.542140752,35.497982892],[139.542278716,35.497808559],[139.5425017,35.497582721],[139.542789415,35.497489252],[139.543018392,35.497475999],[139.544096252,35.497744253],[139.544479948,35.497914252],[139.545132607,35.498232225],[139.545639559,35.498496252],[139.545709079,35.49892972],[139.545953695,35.498973441],[139.546270416,35.499048864],[139.546636109,35.499048306],[139.546852699,35.498993198],[139.547164228,35.498980586],[139.547766161,35.498828504],[139.55,35.498362974],[139.550002023,35.498362558],[139.55011192,35.498339668],[139.550509974,35.498167749],[139.550727912,35.497930027],[139.550756939,35.49779164],[139.551167108,35.497762505],[139.551574527,35.497724505],[139.552492671,35.497437081],[139.552677446,35.497768],[139.552754306,35.498049505],[139.553040195,35.498036919],[139.553307639,35.497991694],[139.553229416,35.497724109],[139.553066835,35.497535532],[139.552923995,35.497467775],[139.552927004,35.497051973],[139.552755811,35.496765387],[139.552623476,35.496436505],[139.552387445,35.496450748],[139.55195192,35.496229838],[139.551358612,35.495807586],[139.551218586,35.495735279],[139.550759105,35.495641694],[139.550662555,35.495327838],[139.550371167,35.494304775],[139.550283943,35.493999505],[139.550247004,35.493869775],[139.550134501,35.493476171],[139.550093671,35.493380333],[139.550059494,35.493282559],[139.550033385,35.493034775],[139.550033385,35.492885333],[139.550050895,35.492769505],[139.550052555,35.492757838],[139.550111997,35.492619505],[139.55029978,35.492183108],[139.550391167,35.492048667],[139.550457275,35.491974505],[139.550572826,35.491870054],[139.550579495,35.491865893],[139.550835615,35.491703108],[139.550927082,35.491667],[139.550927951,35.491666667],[139.551228949,35.491547838],[139.551481439,35.491388107],[139.551542803,35.491317],[139.551633645,35.491178946],[139.551736135,35.491009225],[139.551924189,35.490573108],[139.551944189,35.490531999],[139.552184189,35.490037838],[139.552226977,35.489923109],[139.552273917,35.489812],[139.552392802,35.489673387],[139.55249725,35.489517442],[139.552510585,35.489497559],[139.552623359,35.489333946],[139.552861699,35.488988388],[139.552939754,35.488891442],[139.552962244,35.488863387],[139.553034189,35.488784505],[139.553058639,35.48875728],[139.553149468,35.488657559],[139.553335033,35.488420054],[139.553450856,35.488242559],[139.553596693,35.488047559],[139.554172243,35.487370919],[139.554609753,35.486829532],[139.554612529,35.486826197],[139.554789999,35.486592586],[139.554812218,35.486572307],[139.554830829,35.486555361],[139.554898612,35.486493973],[139.55512847,35.486326135],[139.555297004,35.486159135],[139.555277782,35.486062306],[139.555311115,35.485903441],[139.555433943,35.485755559],[139.555725279,35.485763694],[139.555952529,35.485656],[139.556247199,35.485679838],[139.556280271,35.485648694],[139.556438054,35.485482027],[139.556498611,35.485445641],[139.556501997,35.485242613],[139.556326887,35.485170694],[139.556358611,35.485059252],[139.556538106,35.484803919],[139.556900506,35.484724467],[139.557041142,35.484869306],[139.557193358,35.484919919],[139.557437301,35.484923721],[139.55762934,35.484856667],[139.557892437,35.484765973],[139.557992866,35.484661694],[139.558170856,35.484658225],[139.558333333,35.484651532],[139.558335279,35.48465144],[139.558576083,35.484641532],[139.558937224,35.484671054],[139.559153943,35.484481252],[139.559318054,35.484484721],[139.559543477,35.484458054],[139.559939728,35.484524253],[139.560309638,35.484595135],[139.560417977,35.484852441],[139.560608885,35.484865108],[139.560768612,35.484845641],[139.560976938,35.484783973],[139.561443061,35.484591748],[139.561731388,35.484477306],[139.561981804,35.484510667],[139.562305578,35.484542468],[139.562558521,35.484308693],[139.56269083,35.484257973],[139.562893281,35.484196668],[139.563072503,35.484238695],[139.563386589,35.484321081],[139.563659728,35.484406198],[139.564051946,35.484501198],[139.564309468,35.484563694],[139.564444916,35.484620468],[139.564589365,35.484371586],[139.564656446,35.484107947],[139.564730584,35.483906333],[139.564994384,35.483333694],[139.564994553,35.483333333],[139.56500983,35.483300198],[139.565156719,35.482883865],[139.565224838,35.482810135],[139.565206887,35.482722802],[139.565316693,35.482629081],[139.565437588,35.482498613],[139.565498495,35.482415586],[139.565643554,35.482211614],[139.565741855,35.482046333],[139.56593083,35.482023864],[139.566189975,35.481707171],[139.566353995,35.481529919],[139.566491699,35.481427279],[139.566576809,35.481311865],[139.566666667,35.481240108],[139.566668612,35.481238559],[139.566826304,35.481112613],[139.566945746,35.480868333],[139.566668612,35.480707386],[139.566666667,35.480706252],[139.566628521,35.480684107],[139.566534162,35.480622586],[139.566481115,35.48056064],[139.566413605,35.480518693],[139.56634834,35.480498414],[139.566247497,35.480487586],[139.566033307,35.480497468],[139.565799274,35.480699892],[139.5655593,35.480766587],[139.565434838,35.480784333],[139.565207497,35.480783414],[139.565134721,35.480783414],[139.565063333,35.480772306],[139.564923087,35.480801081],[139.56474917,35.480844279],[139.564733528,35.480940252],[139.564699169,35.481013136],[139.564654228,35.481123667],[139.564621193,35.481218333],[139.564479974,35.481232892],[139.564467223,35.481138414],[139.564458885,35.480954468],[139.564436057,35.480889558],[139.564401192,35.480763107],[139.564325383,35.480510108],[139.563999688,35.48048092],[139.563961089,35.48048564],[139.56389275,35.480485082],[139.563797367,35.480470586],[139.563522698,35.480125865],[139.563427198,35.479980081],[139.563389416,35.479983973],[139.563341921,35.480000919],[139.563287198,35.480027586],[139.563226083,35.480068135],[139.563152476,35.48011536],[139.563025253,35.480171748],[139.562986082,35.480182865],[139.562825811,35.480228974],[139.562615551,35.480272919],[139.56234092,35.480310865],[139.562153281,35.480284],[139.562044228,35.480259614],[139.561947887,35.480164225],[139.5616962,35.479895468],[139.561541167,35.479666279],[139.561391856,35.479430225],[139.56133725,35.479247387],[139.561257276,35.479078919],[139.56102581,35.478781468],[139.561001634,35.47871508],[139.560985525,35.478685082],[139.560965526,35.478648414],[139.560876719,35.47847336],[139.560665889,35.478389531],[139.560801285,35.478267775],[139.560765525,35.478208973],[139.560717639,35.477992108],[139.56072808,35.477800108],[139.561213411,35.477683865],[139.561360532,35.477619532],[139.561508859,35.47756564],[139.561595811,35.477554252],[139.561600804,35.477553695],[139.561699144,35.477552305],[139.561876355,35.477569252],[139.562075642,35.477564054],[139.56227144,35.477519613],[139.56236275,35.477512135],[139.562482776,35.477527081],[139.562587691,35.477571531],[139.562655305,35.477620694],[139.56270847,35.477663586],[139.562837756,35.477778973],[139.562881633,35.477822865],[139.562986913,35.477868414],[139.563033333,35.477870532],[139.563086809,35.477827865],[139.563216253,35.477613225],[139.563283554,35.477521613],[139.563345862,35.477404838],[139.563476887,35.477085505],[139.563571555,35.476837919],[139.563613839,35.476665252],[139.563619053,35.476582055],[139.563608197,35.47648636],[139.563586446,35.476339838],[139.5635238,35.476218],[139.563496641,35.476106333],[139.56347594,35.475997414],[139.563419442,35.475871694],[139.563366057,35.475854252],[139.563242724,35.475958135],[139.563042166,35.476136747],[139.562987446,35.476178694],[139.562653606,35.476459414],[139.56250489,35.476445531],[139.562430532,35.476429532],[139.562307886,35.476295134],[139.562190467,35.476144748],[139.562120026,35.475997559],[139.562080896,35.475810892],[139.562117756,35.47568364],[139.562105668,35.475522892],[139.562041751,35.475394892],[139.561984332,35.475321306],[139.561838223,35.475216775],[139.561697328,35.475192252],[139.561617756,35.475127198],[139.561580052,35.47500036],[139.561579947,35.475],[139.561574423,35.474981414],[139.561551335,35.474866082],[139.561388859,35.474688612],[139.561330921,35.474596586],[139.561286226,35.474455838],[139.560990753,35.474133054],[139.560865745,35.473999748],[139.560741556,35.473773721],[139.560593385,35.473656639],[139.560496549,35.473628225],[139.560209339,35.473601837],[139.560121855,35.473595559],[139.559878392,35.473554505],[139.559780051,35.47351136],[139.559669637,35.473481198],[139.559609922,35.473467865],[139.559547977,35.473467865],[139.559415188,35.473492306],[139.559355473,35.473512027],[139.559273529,35.473547586],[139.559218248,35.473576198],[139.559154476,35.473631694],[139.559080415,35.473689892],[139.559002802,35.473723721],[139.558945864,35.473742334],[139.558888948,35.473788892],[139.558824773,35.473836252],[139.558756472,35.473907333],[139.558665383,35.473932721],[139.558590856,35.47391664],[139.558427367,35.473848109],[139.558478053,35.473679721],[139.55852153,35.47355364],[139.558605358,35.47321264],[139.558663307,35.473051864],[139.558564085,35.472686586],[139.558548949,35.472504441],[139.558396588,35.472309802],[139.558335188,35.472191198],[139.558333333,35.472187614],[139.558224475,35.471977252],[139.558120998,35.471725081],[139.558102361,35.471608306],[139.55808725,35.471338891],[139.55801214,35.471373414],[139.557758053,35.471392225],[139.557860195,35.470973972],[139.557950194,35.470978694],[139.558033256,35.470985639],[139.558094917,35.470981468],[139.558101855,35.470980919],[139.558146861,35.470952586],[139.558161025,35.470893415],[139.558187134,35.470748973],[139.558270169,35.47048036],[139.558333333,35.470237306],[139.558335162,35.470230225],[139.558394189,35.469998919],[139.558335162,35.469938505],[139.558333333,35.469936613],[139.558215719,35.469816225],[139.557790168,35.469380108],[139.557779883,35.469363441],[139.557776278,35.469347613],[139.557776836,35.469336225],[139.557782672,35.469322614],[139.557812387,35.469294279],[139.557847394,35.469270667],[139.557852114,35.469267333],[139.557922114,35.469230666],[139.558333333,35.469008171],[139.558335162,35.469007197],[139.558479053,35.468929332],[139.559168366,35.468672081],[139.559251556,35.468583721],[139.559253503,35.468564279],[139.559253503,35.468472054],[139.559256835,35.468362333],[139.559257951,35.468350946],[139.559280726,35.468128171],[139.559307665,35.468035387],[139.559350441,35.467926505],[139.559507392,35.467597613],[139.559675525,35.467389279],[139.559824553,35.467199748],[139.560101946,35.466957721],[139.560373774,35.466740667],[139.560535084,35.466667054],[139.560535914,35.466666667],[139.560624034,35.466626505],[139.560695422,35.466599837],[139.561083645,35.466477333],[139.561290117,35.466169081],[139.561446252,35.465990135],[139.561750468,35.46581936],[139.561999585,35.465639],[139.562064034,35.465580946],[139.562156523,35.465526505],[139.562246252,35.465496506],[139.562423191,35.465441775],[139.562519027,35.465425667],[139.562574306,35.465430946],[139.562622634,35.465452892],[139.562666523,35.46550344],[139.562672633,35.465510387],[139.562691803,35.465536506],[139.562715136,35.465571775],[139.562716809,35.465573171],[139.562747367,35.465596505],[139.5627707,35.465614],[139.563182088,35.465478586],[139.563324475,35.465468775],[139.563338471,35.465463721],[139.563440973,35.465440108],[139.56353319,35.465425666],[139.563612088,35.465421225],[139.563691387,35.465438279],[139.563801025,35.465471838],[139.563948003,35.465493838],[139.564032244,35.465484306],[139.564098197,35.465394838],[139.564105384,35.46538664],[139.564140699,35.465346505],[139.564202608,35.465305973],[139.564260584,35.465211198],[139.564310246,35.465091027],[139.564428755,35.464900946],[139.564585136,35.464734838],[139.564680972,35.464632334],[139.564749584,35.464568171],[139.564881529,35.464487613],[139.564895694,35.464477613],[139.565007367,35.464398441],[139.565146524,35.464301775],[139.565277912,35.464224],[139.565452361,35.464247332],[139.56555594,35.464156946],[139.565844137,35.463879279],[139.565984916,35.463728667],[139.566130532,35.463628919],[139.566347173,35.463522198],[139.566545888,35.463413892],[139.566666667,35.463408414],[139.56666847,35.463408333],[139.566955746,35.463395279],[139.567187082,35.463470108],[139.567525006,35.463650838],[139.568314579,35.464120946],[139.568373696,35.463781135],[139.568431673,35.46362036],[139.568611751,35.463229414],[139.568653165,35.463080505],[139.568688469,35.462801225],[139.568713748,35.462564838],[139.568721803,35.462406505],[139.568722919,35.462165668],[139.568727912,35.461921505],[139.568715422,35.461804],[139.568695137,35.461707054],[139.568673191,35.461635107],[139.56858345,35.461422613],[139.568514553,35.461258171],[139.568497327,35.461170668],[139.568483165,35.461053171],[139.568480117,35.460964],[139.568484553,35.460932614],[139.568487886,35.460907613],[139.568528716,35.460801504],[139.568583722,35.460713721],[139.568674552,35.460590108],[139.568774838,35.460477333],[139.568818716,35.460422613],[139.568862334,35.460353722],[139.568873451,35.460291225],[139.56887345,35.460253721],[139.568856498,35.460130108],[139.568791583,35.460079028],[139.568755746,35.460019279],[139.568733774,35.459935225],[139.568679391,35.459854613],[139.568641505,35.459749414],[139.568553994,35.459632613],[139.56840817,35.459484],[139.568332048,35.459429559],[139.568275668,35.459396775],[139.568215668,35.459366775],[139.568137329,35.459344558],[139.568029831,35.459325945],[139.567565188,35.459217027],[139.567133747,35.459160946],[139.567022892,35.459140387],[139.566668443,35.459095559],[139.566666667,35.459095333],[139.566321945,35.45905172],[139.566177004,35.458785108],[139.566143022,35.458590721],[139.566179274,35.458342641],[139.566180921,35.458333721],[139.566180973,35.458333334],[139.566213217,35.458159333],[139.566293255,35.457814532],[139.566346808,35.457539134],[139.566385305,35.457274387],[139.566414747,35.457054054],[139.566453256,35.456667108],[139.566444916,35.456419946],[139.56644856,35.456154305],[139.56642834,35.455872865],[139.566428341,35.455696974],[139.566389221,35.455574468],[139.566249441,35.455648865],[139.566027524,35.45571736],[139.565760312,35.455800667],[139.565565551,35.455839559],[139.565146615,35.455780306],[139.565019806,35.455785667],[139.56486869,35.455828721],[139.564569534,35.455835388],[139.564558691,35.455832892],[139.56444703,35.455806504],[139.564445357,35.455806225],[139.56439786,35.455774559],[139.564363969,35.455734001],[139.564355083,35.455715387],[139.564300636,35.455603172],[139.564289533,35.455551225],[139.564275914,35.455472333],[139.56425786,35.455422613],[139.564235357,35.455393441],[139.564194527,35.455375387],[139.564130637,35.455354559],[139.564097588,35.455343721],[139.564007303,35.455305387],[139.563867277,35.455212892],[139.56382367,35.455195946],[139.563778392,35.455207333],[139.563733385,35.455236505],[139.563702827,35.455252891],[139.563319105,35.455363721],[139.563181363,35.454967279],[139.563076162,35.454602892],[139.563002049,35.454506532],[139.562806719,35.454481775],[139.562304578,35.454136252],[139.561703697,35.453458469],[139.561555032,35.453356802],[139.561304838,35.453352639],[139.560997393,35.453571252],[139.560677225,35.453672307],[139.560275695,35.453698721],[139.559933606,35.453791892],[139.559601335,35.453841505],[139.559342555,35.453882612],[139.559199882,35.453886306],[139.55869489,35.453858559],[139.558335058,35.453859722],[139.558333333,35.453859722],[139.558130999,35.453860387],[139.557286304,35.45387336],[139.556945616,35.453938468],[139.556543579,35.454073333],[139.556317082,35.453967775],[139.556163943,35.453964307],[139.555662608,35.454023333],[139.554528054,35.453869667],[139.554403411,35.453806892],[139.55427144,35.453718749],[139.554061725,35.453646532],[139.553828949,35.45356764],[139.553733113,35.453564586],[139.553683384,35.453571253],[139.553534228,35.45358264],[139.55330616,35.45356236],[139.552473359,35.453587081],[139.552386693,35.453603468],[139.552338638,35.45361264],[139.552235306,35.453631253],[139.55212642,35.453650972],[139.551896135,35.453680135],[139.551747004,35.453714027],[139.551697562,35.453723198],[139.551627523,35.453725414],[139.551550584,35.453709586],[139.551403917,35.45365764],[139.550863773,35.453419748],[139.550664475,35.453071667],[139.550409364,35.452851468],[139.550254942,35.452723305],[139.550080338,35.452595333],[139.550001699,35.452546559],[139.55,35.452545505],[139.549940273,35.452508468],[139.549785253,35.452459081],[139.549557057,35.452251441],[139.549432503,35.452138506],[139.549212827,35.451977388],[139.549062866,35.451905279],[139.548723645,35.451849641],[139.548570532,35.451819919],[139.548288833,35.451881135],[139.548091804,35.451829279],[139.54793236,35.45174864],[139.547831362,35.451723748],[139.547677912,35.451615279],[139.547506394,35.451589081],[139.547333061,35.451632306],[139.547159274,35.451671533],[139.547017807,35.451684197],[139.546977664,35.451667973],[139.546872244,35.451657081],[139.54679725,35.451632919],[139.546710856,35.451604865],[139.5465817,35.451550134],[139.546447523,35.451488198],[139.546315578,35.451430973],[139.546069468,35.451351532],[139.546023671,35.451137837],[139.545811583,35.450915613],[139.54574511,35.450839613],[139.545679922,35.450803505],[139.545574578,35.450809721],[139.545412671,35.450833946],[139.545299493,35.450810332],[139.545232283,35.450754667],[139.545181699,35.450666279],[139.545093334,35.450402359],[139.54501703,35.450009027],[139.545017224,35.450000414],[139.545017251,35.450000001],[139.545023256,35.449720946],[139.545080441,35.449376865],[139.545171556,35.449197694],[139.545319883,35.449027028],[139.545642775,35.448775973],[139.545762218,35.448676532],[139.545866667,35.448582081],[139.546012218,35.448450973],[139.546153891,35.448306801],[139.546429689,35.44797036],[139.546740584,35.447771225],[139.546818106,35.447667081],[139.546866394,35.447435694],[139.546665837,35.447512667],[139.546477756,35.447591973],[139.546322192,35.447625586],[139.546186939,35.447621252],[139.546017809,35.447562919],[139.545903722,35.44750164],[139.545779637,35.447411253],[139.545536549,35.447315171],[139.545394358,35.447248135],[139.545333775,35.447173505],[139.545279222,35.44709192],[139.545217302,35.446946279],[139.545045746,35.446507892],[139.54500144,35.446299586],[139.544965447,35.446125252],[139.544645811,35.445505135],[139.544621089,35.445434892],[139.544553969,35.44530028],[139.544558663,35.44503464],[139.544538975,35.444938892],[139.544434163,35.444956694],[139.544359559,35.445055171],[139.544273307,35.445170414],[139.54401275,35.445321252],[139.543947756,35.445354027],[139.543786913,35.445409586],[139.543684695,35.445446802],[139.543507757,35.445500414],[139.543298585,35.445544587],[139.543170533,35.445563197],[139.543049689,35.445577082],[139.542972749,35.445579586],[139.542746913,35.445570135],[139.542630804,35.445558468],[139.542481921,35.445539864],[139.542337756,35.445509586],[139.542195811,35.445470135],[139.542102476,35.445430694],[139.541965253,35.445365414],[139.541872191,35.44530736],[139.541772191,35.445230694],[139.541668301,35.445115027],[139.541666667,35.445113225],[139.541649689,35.445094306],[139.541608858,35.445045171],[139.5415193,35.444885973],[139.541354332,35.444707946],[139.541204578,35.444552532],[139.541071894,35.444454387],[139.540933774,35.444386801],[139.540581725,35.444300413],[139.540302633,35.444256198],[139.539917108,35.444232505],[139.539663502,35.444259973],[139.539515032,35.444316587],[139.53929869,35.444408253],[139.538957692,35.444487748],[139.538902555,35.444416306],[139.538704332,35.443945108],[139.538391219,35.443797802],[139.538236641,35.443636506],[139.538171725,35.443464081],[139.538152503,35.443327749],[139.538123281,35.443140136],[139.538071609,35.443153467],[139.538021608,35.443166533],[139.537716886,35.443199026],[139.537460778,35.443202919],[139.537113555,35.443235414],[139.5369355,35.443237919],[139.536760507,35.443240135],[139.536561336,35.443258468],[139.536516614,35.443282919],[139.536496329,35.443325414],[139.536476057,35.443412919],[139.536425228,35.443559027],[139.536329662,35.443745694],[139.536221608,35.444019306],[139.536067174,35.44432764],[139.53598192,35.44445764],[139.535900533,35.444612081],[139.535821089,35.444794027],[139.535743891,35.444972837],[139.535622023,35.445230946],[139.535558341,35.445389413],[139.53549358,35.445609306],[139.53539192,35.445743468],[139.535273333,35.445975386],[139.534801919,35.446303198],[139.534726641,35.446390135],[139.534651634,35.446495694],[139.534600804,35.446623748],[139.534554137,35.446749586],[139.534537756,35.446849027],[139.534531088,35.446960135],[139.534500805,35.447063748],[139.534439689,35.447179586],[139.534380804,35.44725264],[139.53430358,35.447295135],[139.534181634,35.44732764],[139.534011089,35.447352082],[139.533893022,35.447370414],[139.533789689,35.447380413],[139.533698301,35.447380414],[139.533594695,35.447390694],[139.533454424,35.447412919],[139.533334968,35.447435586],[139.533333334,35.447435892],[139.533269974,35.447447919],[139.53301192,35.447512919],[139.532873865,35.447545414],[139.532741634,35.447592081],[139.532516083,35.44769764],[139.532284423,35.447801252],[139.532224812,35.447831559],[139.531980532,35.447795973],[139.531633021,35.448002919],[139.531325474,35.448221081],[139.531181725,35.44828464],[139.531070246,35.448401974],[139.53091083,35.448464586],[139.530891829,35.448539001],[139.530902607,35.448584802],[139.53089528,35.448674721],[139.530787782,35.448740279],[139.530665524,35.448822198],[139.530564747,35.448870441],[139.530416108,35.448943198],[139.529792335,35.449217893],[139.529374475,35.44936036],[139.529186693,35.449392171],[139.528746718,35.449440108],[139.528560922,35.448684721],[139.528519364,35.448526865],[139.528098949,35.448548838],[139.528204086,35.448926532],[139.527926667,35.449015135],[139.527757782,35.449048198],[139.527510558,35.449096252],[139.527264722,35.449144586],[139.526929442,35.449210135],[139.525829999,35.449425413],[139.525742777,35.44944236],[139.525594163,35.449471532],[139.525001672,35.449613999],[139.525,35.449614387],[139.524765837,35.449670694],[139.524741114,35.449676532],[139.524694163,35.449682919],[139.524663061,35.449677919],[139.524644721,35.449675134],[139.524616939,35.44964764],[139.524605006,35.449618198],[139.524596939,35.449597919],[139.524591115,35.449583467],[139.524367199,35.449026801],[139.524318859,35.448906252],[139.524305524,35.448873199],[139.524154695,35.448529865],[139.523859416,35.447858198],[139.522888028,35.448061252],[139.522780804,35.448079865],[139.52230358,35.448186252],[139.521792477,35.448299586],[139.521730532,35.448306531],[139.521472826,35.448176027],[139.521261751,35.448326892],[139.521113113,35.448422973],[139.520617108,35.448673054],[139.520337107,35.448794586],[139.520255888,35.448868054],[139.520112439,35.448904776],[139.519720144,35.448952838],[139.519307082,35.44902064],[139.519066862,35.449063054],[139.518778275,35.449320198],[139.518538054,35.449337171],[139.518061051,35.449301837],[139.517851945,35.449289108],[139.517607082,35.449246108],[139.517379416,35.449175414],[139.517286355,35.449140414],[139.517161361,35.449084586],[139.517129689,35.449073748],[139.517055525,35.449048748],[139.516988029,35.449031802],[139.516855525,35.448998748],[139.516668301,35.449005802],[139.516666667,35.449005865],[139.51648384,35.449012775],[139.516242529,35.44900044],[139.516048587,35.44893764],[139.515966641,35.448893748],[139.51571358,35.448711532],[139.515459611,35.448521171],[139.515139442,35.448281802],[139.514803645,35.448040892],[139.51446511,35.447878441],[139.51431,35.447779802],[139.514118249,35.447623027],[139.513921634,35.447279027],[139.513810804,35.447099586],[139.513669689,35.446918468],[139.513510052,35.44659856],[139.513004061,35.445993],[139.512700051,35.445886387],[139.512262555,35.445794134],[139.511981192,35.445718278],[139.511753969,35.445694279],[139.51137939,35.445631801],[139.511110856,35.44565636],[139.51094856,35.445720838],[139.5107893,35.445829532],[139.510698859,35.445986694],[139.510579052,35.446198586],[139.510461582,35.446482919],[139.510407497,35.446633334],[139.510316304,35.446854506],[139.510197782,35.447093441],[139.509942217,35.447525586],[139.509812361,35.447799865],[139.509696109,35.447970387],[139.509624669,35.448106973],[139.509461479,35.448484865],[139.509360973,35.448651694],[139.509279053,35.448867803],[139.509224942,35.449042198],[139.509154424,35.449301801],[139.509040998,35.449680414],[139.508962166,35.449987532],[139.508958833,35.45],[139.508958716,35.450000414],[139.508819948,35.450520865],[139.508772024,35.450701586],[139.508674668,35.450870919],[139.508592724,35.450968252],[139.508422697,35.451123667],[139.508335006,35.45120356],[139.508333333,35.451205054],[139.508246472,35.451284198],[139.508111972,35.451434586],[139.507971336,35.451602667],[139.507796641,35.451793505],[139.507402477,35.452218135],[139.507141219,35.452522694],[139.507025772,35.452655468],[139.506879974,35.452815919],[139.506866057,35.452898054],[139.506901607,35.453134387],[139.506924812,35.453315108],[139.506978911,35.453526171],[139.507000558,35.453633586],[139.507091751,35.453842081],[139.507178301,35.454019],[139.507303528,35.454204775],[139.507515305,35.454472721],[139.507717835,35.454679973],[139.507938858,35.454955468],[139.507985253,35.455071748],[139.507989883,35.455230972],[139.507940415,35.455502694],[139.507911051,35.455712504],[139.507911051,35.456085306],[139.507926498,35.456365892],[139.507935279,35.456632468],[139.507949364,35.457114974],[139.507978912,35.457373441],[139.507901026,35.457529973],[139.507737886,35.457730892],[139.507584773,35.457966359],[139.507432192,35.458145641],[139.507285525,35.458333333],[139.507285187,35.458333721],[139.507222219,35.458414279],[139.506992633,35.458677775],[139.506851634,35.458844107],[139.506640142,35.459114171],[139.506436719,35.459354613],[139.50597144,35.459514333],[139.505858911,35.459602532],[139.505663256,35.459795918],[139.50546786,35.46003964],[139.505332918,35.460220802],[139.505097275,35.460550135],[139.504976161,35.46072436],[139.504885772,35.460882775],[139.504819299,35.461131441],[139.504785331,35.461418721],[139.504726667,35.461788505],[139.504671997,35.462204001],[139.504613865,35.462753468],[139.504584253,35.462979838],[139.504584254,35.463199559],[139.504587589,35.463226505],[139.504623969,35.463523441],[139.504650363,35.463820946],[139.504683412,35.464159838],[139.504687301,35.464266775],[139.504690078,35.464347054],[139.504695084,35.464365387],[139.504709248,35.464416225],[139.504716472,35.464441775],[139.504775914,35.464631225],[139.504820078,35.464735387],[139.50491314,35.464956504],[139.504948145,35.465039],[139.504955358,35.465056225],[139.505070079,35.465309532],[139.505125083,35.465437306],[139.505151478,35.465551748],[139.505153696,35.465653135],[139.505140636,35.465804532],[139.505113969,35.465952306],[139.505078146,35.466101748],[139.50506341,35.466163695],[139.505072022,35.466232026],[139.50515694,35.466318532],[139.505171478,35.466324531],[139.505239533,35.466398694],[139.505292582,35.466463414],[139.505310363,35.466516199],[139.505314811,35.466569252],[139.505323696,35.466666198],[139.505323671,35.466666667],[139.505323645,35.466667027],[139.50530275,35.467034865],[139.505121556,35.46734136],[139.504807276,35.467733054],[139.50420511,35.467976748],[139.503735383,35.468149533],[139.503719001,35.46815564],[139.503696783,35.468163694],[139.503630389,35.468196198],[139.503574554,35.468223415],[139.503449754,35.468319279],[139.502964332,35.468656865],[139.502740777,35.468852839],[139.502478911,35.469160748],[139.502283554,35.469412694],[139.502158689,35.469602082],[139.502104279,35.469737108],[139.50206,35.469837559],[139.501987471,35.470031865],[139.501900855,35.470349667],[139.502182866,35.470677361],[139.50213655,35.470898027],[139.502049974,35.471263586],[139.501941193,35.471726306],[139.501842504,35.47211],[139.501693476,35.472867467],[139.501602827,35.473158946],[139.501552477,35.473336775],[139.501427613,35.473802802],[139.501386252,35.474033694],[139.501282918,35.474351748],[139.501279856,35.47436064],[139.501199389,35.474608081],[139.501104578,35.474899803],[139.501085084,35.475000001],[139.501085006,35.47500036],[139.501074034,35.475056748],[139.501072361,35.475105361],[139.501073748,35.475158414],[139.50120934,35.475646468],[139.501359339,35.476008413],[139.501411284,35.476101748],[139.501528223,35.476432307],[139.501709339,35.476943414],[139.501739339,35.477029252],[139.501901284,35.477485919],[139.501986836,35.477727306],[139.502339339,35.478680892],[139.502342114,35.478728387],[139.50231572,35.478822558],[139.502264061,35.478880333],[139.502196006,35.478909225],[139.501932386,35.479020613],[139.501526835,35.479105333],[139.501200169,35.479099225],[139.500867392,35.479063107],[139.500583217,35.479038946],[139.500299053,35.479020613],[139.50000183,35.479015586],[139.500000001,35.479015559],[139.49995406,35.479014775],[139.49972406,35.479050614],[139.499639338,35.479073946],[139.499434189,35.479105107],[139.499183256,35.479169333],[139.498982114,35.479300892],[139.498827664,35.479477533],[139.498673217,35.479864505],[139.49835428,35.480569027],[139.498017977,35.481429225],[139.497790921,35.481764468],[139.49754083,35.482165414],[139.497459027,35.482327973],[139.497332335,35.482420946],[139.497196031,35.482467505],[139.496724617,35.482574279],[139.49657214,35.482666505],[139.496172049,35.482906694],[139.495821389,35.483279252],[139.495727886,35.483333333],[139.495727302,35.483333667],[139.495533968,35.483445505],[139.494618754,35.484006027],[139.494117251,35.484293613],[139.493330414,35.484780748],[139.492846394,35.485043135],[139.49282192,35.485133081],[139.492567524,35.485313946],[139.492347978,35.48547764],[139.492166914,35.485603694],[139.491913969,35.485854],[139.491668561,35.486130919],[139.491666667,35.486133027],[139.491576446,35.486234865],[139.49135917,35.486651973],[139.491330117,35.486955225],[139.490901441,35.487253108],[139.48976886,35.488081865],[139.489427498,35.488385613],[139.489159663,35.488636135],[139.488733476,35.489173802],[139.488514384,35.489369667],[139.48842109,35.489902532],[139.488342503,35.490186838],[139.488324358,35.490867359],[139.48834886,35.491147198],[139.488513995,35.491666667],[139.488514086,35.491666973],[139.488617834,35.491993388],[139.488775253,35.492551279],[139.488780246,35.492743359],[139.488741634,35.49301836],[139.488709689,35.493148359],[139.488445551,35.494221413],[139.48803834,35.495764748],[139.487945006,35.49611864],[139.487850558,35.496566135],[139.487743891,35.497002802],[139.487691946,35.497215586],[139.487666938,35.497281973],[139.487559533,35.497749414],[139.487724358,35.497752919],[139.490458171,35.497642666],[139.490473385,35.497962919],[139.490231829,35.497986027],[139.490131751,35.498142613],[139.490131751,35.499062414],[139.489790441,35.499067802],[139.489616005,35.499240333],[139.489211245,35.499354198],[139.489125085,35.499075667],[139.488561089,35.499147775],[139.488479883,35.498921197],[139.487271141,35.499015027],[139.487251414,35.499605027],[139.48724725,35.49978836],[139.487252244,35.499909171],[139.487278639,35.5],[139.487278716,35.500000279],[139.487295032,35.500056946],[139.487319468,35.500108054],[139.487332244,35.500135],[139.487355033,35.500182505],[139.487456419,35.500307775],[139.487581414,35.500432505],[139.487647808,35.500540838],[139.487713359,35.500707225],[139.48779642,35.500946946],[139.487835863,35.501061108],[139.487881141,35.501191666],[139.488102283,35.502043054],[139.488149221,35.502246947],[139.488137835,35.502323613],[139.488217562,35.502414441],[139.488375058,35.502594171],[139.488508392,35.502808893],[139.48854367,35.502865559],[139.488677562,35.503081387],[139.48889131,35.503451467],[139.489056719,35.503849441],[139.489182555,35.504286668],[139.489344332,35.504969776],[139.489488392,35.505455838],[139.489647562,35.505641387],[139.490688145,35.506635001],[139.4910462,35.506648054],[139.491271751,35.506668054],[139.491446745,35.506735279],[139.491666667,35.506810441],[139.49166869,35.506811136],[139.49169869,35.506821387],[139.491798146,35.506907505],[139.491963969,35.507066387],[139.49207786,35.507130279],[139.492401479,35.507311667],[139.492633412,35.507437505],[139.49284703,35.507544441],[139.493132309,35.507630559],[139.493278146,35.507663612],[139.493463696,35.507670559],[139.493735357,35.507637505],[139.49387847,35.507611838],[139.493993968,35.507591108],[139.494225914,35.507505],[139.494431479,35.507458613],[139.494610635,35.507458613],[139.494922023,35.507544721],[139.495445915,35.507796387],[139.495739805,35.507956946],[139.496070921,35.508069721],[139.496342866,35.508149171],[139.496445357,35.508167505],[139.496720636,35.508215559],[139.496798975,35.508228893],[139.497125084,35.508296388],[139.497349249,35.508284722],[139.497585083,35.508267505],[139.497912581,35.508244722],[139.49822869,35.508158333],[139.4984007,35.508114441],[139.498456978,35.508333334],[139.49845703,35.508333613],[139.498476304,35.508408559],[139.498883748,35.508589468],[139.498859079,35.508997613],[139.49921066,35.509005559],[139.499500389,35.509067775],[139.499997329,35.509056387],[139.5,35.509056414],[139.500002049,35.509056441],[139.500162892,35.509058613],[139.500824837,35.509068054],[139.501043722,35.509057775],[139.501192893,35.509050838],[139.501698171,35.509068054],[139.502148444,35.509071947],[139.502825577,35.509066866]]},"properties":{"city_code":"14112","city_name":"旭区","prefecture_code":"14","prefecture_name":"神奈川県"}},{"type":"Feature","geometry":{"type":"LineString","coordinates":[[139.501216394,35.534751081],[139.50134834,35.534744973],[139.501540272,35.534756918],[139.50172,35.534828865],[139.501938612,35.534903306],[139.502073333,35.534951918],[139.502607782,35.535144973],[139.502811947,35.535204973],[139.503021672,35.535248027],[139.503245279,35.535243586],[139.503412777,35.535240532],[139.503433891,35.535239693],[139.503548611,35.535235802],[139.50371,35.535143306],[139.503881115,35.535044974],[139.503977224,35.535009136],[139.504089169,35.534967468],[139.504365279,35.534882748],[139.504584163,35.534843027],[139.504762777,35.534823305],[139.505028054,35.534866081],[139.505393891,35.534949974],[139.505747782,35.535033865],[139.505827782,35.535052748],[139.506383333,35.535183586],[139.506719169,35.535273306],[139.507115006,35.535338586],[139.507312218,35.535343306],[139.507553333,35.53533164],[139.507771945,35.535288306],[139.507980272,35.535219414],[139.508226668,35.535081919],[139.508333333,35.535006225],[139.508335551,35.535004639],[139.508403606,35.53495636],[139.508640001,35.534788306],[139.509055006,35.534408027],[139.509298613,35.534180532],[139.509483606,35.534012198],[139.509660558,35.533851081],[139.50967083,35.533840532],[139.509813607,35.53369164],[139.51009834,35.533413865],[139.510144086,35.533333586],[139.510144227,35.533333333],[139.51015834,35.533308585],[139.510244449,35.533105252],[139.510265279,35.533055802],[139.510385551,35.532605532],[139.51043969,35.532353586],[139.510441634,35.532344135],[139.510448302,35.532328865],[139.510486082,35.532240532],[139.51061275,35.53194636],[139.51079581,35.531668054],[139.510836913,35.531616387],[139.511066913,35.531328333],[139.511283022,35.531065],[139.511412477,35.530920838],[139.511572749,35.530735559],[139.511657471,35.530637505],[139.511807471,35.530465001],[139.511948302,35.530358332],[139.512149144,35.530200838],[139.512321362,35.530087505],[139.512504423,35.53000417],[139.512784695,35.529919721],[139.513128585,35.529848334],[139.513287471,35.529833613],[139.513324423,35.529830279],[139.513876083,35.529788334],[139.514126355,35.529782225],[139.514290247,35.529778333],[139.514505525,35.529782226],[139.514820804,35.529791667],[139.515099144,35.529824171],[139.515381363,35.52988528],[139.51561192,35.529944999],[139.51617581,35.53011],[139.516416913,35.530191947],[139.516666667,35.53027164],[139.516668859,35.530272361],[139.517053023,35.530394999],[139.517152478,35.530426666],[139.517391362,35.530475],[139.517482749,35.530493614],[139.517618859,35.530521108],[139.517658301,35.530528054],[139.517822193,35.530557505],[139.518121361,35.530561108],[139.518504968,35.530525837],[139.51886358,35.530471946],[139.519147471,35.530423612],[139.519302478,35.530364171],[139.519553022,35.530203892],[139.519594695,35.530177505],[139.519912191,35.529974441],[139.52010275,35.529828334],[139.520351634,35.529633614],[139.521019689,35.528971667],[139.521403307,35.528539721],[139.521521919,35.528399441],[139.521785811,35.528087505],[139.522047471,35.527739721],[139.522158301,35.527595839],[139.522269689,35.527451108],[139.522369415,35.527588333],[139.522376913,35.527598891],[139.522498858,35.527766668],[139.522680245,35.528016387],[139.522968586,35.528376108],[139.523099689,35.528515],[139.523107756,35.528523333],[139.523187471,35.528607775],[139.523484968,35.528922225],[139.52380275,35.529381946],[139.523834695,35.529477505],[139.523843579,35.529504171],[139.523868029,35.529685838],[139.523881634,35.529893613],[139.523887198,35.529980279],[139.52389083,35.530380278],[139.523895551,35.530907225],[139.523975279,35.531479441],[139.523987497,35.531567506],[139.524063891,35.531813892],[139.524490272,35.531964171],[139.525,35.53214436],[139.525002218,35.532145136],[139.525357782,35.532270838],[139.525721946,35.532395279],[139.526007497,35.532492774],[139.526206394,35.532570559],[139.526385838,35.532681386],[139.526432699,35.532756586],[139.526454721,35.532791946],[139.526601388,35.532977225],[139.526801946,35.533077505],[139.527211946,35.533219721],[139.527404163,35.533253055],[139.527455551,35.533248893],[139.527613333,35.533236387],[139.527613891,35.533236387],[139.527864162,35.533219721],[139.528048054,35.533236387],[139.528290558,35.533294441],[139.528375966,35.533333334],[139.52837655,35.533333613],[139.528826978,35.533538748],[139.528845577,35.533547226],[139.529531141,35.53389056],[139.52975725,35.534003613],[139.530016135,35.534132775],[139.530409196,35.534383333],[139.530741854,35.534591108],[139.530982528,35.534745],[139.531040311,35.534770839],[139.531312528,35.534893054],[139.531513645,35.535042504],[139.531514474,35.535043333],[139.531671699,35.535160279],[139.531931141,35.535335838],[139.532367249,35.535604721],[139.532419831,35.53564736],[139.532551141,35.535753892],[139.532914189,35.53604528],[139.533315863,35.536371667],[139.533333333,35.536384332],[139.533335576,35.536385973],[139.533653358,35.536616388],[139.533796693,35.536616388],[139.534297808,35.536356108],[139.534427522,35.536288613],[139.534463359,35.536268054],[139.53461834,35.536183613],[139.534993943,35.535992613],[139.535206809,35.535893334],[139.535483774,35.535925667],[139.535836694,35.535942776],[139.536328637,35.535873054],[139.536613917,35.535830559],[139.536724747,35.53581417],[139.53685031,35.535805],[139.537342802,35.535711109],[139.537470856,35.535642505],[139.537700312,35.535519721],[139.537942802,35.535392225],[139.538224475,35.535231946],[139.53855808,35.535331387],[139.538760026,35.535353892],[139.539257808,35.535462506],[139.539806447,35.5356],[139.539935889,35.535656387],[139.540141167,35.535746108],[139.54047144,35.535923613],[139.540930895,35.536195],[139.541092555,35.536296667],[139.541167004,35.536343613],[139.541318665,35.536439171],[139.541428949,35.536287775],[139.541497834,35.536193054],[139.541535888,35.536140838],[139.541661725,35.535999441],[139.541666666,35.535995559],[139.541668949,35.535993775],[139.541861997,35.535842505],[139.542047833,35.535774721],[139.542058392,35.535770837],[139.542327004,35.535661387],[139.542479222,35.535583892],[139.542689494,35.535412775],[139.542802827,35.535309171],[139.542953385,35.535128613],[139.542955058,35.535125558],[139.543060338,35.534924722],[139.543180895,35.534653612],[139.543202826,35.534604441],[139.543299754,35.534336108],[139.543547808,35.533667775],[139.543643087,35.533456108],[139.543678365,35.533377225],[139.543698002,35.533333613],[139.543698144,35.533333333],[139.543718366,35.533288333],[139.54382642,35.533131667],[139.543839196,35.533120559],[139.544064475,35.532923333],[139.544395305,35.532724171],[139.544525031,35.532623893],[139.544709468,35.532468614],[139.544865033,35.532281108],[139.545013916,35.531944721],[139.545086135,35.531686946],[139.545144475,35.531324721],[139.54515725,35.530959171],[139.545126977,35.530400839],[139.545104188,35.530214441],[139.54505389,35.529443333],[139.545079728,35.529080279],[139.545131388,35.528858054],[139.545189441,35.528658333],[139.545231945,35.528557775],[139.545351388,35.528273892],[139.545449442,35.52811],[139.545507783,35.528015559],[139.545565006,35.527923333],[139.545793607,35.527595279],[139.545872503,35.527510559],[139.546218612,35.527138613],[139.546514721,35.526843892],[139.546956667,35.526405027],[139.547040558,35.526254198],[139.547131673,35.526091135],[139.547221673,35.525799748],[139.547248613,35.525626974],[139.547273607,35.525465865],[139.547278054,35.525089748],[139.5472693,35.525000306],[139.547269275,35.525],[139.547262503,35.524930586],[139.54720358,35.524684467],[139.547127471,35.524471694],[139.54699275,35.52406392],[139.546947756,35.523939198],[139.546942751,35.523684748],[139.546971634,35.52351364],[139.547086083,35.523093919],[139.54729803,35.522574468],[139.547677471,35.521976135],[139.548517198,35.520811414],[139.548797471,35.520415865],[139.549045499,35.520065586],[139.549324384,35.519686414],[139.549570946,35.519397197],[139.549613165,35.519345414],[139.549662437,35.519297802],[139.549771336,35.519197802],[139.549836329,35.519172532],[139.55,35.519108694],[139.550002166,35.519107865],[139.550385499,35.51895836],[139.550685227,35.51888364],[139.550767717,35.518852533],[139.550949664,35.51878364],[139.551256083,35.518657973],[139.55130022,35.518256694],[139.551228911,35.518061172],[139.55125969,35.517669865],[139.551732478,35.517397866],[139.55175572,35.517274171],[139.55170472,35.51714036],[139.551621192,35.517063468],[139.551344501,35.516923198],[139.551141751,35.516672865],[139.551140117,35.516666973],[139.551140025,35.516666667],[139.551010143,35.516199641],[139.550897276,35.515467333],[139.550924643,35.515039694],[139.550954527,35.514842748],[139.551081219,35.514588252],[139.551495914,35.514129946],[139.551765642,35.51377636],[139.551971855,35.513448919],[139.552025446,35.513211775],[139.552278444,35.512563333],[139.552528003,35.512065802],[139.552821997,35.511716441],[139.553180973,35.511375441],[139.553495474,35.511068],[139.554214915,35.511456694],[139.554377135,35.511420865],[139.554807691,35.511370027],[139.555199922,35.511298919],[139.555696304,35.511175306],[139.556325473,35.511040586],[139.556981855,35.510905865],[139.557496304,35.510801135],[139.557879637,35.510742251],[139.558185188,35.510701413],[139.558333333,35.510699775],[139.558335474,35.510699748],[139.558384916,35.510699198],[139.5586638,35.510703919],[139.558894087,35.510721414],[139.559081583,35.510754748],[139.559497419,35.510880306],[139.559765473,35.510991414],[139.559935473,35.511066694],[139.560204643,35.511170865],[139.560609079,35.511330586],[139.5608238,35.511390306],[139.561123528,35.511431694],[139.561642361,35.511456468],[139.561700466,35.511828224],[139.56204917,35.511839414],[139.562408171,35.511886919],[139.5628355,35.512074198],[139.563211556,35.512258667],[139.563719949,35.512587387],[139.563929533,35.512733839],[139.564261167,35.512884748],[139.56464406,35.512965802],[139.56508939,35.512942532],[139.565433774,35.512946251],[139.565967108,35.512820468],[139.566465499,35.512898613],[139.566476498,35.512599666],[139.566666667,35.512612135],[139.566668834,35.512612279],[139.566723555,35.512615865],[139.567488275,35.512675865],[139.568093644,35.512886865],[139.568296887,35.512900307],[139.568637782,35.512950973],[139.569129196,35.513121919],[139.569205499,35.513159748],[139.569589949,35.513374198],[139.569959664,35.513654748],[139.570091051,35.513811135],[139.570300506,35.514049468],[139.570550777,35.514328919],[139.570805525,35.514643081],[139.571005253,35.514832802],[139.571141362,35.514945026],[139.571203607,35.514997171],[139.571326083,35.515099748],[139.571415162,35.515147333],[139.572804502,35.515712027],[139.573091634,35.515188108],[139.573182581,35.514745721],[139.573365383,35.514953135],[139.573669663,35.51516836],[139.573977004,35.515407973],[139.574278223,35.515735775],[139.574486783,35.515951001],[139.574709663,35.51607964],[139.574944891,35.516118694],[139.575,35.516114361],[139.575002191,35.516114199],[139.575266279,35.516093532],[139.575864553,35.515953802],[139.576117562,35.515878333],[139.576493606,35.515596027],[139.576801388,35.515544721],[139.577016693,35.515534532],[139.577396809,35.515415919],[139.577721089,35.515195306],[139.578370558,35.514682],[139.578732943,35.514396918],[139.579047471,35.514204053],[139.579410467,35.514031946],[139.579700804,35.513947252],[139.579950246,35.513867252],[139.580412049,35.513825001],[139.581167276,35.513601333],[139.581582751,35.51358308],[139.58191192,35.513562801],[139.582006355,35.513712333],[139.581800777,35.513721468],[139.581954553,35.513962171],[139.582530272,35.513900387],[139.58256066,35.513758559],[139.582430117,35.513610198],[139.58292786,35.513547198],[139.583120415,35.513820279],[139.583333333,35.51375464],[139.583335525,35.513753946],[139.584269106,35.513465999],[139.584765616,35.513244333],[139.585284137,35.513131414],[139.585191362,35.513010414],[139.584942827,35.512875172],[139.584737108,35.512809748],[139.584337588,35.512260865],[139.584120311,35.512229414],[139.583975694,35.512145467],[139.583972438,35.511915252],[139.58395642,35.51161],[139.583794137,35.511556973],[139.583689027,35.511518135],[139.583593891,35.51138008],[139.583902023,35.511247468],[139.584340804,35.511033081],[139.584487471,35.510940306],[139.58454664,35.510906414],[139.584666588,35.510683027],[139.584787056,35.510455721],[139.584966278,35.510234748],[139.585106744,35.510121],[139.584893607,35.509749198],[139.585396886,35.509322802],[139.585927717,35.508898918],[139.586090219,35.508801973],[139.58643022,35.508571134],[139.586973969,35.508345668],[139.586966355,35.508333667],[139.586966161,35.508333333],[139.586812503,35.508090054],[139.586428028,35.507499108],[139.586176861,35.507467668],[139.585687302,35.507480251],[139.585415616,35.507459279],[139.585267665,35.507261053],[139.585138808,35.507268613],[139.585046887,35.507185442],[139.584887613,35.507214108],[139.584805577,35.507036],[139.584728832,35.507030054],[139.584571336,35.507049226],[139.584279105,35.507061441],[139.584261051,35.50702672],[139.584223281,35.506660613],[139.584120752,35.506481171],[139.583882698,35.506205892],[139.583638807,35.505963946],[139.583335473,35.505761721],[139.583333333,35.505760279],[139.583319638,35.505751171],[139.583144643,35.505526441],[139.582857692,35.505288667],[139.582716471,35.505305838],[139.582516719,35.505284171],[139.58266795,35.504900667],[139.582660246,35.504450135],[139.582857613,35.504196586],[139.582598521,35.503896441],[139.582492996,35.503843136],[139.582292361,35.503835775],[139.582257977,35.503641721],[139.582234358,35.503369505],[139.582177419,35.503352278],[139.581775032,35.503562892],[139.581324864,35.503572108],[139.5812362,35.50349372],[139.581053969,35.503529919],[139.581041051,35.503452586],[139.580855552,35.503498414],[139.580717419,35.503611586],[139.580600532,35.503633414],[139.580707419,35.503935108],[139.580296305,35.503979775],[139.580004773,35.503979892],[139.57986297,35.503940333],[139.579597419,35.503893668],[139.579372672,35.503800333],[139.579352387,35.503792],[139.579317109,35.503777279],[139.579046835,35.503681722],[139.578917393,35.503642279],[139.578720441,35.503647838],[139.578336005,35.503687838],[139.578053217,35.503695613],[139.577762113,35.503738386],[139.577487951,35.503807279],[139.577339339,35.503847001],[139.577163774,35.503925891],[139.576865446,35.504036721],[139.576657393,35.504143387],[139.576392672,35.504284225],[139.576263217,35.504334775],[139.576029923,35.504347802],[139.575463218,35.504307279],[139.575002114,35.504263198],[139.575,35.504262973],[139.573856835,35.504153667],[139.57355655,35.504133946],[139.573333773,35.504101721],[139.573258495,35.504017838],[139.573208494,35.503962279],[139.573053502,35.503789775],[139.572949637,35.503584108],[139.57276655,35.503368108],[139.572591556,35.502991171],[139.572366836,35.502524775],[139.572298495,35.502468667],[139.572056551,35.502276171],[139.571993217,35.502224775],[139.571697173,35.502011198],[139.571465837,35.501660559],[139.571103774,35.501269441],[139.571171245,35.501040891],[139.570963476,35.500793108],[139.570926809,35.500749225],[139.570766524,35.500553387],[139.57066847,35.50036117],[139.570532438,35.500072775],[139.570514255,35.500000333],[139.570514163,35.5],[139.570415642,35.499607803],[139.570332633,35.499296135],[139.570293839,35.499198198],[139.570181971,35.499092559],[139.56998834,35.498969387],[139.569652633,35.498675054],[139.569469832,35.498523387],[139.569372607,35.498433387],[139.569241245,35.498381279],[139.569004553,35.498253081],[139.568857004,35.498102278],[139.568678664,35.497923838],[139.568362891,35.497693108],[139.56787939,35.497453838],[139.567822607,35.497263108],[139.567750117,35.497221171],[139.567692334,35.497187559],[139.567608859,35.497169838],[139.567547366,35.497079333],[139.567319883,35.496971279],[139.567016589,35.496915614],[139.56667655,35.49681236],[139.566668715,35.496808667],[139.566666667,35.496807694],[139.566274306,35.496622533],[139.565952503,35.496477694],[139.56572131,35.496428387],[139.565469197,35.496390695],[139.565202606,35.496345333],[139.565154838,35.496315333],[139.565091219,35.496271722],[139.564936109,35.496145802],[139.564907302,35.495968388],[139.564949805,35.495903947],[139.56497175,35.495871171],[139.564749611,35.495289468],[139.56463895,35.495087135],[139.564497523,35.494936334],[139.564445253,35.494865946],[139.564313061,35.494579414],[139.564156278,35.494319252],[139.564017912,35.494018892],[139.563950271,35.493891946],[139.563874968,35.493726054],[139.563763113,35.493436559],[139.563748911,35.493226865],[139.563645694,35.493080414],[139.563520558,35.493058333],[139.563422866,35.493040171],[139.563195084,35.492966441],[139.56313869,35.492949225],[139.562799533,35.492846441],[139.562511726,35.492702838],[139.562463671,35.492678667],[139.562277276,35.492585613],[139.56205795,35.492495694],[139.561610701,35.492317198],[139.561303166,35.492178974],[139.561041829,35.492104225],[139.560955746,35.492132468],[139.560822024,35.492275748],[139.560703191,35.49238308],[139.560536162,35.492794775],[139.560412555,35.493021441],[139.560359494,35.493118667],[139.56022786,35.493433946],[139.560170077,35.493666721],[139.560070363,35.493951441],[139.560026472,35.494028667],[139.559896472,35.494206171],[139.559859248,35.494261721],[139.55983703,35.494313946],[139.559813164,35.494456414],[139.559795084,35.494621721],[139.55959869,35.495239505],[139.559493696,35.495349506],[139.559228145,35.495587279],[139.559088145,35.495714775],[139.559028689,35.495757279],[139.558900921,35.495824776],[139.558712581,35.495912279],[139.558335357,35.496166252],[139.558333333,35.496167441],[139.55821786,35.496235333],[139.558053696,35.496377279],[139.557934812,35.496469775],[139.55787572,35.496505893],[139.55782786,35.496639694],[139.557768301,35.496752613],[139.557509249,35.496884694],[139.557181141,35.496946135],[139.556969274,35.497109533],[139.556866252,35.497229973],[139.556481479,35.497212279],[139.556246226,35.497132748],[139.556018003,35.496958531],[139.555929922,35.496797838],[139.555697302,35.496732838],[139.555385812,35.496817946],[139.555161634,35.496872892],[139.554890856,35.496873251],[139.554432803,35.497149722],[139.554077782,35.497288839],[139.553913256,35.497436251],[139.553876355,35.497574468],[139.553962438,35.497762973],[139.553919417,35.498001748],[139.5537,35.498132919],[139.553378366,35.498212865],[139.553307639,35.497991694],[139.553040195,35.498036919],[139.552754306,35.498049505],[139.552677446,35.497768],[139.552492671,35.497437081],[139.551574527,35.497724505],[139.551167108,35.497762505],[139.550756939,35.49779164],[139.550727912,35.497930027],[139.550509974,35.498167749],[139.55011192,35.498339668],[139.550002023,35.498362558],[139.55,35.498362974],[139.547766161,35.498828504],[139.547164228,35.498980586],[139.546852699,35.498993198],[139.546636109,35.499048306],[139.546270416,35.499048864],[139.545953695,35.498973441],[139.545709079,35.49892972],[139.545639559,35.498496252],[139.545132607,35.498232225],[139.544479948,35.497914252],[139.544096252,35.497744253],[139.543018392,35.497475999],[139.542789415,35.497489252],[139.5425017,35.497582721],[139.542278716,35.497808559],[139.542140752,35.497982892],[139.541869883,35.498124532],[139.541668689,35.498382505],[139.541666667,35.498385081],[139.54160703,35.498461559],[139.541306304,35.498783919],[139.541051413,35.499243081],[139.540585422,35.499803171],[139.540584864,35.5],[139.540584864,35.500000333],[139.540583891,35.500350333],[139.540409053,35.500472225],[139.540071608,35.500521171],[139.53958769,35.500521171],[139.539322801,35.500540721],[139.539014137,35.500506504],[139.538645694,35.500407198],[139.537924812,35.500316027],[139.537628146,35.500313109],[139.537377367,35.500308532],[139.536963695,35.500245613],[139.536579533,35.500137387],[139.536414163,35.500350839],[139.53584786,35.500207278],[139.535608145,35.500148108],[139.535369533,35.500063667],[139.535192554,35.500000333],[139.535191634,35.5],[139.535090077,35.499963667],[139.534854812,35.499902279],[139.534731751,35.499868946],[139.534573696,35.499827],[139.534328146,35.499744225],[139.534180636,35.499695053],[139.534083969,35.499667],[139.533952022,35.499651172],[139.533904254,35.499645333],[139.533859248,35.499641442],[139.533818146,35.499644225],[139.533760078,35.499659225],[139.533713139,35.499682838],[139.533672866,35.499704225],[139.533635357,35.499726722],[139.533497031,35.499823108],[139.53334786,35.499923108],[139.533335357,35.499930667],[139.533333333,35.499931892],[139.533220778,35.5],[139.533220247,35.500000333],[139.533206472,35.500008667],[139.533145642,35.500035613],[139.532945914,35.500136721],[139.53282703,35.50020172],[139.532707589,35.500278946],[139.532607588,35.500338667],[139.532500363,35.500391441],[139.532452582,35.500405054],[139.532391193,35.500419224],[139.532252309,35.500439775],[139.532197029,35.500444505],[139.532124813,35.500442559],[139.53206869,35.500438946],[139.531664811,35.500403946],[139.531520637,35.500389775],[139.531429248,35.500391721],[139.53139314,35.500411441],[139.531366472,35.500447],[139.531333696,35.500507838],[139.531311479,35.500585054],[139.53129231,35.500714506],[139.531285357,35.500870613],[139.531297588,35.501065333],[139.531309806,35.501202279],[139.531325642,35.501291721],[139.531348418,35.501388109],[139.531399248,35.501535613],[139.531434527,35.501612838],[139.531498145,35.501747559],[139.531538417,35.501851171],[139.531550921,35.501914505],[139.531550921,35.501981135],[139.531538417,35.502053081],[139.531534254,35.502141135],[139.531540363,35.502202532],[139.531550636,35.502290586],[139.531552023,35.502299749],[139.531504695,35.502579973],[139.531439585,35.502717109],[139.531340752,35.50287],[139.531189689,35.503043135],[139.531170363,35.503258081],[139.531180363,35.503299198],[139.53121428,35.503345865],[139.531281219,35.503387252],[139.531454721,35.50351172],[139.531600336,35.503631333],[139.531781479,35.503769694],[139.532005643,35.503841108],[139.532185253,35.503920693],[139.532372607,35.504062801],[139.532473165,35.504121973],[139.532561777,35.504191695],[139.532589832,35.50423336],[139.532588444,35.504267532],[139.532587613,35.504286414],[139.532553165,35.504355027],[139.532407055,35.50433364],[139.532200389,35.504307802],[139.531922336,35.504269468],[139.531796226,35.504251974],[139.531555383,35.50421336],[139.531469274,35.504174468],[139.531250118,35.504123081],[139.531144553,35.50409336],[139.530851777,35.503929748],[139.530695383,35.503800866],[139.530617328,35.503724198],[139.530475668,35.503584749],[139.530402892,35.503512801],[139.530190363,35.503283082],[139.530170636,35.503258082],[139.530115642,35.503123081],[139.530008418,35.503026414],[139.529859248,35.503036973],[139.529728417,35.503067802],[139.529307588,35.503167532],[139.529040362,35.503258081],[139.528850921,35.503351973],[139.528649248,35.503416414],[139.528266471,35.503558081],[139.527986744,35.503682532],[139.52774175,35.503742803],[139.527516472,35.503817251],[139.526914254,35.503890307],[139.5266262,35.503989198],[139.52628231,35.504143919],[139.525955357,35.504306973],[139.525571855,35.504410306],[139.525320272,35.504417532],[139.525164968,35.504422748],[139.525002022,35.504382667],[139.525,35.504382171],[139.524940857,35.504367613],[139.523725084,35.503258081],[139.523558663,35.503152775],[139.523465862,35.502995694],[139.523568145,35.502829387],[139.523542608,35.502616946],[139.523234333,35.502346279],[139.523009027,35.502263666],[139.522828029,35.501973667],[139.522470584,35.501196307],[139.522395084,35.501135279],[139.522268859,35.501124613],[139.522044916,35.501269468],[139.521944669,35.501453721],[139.521526668,35.501539],[139.521337588,35.501679639],[139.520963333,35.501741892],[139.52055428,35.502014081],[139.520254812,35.50199336],[139.519994527,35.501938919],[139.519873411,35.501896694],[139.519770364,35.501818081],[139.519538974,35.501531414],[139.519443138,35.501412532],[139.519267562,35.50115864],[139.519239222,35.501126973],[139.519212282,35.501094198],[139.519163943,35.501041694],[139.519059221,35.50096836],[139.518867835,35.50089836],[139.518601725,35.500861974],[139.518226161,35.500865307],[139.517923385,35.50086808],[139.517505331,35.500837802],[139.517275331,35.500795586],[139.517054501,35.500688639],[139.516775887,35.500519198],[139.516668665,35.500424694],[139.516666667,35.500422946],[139.51656978,35.500337532],[139.51630603,35.500000306],[139.516305771,35.5],[139.516297562,35.499989468],[139.516251996,35.499914198],[139.515876083,35.499670558],[139.5155662,35.499566892],[139.515453891,35.499530667],[139.5151993,35.499427469],[139.515038275,35.499352776],[139.514644035,35.499124387],[139.514354942,35.498944252],[139.514022335,35.498877946],[139.513958664,35.498723],[139.513754059,35.498730667],[139.512766588,35.499125054],[139.511704189,35.499470667],[139.511240363,35.499586892],[139.51083869,35.499827747],[139.510618755,35.5],[139.510618366,35.500000306],[139.510555966,35.500049171],[139.510637393,35.500254776],[139.510322283,35.500428946],[139.50995144,35.500633919],[139.509741725,35.500754197],[139.509530894,35.500869198],[139.509342555,35.500964468],[139.508429494,35.50132364],[139.508335332,35.501361],[139.508333333,35.501361802],[139.50814533,35.501436413],[139.508094773,35.501458359],[139.508000895,35.50147864],[139.507929494,35.501482252],[139.507412555,35.50149364],[139.507240337,35.50150836],[139.506934229,35.501545865],[139.506732827,35.501595586],[139.506604501,35.50164364],[139.506173411,35.501811333],[139.506014552,35.501959],[139.506005863,35.502101333],[139.506112477,35.502418],[139.506188949,35.502625865],[139.50620144,35.502730585],[139.506203671,35.502898919],[139.50620144,35.50296836],[139.506188949,35.503142802],[139.506192283,35.503256973],[139.506192283,35.503379748],[139.506180921,35.503638081],[139.506117588,35.504034198],[139.506065914,35.504384468],[139.505968144,35.50487836],[139.505916471,35.50511364],[139.505789805,35.505599468],[139.505732309,35.505840586],[139.505663411,35.505972801],[139.505502308,35.506179468],[139.505197587,35.506535586],[139.504985084,35.506787802],[139.504598144,35.507261973],[139.504529248,35.507394198],[139.504494812,35.507618081],[139.504460363,35.507882252],[139.504431505,35.508060306],[139.504437328,35.508140306],[139.504213164,35.508226414],[139.503918974,35.508333333],[139.503918171,35.508333639],[139.503770661,35.508387252],[139.50332428,35.508495838],[139.502797613,35.508695803],[139.502825577,35.509066866],[139.502148444,35.509071947],[139.501698171,35.509068054],[139.501192893,35.509050838],[139.501043722,35.509057775],[139.500824837,35.509068054],[139.500162892,35.509058613],[139.500002049,35.509056441],[139.5,35.509056414],[139.499997329,35.509056387],[139.499500389,35.509067775],[139.49921066,35.509005559],[139.498859079,35.508997613],[139.498883748,35.508589468],[139.498476304,35.508408559],[139.49845703,35.508333613],[139.498456978,35.508333334],[139.4984007,35.508114441],[139.49822869,35.508158333],[139.497912581,35.508244722],[139.497585083,35.508267505],[139.497349249,35.508284722],[139.497125084,35.508296388],[139.496798975,35.508228893],[139.496720636,35.508215559],[139.496445357,35.508167505],[139.496342866,35.508149171],[139.496070921,35.508069721],[139.495739805,35.507956946],[139.495445915,35.507796387],[139.494922023,35.507544721],[139.494610635,35.507458613],[139.494431479,35.507458613],[139.494225914,35.507505],[139.493993968,35.507591108],[139.49387847,35.507611838],[139.493735357,35.507637505],[139.493463696,35.507670559],[139.493278146,35.507663612],[139.493132309,35.507630559],[139.49284703,35.507544441],[139.492633412,35.507437505],[139.492401479,35.507311667],[139.49207786,35.507130279],[139.491963969,35.507066387],[139.491798146,35.506907505],[139.49169869,35.506821387],[139.49166869,35.506811136],[139.491666667,35.506810441],[139.491446745,35.506735279],[139.491271751,35.506668054],[139.4910462,35.506648054],[139.490688145,35.506635001],[139.489647562,35.505641387],[139.489488392,35.505455838],[139.489344332,35.504969776],[139.489182555,35.504286668],[139.489056719,35.503849441],[139.48889131,35.503451467],[139.488677562,35.503081387],[139.48854367,35.502865559],[139.488508392,35.502808893],[139.488375058,35.502594171],[139.488064449,35.502755918],[139.487434695,35.503057668],[139.487062828,35.503180279],[139.4866717,35.503339468],[139.485312114,35.503894468],[139.484864229,35.504047505],[139.484776719,35.504078054],[139.483981725,35.504361667],[139.48333533,35.504557838],[139.483333333,35.504558441],[139.482626161,35.504773054],[139.482265889,35.504902775],[139.482153114,35.504943613],[139.482011167,35.504994171],[139.481604773,35.505140559],[139.481130895,35.505311387],[139.481061167,35.505355],[139.481008664,35.505416108],[139.48095616,35.505498892],[139.480934228,35.50555972],[139.480877562,35.505695279],[139.480835058,35.50581],[139.48081978,35.505913333],[139.480802283,35.506032225],[139.480763943,35.506293614],[139.480612283,35.506383613],[139.480528145,35.506486946],[139.480293696,35.506775279],[139.480178418,35.506917505],[139.4801362,35.506976108],[139.479554812,35.507785001],[139.479139028,35.508333333],[139.479138834,35.508333586],[139.479029533,35.508477748],[139.478903697,35.508644694],[139.478835914,35.508733865],[139.478811479,35.50876664],[139.478703139,35.508910252],[139.478643696,35.508989135],[139.478466472,35.509223585],[139.478341193,35.509378027],[139.478284527,35.509447469],[139.478183969,35.50957164],[139.478074254,35.509706641],[139.477900363,35.509945252],[139.477850078,35.510014135],[139.477751751,35.510249134],[139.47772397,35.510315252],[139.477555914,35.510518306],[139.477331777,35.510763306],[139.477285668,35.510823586],[139.477219831,35.510909414],[139.47717428,35.510969135],[139.477060661,35.511117468],[139.476986783,35.511214135],[139.476972892,35.511396081],[139.477000946,35.511515253],[139.477063995,35.511676081],[139.477460389,35.512109973],[139.477505383,35.512159135],[139.477919275,35.512568027],[139.478213449,35.512834135],[139.478689831,35.513141919],[139.479157887,35.513506919],[139.479206498,35.513544694],[139.479390389,35.513688027],[139.479586497,35.513883586],[139.479938171,35.514244134],[139.48035153,35.514734135],[139.480701803,35.515209973],[139.480832088,35.515391081],[139.48110236,35.51576636],[139.481181803,35.515874694],[139.481312633,35.516053306],[139.481496809,35.516298586],[139.481772969,35.516666667],[139.481773165,35.516666919],[139.481859026,35.51678136],[139.482076524,35.517057468],[139.482383476,35.51744664],[139.482428471,35.517503586],[139.482472918,35.517560252],[139.482540143,35.517645533],[139.482556524,35.517672199],[139.482588754,35.517725532],[139.482834305,35.518128586],[139.4829393,35.518310531],[139.483072387,35.51857636],[139.483135447,35.518744414],[139.483198495,35.518940532],[139.483272387,35.51912608],[139.483283217,35.519153027],[139.483333333,35.519195081],[139.483335447,35.519196865],[139.48341655,35.519264973],[139.483570442,35.519313865],[139.483717664,35.519341919],[139.483808782,35.519391082],[139.484077392,35.519593865],[139.484207951,35.519692198],[139.484439339,35.519866919],[139.484544332,35.519958027],[139.484607393,35.519950802],[139.484733502,35.519915802],[139.484841829,35.519877748],[139.485132944,35.519775802],[139.485447951,35.519748305],[139.485721284,35.519734135],[139.485980441,35.519741081],[139.486232672,35.519783306],[139.486337665,35.519839135],[139.486386835,35.519930252],[139.486449883,35.520147198],[139.486470999,35.520301081],[139.48641489,35.520525252],[139.486274617,35.520755802],[139.486159054,35.520897748],[139.485939611,35.521167468],[139.485840999,35.521298306],[139.48578489,35.521459135],[139.48573406,35.521578026],[139.485707951,35.521648027],[139.485672943,35.521717748],[139.485658782,35.521808864],[139.485658782,35.521997748],[139.485693774,35.522207748],[139.485749883,35.522347748],[139.485910999,35.522515802],[139.48619297,35.522792198],[139.486304916,35.523002198],[139.486402971,35.52312136],[139.486613256,35.523373306],[139.486760467,35.523492197],[139.48706131,35.523688306],[139.487078521,35.523700532],[139.487208521,35.523793306],[139.487362698,35.523940251],[139.487468522,35.524117469],[139.487479922,35.524172468],[139.487491581,35.524229415],[139.48751769,35.524355252],[139.48757659,35.52467636],[139.487594643,35.524775253],[139.487573801,35.524922468],[139.487540532,35.525],[139.487540415,35.525000252],[139.487510752,35.525069414],[139.487461582,35.525181082],[139.487354642,35.525339414],[139.487290467,35.525434973],[139.487167134,35.525617748],[139.487047977,35.525687748],[139.48687297,35.525757749],[139.4867538,35.52580664],[139.486718806,35.525834694],[139.4866838,35.525925802],[139.486634643,35.526002747],[139.486536588,35.526387468],[139.486529637,35.526499414],[139.486536588,35.52657636],[139.486585745,35.526632468],[139.486655746,35.52668136],[139.48666131,35.526686505],[139.486746861,35.526765253],[139.486816887,35.526835252],[139.486844942,35.526884414],[139.486879948,35.526933306],[139.486914942,35.527038307],[139.486957173,35.527210532],[139.487062166,35.527301639],[139.487188276,35.52737164],[139.487307445,35.52744136],[139.487461608,35.527504415],[139.48760856,35.527595532],[139.487634942,35.527620252],[139.487741894,35.52772136],[139.487797717,35.527882468],[139.487755772,35.527987468],[139.487664669,35.528092468],[139.487510506,35.528232467],[139.487335499,35.528379414],[139.487181336,35.528631081],[139.487070778,35.528700802],[139.486945772,35.528779413],[139.486788559,35.528878586],[139.486781608,35.529018585],[139.486746615,35.529305532],[139.486690506,35.529494415],[139.486634384,35.529634414],[139.486522438,35.529802199],[139.486256329,35.530166081],[139.48612939,35.530442468],[139.486123281,35.530461081],[139.486038275,35.530715531],[139.485982165,35.530848559],[139.485898275,35.530988],[139.485786056,35.531128001],[139.485773023,35.53135244],[139.485774695,35.531358839],[139.485802476,35.531464388],[139.485848029,35.531636613],[139.485909973,35.531871333],[139.486028859,35.532323279],[139.486048029,35.532386892],[139.486156082,35.532747171],[139.486304695,35.533242171],[139.486338612,35.533333333],[139.48633869,35.533333559],[139.486469975,35.533686613],[139.486539973,35.533875225],[139.486560246,35.533977441],[139.486509144,35.534069108],[139.486448029,35.534151055],[139.486377471,35.534189387],[139.486335525,35.534212172],[139.486314695,35.534265225],[139.486338301,35.534322441],[139.486346083,35.534341333],[139.48637109,35.534371892],[139.486404422,35.534413],[139.486484968,35.534484387],[139.486574423,35.534614108],[139.486650532,35.534730504],[139.486735525,35.534994387],[139.486766913,35.535213559],[139.486816356,35.535400226],[139.486820804,35.535485225],[139.486816355,35.535525505],[139.487078586,35.535562442],[139.487453022,35.535615505],[139.487850805,35.535709387],[139.488333333,35.535883279],[139.488578885,35.536017441],[139.488642219,35.536057721],[139.488888612,35.536215225],[139.489147782,35.536380506],[139.489420272,35.536541332],[139.489701673,35.536688559],[139.489880271,35.536778],[139.490297497,35.536985224],[139.490699728,35.537154946],[139.490836394,35.537209946],[139.491166668,35.537342749],[139.491432219,35.537449414],[139.491666668,35.537558532],[139.491668885,35.537559585],[139.491758611,35.53760136],[139.491907224,35.537687748],[139.492061387,35.537777468],[139.492144163,35.537825532],[139.492171674,35.537844414],[139.492282776,35.537920532],[139.492443605,35.538030801],[139.49274834,35.538254695],[139.492792555,35.538287081],[139.492963062,35.538412198],[139.493199728,35.538479135],[139.493963891,35.538693306],[139.49441917,35.538800532],[139.494692777,35.538845252],[139.494956394,35.538845252],[139.495161946,35.538827749],[139.495443333,35.538760802],[139.495695279,35.538608587],[139.496070558,35.538340802],[139.496191115,35.538260532],[139.496335006,35.538143865],[139.49658,35.537943865],[139.496798612,35.537766919],[139.496853334,35.537736639],[139.497081115,35.537604973],[139.497291116,35.537491081],[139.49764472,35.537305531],[139.498010558,35.537143865],[139.498418339,35.536904414],[139.498558612,35.536808586],[139.498646109,35.536748586],[139.498675551,35.536718586],[139.498847497,35.536544135],[139.498911947,35.536478586],[139.499079728,35.536280802],[139.499373606,35.535987198],[139.499625278,35.53574164],[139.49982917,35.535544414],[139.5,35.535401172],[139.500002218,35.535399306],[139.500209443,35.535225532],[139.500310557,35.535165252],[139.500353061,35.535139973],[139.500592776,35.534990252],[139.500796667,35.534888585],[139.500934722,35.534823026],[139.501216394,35.534751081]]},"properties":{"city_code":"14113","city_name":"緑区","prefecture_code":"14","prefecture_name":"神奈川県"}},{"type":"Feature","geometry":{"type":"LineString","coordinates":[[139.488102283,35.502043054],[139.487881141,35.501191666],[139.487835863,35.501061108],[139.48779642,35.500946946],[139.487713359,35.500707225],[139.487647808,35.500540838],[139.487581414,35.500432505],[139.487456419,35.500307775],[139.487355033,35.500182505],[139.487332244,35.500135],[139.487319468,35.500108054],[139.487295032,35.500056946],[139.487278716,35.500000279],[139.487278639,35.5],[139.487252244,35.499909171],[139.48724725,35.49978836],[139.487251414,35.499605027],[139.487271141,35.499015027],[139.488479883,35.498921197],[139.488561089,35.499147775],[139.489125085,35.499075667],[139.489211245,35.499354198],[139.489616005,35.499240333],[139.489790441,35.499067802],[139.490131751,35.499062414],[139.490131751,35.498142613],[139.490231829,35.497986027],[139.490473385,35.497962919],[139.490458171,35.497642666],[139.487724358,35.497752919],[139.487559533,35.497749414],[139.487666938,35.497281973],[139.487691946,35.497215586],[139.487743891,35.497002802],[139.487850558,35.496566135],[139.487945006,35.49611864],[139.48803834,35.495764748],[139.488445551,35.494221413],[139.488709689,35.493148359],[139.488741634,35.49301836],[139.488780246,35.492743359],[139.488775253,35.492551279],[139.488617834,35.491993388],[139.488514086,35.491666973],[139.488513995,35.491666667],[139.48834886,35.491147198],[139.488324358,35.490867359],[139.488342503,35.490186838],[139.48842109,35.489902532],[139.488514384,35.489369667],[139.488733476,35.489173802],[139.489159663,35.488636135],[139.489427498,35.488385613],[139.48976886,35.488081865],[139.490901441,35.487253108],[139.491330117,35.486955225],[139.49135917,35.486651973],[139.491576446,35.486234865],[139.491666667,35.486133027],[139.491668561,35.486130919],[139.491913969,35.485854],[139.492166914,35.485603694],[139.492347978,35.48547764],[139.492567524,35.485313946],[139.49282192,35.485133081],[139.492846394,35.485043135],[139.493330414,35.484780748],[139.494117251,35.484293613],[139.494618754,35.484006027],[139.495533968,35.483445505],[139.495727302,35.483333667],[139.495727886,35.483333333],[139.495821389,35.483279252],[139.496172049,35.482906694],[139.49657214,35.482666505],[139.496724617,35.482574279],[139.497196031,35.482467505],[139.497332335,35.482420946],[139.497459027,35.482327973],[139.49754083,35.482165414],[139.497790921,35.481764468],[139.498017977,35.481429225],[139.49835428,35.480569027],[139.498673217,35.479864505],[139.498827664,35.479477533],[139.498982114,35.479300892],[139.499183256,35.479169333],[139.499434189,35.479105107],[139.499639338,35.479073946],[139.49972406,35.479050614],[139.49995406,35.479014775],[139.500000001,35.479015559],[139.50000183,35.479015586],[139.500299053,35.479020613],[139.500583217,35.479038946],[139.500867392,35.479063107],[139.501200169,35.479099225],[139.501526835,35.479105333],[139.501932386,35.479020613],[139.502196006,35.478909225],[139.502264061,35.478880333],[139.50231572,35.478822558],[139.502342114,35.478728387],[139.502339339,35.478680892],[139.501986836,35.477727306],[139.501901284,35.477485919],[139.501739339,35.477029252],[139.501709339,35.476943414],[139.501528223,35.476432307],[139.501411284,35.476101748],[139.501359339,35.476008413],[139.50120934,35.475646468],[139.501073748,35.475158414],[139.501072361,35.475105361],[139.501074034,35.475056748],[139.501085006,35.47500036],[139.501085084,35.475000001],[139.501104578,35.474899803],[139.501199389,35.474608081],[139.501279856,35.47436064],[139.501282918,35.474351748],[139.501386252,35.474033694],[139.501427613,35.473802802],[139.501552477,35.473336775],[139.501602827,35.473158946],[139.501693476,35.472867467],[139.501842504,35.47211],[139.501941193,35.471726306],[139.502049974,35.471263586],[139.50213655,35.470898027],[139.502182866,35.470677361],[139.501900855,35.470349667],[139.501987471,35.470031865],[139.50206,35.469837559],[139.502104279,35.469737108],[139.502158689,35.469602082],[139.502283554,35.469412694],[139.502478911,35.469160748],[139.502740777,35.468852839],[139.502964332,35.468656865],[139.503449754,35.468319279],[139.503574554,35.468223415],[139.503630389,35.468196198],[139.503696783,35.468163694],[139.503719001,35.46815564],[139.503735383,35.468149533],[139.50420511,35.467976748],[139.504807276,35.467733054],[139.505121556,35.46734136],[139.50530275,35.467034865],[139.505323645,35.466667027],[139.505323671,35.466666667],[139.505323696,35.466666198],[139.505314811,35.466569252],[139.505310363,35.466516199],[139.505292582,35.466463414],[139.505239533,35.466398694],[139.505171478,35.466324531],[139.50515694,35.466318532],[139.505072022,35.466232026],[139.50506341,35.466163695],[139.505078146,35.466101748],[139.505113969,35.465952306],[139.505140636,35.465804532],[139.505153696,35.465653135],[139.505151478,35.465551748],[139.505125083,35.465437306],[139.505070079,35.465309532],[139.504955358,35.465056225],[139.504948145,35.465039],[139.50491314,35.464956504],[139.504820078,35.464735387],[139.504775914,35.464631225],[139.504716472,35.464441775],[139.504709248,35.464416225],[139.504695084,35.464365387],[139.504690078,35.464347054],[139.504687301,35.464266775],[139.504683412,35.464159838],[139.504650363,35.463820946],[139.504623969,35.463523441],[139.504587589,35.463226505],[139.504584254,35.463199559],[139.504584253,35.462979838],[139.504613865,35.462753468],[139.504671997,35.462204001],[139.504726667,35.461788505],[139.504785331,35.461418721],[139.504819299,35.461131441],[139.504885772,35.460882775],[139.504976161,35.46072436],[139.505097275,35.460550135],[139.505332918,35.460220802],[139.50546786,35.46003964],[139.505663256,35.459795918],[139.505858911,35.459602532],[139.50597144,35.459514333],[139.506436719,35.459354613],[139.506640142,35.459114171],[139.506851634,35.458844107],[139.506992633,35.458677775],[139.507222219,35.458414279],[139.507285187,35.458333721],[139.507285525,35.458333333],[139.507432192,35.458145641],[139.507584773,35.457966359],[139.507737886,35.457730892],[139.507901026,35.457529973],[139.507978912,35.457373441],[139.507949364,35.457114974],[139.507935279,35.456632468],[139.507926498,35.456365892],[139.507911051,35.456085306],[139.507911051,35.455712504],[139.507940415,35.455502694],[139.507989883,35.455230972],[139.507985253,35.455071748],[139.507938858,35.454955468],[139.507717835,35.454679973],[139.507515305,35.454472721],[139.507303528,35.454204775],[139.507178301,35.454019],[139.507091751,35.453842081],[139.507000558,35.453633586],[139.506978911,35.453526171],[139.506924812,35.453315108],[139.506901607,35.453134387],[139.506866057,35.452898054],[139.506879974,35.452815919],[139.507025772,35.452655468],[139.507141219,35.452522694],[139.507402477,35.452218135],[139.507796641,35.451793505],[139.507971336,35.451602667],[139.508111972,35.451434586],[139.508246472,35.451284198],[139.508333333,35.451205054],[139.508335006,35.45120356],[139.508422697,35.451123667],[139.508592724,35.450968252],[139.508674668,35.450870919],[139.508772024,35.450701586],[139.508819948,35.450520865],[139.508958716,35.450000414],[139.508958833,35.45],[139.508962166,35.449987532],[139.509040998,35.449680414],[139.509154424,35.449301801],[139.509224942,35.449042198],[139.509279053,35.448867803],[139.509360973,35.448651694],[139.509461479,35.448484865],[139.509624669,35.448106973],[139.509696109,35.447970387],[139.509812361,35.447799865],[139.509942217,35.447525586],[139.510197782,35.447093441],[139.510316304,35.446854506],[139.510407497,35.446633334],[139.510461582,35.446482919],[139.510579052,35.446198586],[139.510698859,35.445986694],[139.5107893,35.445829532],[139.510427588,35.445737251],[139.510529275,35.445449532],[139.510524357,35.445273027],[139.510869468,35.445138919],[139.510976355,35.444865198],[139.510991997,35.444713973],[139.510985668,35.444354586],[139.511217563,35.44418017],[139.511282827,35.443906721],[139.511262387,35.443485027],[139.511256227,35.443371252],[139.511327302,35.443212001],[139.5113593,35.442931054],[139.511365551,35.442797946],[139.511355162,35.442693838],[139.511333139,35.442563279],[139.511287107,35.442489081],[139.511064502,35.442221135],[139.510968638,35.442056802],[139.510880532,35.441967081],[139.51058214,35.441892505],[139.510305423,35.441836892],[139.509994669,35.441719333],[139.50989808,35.441667108],[139.509897276,35.441666667],[139.50980297,35.441615694],[139.509612802,35.44142736],[139.509500662,35.441317225],[139.509374774,35.441201054],[139.509252581,35.441102532],[139.509213087,35.441036559],[139.509555473,35.440803225],[139.509947691,35.440544333],[139.51060703,35.440096613],[139.51107655,35.43991136],[139.511291777,35.439831],[139.511554747,35.439758946],[139.511420078,35.439506171],[139.511201335,35.439444225],[139.511041309,35.439121919],[139.510937756,35.438894387],[139.510916783,35.438817],[139.510923839,35.438711109],[139.510952388,35.438583506],[139.510882192,35.438452721],[139.510773502,35.438403226],[139.510644358,35.438267135],[139.51052572,35.438121558],[139.510473775,35.438055441],[139.510455525,35.438020613],[139.510323943,35.437818748],[139.510267913,35.437735306],[139.510077717,35.437766973],[139.50980297,35.43783464],[139.509591971,35.437897361],[139.509334526,35.438040559],[139.509135525,35.438138441],[139.508905162,35.437902946],[139.508816005,35.437836279],[139.50833489,35.437564135],[139.508333333,35.437563253],[139.508203748,35.437489973],[139.508109053,35.437442667],[139.507317665,35.437401558],[139.506377523,35.437314668],[139.506212218,35.437312865],[139.505947782,35.437341694],[139.505792945,35.437316838],[139.505597108,35.437266946],[139.505392387,35.437179532],[139.505136744,35.437035387],[139.505050804,35.436974135],[139.504852167,35.436790776],[139.504700363,35.436661468],[139.504581529,35.436520802],[139.504502167,35.436397559],[139.504429559,35.436189667],[139.504327562,35.435952775],[139.504196355,35.435734892],[139.50419131,35.435660613],[139.504175447,35.435183505],[139.504182437,35.43500836],[139.504089883,35.434927279],[139.50389961,35.434847838],[139.50379725,35.434827532],[139.503578586,35.434797559],[139.503098171,35.434817361],[139.502551608,35.434822775],[139.50236428,35.434853414],[139.502025694,35.434899135],[139.501876808,35.434943225],[139.501658106,35.435005414],[139.501421529,35.43513017],[139.501343359,35.435584775],[139.501335888,35.435810415],[139.500822724,35.435962892],[139.500597444,35.436056801],[139.500287134,35.436140946],[139.500001556,35.436215802],[139.5,35.436216225],[139.499896278,35.436243414],[139.498992192,35.436473919],[139.498604306,35.436603226],[139.498296978,35.436761775],[139.497768859,35.437100865],[139.497469222,35.437265],[139.497237718,35.437415559],[139.496837911,35.437665081],[139.49656122,35.437821865],[139.495769027,35.438223586],[139.495181777,35.438370225],[139.49529725,35.438553027],[139.495346395,35.438699694],[139.495297563,35.439346468],[139.495294812,35.439716225],[139.49517061,35.44],[139.495004087,35.440150171],[139.494859637,35.440595135],[139.49481594,35.440868108],[139.494926355,35.441061775],[139.495002412,35.441558414],[139.495037523,35.441666667],[139.495037665,35.441667081],[139.495122335,35.441928028],[139.49515511,35.442440387],[139.495152606,35.442669441],[139.495080947,35.44295156],[139.494975382,35.443069135],[139.49480336,35.443215775],[139.494595083,35.443316694],[139.493711855,35.443148748],[139.49328725,35.443079199],[139.4928638,35.442989587],[139.492628716,35.442944586],[139.492161856,35.442874279],[139.491766226,35.442854171],[139.491668249,35.442849973],[139.491666667,35.442849919],[139.491106252,35.442825974],[139.490519922,35.443249306],[139.490365616,35.443420694],[139.490004423,35.443577414],[139.489891893,35.443615748],[139.48961214,35.443533919],[139.489131607,35.443592667],[139.488814968,35.443584198],[139.48828192,35.443514441],[139.488019247,35.443425893],[139.487795253,35.443339694],[139.487542244,35.443065108],[139.487522582,35.442751721],[139.487190857,35.442749721],[139.486634916,35.442710415],[139.485795187,35.442671802],[139.485170195,35.442656802],[139.484637808,35.442683441],[139.484623061,35.442990802],[139.484366136,35.446405838],[139.484295939,35.447527721],[139.484218782,35.447946667],[139.483457198,35.448095865],[139.483334942,35.448123387],[139.483333333,35.448123748],[139.482871089,35.448227865],[139.48272083,35.448460864],[139.482514385,35.448486802],[139.482055772,35.448556838],[139.480831335,35.448611225],[139.480665228,35.448617613],[139.480567717,35.448742892],[139.480531893,35.448789],[139.480309079,35.448970972],[139.480064423,35.449229559],[139.479973022,35.449304279],[139.479844137,35.449437333],[139.479800804,35.449568171],[139.479784423,35.449693721],[139.47979192,35.449840946],[139.479780532,35.449927892],[139.479678586,35.449969278],[139.479569416,35.449959],[139.479316355,35.449934838],[139.479177755,35.449921775],[139.479001634,35.449905108],[139.478872749,35.449889279],[139.478786083,35.449878722],[139.478718029,35.449890108],[139.478676641,35.449939],[139.47866786,35.45],[139.478667808,35.450000387],[139.478639144,35.450199279],[139.478570804,35.45049428],[139.478478586,35.450799],[139.478329974,35.451167613],[139.478158029,35.451529559],[139.477933864,35.451919838],[139.477773581,35.452206225],[139.477560532,35.452587333],[139.477246354,35.452981225],[139.476950272,35.453352612],[139.475861674,35.454491775],[139.475738613,35.454666225],[139.475581946,35.454939559],[139.475528054,35.455034001],[139.475494721,35.455091775],[139.475427224,35.455186505],[139.475001672,35.455782225],[139.475000001,35.455784559],[139.47490555,35.455916775],[139.474774449,35.456047891],[139.474683332,35.456171775],[139.474530558,35.456419],[139.474417224,35.456639559],[139.474245279,35.456872054],[139.47419917,35.45692928],[139.47409834,35.457143694],[139.473982218,35.457390081],[139.473885863,35.457685918],[139.473872801,35.457749252],[139.47378114,35.458192306],[139.473756057,35.458333333],[139.473756005,35.458333694],[139.473645305,35.458955919],[139.473517522,35.459379532],[139.473047524,35.460423694],[139.47295419,35.460631198],[139.472795306,35.460932027],[139.472621141,35.461261469],[139.472158392,35.462264532],[139.472058392,35.462572586],[139.47199061,35.462829802],[139.471944501,35.463130919],[139.471947275,35.463438414],[139.472014773,35.46379064],[139.472095616,35.46417564],[139.472187562,35.464357586],[139.472275888,35.464531748],[139.472534773,35.464894252],[139.472767834,35.465197026],[139.472835331,35.465285081],[139.472980611,35.465430919],[139.473034501,35.465485081],[139.473155616,35.465606468],[139.473491751,35.466001198],[139.473564811,35.466159251],[139.473565084,35.466160081],[139.473705059,35.466666667],[139.473705162,35.466667027],[139.473715914,35.466705919],[139.473810636,35.467053414],[139.474100921,35.468117837],[139.474186744,35.468435891],[139.474437303,35.469363667],[139.474448418,35.469413108],[139.474480078,35.469552],[139.474502892,35.469716441],[139.474510389,35.469769775],[139.474507613,35.469863386],[139.474496783,35.469918667],[139.474416782,35.470083946],[139.474349275,35.470148946],[139.47434511,35.470152837],[139.474244837,35.470198108],[139.473919559,35.470272279],[139.473590117,35.470349505],[139.473544553,35.470360333],[139.473508715,35.470370054],[139.473350946,35.470413108],[139.473332049,35.470418108],[139.473202335,35.470481721],[139.472989831,35.470675333],[139.472590947,35.471236441],[139.472166225,35.471744225],[139.471990117,35.471963667],[139.471939274,35.472026721],[139.47191122,35.472061441],[139.471874553,35.472107279],[139.471832335,35.472182],[139.471812335,35.472217559],[139.471758444,35.472313109],[139.471743995,35.472358388],[139.47156345,35.472927838],[139.471558715,35.472943108],[139.471523166,35.473064506],[139.471407055,35.473461721],[139.471324553,35.473742838],[139.471250389,35.473995054],[139.470955006,35.475000001],[139.470954916,35.475000333],[139.470835693,35.475405892],[139.470510416,35.476657],[139.470253191,35.477506721],[139.470087639,35.478050586],[139.470045966,35.478291135],[139.470053502,35.478509467],[139.470296836,35.479273918],[139.470331556,35.479391694],[139.470522114,35.480034198],[139.470733217,35.480676973],[139.470844331,35.481049748],[139.470872672,35.48126864],[139.47080795,35.481623081],[139.470585446,35.482372801],[139.470236809,35.483333334],[139.470236693,35.48333364],[139.469990467,35.484012252],[139.469499637,35.485323081],[139.469411855,35.485606694],[139.469395473,35.485756414],[139.469422969,35.485925027],[139.469466304,35.486096694],[139.469551025,35.486274747],[139.46955131,35.486275586],[139.469939663,35.486973919],[139.47030467,35.487630027],[139.470836614,35.488599468],[139.470926616,35.488821973],[139.470967445,35.488989468],[139.471004112,35.489170027],[139.471021894,35.48971364],[139.470980778,35.490394171],[139.47092803,35.490687775],[139.47086886,35.491018054],[139.470863021,35.491134171],[139.470858858,35.491212505],[139.470844695,35.491339721],[139.470809689,35.49165],[139.470809144,35.491656108],[139.470808443,35.491666667],[139.470808443,35.491666946],[139.470779144,35.492118892],[139.470709689,35.492332776],[139.470651362,35.492461946],[139.470575525,35.492627225],[139.470335525,35.49295056],[139.469927756,35.493421667],[139.46989581,35.493456387],[139.469054423,35.494365559],[139.468854968,35.494548333],[139.468642751,35.494679441],[139.468404423,35.494747775],[139.468193581,35.494808333],[139.467995253,35.494850279],[139.467766394,35.494898892],[139.467216394,35.495015559],[139.467007497,35.495072775],[139.466668613,35.495165866],[139.466666667,35.495166387],[139.466608054,35.495182504],[139.466531946,35.495209441],[139.466313061,35.495286667],[139.466229442,35.495316387],[139.46609083,35.495448892],[139.465816109,35.495716108],[139.465193607,35.49631],[139.465040829,35.496519999],[139.465016667,35.496566667],[139.464945551,35.496703333],[139.464864163,35.496971668],[139.464818885,35.497216945],[139.464782503,35.497437225],[139.464784163,35.49745944],[139.464795837,35.497606387],[139.46481917,35.497715],[139.46482555,35.497745],[139.464875279,35.497904721],[139.464922775,35.498018333],[139.464995279,35.498125839],[139.46500611,35.498135279],[139.465300829,35.498398054],[139.465312776,35.498408613],[139.465627225,35.498653027],[139.465782218,35.498773866],[139.46618834,35.499099135],[139.466276939,35.499170252],[139.46629306,35.499185532],[139.466518638,35.499395531],[139.466666667,35.499597586],[139.466668638,35.499600251],[139.466724189,35.49967608],[139.466889054,35.5],[139.466889196,35.500000252],[139.466920311,35.50006136],[139.467229754,35.500699694],[139.467244189,35.500732748],[139.467464188,35.501233027],[139.467491414,35.501388306],[139.467511972,35.501504135],[139.467570584,35.501746081],[139.467722529,35.502373306],[139.467730311,35.502351919],[139.467745032,35.502311919],[139.467800856,35.502267198],[139.467850026,35.502248865],[139.467864189,35.502243586],[139.467930585,35.502218587],[139.468416419,35.50206636],[139.468686135,35.502004414],[139.468916693,35.501959694],[139.469000584,35.501943586],[139.469098638,35.501930252],[139.469316134,35.501900802],[139.469627523,35.501900802],[139.469792803,35.501941919],[139.470194747,35.502042197],[139.470242244,35.502053865],[139.470584474,35.502139135],[139.470971414,35.502120533],[139.471429468,35.502059721],[139.47170642,35.501963053],[139.471901142,35.50188028],[139.472109754,35.501791387],[139.472232802,35.501718613],[139.472265305,35.501699172],[139.472317524,35.501668333],[139.472391414,35.501624441],[139.472726135,35.501465001],[139.472860026,35.501432505],[139.473202802,35.50135],[139.473598367,35.501278613],[139.473814189,35.501252225],[139.47383642,35.501255838],[139.473972244,35.501278613],[139.474439196,35.501365001],[139.474712245,35.501396107],[139.474975304,35.501396108],[139.475,35.501395224],[139.475001971,35.501395171],[139.475638638,35.501372775],[139.475999468,35.501348054],[139.476383088,35.501353613],[139.476696136,35.501426387],[139.477110856,35.501579171],[139.477538638,35.50174944],[139.477609468,35.501778055],[139.477949197,35.501915559],[139.478446135,35.502110279],[139.478632244,35.502183054],[139.479374773,35.502435279],[139.479483944,35.502472225],[139.479558949,35.502497775],[139.479732283,35.502631946],[139.47984978,35.502723333],[139.480075616,35.502854172],[139.480180337,35.502898333],[139.480341997,35.502966387],[139.480351997,35.502970559],[139.481358393,35.503172505],[139.481488663,35.503222505],[139.481571725,35.503254441],[139.481802284,35.503330559],[139.482039222,35.503408892],[139.48223144,35.50346556],[139.482821167,35.503548612],[139.483333333,35.503634865],[139.48333533,35.503635198],[139.483467834,35.503657506],[139.48405144,35.503789721],[139.484240052,35.503820279],[139.484548948,35.503870559],[139.484724228,35.503898892],[139.484903385,35.503955838],[139.484938392,35.503968892],[139.484864229,35.504047505],[139.485312114,35.503894468],[139.4866717,35.503339468],[139.487062828,35.503180279],[139.487434695,35.503057668],[139.488064449,35.502755918],[139.488375058,35.502594171],[139.488217562,35.502414441],[139.488137835,35.502323613],[139.488149221,35.502246947],[139.488102283,35.502043054]]},"properties":{"city_code":"14114","city_name":"瀬谷区","prefecture_code":"14","prefecture_name":"神奈川県"}},{"type":"Feature","geometry":{"type":"LineString","coordinates":[[139.516308638,35.373226081],[139.516519637,35.373403136],[139.516634968,35.373622415],[139.516658417,35.373636225],[139.516666667,35.373639054],[139.516667756,35.373639414],[139.516964112,35.373740469],[139.51733642,35.373857027],[139.517608366,35.373942108],[139.517883114,35.374037946],[139.51816445,35.374174413],[139.518291971,35.37426336],[139.518376354,35.374320865],[139.518429145,35.374367],[139.518527367,35.37448264],[139.518607055,35.374589199],[139.518737419,35.374809999],[139.518809611,35.374930467],[139.518883697,35.374920414],[139.519004668,35.374895108],[139.519197835,35.374857532],[139.519530532,35.374673387],[139.519588586,35.374631172],[139.519739975,35.374521721],[139.519987756,35.374480613],[139.520054423,35.374487558],[139.520274695,35.374510333],[139.520536978,35.374563135],[139.520803307,35.374346946],[139.520998366,35.374232694],[139.521188716,35.374201253],[139.521319416,35.374176802],[139.521422244,35.374141999],[139.52153214,35.374069278],[139.521794526,35.373692945],[139.521837665,35.373633613],[139.52221192,35.373623108],[139.522403166,35.373675306],[139.522665719,35.373754279],[139.522950856,35.373847027],[139.522799975,35.374143387],[139.522743581,35.374272838],[139.522718587,35.374330054],[139.522643022,35.374503667],[139.522586083,35.374633946],[139.522499144,35.374833386],[139.522411699,35.374999999],[139.522411362,35.375000612],[139.522290804,35.375230333],[139.522209417,35.375385613],[139.522129728,35.375581171],[139.521985006,35.375873947],[139.521886667,35.376094775],[139.521605837,35.376263386],[139.521574163,35.376280613],[139.521392503,35.376380054],[139.521318054,35.376420892],[139.521061673,35.376696171],[139.520951673,35.376776171],[139.520814721,35.376875892],[139.520686667,35.376944225],[139.520447782,35.377127559],[139.520360117,35.377194505],[139.520247134,35.377261279],[139.520082088,35.377382414],[139.519880441,35.377515055],[139.519554449,35.37781644],[139.51944694,35.377989775],[139.519218339,35.378292838],[139.519190195,35.378318613],[139.519289922,35.378348306],[139.519462166,35.378394532],[139.519580337,35.378478865],[139.519648781,35.378596198],[139.519632865,35.378779441],[139.519372165,35.378892171],[139.51925869,35.379063135],[139.519178029,35.379270171],[139.519118949,35.379401306],[139.51910769,35.379496387],[139.519080506,35.379766278],[139.518981089,35.379852135],[139.518784332,35.379926108],[139.518915447,35.380087532],[139.518929883,35.380198441],[139.519080506,35.380351306],[139.519187757,35.38045864],[139.519179923,35.380626586],[139.519343087,35.380799108],[139.519383411,35.380909505],[139.51948939,35.380957838],[139.519630999,35.381023775],[139.519785772,35.381032973],[139.520014643,35.381065721],[139.520114942,35.381068999],[139.520562335,35.381084333],[139.5208062,35.381090468],[139.520943114,35.381095839],[139.521060583,35.381070135],[139.521202633,35.381021667],[139.521331388,35.380971613],[139.521543722,35.380917081],[139.52171406,35.380897252],[139.521885694,35.380899532],[139.522030389,35.380924198],[139.522103308,35.380877306],[139.522198949,35.380773774],[139.522345279,35.380569054],[139.522380416,35.380520441],[139.522393113,35.38033136],[139.522364968,35.380157279],[139.522345278,35.379872802],[139.522378612,35.379695639],[139.522479857,35.379531667],[139.522590052,35.379431892],[139.522814228,35.379291559],[139.52307869,35.379210279],[139.523430637,35.379135252],[139.523769001,35.379152001],[139.524069144,35.379272],[139.524457755,35.379452838],[139.524607471,35.379481747],[139.524781582,35.379479892],[139.524940196,35.379474333],[139.525000001,35.379442693],[139.525001116,35.379442109],[139.525187107,35.379343721],[139.525261673,35.379260054],[139.525426667,35.379254505],[139.525446668,35.379252559],[139.525561946,35.379242279],[139.525892412,35.379257171],[139.526097665,35.379016505],[139.526218443,35.37888336],[139.52627856,35.378814749],[139.5263962,35.378743559],[139.526549559,35.378683667],[139.526743605,35.378610442],[139.526971582,35.378548306],[139.527119585,35.378542668],[139.527240947,35.378576973],[139.527248859,35.378434306],[139.527215331,35.378335108],[139.527175967,35.378269974],[139.527508974,35.378199919],[139.527892996,35.378156748],[139.52797445,35.378245413],[139.528112866,35.378139999],[139.528271193,35.378067468],[139.52842445,35.378064505],[139.528686394,35.377955054],[139.528931946,35.377852278],[139.529073061,35.377807838],[139.529552218,35.377626441],[139.530203606,35.377372558],[139.530347224,35.377306171],[139.530823891,35.377099505],[139.530961115,35.377051721],[139.53111611,35.376997838],[139.531268886,35.376935892],[139.531320558,35.376915053],[139.531485525,35.376848108],[139.531489144,35.376848108],[139.531569416,35.376846171],[139.531933891,35.377375333],[139.532264163,35.377887838],[139.532471946,35.378313947],[139.532631673,35.379032838],[139.532639999,35.379273667],[139.532615279,35.379409226],[139.532615005,35.379410334],[139.532549171,35.379770333],[139.532553334,35.379947],[139.532536939,35.380138108],[139.532503087,35.380770585],[139.532466979,35.381440027],[139.532425305,35.382289748],[139.532369754,35.383017802],[139.532363165,35.383175946],[139.532431025,35.383174838],[139.532683918,35.383177532],[139.532894747,35.383128639],[139.532901141,35.383127252],[139.533333333,35.383026505],[139.533334475,35.383026224],[139.533442528,35.383001135],[139.533542802,35.382981973],[139.533680856,35.382955306],[139.533980584,35.382897532],[139.534485616,35.382786505],[139.535003359,35.382712802],[139.535252529,35.382656414],[139.535266692,35.38265308],[139.535449079,35.382819135],[139.535667614,35.383018387],[139.536020169,35.382803694],[139.536167004,35.38267336],[139.536400855,35.382605586],[139.536630311,35.382463081],[139.536651855,35.382453919],[139.536703061,35.382333838],[139.53676275,35.382191838],[139.536844163,35.382111946],[139.53706131,35.382069775],[139.537203023,35.382006414],[139.537277223,35.381940505],[139.537406136,35.381732532],[139.537583359,35.381572252],[139.537690947,35.38149064],[139.537983671,35.381318838],[139.538187562,35.381308775],[139.538338275,35.381303135],[139.538449922,35.381259468],[139.538518755,35.38115336],[139.538599611,35.380832667],[139.538727716,35.380691802],[139.538938079,35.380569776],[139.539216278,35.380416667],[139.539410338,35.380354532],[139.53946869,35.380347865],[139.539349274,35.38016036],[139.539505331,35.379971747],[139.539869053,35.379941559],[139.540012865,35.379902973],[139.540191946,35.379874198],[139.540251336,35.379568838],[139.54033856,35.37954572],[139.540357562,35.379381505],[139.540806109,35.379296415],[139.540855616,35.379269441],[139.540905811,35.379216198],[139.540926161,35.379150747],[139.540927523,35.379052],[139.540997328,35.378993226],[139.541122944,35.378936612],[139.541217224,35.378977559],[139.541364163,35.378939225],[139.541475772,35.378865613],[139.541612284,35.378806415],[139.541653554,35.378733586],[139.541666667,35.378733919],[139.541667782,35.378733946],[139.541805447,35.378737559],[139.541838105,35.378850081],[139.542076938,35.378960999],[139.542168885,35.378956414],[139.5423,35.378947533],[139.542572283,35.378907748],[139.542790778,35.378821198],[139.542945473,35.378777946],[139.543131362,35.378800135],[139.543275227,35.378826748],[139.543461362,35.37882836],[139.543604968,35.37881456],[139.543694527,35.378657],[139.543926589,35.378552721],[139.544331,35.378571586],[139.544558613,35.378532946],[139.544773384,35.378421802],[139.545293087,35.378404],[139.545487887,35.378342613],[139.545772283,35.378321586],[139.545956744,35.378169973],[139.5460538,35.37800764],[139.546331284,35.378016866],[139.546498081,35.377990586],[139.546749248,35.377788306],[139.546932477,35.377570866],[139.547103605,35.377379532],[139.547163165,35.377372108],[139.547429274,35.377503892],[139.547639494,35.377568613],[139.547729105,35.377747973],[139.547877328,35.377942306],[139.547961114,35.378044586],[139.548091699,35.378281973],[139.548200246,35.378409198],[139.548294695,35.378519748],[139.548406354,35.37880364],[139.548468585,35.378961414],[139.548491699,35.379057532],[139.548532437,35.379395946],[139.548605667,35.379621559],[139.548670895,35.379750973],[139.548737393,35.379841946],[139.548885694,35.380032441],[139.549094281,35.380326775],[139.549145083,35.380444802],[139.549171283,35.380510775],[139.549193333,35.380652973],[139.549197419,35.380782776],[139.549206913,35.380895946],[139.549238885,35.38113892],[139.549269339,35.381368586],[139.54933856,35.381522802],[139.549586251,35.381670613],[139.54968856,35.381810748],[139.549779559,35.381963279],[139.549863722,35.382077559],[139.549926109,35.382121919],[139.55,35.382130946],[139.550001115,35.382131081],[139.550236329,35.382159892],[139.550388275,35.382183586],[139.550557717,35.382292946],[139.550689857,35.382373946],[139.550791336,35.382534802],[139.550828172,35.382666225],[139.550843502,35.382782055],[139.55085978,35.382895225],[139.550947977,35.382981748],[139.551112192,35.383112694],[139.551315746,35.383250252],[139.551435162,35.383307946],[139.551553359,35.383333332],[139.551556032,35.383333919],[139.551595305,35.38334236],[139.551751362,35.383392279],[139.551969831,35.383469946],[139.552383644,35.383651414],[139.552665578,35.383856414],[139.552797808,35.384013361],[139.552913086,35.384094197],[139.55305197,35.384193359],[139.553454748,35.384390027],[139.553765474,35.384546333],[139.554073332,35.384565027],[139.554325746,35.384621586],[139.554492724,35.384692109],[139.55462022,35.384781333],[139.555076329,35.38490236],[139.55520786,35.384823505],[139.555325914,35.384688135],[139.555437198,35.384552775],[139.555562049,35.384490668],[139.555746615,35.384407441],[139.555955577,35.384313135],[139.556020727,35.384248775],[139.556111673,35.38416336],[139.556233774,35.384062387],[139.556514695,35.383980278],[139.556879754,35.383971414],[139.556830895,35.383759505],[139.556743218,35.383552027],[139.55661847,35.383400946],[139.556582996,35.383333919],[139.556582698,35.383333332],[139.556436498,35.383057],[139.556447523,35.382919919],[139.556429857,35.382770054],[139.556456694,35.382717306],[139.556537419,35.382635919],[139.556539171,35.382514865],[139.556478054,35.382384839],[139.556562113,35.382237441],[139.556679416,35.382150198],[139.55679528,35.382140586],[139.556914359,35.382169305],[139.556970662,35.382151839],[139.557114424,35.382116667],[139.557252944,35.382114108],[139.557375888,35.382128613],[139.557554085,35.382097306],[139.55761105,35.381792469],[139.557446161,35.381435946],[139.557637004,35.381256441],[139.557360169,35.381039],[139.557198664,35.380934694],[139.557155228,35.380814865],[139.557127717,35.380561865],[139.557129417,35.380406559],[139.557371699,35.380416838],[139.558053606,35.380749414],[139.558000921,35.38090836],[139.558333333,35.381032387],[139.558334423,35.381032802],[139.558410532,35.381061198],[139.558707782,35.381197667],[139.559170532,35.381409586],[139.559308949,35.381459505],[139.559397173,35.381395171],[139.559646835,35.381133305],[139.559906056,35.380875892],[139.560085772,35.380714505],[139.560065616,35.380555081],[139.560106913,35.380449838],[139.560211415,35.380318919],[139.560286057,35.380217946],[139.560364773,35.380088135],[139.560387834,35.379967198],[139.560547977,35.379768586],[139.560518145,35.379670946],[139.560596835,35.379663171],[139.560447562,35.379047387],[139.560395526,35.378840027],[139.560317276,35.378310666],[139.560248054,35.377955613],[139.560097419,35.377571693],[139.559938613,35.377234387],[139.55945956,35.376522082],[139.559265474,35.376208081],[139.559109416,35.375992802],[139.559080921,35.375720974],[139.559386278,35.375611108],[139.559782556,35.375502387],[139.559612918,35.375237198],[139.559716162,35.375000586],[139.55971642,35.374999999],[139.559719727,35.374992414],[139.559822996,35.374979109],[139.559908833,35.374883666],[139.559873839,35.374792251],[139.559759494,35.374316613],[139.559693554,35.374322505],[139.559627275,35.373774973],[139.559604254,35.373558027],[139.559712698,35.373379081],[139.559774358,35.373213413],[139.559779806,35.372855028],[139.559840752,35.372602279],[139.559885668,35.372426748],[139.559830973,35.372314775],[139.559749947,35.372288054],[139.559680726,35.372275865],[139.559648715,35.372182027],[139.559706524,35.372031748],[139.55965275,35.371873108],[139.559586641,35.371801748],[139.559619637,35.371675613],[139.559668495,35.371520252],[139.559749948,35.371318333],[139.559654942,35.371302775],[139.559573502,35.371316107],[139.559398444,35.371297252],[139.559235577,35.371237334],[139.559202996,35.371143027],[139.559228781,35.370890054],[139.559466278,35.370837893],[139.559747198,35.370854533],[139.559769053,35.370775054],[139.559744086,35.37069328],[139.559707835,35.370624865],[139.559870726,35.370539613],[139.559773256,35.37047372],[139.55974572,35.370452559],[139.559572945,35.370354775],[139.559731414,35.370016198],[139.559817756,35.369904775],[139.559931751,35.370019054],[139.560044384,35.370059],[139.560119442,35.370049],[139.560114112,35.369900414],[139.560190195,35.369794586],[139.560320312,35.369843919],[139.560437394,35.37001736],[139.560488171,35.370148865],[139.560603527,35.370276468],[139.560765253,35.370402442],[139.561005888,35.370517748],[139.561233216,35.370573838],[139.561579079,35.370630891],[139.561703994,35.370837667],[139.561787109,35.370878946],[139.561896835,35.371024775],[139.562094359,35.371459641],[139.562226304,35.371629775],[139.56233389,35.371761027],[139.562397666,35.371859775],[139.562644669,35.372197081],[139.562293165,35.372456722],[139.562467691,35.372613667],[139.562791582,35.372966171],[139.56306808,35.373252225],[139.563351726,35.373120198],[139.563501,35.373060279],[139.563628586,35.373105748],[139.563955837,35.373038027],[139.564746835,35.372920469],[139.564859494,35.37292492],[139.565019637,35.372911585],[139.565484917,35.372847252],[139.565691414,35.372887198],[139.565889559,35.372811748],[139.566063281,35.372734081],[139.566205577,35.372637721],[139.56644603,35.372445306],[139.566547276,35.372377892],[139.566666667,35.372371559],[139.566667691,35.372371505],[139.566819197,35.372363468],[139.566995332,35.372373197],[139.567129637,35.372430468],[139.567283333,35.372493306],[139.567311855,35.372549892],[139.567283333,35.372677468],[139.567497782,35.37281728],[139.567746304,35.372851414],[139.567904358,35.37287808],[139.567985473,35.372906135],[139.568101855,35.372946135],[139.568200778,35.372958197],[139.568348689,35.372607586],[139.568469467,35.372546559],[139.568656744,35.372466666],[139.568792478,35.372232532],[139.569160246,35.372213694],[139.569306809,35.372218108],[139.569426835,35.372180865],[139.569556277,35.372081135],[139.56972555,35.372097172],[139.570065446,35.372101613],[139.57036131,35.372067225],[139.570653114,35.37196736],[139.57094489,35.371829748],[139.57134105,35.371519414],[139.571493217,35.371393694],[139.571638443,35.371572333],[139.572137886,35.371311586],[139.572322438,35.371187306],[139.572482671,35.370930306],[139.572339728,35.370717054],[139.572292581,35.370588108],[139.572163671,35.370448306],[139.572129169,35.370245973],[139.571922088,35.36999228],[139.572078145,35.36985136],[139.572247782,35.36978144],[139.572259975,35.369634586],[139.572269027,35.369597801],[139.572241245,35.369368387],[139.572249027,35.369217],[139.572255642,35.369100586],[139.572317003,35.369023613],[139.572440637,35.369030586],[139.572599301,35.36911128],[139.572729494,35.369181198],[139.572996939,35.369235505],[139.573133281,35.369277947],[139.573241245,35.369337586],[139.573443645,35.369306559],[139.573451608,35.369178919],[139.573330921,35.369073748],[139.573316031,35.369019197],[139.573410895,35.368959252],[139.573553671,35.368938468],[139.573653839,35.368675198],[139.573805357,35.368553413],[139.573843865,35.368432198],[139.573847366,35.368259225],[139.573914423,35.368013865],[139.573922918,35.367849775],[139.573927082,35.367809506],[139.573913774,35.367625108],[139.573894086,35.367509],[139.573957782,35.367386414],[139.574099,35.367343667],[139.574284942,35.367466838],[139.574373165,35.367542306],[139.574607978,35.367769748],[139.574738249,35.367870721],[139.574916031,35.367866306],[139.575,35.367869359],[139.575000973,35.367869415],[139.575187471,35.367876279],[139.575319028,35.367987838],[139.575450778,35.368087108],[139.575256694,35.368389999],[139.575320973,35.36871336],[139.575370973,35.368798082],[139.575507639,35.368926694],[139.575659781,35.369033559],[139.575789755,35.369118333],[139.576198586,35.369302081],[139.576385771,35.369366026],[139.576566394,35.369398612],[139.576723799,35.369492946],[139.576873113,35.369549532],[139.577088911,35.369381973],[139.577287756,35.369260865],[139.57746891,35.369444107],[139.577619584,35.369578387],[139.577741725,35.369729279],[139.578147522,35.369466306],[139.578546135,35.369201505],[139.578057809,35.368755171],[139.57811983,35.368601694],[139.578038974,35.368505387],[139.578042088,35.36833364],[139.578162088,35.368250586],[139.578434578,35.368087802],[139.578534838,35.367873359],[139.578617886,35.367759198],[139.578715382,35.36767836],[139.57885817,35.36757864],[139.579067691,35.367556694],[139.579287562,35.36764436],[139.57938642,35.367495802],[139.579651284,35.367247108],[139.579970636,35.367110171],[139.580107808,35.367101054],[139.58020834,35.366935413],[139.580342114,35.366758865],[139.580512244,35.366667252],[139.580513359,35.366666667],[139.580536979,35.366653945],[139.58084594,35.366405442],[139.580880921,35.366204082],[139.580904475,35.366021946],[139.581191828,35.366091054],[139.581725642,35.365917999],[139.581955811,35.366056505],[139.582229947,35.36628064],[139.582419221,35.366288224],[139.58272397,35.366225172],[139.582910778,35.366148774],[139.583085525,35.366011135],[139.583193257,35.365832171],[139.583217951,35.365638199],[139.583277664,35.365489506],[139.583327885,35.365422919],[139.583333333,35.365418838],[139.583334254,35.365418135],[139.583498885,35.365294198],[139.583724163,35.365132199],[139.583920973,35.365005721],[139.584106913,35.364906973],[139.584351635,35.364845442],[139.58462672,35.364771586],[139.584814228,35.36475436],[139.585003996,35.364760468],[139.585283581,35.364805973],[139.585543579,35.36493136],[139.585689533,35.364908919],[139.585853605,35.364837054],[139.586042361,35.364702333],[139.58614406,35.364572973],[139.586253671,35.364369973],[139.586283865,35.36429336],[139.586391052,35.364256721],[139.58665572,35.364267802],[139.586974669,35.364291108],[139.587415357,35.364269306],[139.587896199,35.364222333],[139.588121505,35.36411136],[139.588733138,35.363963919],[139.58894594,35.363956748],[139.589208612,35.363917198],[139.58936197,35.363892775],[139.589472477,35.363845468],[139.589552892,35.363785973],[139.58958725,35.363708585],[139.589665279,35.363465027],[139.58971886,35.363380135],[139.589797588,35.36329136],[139.589861388,35.363225919],[139.589963307,35.36316617],[139.590136278,35.363133892],[139.590340272,35.363105559],[139.590518638,35.363069586],[139.590681116,35.363001776],[139.590834501,35.362918559],[139.591023139,35.362840892],[139.591237588,35.362845306],[139.591363671,35.36291836],[139.59151616,35.362847252],[139.591666666,35.362751775],[139.591667562,35.362751199],[139.591843672,35.362639468],[139.592134773,35.362413081],[139.592303113,35.362208414],[139.592373579,35.362034172],[139.592490804,35.361960892],[139.592605331,35.361889468],[139.592691167,35.361697973],[139.592610415,35.361521613],[139.592522867,35.361345081],[139.59256358,35.361262973],[139.592571724,35.361174198],[139.592590726,35.36100108],[139.59271694,35.360693721],[139.592741388,35.360589414],[139.592730532,35.360491802],[139.592637056,35.360397333],[139.592596135,35.360228775],[139.592624112,35.360125775],[139.592613775,35.360007946],[139.592550585,35.359872081],[139.592406809,35.359672333],[139.592217472,35.359490892],[139.592097198,35.359400027],[139.592052503,35.359297171],[139.592050027,35.359238306],[139.592071245,35.359133171],[139.592099364,35.359042586],[139.592062724,35.358870586],[139.592022024,35.358751839],[139.591899856,35.358559865],[139.591872698,35.358375468],[139.591874839,35.358333946],[139.591874865,35.358333333],[139.591884475,35.358146803],[139.591884917,35.358047198],[139.591895772,35.357957306],[139.591886278,35.357880721],[139.591846783,35.357876306],[139.591723385,35.357909586],[139.591667523,35.357914667],[139.591666667,35.357914747],[139.591589027,35.357921775],[139.591426136,35.357904027],[139.591238834,35.357924],[139.591085006,35.357943667],[139.59098611,35.357906946],[139.590906304,35.357791973],[139.590784136,35.357641027],[139.59064978,35.357534506],[139.590595577,35.357474506],[139.590513645,35.357453388],[139.590409028,35.357426613],[139.590199144,35.35733364],[139.590057524,35.357336667],[139.589958561,35.357331667],[139.589810026,35.357305612],[139.589681971,35.357250333],[139.589541699,35.357110333],[139.589282802,35.356713388],[139.589208341,35.356571999],[139.589088341,35.356461721],[139.589067496,35.35644256],[139.589067497,35.356356441],[139.589068418,35.356255],[139.589117276,35.356081864],[139.589221245,35.355990506],[139.589250311,35.355844387],[139.589381971,35.355651306],[139.589470661,35.355530919],[139.589484864,35.355416414],[139.589458638,35.355319],[139.589501997,35.355209108],[139.589618145,35.354993252],[139.58967786,35.354900054],[139.589794577,35.354900054],[139.589874695,35.354880054],[139.58992083,35.354804613],[139.59002297,35.354734946],[139.590128638,35.354728027],[139.590263165,35.354736505],[139.590346108,35.354636171],[139.590471116,35.354497865],[139.590562866,35.354380946],[139.590780947,35.35420772],[139.590937251,35.354048441],[139.590997225,35.353983973],[139.591015006,35.353806613],[139.590919494,35.353668802],[139.590849222,35.353624973],[139.591038638,35.353382054],[139.591093671,35.353212586],[139.591236446,35.353024333],[139.591294034,35.352941613],[139.591288418,35.352779333],[139.591199274,35.352650891],[139.591005059,35.35258136],[139.590837108,35.352320054],[139.590739948,35.352079639],[139.590784669,35.351805667],[139.59075083,35.351160748],[139.590592049,35.350940469],[139.590468859,35.350879253],[139.590346472,35.350810558],[139.590194695,35.350680081],[139.589974137,35.350548414],[139.589691116,35.350443171],[139.589460778,35.350410999],[139.589187367,35.350340587],[139.588922309,35.350000667],[139.588921803,35.35],[139.588785499,35.349823802],[139.58876825,35.349636721],[139.588825966,35.349558252],[139.588870921,35.349469468],[139.588879534,35.349217775],[139.5888993,35.349039775],[139.588973529,35.348841171],[139.588982283,35.34877864],[139.58890358,35.348608721],[139.588654968,35.348165387],[139.588601089,35.348027333],[139.58862275,35.347840667],[139.588568859,35.347530108],[139.588543307,35.347290387],[139.588483307,35.347158721],[139.588470533,35.347047892],[139.588456913,35.346928721],[139.58849358,35.346691776],[139.588541089,35.346524838],[139.588484112,35.346423171],[139.58842856,35.346323748],[139.588403916,35.346246027],[139.588548834,35.346112135],[139.588634968,35.346000388],[139.588816614,35.345598946],[139.588814721,35.345492108],[139.588768494,35.345343838],[139.588812893,35.34521664],[139.588885887,35.345130802],[139.589029663,35.344983199],[139.589118275,35.344863198],[139.589152723,35.34476736],[139.589176615,35.344546802],[139.58916939,35.344387918],[139.589028197,35.343929027],[139.589048781,35.34373],[139.589077523,35.343485279],[139.589075446,35.343258387],[139.589042866,35.343081559],[139.589064475,35.342926802],[139.589145499,35.342743468],[139.589237173,35.342304865],[139.589166744,35.342093441],[139.58911856,35.341777108],[139.589089144,35.341667387],[139.589088949,35.341666666],[139.589024449,35.341426],[139.589021607,35.341303505],[139.588983256,35.341138171],[139.588922724,35.340960721],[139.588881608,35.340624892],[139.588687445,35.340321613],[139.588522582,35.340092559],[139.588275423,35.339731279],[139.58820428,35.339562866],[139.588116252,35.339333225],[139.588140468,35.339222108],[139.58821419,35.339023559],[139.58816934,35.338840135],[139.587997951,35.338704775],[139.587894162,35.338502559],[139.587923359,35.338376775],[139.588032503,35.338263053],[139.588070804,35.338001306],[139.588134086,35.337797252],[139.588202192,35.33769608],[139.588165745,35.337490198],[139.58813306,35.337390533],[139.588068807,35.337280333],[139.588007691,35.336997414],[139.587922477,35.336704559],[139.587896861,35.336612414],[139.587858521,35.336518532],[139.587714917,35.33651964],[139.587599637,35.336520748],[139.587301025,35.336520748],[139.587006303,35.336487415],[139.586882698,35.336414919],[139.586741582,35.336385198],[139.586596031,35.336326586],[139.5862338,35.336133532],[139.586153256,35.336077415],[139.585983528,35.336056586],[139.585670467,35.336021027],[139.585509636,35.336101586],[139.585244085,35.336246306],[139.585163527,35.33629436],[139.585042698,35.336318532],[139.58492214,35.336318533],[139.584695473,35.336306306],[139.584455188,35.336294081],[139.584314916,35.336287414],[139.583943529,35.33626936],[139.5838338,35.336225468],[139.58370214,35.336172694],[139.583586861,35.336037135],[139.583524916,35.335923802],[139.583492699,35.335802972],[139.583388249,35.335714641],[139.583334085,35.335681225],[139.583333333,35.335680775],[139.5832838,35.335650198],[139.583106589,35.335658252],[139.582808807,35.335682414],[139.582649922,35.335651305],[139.582486861,35.335577973],[139.582390467,35.335497414],[139.58227214,35.33528436],[139.582193256,35.33512436],[139.582108521,35.33501492],[139.582052412,35.334958802],[139.581955746,35.334926586],[139.581754358,35.33489436],[139.581537134,35.335039081],[139.581247419,35.335280469],[139.5811038,35.335387693],[139.580885188,35.335545747],[139.580764086,35.335640748],[139.58060659,35.335735198],[139.580450467,35.335875198],[139.580225473,35.335971585],[139.580072698,35.336003802],[139.579951855,35.336044081],[139.579744086,35.336076306],[139.579494643,35.336197134],[139.57935769,35.336277414],[139.579226589,35.336275748],[139.579044643,35.336240467],[139.578786031,35.336175198],[139.578549079,35.336121865],[139.578484916,35.336107414],[139.578407977,35.336101865],[139.57815297,35.336101865],[139.577718521,35.336020468],[139.577458249,35.335955748],[139.577354358,35.335936028],[139.576982413,35.335895468],[139.576573256,35.335891586],[139.576419637,35.335868252],[139.576169922,35.335862694],[139.575936589,35.335870748],[139.575784358,35.336036306],[139.575655473,35.336172972],[139.575559079,35.336245198],[139.575341582,35.336366027],[139.575285187,35.336414081],[139.575000752,35.336509],[139.575,35.336509252],[139.574947134,35.336526864],[139.574842698,35.336526865],[139.574767134,35.336460198],[139.574719079,35.336417694],[139.57465659,35.336420468],[139.574496861,35.336518803],[139.574411856,35.336612135],[139.574344086,35.336677414],[139.574142412,35.336792414],[139.573864358,35.336857973],[139.573746031,35.336861027],[139.573623256,35.336914919],[139.573584916,35.336989919],[139.573473554,35.337207414],[139.573412997,35.337432694],[139.573384111,35.337540747],[139.573360778,35.337632694],[139.573215498,35.338209919],[139.573204669,35.338351028],[139.573125499,35.338935748],[139.573132724,35.339162694],[139.573096615,35.33927436],[139.573053281,35.339901586],[139.573049663,35.340054081],[139.573028003,35.340169333],[139.572959663,35.340608506],[139.572930778,35.341110171],[139.572928004,35.341156559],[139.572920505,35.341416838],[139.572901895,35.341535721],[139.572907911,35.341666667],[139.572907951,35.341667387],[139.572911336,35.341740721],[139.572938029,35.342358224],[139.572870804,35.342504892],[139.572691634,35.342797666],[139.572186913,35.343431838],[139.572161804,35.343461136],[139.571869975,35.343801838],[139.571754694,35.343913505],[139.571628587,35.344032387],[139.571538301,35.344154892],[139.571381362,35.344342387],[139.570936641,35.345071838],[139.570807756,35.345304333],[139.570729689,35.34542544],[139.570614423,35.345680973],[139.57053886,35.345925973],[139.570513308,35.346177919],[139.570455837,35.346326802],[139.570366666,35.346649586],[139.570266666,35.346801253],[139.570225007,35.346897081],[139.57013083,35.347007081],[139.569907497,35.347246802],[139.569641115,35.347492081],[139.569593606,35.347535694],[139.569373606,35.347472081],[139.56922917,35.347430414],[139.568710558,35.347302081],[139.568586667,35.34728264],[139.568405279,35.347226802],[139.56803917,35.347219027],[139.567681115,35.347254027],[139.567466498,35.347257802],[139.567306394,35.347254415],[139.567062218,35.347235135],[139.566891116,35.347152919],[139.566667497,35.347021586],[139.566666667,35.347021108],[139.566646109,35.347009028],[139.566541672,35.346908198],[139.566350558,35.346850694],[139.566170271,35.346785415],[139.565795838,35.34649264],[139.565633061,35.346387108],[139.565453891,35.346370721],[139.565299999,35.34643128],[139.56506306,35.346476559],[139.564745837,35.346452107],[139.564553333,35.346445721],[139.564395838,35.346452108],[139.564189442,35.346456559],[139.56387611,35.346474333],[139.563624163,35.346421279],[139.563527782,35.346383775],[139.56338472,35.346315721],[139.563223891,35.346330171],[139.563006668,35.346424333],[139.562756939,35.346484055],[139.562572775,35.346484613],[139.562344721,35.346387108],[139.562255279,35.346357108],[139.562186393,35.346333775],[139.562031389,35.346257946],[139.561872503,35.346250721],[139.561706667,35.346268775],[139.56151555,35.346272387],[139.561248885,35.346189612],[139.561167497,35.346180171],[139.560808054,35.346223775],[139.560628612,35.346286558],[139.560475838,35.346359054],[139.560281946,35.346499892],[139.560119729,35.346600722],[139.55983917,35.346845442],[139.559661388,35.346961838],[139.559490558,35.347044333],[139.559369442,35.347098505],[139.558921115,35.347131559],[139.558737783,35.347116559],[139.558471114,35.347062667],[139.558334163,35.347024973],[139.558333333,35.347024721],[139.558287498,35.347012108],[139.558050559,35.347009612],[139.557728885,35.347070441],[139.557628638,35.347113775],[139.55753891,35.347179613],[139.557395305,35.347304892],[139.557338366,35.347354613],[139.557248366,35.347531838],[139.557179754,35.347650721],[139.557171415,35.347774054],[139.557174112,35.347817054],[139.557179468,35.347903198],[139.557203916,35.34804236],[139.557195863,35.348188748],[139.557146978,35.348327081],[139.557033087,35.34843264],[139.556632243,35.348715135],[139.55643725,35.348849027],[139.556379468,35.349036532],[139.556341699,35.34914264],[139.556325863,35.349186802],[139.556310025,35.349231531],[139.556260026,35.349371802],[139.55611114,35.349438748],[139.555935305,35.349528199],[139.555899195,35.349546802],[139.555749754,35.349622919],[139.55563642,35.349680695],[139.555368638,35.349870973],[139.555225135,35.349999999],[139.555224357,35.350000694],[139.555134747,35.350081253],[139.55496419,35.350364027],[139.554857523,35.350540693],[139.554825577,35.350593468],[139.5547345,35.350724586],[139.554637005,35.350839865],[139.554610895,35.35103764],[139.554411725,35.351389586],[139.554162282,35.351770414],[139.553994228,35.35194736],[139.55373895,35.352120135],[139.55352978,35.35220236],[139.553258107,35.352254027],[139.553067003,35.352264865],[139.552948106,35.352246802],[139.552681167,35.352331802],[139.552217004,35.352616253],[139.552064501,35.352722919],[139.551754501,35.353153749],[139.551655615,35.353356252],[139.551603113,35.353448198],[139.551473139,35.353811802],[139.551362581,35.353925694],[139.551181193,35.354057361],[139.551180362,35.354057918],[139.551018145,35.354151532],[139.550776472,35.35433236],[139.550540363,35.354551802],[139.550314527,35.354829865],[139.550149534,35.354917919],[139.550000921,35.354970505],[139.55,35.354970801],[139.549950078,35.354988468],[139.549673411,35.355045973],[139.549228975,35.355143468],[139.549079248,35.35519236],[139.548712866,35.355306226],[139.548476744,35.355436505],[139.548323412,35.355731225],[139.548308975,35.355781776],[139.548061751,35.356216775],[139.548006201,35.356387614],[139.547955914,35.356517613],[139.547865668,35.35715928],[139.547815109,35.357344],[139.547637613,35.357549838],[139.547450388,35.357705387],[139.547320389,35.357823721],[139.547260389,35.357929839],[139.547270661,35.358015108],[139.54735345,35.358137613],[139.547402336,35.358249838],[139.547470973,35.358333332],[139.54747153,35.358334],[139.547570389,35.358454279],[139.54770511,35.358669559],[139.547718171,35.358765946],[139.547819001,35.358920387],[139.547842893,35.359060946],[139.547923451,35.359284838],[139.548092893,35.359497055],[139.548179559,35.359540387],[139.548331219,35.359654559],[139.548746498,35.359597613],[139.548854554,35.359587612],[139.54900594,35.359645387],[139.549009558,35.359868721],[139.549039559,35.359988171],[139.548998717,35.360297053],[139.548918444,35.360515945],[139.548878444,35.360625387],[139.548863722,35.360665946],[139.548857613,35.360682333],[139.548815383,35.360797613],[139.548797056,35.361020108],[139.548742049,35.361220386],[139.548685137,35.361236505],[139.548481778,35.361114837],[139.548417613,35.361100667],[139.54833511,35.361082333],[139.548269831,35.361104],[139.548213191,35.361122892],[139.548099027,35.361236775],[139.547944578,35.361480666],[139.547901531,35.361514],[139.547703191,35.361542613],[139.547570144,35.361610667],[139.547605966,35.361770387],[139.547604034,35.361858172],[139.547602633,35.361911505],[139.547561803,35.361960387],[139.547154865,35.362017334],[139.547057367,35.362122892],[139.54697847,35.362544802],[139.54695153,35.362586467],[139.546620973,35.36269536],[139.546480415,35.362741468],[139.546219027,35.362814252],[139.545999301,35.362765359],[139.545870415,35.362779252],[139.545594864,35.362846467],[139.545238197,35.36289064],[139.544347082,35.363001198],[139.544215422,35.36299564],[139.544085694,35.362833972],[139.544037638,35.362741225],[139.543977368,35.362646505],[139.543922361,35.362488721],[139.543858197,35.362304],[139.543800144,35.362165387],[139.543782633,35.362070108],[139.543721244,35.361875108],[139.543634863,35.361817613],[139.5434507,35.361363171],[139.543418198,35.361269001],[139.543407912,35.361251774],[139.543305694,35.361079838],[139.543193475,35.360891225],[139.54293847,35.360306225],[139.54286319,35.360153722],[139.542738197,35.359899559],[139.542717886,35.359859],[139.542621219,35.359662614],[139.542587329,35.359593721],[139.542563996,35.359475108],[139.542539831,35.359353441],[139.542660661,35.359154559],[139.542876783,35.358855107],[139.542896498,35.358699],[139.542902049,35.358605946],[139.542870948,35.358450946],[139.542864838,35.358339279],[139.542864227,35.358334],[139.542864136,35.358333333],[139.542834838,35.358081505],[139.542798445,35.357923721],[139.542700117,35.357617612],[139.542627613,35.357484558],[139.542472607,35.357298171],[139.542342607,35.357175667],[139.542098444,35.357012892],[139.541935667,35.356988441],[139.541667613,35.35700964],[139.541666667,35.357009722],[139.541626498,35.357012892],[139.54134511,35.356986505],[139.54088817,35.356979001],[139.540635668,35.356996775],[139.54028594,35.356971225],[139.539569558,35.356865387],[139.539179001,35.356832892],[139.539013165,35.356840108],[139.538872335,35.356860947],[139.538739559,35.356922333],[139.538454552,35.357052333],[139.538117886,35.357144838],[139.537678171,35.357222333],[139.537673165,35.357223171],[139.537477886,35.357198721],[139.537414553,35.357126225],[139.53731511,35.357011775],[139.537227614,35.35681764],[139.537186498,35.356726252],[139.537128171,35.35659708],[139.537043165,35.356333748],[139.537027614,35.356307359],[139.53690983,35.356107081],[139.536862892,35.355983468],[139.536829274,35.355894305],[139.536700661,35.355555414],[139.536621506,35.355415135],[139.536535111,35.355275135],[139.53645345,35.35514264],[139.536320389,35.35492736],[139.536254554,35.354866252],[139.53588511,35.354812081],[139.535806226,35.354892082],[139.535685669,35.354854027],[139.535253996,35.354854027],[139.534977328,35.354862359],[139.534777328,35.354884027],[139.534672892,35.354934586],[139.534182892,35.355009028],[139.533947886,35.354995973],[139.533743722,35.35501736],[139.533580947,35.354952081],[139.53333428,35.354839387],[139.533333333,35.354838946],[139.533100661,35.35473264],[139.532955383,35.354675135],[139.532848172,35.354594306],[139.53263428,35.354516252],[139.532382607,35.354465694],[139.532279831,35.354445136],[139.53205956,35.354400694],[139.532050661,35.354399027],[139.531728716,35.354278198],[139.531549001,35.354198748],[139.531541505,35.354195414],[139.531408444,35.354161533],[139.531300117,35.354134027],[139.531154837,35.354124866],[139.531003451,35.354115694],[139.530901506,35.354109306],[139.530853995,35.354106252],[139.530669559,35.354136252],[139.530601778,35.354147081],[139.530520388,35.354260973],[139.530536499,35.354578198],[139.530589001,35.354703748],[139.530560388,35.354793748],[139.530578444,35.354888468],[139.530668444,35.355129865],[139.530672892,35.355217081],[139.530680388,35.355360414],[139.530681777,35.355388748],[139.53083428,35.355745694],[139.530842891,35.355824586],[139.530895667,35.356301802],[139.530852607,35.356528748],[139.530860946,35.356827919],[139.530859832,35.356965694],[139.530820118,35.357071802],[139.530780118,35.357135414],[139.530559857,35.357364559],[139.530421245,35.357641225],[139.530339857,35.357722333],[139.530295966,35.357715387],[139.530280973,35.357712892],[139.530136523,35.357689838],[139.529915136,35.357656776],[139.529847367,35.357646775],[139.529754306,35.357632892],[139.529680973,35.357730667],[139.529606524,35.357995109],[139.529496783,35.358126973],[139.529425331,35.358333332],[139.529425109,35.358334],[139.529411921,35.358372081],[139.529389857,35.358374],[139.529037912,35.358380947],[139.529037367,35.358334],[139.529037366,35.358333333],[139.529036525,35.358262892],[139.528786524,35.358115946],[139.528738755,35.358060667],[139.528676524,35.357997053],[139.528644035,35.357899838],[139.528554306,35.357631505],[139.528512089,35.357565666],[139.528501803,35.357549838],[139.528481245,35.357517613],[139.52829153,35.357451505],[139.528122088,35.357412054],[139.528017082,35.357346803],[139.528017639,35.357174306],[139.527951245,35.35680236],[139.527522633,35.356773748],[139.527414864,35.356785694],[139.526657912,35.356810135],[139.526245694,35.356813467],[139.526082918,35.356794306],[139.526006525,35.356785414],[139.525866809,35.356777081],[139.525754578,35.356793468],[139.525616252,35.356866801],[139.525510415,35.35697236],[139.525455694,35.357055136],[139.525419585,35.357174027],[139.52541847,35.357345135],[139.525417082,35.357526252],[139.525402088,35.357603441],[139.5253207,35.357806775],[139.525052088,35.358091505],[139.525000973,35.358162749],[139.525,35.358164108],[139.524936524,35.358252613],[139.524852918,35.358333332],[139.524852218,35.358334],[139.524831804,35.358353721],[139.524648197,35.35845456],[139.524500415,35.358534001],[139.524205422,35.358546505],[139.524163191,35.358561226],[139.523839857,35.358674837],[139.52374153,35.358798721],[139.5237007,35.358945108],[139.523727367,35.359140108],[139.523763748,35.359404279],[139.523674034,35.359656225],[139.52338489,35.359980108],[139.523178223,35.360215387],[139.522898495,35.360550667],[139.52281878,35.360620946],[139.52272572,35.36068372],[139.522453217,35.360762054],[139.522330441,35.360778441],[139.522010727,35.360821505],[139.521891829,35.360915108],[139.521801829,35.361005107],[139.521686834,35.361232613],[139.52162489,35.361354279],[139.521553217,35.361495946],[139.521441283,35.361593171],[139.521327108,35.361650667],[139.521115447,35.361715667],[139.520954333,35.361632892],[139.520820999,35.361593171],[139.520744332,35.361617054],[139.520627108,35.361772333],[139.520431829,35.361877892],[139.520073503,35.361991775],[139.519959611,35.361975667],[139.519772387,35.361804838],[139.519446835,35.361528171],[139.519368781,35.361503721],[139.51921572,35.361455387],[139.519059053,35.361459559],[139.518875162,35.361492054],[139.518723839,35.361566919],[139.518730726,35.361740586],[139.518742919,35.361924587],[139.518756031,35.362087081],[139.518795421,35.362295613],[139.51883092,35.362465919],[139.518887301,35.362624469],[139.518952944,35.362767802],[139.518992528,35.362849892],[139.519061414,35.363026837],[139.518937976,35.363210892],[139.518862477,35.363306469],[139.518821725,35.363371892],[139.518787951,35.363443946],[139.518771089,35.363486865],[139.518753256,35.363536694],[139.518736394,35.363612586],[139.518739222,35.36371836],[139.518771088,35.363830279],[139.518802022,35.363909252],[139.51882358,35.363966748],[139.518867665,35.364013504],[139.518961414,35.36406564],[139.519020505,35.364107027],[139.519101141,35.364166054],[139.51920428,35.364246532],[139.519334618,35.364313226],[139.519460026,35.364433081],[139.519515577,35.364577695],[139.519472438,35.364758613],[139.519394616,35.364992441],[139.519365552,35.365092108],[139.519331335,35.36518964],[139.519272724,35.365377251],[139.519237523,35.365484054],[139.519216472,35.365608],[139.519189275,35.365749081],[139.519160194,35.365826504],[139.51912175,35.365916198],[139.518983917,35.366107838],[139.51892297,35.366229748],[139.518874228,35.366323252],[139.518829196,35.366434414],[139.518782309,35.366638333],[139.518772672,35.366666667],[139.518772438,35.366667306],[139.518724163,35.366809279],[139.518499169,35.367206386],[139.518391335,35.367312198],[139.518351337,35.367391135],[139.518344747,35.367523359],[139.518326939,35.367606973],[139.518279754,35.367779803],[139.518192555,35.368025135],[139.518160661,35.368120973],[139.518162438,35.368196414],[139.518502918,35.368350972],[139.518541388,35.368435305],[139.518659533,35.368607027],[139.518747665,35.368708224],[139.518852698,35.368833947],[139.519028223,35.369099],[139.519058029,35.369136775],[139.51916681,35.369293919],[139.51920808,35.369443414],[139.519144306,35.369529279],[139.518809533,35.36976464],[139.518719494,35.369819838],[139.518614086,35.369866838],[139.518503839,35.369929468],[139.518454137,35.369973171],[139.518382866,35.370052134],[139.518317224,35.370138776],[139.518203773,35.370340387],[139.5181338,35.370435559],[139.517937834,35.370541413],[139.51784275,35.370643225],[139.517784617,35.37074672],[139.517744305,35.370867838],[139.5177293,35.370990506],[139.517764034,35.371121613],[139.517781945,35.371271054],[139.51777153,35.371439775],[139.517750362,35.371609802],[139.517650974,35.371752054],[139.517426419,35.371914333],[139.517223891,35.372083],[139.517107912,35.372218387],[139.516885357,35.372363586],[139.516705305,35.372519225],[139.516667757,35.372536639],[139.516666667,35.372537135],[139.516538393,35.37259664],[139.516430804,35.372639532],[139.516338663,35.372733108],[139.516285188,35.37282664],[139.516263645,35.373080414],[139.516308638,35.373226081]]},"properties":{"city_code":"14115","city_name":"栄区","prefecture_code":"14","prefecture_name":"神奈川県"}},{"type":"Feature","geometry":{"type":"LineString","coordinates":[[139.528098949,35.448548838],[139.528519364,35.448526865],[139.528560922,35.448684721],[139.528746718,35.449440108],[139.529186693,35.449392171],[139.529374475,35.44936036],[139.529792335,35.449217893],[139.530416108,35.448943198],[139.530564747,35.448870441],[139.530665524,35.448822198],[139.530787782,35.448740279],[139.53089528,35.448674721],[139.530902607,35.448584802],[139.530891829,35.448539001],[139.53091083,35.448464586],[139.530936835,35.448330999],[139.530890195,35.447999586],[139.530569494,35.447594332],[139.530467496,35.44763356],[139.530291505,35.447659532],[139.53019131,35.447595586],[139.529959079,35.44751164],[139.529448223,35.447239864],[139.529193995,35.447217892],[139.528859416,35.447248468],[139.5284607,35.447377748],[139.528318911,35.447393748],[139.527942503,35.447323802],[139.52752939,35.447066],[139.527301089,35.446899586],[139.527079195,35.446723532],[139.526814643,35.44656492],[139.526644527,35.446132721],[139.526583892,35.445918748],[139.526504358,35.445806333],[139.526343022,35.445483198],[139.526191089,35.445309306],[139.52604611,35.445054919],[139.525932023,35.444568945],[139.526766835,35.444352307],[139.52692939,35.444326001],[139.527095084,35.444319533],[139.527446744,35.444275892],[139.527475007,35.444381135],[139.527596692,35.44455236],[139.528020337,35.444378054],[139.528277445,35.44434764],[139.528535357,35.444196946],[139.528907393,35.444041865],[139.529246057,35.44387764],[139.529310053,35.443608613],[139.529419947,35.443519333],[139.529532166,35.443483893],[139.530102996,35.443204613],[139.530390505,35.443043225],[139.530418223,35.442963226],[139.530445914,35.442705135],[139.530567756,35.442614586],[139.530579391,35.442451838],[139.530569495,35.442087225],[139.530592672,35.442030532],[139.530658833,35.442007946],[139.530694669,35.441965441],[139.530709947,35.441947108],[139.530733281,35.441911279],[139.530742996,35.441879333],[139.53074856,35.441837946],[139.530734941,35.441809333],[139.530675772,35.441684053],[139.530669857,35.441667108],[139.530669689,35.441666667],[139.530580856,35.441412387],[139.530440311,35.441322441],[139.530295577,35.441233468],[139.530251051,35.441143225],[139.530182724,35.441045171],[139.530169391,35.441026558],[139.530130777,35.441013225],[139.530073554,35.441006559],[139.530023553,35.441000442],[139.529930804,35.440947252],[139.529797951,35.440962],[139.529751141,35.440864586],[139.529721168,35.440735802],[139.529705188,35.440708775],[139.529674642,35.440649054],[139.529634643,35.440521279],[139.529585473,35.440313775],[139.529521051,35.440137973],[139.529692724,35.440004415],[139.529452049,35.439910973],[139.529232141,35.439874892],[139.528908521,35.439784054],[139.528695915,35.43978708],[139.528556667,35.439764108],[139.5284417,35.439820613],[139.528298145,35.43982864],[139.528078807,35.439919306],[139.528054526,35.439906721],[139.527859689,35.439680694],[139.527809364,35.439587947],[139.527557886,35.43941808],[139.527409416,35.43932008],[139.52727786,35.439299919],[139.527196393,35.439234081],[139.527160195,35.439162054],[139.526799197,35.439117001],[139.526644137,35.438956279],[139.526355473,35.439034333],[139.5263038,35.43902572],[139.526270467,35.439020441],[139.526209364,35.439002946],[139.526167977,35.438968505],[139.526150752,35.438936559],[139.52612131,35.438869892],[139.52610131,35.438752667],[139.526072141,35.438542387],[139.526068522,35.438529892],[139.526051856,35.438470722],[139.526029078,35.438407946],[139.525973256,35.438294892],[139.525922412,35.438195171],[139.525886589,35.438129892],[139.525855747,35.438057387],[139.525838521,35.438016],[139.525815746,35.437962946],[139.525789079,35.437896279],[139.525754643,35.437760441],[139.525750467,35.437717945],[139.52575852,35.437661838],[139.525775747,35.437599334],[139.525834617,35.437449333],[139.525885163,35.437347946],[139.525954332,35.437236559],[139.526077108,35.437046001],[139.52616655,35.436913225],[139.52623183,35.436802667],[139.526273217,35.436709333],[139.526326278,35.436556279],[139.526370441,35.436401],[139.526397108,35.436289054],[139.526419612,35.436153225],[139.526430441,35.436038775],[139.526451829,35.435964334],[139.526478222,35.435896279],[139.526524061,35.435832667],[139.526567951,35.43578628],[139.526687951,35.435695721],[139.526737108,35.435647667],[139.526800998,35.435570441],[139.526852945,35.435506558],[139.526885162,35.435456838],[139.526674475,35.435139838],[139.526477978,35.434947054],[139.526583191,35.434668613],[139.526671557,35.434540172],[139.526703774,35.434472387],[139.526721,35.434447946],[139.526909922,35.434422387],[139.527121284,35.434349053],[139.527178223,35.434346],[139.527297108,35.434337667],[139.527470169,35.434341947],[139.527610467,35.434329027],[139.527765058,35.434304748],[139.527876589,35.434253306],[139.528003696,35.434118506],[139.528045227,35.434009837],[139.528066835,35.433859892],[139.528051828,35.433771279],[139.528051829,35.433731279],[139.528068495,35.433691],[139.528098496,35.433630721],[139.528117082,35.433574054],[139.528115422,35.433505721],[139.528093748,35.433403774],[139.528087834,35.433333775],[139.528087808,35.433333333],[139.528085422,35.433305171],[139.528090416,35.433224892],[139.528105966,35.433154333],[139.528122918,35.433109333],[139.528187782,35.433039694],[139.528291634,35.432934504],[139.528354722,35.432806946],[139.528355227,35.432676414],[139.528399611,35.432524748],[139.528446226,35.432409468],[139.528485473,35.432311947],[139.52856022,35.432124054],[139.528660143,35.43175517],[139.528808249,35.431407586],[139.528872632,35.431188171],[139.528961335,35.430858224],[139.529055864,35.430711441],[139.529225161,35.430487667],[139.529273671,35.430356108],[139.529296782,35.430240586],[139.529342088,35.430089639],[139.529316161,35.42992364],[139.529307056,35.429843532],[139.529310584,35.429740252],[139.529500389,35.429392081],[139.529508559,35.429300892],[139.529410389,35.429282694],[139.529289857,35.429267414],[139.529240388,35.429214667],[139.529039001,35.429117171],[139.528944475,35.429033639],[139.528851336,35.42894164],[139.528777613,35.428900748],[139.528682892,35.428865468],[139.528605383,35.42881464],[139.528454968,35.428701135],[139.528372335,35.428588532],[139.528282335,35.428485468],[139.528222335,35.428376586],[139.528219053,35.428364973],[139.528153165,35.428246108],[139.528077445,35.428091278],[139.528047134,35.427891],[139.528032827,35.427624252],[139.528062334,35.427455748],[139.528062335,35.427425468],[139.528062335,35.427303252],[139.528075382,35.427202694],[139.528089831,35.427167136],[139.528110117,35.427117414],[139.528131505,35.427064639],[139.528179001,35.426991307],[139.528182335,35.42698436],[139.52818594,35.426976586],[139.528226498,35.426891864],[139.528252049,35.42681436],[139.528255383,35.426799918],[139.528273722,35.42671936],[139.528273722,35.426715198],[139.528278171,35.426576865],[139.528278171,35.42642964],[139.528252049,35.426313532],[139.528166226,35.426156586],[139.528018418,35.425902135],[139.527902023,35.425726865],[139.527912412,35.425670307],[139.527963411,35.425452972],[139.527980921,35.425393801],[139.528006743,35.425285748],[139.528000635,35.425149641],[139.527992412,35.425000468],[139.527992388,35.425000001],[139.527990636,35.424968251],[139.52790489,35.424665333],[139.527907224,35.424483532],[139.527990636,35.424343532],[139.528018911,35.424278801],[139.5280362,35.424239081],[139.52805258,35.424208251],[139.528092866,35.424132135],[139.52809786,35.424113251],[139.528100078,35.424104082],[139.528092023,35.424070197],[139.52805258,35.42404964],[139.528039533,35.424042693],[139.527982866,35.424014081],[139.52796231,35.42398436],[139.527871479,35.423714918],[139.527747302,35.42313964],[139.527733969,35.423067135],[139.5277362,35.423036027],[139.527744527,35.423012972],[139.52775703,35.42299464],[139.527832581,35.422953801],[139.527934526,35.422906865],[139.527963696,35.422887973],[139.527970636,35.422871306],[139.527969533,35.422861306],[139.527965084,35.422852694],[139.527951193,35.422843532],[139.527901479,35.422832694],[139.527664527,35.422810468],[139.527492023,35.422803252],[139.527452309,35.422795748],[139.527423969,35.422775748],[139.527405914,35.422745748],[139.527394812,35.422720468],[139.527433191,35.422638585],[139.52750703,35.422269027],[139.52752978,35.422226866],[139.527654669,35.422149586],[139.527387561,35.421913532],[139.527291945,35.421839441],[139.526948366,35.422037918],[139.526785227,35.42183492],[139.526672723,35.421858747],[139.526530441,35.421830387],[139.526307588,35.421796252],[139.526323385,35.421710505],[139.52629786,35.421465946],[139.526350467,35.42133236],[139.526311725,35.421266721],[139.526331116,35.420976946],[139.526260895,35.420780225],[139.526251725,35.420745225],[139.526090195,35.420474387],[139.525977834,35.420183001],[139.525852049,35.419994441],[139.525685005,35.419747892],[139.525670895,35.419718279],[139.525637004,35.419676613],[139.525498106,35.419506333],[139.525336161,35.419401613],[139.525041168,35.419325504],[139.52500144,35.419316668],[139.525000001,35.419316333],[139.524881167,35.419289946],[139.524717275,35.419230505],[139.524593671,35.419144668],[139.524472827,35.419004946],[139.524302361,35.418657505],[139.524470947,35.418223469],[139.52438384,35.418076586],[139.524320778,35.417762279],[139.524306913,35.417662668],[139.524312245,35.417376001],[139.524303917,35.417275225],[139.52427642,35.417123],[139.524200584,35.416982171],[139.524091752,35.416855945],[139.523956329,35.416706198],[139.523863087,35.416667171],[139.523861894,35.416666667],[139.523732582,35.416612558],[139.523398664,35.416546586],[139.523051751,35.416470641],[139.522855551,35.416344838],[139.522467198,35.415919694],[139.522326161,35.415668532],[139.522229365,35.415564333],[139.522108975,35.415463054],[139.521975305,35.415288333],[139.521860415,35.415061026],[139.521511894,35.414688532],[139.52129869,35.414467558],[139.521057367,35.414175559],[139.520926005,35.413903441],[139.52086725,35.413782668],[139.520817419,35.413666919],[139.520707757,35.413479333],[139.520571777,35.413274803],[139.520231608,35.412875306],[139.520118495,35.41272992],[139.519982503,35.412595414],[139.519795837,35.412418279],[139.519750558,35.412281333],[139.519648444,35.412014838],[139.519603113,35.411892666],[139.519540999,35.411699135],[139.519537613,35.411559135],[139.51954358,35.411269387],[139.519604773,35.410764505],[139.51963834,35.410613532],[139.51969,35.410334225],[139.51970214,35.410105667],[139.51970214,35.409625306],[139.5197038,35.409437279],[139.519710532,35.409209414],[139.519703799,35.40887864],[139.519688691,35.40869336],[139.519699754,35.408530613],[139.51972808,35.408333865],[139.519728145,35.408333334],[139.519737393,35.408269252],[139.519955616,35.407790225],[139.520014358,35.407688667],[139.520076472,35.407588468],[139.520165447,35.407429252],[139.520195668,35.40729064],[139.52021917,35.40709436],[139.520202387,35.406936532],[139.520135227,35.406747108],[139.520061336,35.406586919],[139.519875032,35.406281838],[139.519797808,35.406148694],[139.519650052,35.405889279],[139.51957956,35.40577264],[139.519399922,35.405503613],[139.519275694,35.405278504],[139.519095499,35.405091613],[139.518891245,35.405085],[139.518396329,35.405089973],[139.51791856,35.405106081],[139.517737445,35.405090253],[139.51752022,35.405099694],[139.517283554,35.405125531],[139.517042997,35.40515164],[139.516726615,35.405186081],[139.516668003,35.405192586],[139.516666667,35.405192721],[139.516578833,35.405202468],[139.51648022,35.405213027],[139.516472996,35.405213865],[139.516256329,35.405235251],[139.516162724,35.405244414],[139.516051052,35.405255532],[139.515920506,35.405268306],[139.515708833,35.405289414],[139.515606887,35.405299413],[139.515516057,35.405299135],[139.515392724,35.405298865],[139.515077717,35.405298027],[139.514938833,35.405297468],[139.514688833,35.405296919],[139.514336057,35.405304135],[139.514259663,35.405310802],[139.514211051,35.405314973],[139.514148003,35.405320532],[139.514082438,35.405326081],[139.513364112,35.405328865],[139.513186887,35.405329694],[139.513162438,35.405329694],[139.512896615,35.405293586],[139.512760778,35.405275252],[139.512382166,35.405223866],[139.512135772,35.40517664],[139.51193328,35.405113306],[139.511534811,35.404865386],[139.511246058,35.404563441],[139.511016056,35.404404225],[139.510772606,35.404234027],[139.510486862,35.403936946],[139.510444333,35.403847415],[139.51037214,35.403698225],[139.510340441,35.403620505],[139.510265032,35.403473586],[139.510229728,35.403411279],[139.510110999,35.403196171],[139.510043217,35.403060082],[139.509871167,35.40273936],[139.509809779,35.402708532],[139.509812191,35.402653748],[139.509815382,35.402601305],[139.509815005,35.402543252],[139.509815006,35.402468171],[139.509817393,35.402426838],[139.509815383,35.402310414],[139.50982703,35.402178613],[139.509834643,35.402067108],[139.509849883,35.401908387],[139.509867224,35.401808919],[139.509895448,35.401676947],[139.509880442,35.401432469],[139.509849585,35.401299802],[139.509806472,35.401138748],[139.509815863,35.401073414],[139.509706667,35.401020721],[139.509602582,35.400960865],[139.509542607,35.400911838],[139.509483502,35.400835387],[139.509402114,35.40066817],[139.509345888,35.400533252],[139.50928655,35.400429055],[139.509232969,35.400335667],[139.509122724,35.400272918],[139.508908807,35.400326279],[139.508701971,35.400417865],[139.508541777,35.400480776],[139.508334617,35.400163559],[139.508333333,35.400161586],[139.508281246,35.400081838],[139.508220311,35.400000559],[139.508219923,35.4],[139.50805786,35.399783865],[139.507962827,35.399662135],[139.507855252,35.399535225],[139.507765279,35.399424171],[139.507635616,35.399257612],[139.507489196,35.399500613],[139.507215473,35.399361838],[139.506976836,35.39922944],[139.507123281,35.398847198],[139.507170363,35.398677252],[139.50722489,35.398464441],[139.507252335,35.398196919],[139.507266784,35.398053108],[139.507268144,35.397852387],[139.507262866,35.397514306],[139.507247004,35.397167333],[139.507207562,35.396935054],[139.507125888,35.39650872],[139.506938885,35.396118973],[139.506846693,35.395972532],[139.506662335,35.39565817],[139.50637847,35.395313614],[139.506199586,35.395082774],[139.506014423,35.394859278],[139.505885357,35.394721468],[139.505745773,35.394525532],[139.505604942,35.394393468],[139.505413943,35.394273613],[139.505068911,35.394176694],[139.504894358,35.394109054],[139.504476303,35.393886],[139.504305109,35.393817081],[139.504036472,35.393692197],[139.503515423,35.393545837],[139.502837366,35.393356108],[139.502322633,35.393278613],[139.501928755,35.393255559],[139.501495694,35.393278613],[139.501252088,35.393297225],[139.500939389,35.393337946],[139.500666523,35.393412225],[139.500448197,35.393442225],[139.500259028,35.393448891],[139.500248471,35.393449171],[139.500001244,35.393502027],[139.5,35.393502306],[139.499934033,35.393516387],[139.499810415,35.393554171],[139.49960153,35.393618333],[139.499407639,35.393679306],[139.499210921,35.393757973],[139.499056278,35.393830306],[139.498423165,35.394165333],[139.498236719,35.394279108],[139.498055474,35.394438532],[139.497816641,35.394668198],[139.497695526,35.394778468],[139.497579559,35.394895748],[139.497456719,35.395032721],[139.497204137,35.395296081],[139.497129974,35.395392387],[139.496992827,35.39561072],[139.49692236,35.395760333],[139.496818444,35.395905693],[139.496733385,35.396030027],[139.496651777,35.39621964],[139.496549585,35.396446468],[139.496485162,35.396604505],[139.496327392,35.396443054],[139.496187056,35.396212612],[139.496105667,35.396074974],[139.495984384,35.395823747],[139.495791245,35.395046108],[139.495704578,35.394754441],[139.4954807,35.394296108],[139.494919585,35.393639171],[139.494525746,35.393217306],[139.494381439,35.393068414],[139.494324748,35.393004532],[139.494175279,35.392861252],[139.494098807,35.392798748],[139.493835965,35.39261336],[139.493695084,35.392489054],[139.493630661,35.392349306],[139.49356192,35.392239748],[139.493524968,35.392182865],[139.493446498,35.392095558],[139.49326511,35.392000558],[139.493153722,35.391965558],[139.493142049,35.39191],[139.49324428,35.391784721],[139.493333891,35.391667225],[139.493334333,35.391666667],[139.493348716,35.391647775],[139.493430117,35.391548333],[139.493485939,35.391404441],[139.493537057,35.391188333],[139.49355847,35.391071081],[139.493524112,35.391064054],[139.493462607,35.391060838],[139.493382891,35.391086947],[139.493301505,35.391091946],[139.493209728,35.391019838],[139.493141283,35.390951252],[139.492972632,35.390847775],[139.492412581,35.390420776],[139.492175499,35.390329469],[139.491971051,35.390230441],[139.491758886,35.390138441],[139.491667886,35.390078919],[139.491666667,35.390078135],[139.49162144,35.390048558],[139.491435837,35.389966802],[139.491197276,35.389933504],[139.490924747,35.389916838],[139.490793164,35.389893252],[139.490646278,35.389821054],[139.49052489,35.38970864],[139.490367004,35.389642001],[139.490125889,35.38958092],[139.489951856,35.389540667],[139.489864423,35.389489306],[139.489769339,35.38943864],[139.489674254,35.389338694],[139.489650506,35.389253333],[139.489575772,35.389013919],[139.489313165,35.38899836],[139.489250169,35.388869721],[139.489185616,35.388635505],[139.489121946,35.388396198],[139.489011777,35.388389468],[139.488751478,35.38836944],[139.488627665,35.388339081],[139.488479144,35.388279801],[139.488063723,35.388236135],[139.487856031,35.388238],[139.487487562,35.388479334],[139.487391025,35.388529892],[139.487324358,35.388647694],[139.48723428,35.388772253],[139.487106498,35.38884472],[139.486912633,35.388893803],[139.486720661,35.388909306],[139.486498003,35.388896559],[139.486177368,35.388961055],[139.485119754,35.389298694],[139.484497588,35.389519225],[139.484228367,35.389637694],[139.484038664,35.389728279],[139.484052335,35.38949],[139.484061556,35.389317054],[139.484097614,35.38898],[139.484152891,35.388198919],[139.484165383,35.388128361],[139.484223995,35.387793918],[139.484225939,35.387783081],[139.484230948,35.387755026],[139.484269805,35.387366972],[139.484145084,35.387591135],[139.48404428,35.387803081],[139.48395511,35.387941973],[139.483900661,35.388035865],[139.483669831,35.388433612],[139.48350594,35.388597506],[139.483345383,35.388736387],[139.483334553,35.388740865],[139.483333333,35.38874136],[139.482999559,35.388878893],[139.48263956,35.389003333],[139.482183165,35.389099441],[139.482020388,35.389134441],[139.481526226,35.389273333],[139.48135428,35.389367504],[139.481237056,35.389474441],[139.481049559,35.38973],[139.480898444,35.389967505],[139.480754838,35.390281667],[139.480715669,35.390488334],[139.480701219,35.390638054],[139.480590661,35.390891108],[139.480473166,35.391079721],[139.480378445,35.391182225],[139.480289274,35.391253333],[139.480120389,35.391315],[139.480114554,35.391317225],[139.480086784,35.391322775],[139.479205382,35.391502505],[139.479055694,35.391552505],[139.478923747,35.391630839],[139.478886201,35.391666667],[139.478885617,35.391667225],[139.478767083,35.391780279],[139.478600973,35.392053892],[139.478495967,35.392261387],[139.478398469,35.392527776],[139.478370143,35.392698613],[139.478345694,35.392877504],[139.478377082,35.393300838],[139.478405694,35.393663892],[139.478449027,35.393914172],[139.478466252,35.394013055],[139.478451245,35.394188054],[139.478450699,35.394193054],[139.478434577,35.39438],[139.478406251,35.394583054],[139.478242087,35.395156387],[139.478064034,35.395494721],[139.477967665,35.395747505],[139.477867108,35.396074441],[139.477840999,35.396195],[139.477802944,35.396388054],[139.477784617,35.396498892],[139.477770999,35.397032747],[139.477802944,35.397434135],[139.47781017,35.397633586],[139.477820999,35.397957748],[139.477835162,35.398135802],[139.477827951,35.398289135],[139.477792387,35.398467197],[139.477717393,35.398737748],[139.477610441,35.399014135],[139.477592115,35.39906164],[139.477556005,35.399131081],[139.477538781,35.399164414],[139.47752489,35.399191081],[139.477497951,35.399243306],[139.47749406,35.399251081],[139.477385448,35.399460251],[139.47725878,35.399711919],[139.477113864,35.4],[139.477113606,35.400000532],[139.477078807,35.400069695],[139.476998521,35.40017636],[139.476894643,35.400305531],[139.476829364,35.400379414],[139.476525188,35.400623864],[139.476151025,35.400859136],[139.475791025,35.401008586],[139.47548603,35.401145802],[139.475325473,35.401241919],[139.475156031,35.401374694],[139.475004644,35.401548027],[139.475001309,35.401552668],[139.475,35.401554468],[139.474904916,35.401686919],[139.474858521,35.401793865],[139.47483297,35.40191136],[139.47482297,35.401957748],[139.474819365,35.402057468],[139.474840752,35.402178586],[139.474891582,35.402359414],[139.474995473,35.402552748],[139.475000001,35.402557694],[139.47500131,35.402559135],[139.47542297,35.403021639],[139.475766304,35.403397198],[139.475855473,35.403500252],[139.476101582,35.403888586],[139.476183256,35.404052468],[139.476289104,35.404347198],[139.476350778,35.404519135],[139.476400507,35.404757748],[139.476425499,35.404949974],[139.476411335,35.405135251],[139.476232165,35.405653866],[139.476147445,35.405870252],[139.4760155,35.406189694],[139.475895772,35.406615774],[139.475883555,35.406861893],[139.475875772,35.407054667],[139.475872438,35.407098279],[139.47582105,35.407784946],[139.475800505,35.408123],[139.475780778,35.408333334],[139.475780752,35.408333838],[139.475754424,35.408614387],[139.475690246,35.409729387],[139.475668586,35.410274108],[139.475707471,35.410519946],[139.475753579,35.410809388],[139.475786083,35.410961613],[139.475893022,35.411520505],[139.475950804,35.411758838],[139.476043579,35.41203328],[139.47619694,35.412521334],[139.476264721,35.412706613],[139.476321673,35.413041613],[139.476339729,35.413211892],[139.476321673,35.413421892],[139.476285006,35.413552441],[139.476248054,35.413645775],[139.476195279,35.413749667],[139.476150558,35.413820775],[139.476079442,35.41398828],[139.476025837,35.414184387],[139.475997224,35.414380225],[139.475997224,35.414465775],[139.47604472,35.414747441],[139.476083606,35.414876054],[139.476155006,35.415038559],[139.476261946,35.415188279],[139.476429442,35.415316333],[139.476646939,35.41544828],[139.476857224,35.415576612],[139.47739917,35.415953837],[139.477529169,35.416062721],[139.477671116,35.416229667],[139.477726109,35.416324108],[139.477750271,35.416365468],[139.477867808,35.416607973],[139.47789,35.416666667],[139.477890194,35.416667135],[139.477950026,35.416825198],[139.477959468,35.416913532],[139.477985577,35.417160198],[139.477980311,35.417250748],[139.477967808,35.417473531],[139.47795725,35.417961306],[139.477939195,35.418352694],[139.47794642,35.418840468],[139.477953646,35.419336027],[139.477985576,35.419517135],[139.47803808,35.41993464],[139.477987808,35.420097135],[139.477955577,35.420200198],[139.477930025,35.420281306],[139.477853086,35.420446865],[139.477843088,35.42046464],[139.477695616,35.420728252],[139.477671996,35.420770198],[139.477419223,35.42103464],[139.477417004,35.421037135],[139.477416161,35.421037694],[139.477078106,35.421291306],[139.476894501,35.421434918],[139.476727834,35.421564919],[139.476370896,35.421756027],[139.476114773,35.421893252],[139.47592061,35.421935198],[139.475724502,35.421977694],[139.475644227,35.422001586],[139.47552061,35.422038532],[139.475312826,35.422100748],[139.47500144,35.422133891],[139.475,35.422134028],[139.474989222,35.422135198],[139.474905058,35.422143802],[139.474362555,35.422199081],[139.473699495,35.422327414],[139.473551997,35.422400198],[139.473313113,35.422568802],[139.473107003,35.422746587],[139.472983943,35.422886866],[139.472975616,35.422896306],[139.472900611,35.423010199],[139.472806446,35.42322492],[139.472767004,35.423386306],[139.472763386,35.423436586],[139.472745331,35.423677972],[139.472745331,35.423961306],[139.472756447,35.424030199],[139.472775616,35.424147135],[139.472897004,35.42456436],[139.472986304,35.425],[139.47298642,35.425000468],[139.473002024,35.425076586],[139.473054254,35.425757387],[139.473064254,35.426092946],[139.473192581,35.427327387],[139.473199805,35.427421279],[139.47324869,35.428060172],[139.473255084,35.428142946],[139.4732962,35.428272108],[139.473326473,35.428366838],[139.473400922,35.428563505],[139.473458418,35.428810721],[139.473491219,35.428952108],[139.473560388,35.429118774],[139.473687886,35.429427387],[139.473784838,35.429660721],[139.473851778,35.429900442],[139.473929001,35.430269333],[139.473948716,35.430372667],[139.473979274,35.430533505],[139.473979001,35.430695171],[139.473969274,35.430782387],[139.473966226,35.430808505],[139.473954837,35.430829054],[139.473897056,35.430931838],[139.473805939,35.431036838],[139.473672892,35.431184055],[139.473544553,35.431325442],[139.473350661,35.431434893],[139.473244839,35.431537667],[139.473127886,35.431651279],[139.47298345,35.431792108],[139.472870947,35.431908225],[139.472826226,35.431983226],[139.47279511,35.432178775],[139.472793722,35.432186838],[139.472797329,35.432403775],[139.472833164,35.432590172],[139.472856226,35.432717108],[139.472859274,35.432734893],[139.472880389,35.432851279],[139.472914578,35.433222387],[139.472924695,35.433333334],[139.472924747,35.433333775],[139.472942361,35.433526559],[139.472985136,35.433704892],[139.473026252,35.433877108],[139.473219301,35.434504613],[139.4732193,35.434842946],[139.473211245,35.434915999],[139.473135422,35.435614054],[139.473153748,35.435772107],[139.473196252,35.435831559],[139.473202633,35.435840171],[139.473209028,35.435849333],[139.473221244,35.435861279],[139.473333748,35.435967107],[139.473549586,35.436093776],[139.473584033,35.436114028],[139.473889584,35.436224306],[139.473967639,35.436252919],[139.474302633,35.436375135],[139.474432918,35.436475415],[139.47443847,35.436479587],[139.4744493,35.436487919],[139.474542918,35.436560414],[139.474700701,35.436730973],[139.474864034,35.436969586],[139.474927368,35.437079027],[139.474976005,35.437162919],[139.475,35.437207279],[139.475001556,35.437210108],[139.475066835,35.437330694],[139.475142114,35.437469586],[139.475200998,35.437674306],[139.47523572,35.437937919],[139.475237664,35.437965693],[139.475253217,35.438184028],[139.47525655,35.438429027],[139.475246836,35.438483198],[139.475122943,35.438760413],[139.475100441,35.438869586],[139.475098223,35.438885136],[139.475086004,35.43897736],[139.475080726,35.439016802],[139.475121283,35.439161252],[139.475131284,35.43918264],[139.475227666,35.439392082],[139.47537489,35.439710973],[139.475617951,35.44017736],[139.475726278,35.440385414],[139.475851284,35.440541532],[139.476040441,35.440747919],[139.476191555,35.440912919],[139.476410727,35.441078749],[139.476471556,35.441124866],[139.476487393,35.441136802],[139.476637134,35.441341801],[139.476657134,35.441369027],[139.476702698,35.441431532],[139.476828716,35.441666667],[139.476828949,35.441667081],[139.476882698,35.44176736],[139.476900468,35.441800694],[139.477043528,35.442273468],[139.477100195,35.442461802],[139.47712297,35.442537361],[139.477241855,35.443045694],[139.4772738,35.443120973],[139.477334643,35.443264027],[139.477487134,35.443403198],[139.47751214,35.443425973],[139.478073256,35.443978748],[139.478627173,35.444350026],[139.478846031,35.444496802],[139.479034358,35.444708198],[139.479215499,35.445073197],[139.479275227,35.445295973],[139.479281893,35.445343199],[139.47929467,35.445435414],[139.479322437,35.445634585],[139.479388276,35.445842081],[139.479473838,35.445934865],[139.479676056,35.446229027],[139.479917445,35.446498197],[139.47999856,35.446588468],[139.480110778,35.446713748],[139.480192996,35.446895414],[139.480232166,35.447210135],[139.480272439,35.447647361],[139.480290506,35.44778208],[139.480338002,35.447926252],[139.480665228,35.448617613],[139.480831335,35.448611225],[139.482055772,35.448556838],[139.482514385,35.448486802],[139.48272083,35.448460864],[139.482871089,35.448227865],[139.483333333,35.448123748],[139.483334942,35.448123387],[139.483457198,35.448095865],[139.484218782,35.447946667],[139.484295939,35.447527721],[139.484366136,35.446405838],[139.484623061,35.442990802],[139.484637808,35.442683441],[139.485170195,35.442656802],[139.485795187,35.442671802],[139.486634916,35.442710415],[139.487190857,35.442749721],[139.487522582,35.442751721],[139.487542244,35.443065108],[139.487795253,35.443339694],[139.488019247,35.443425893],[139.48828192,35.443514441],[139.488814968,35.443584198],[139.489131607,35.443592667],[139.48961214,35.443533919],[139.489891893,35.443615748],[139.490004423,35.443577414],[139.490365616,35.443420694],[139.490519922,35.443249306],[139.491106252,35.442825974],[139.491666667,35.442849919],[139.491668249,35.442849973],[139.491766226,35.442854171],[139.492161856,35.442874279],[139.492628716,35.442944586],[139.4928638,35.442989587],[139.49328725,35.443079199],[139.493711855,35.443148748],[139.494595083,35.443316694],[139.49480336,35.443215775],[139.494975382,35.443069135],[139.495080947,35.44295156],[139.495152606,35.442669441],[139.49515511,35.442440387],[139.495122335,35.441928028],[139.495037665,35.441667081],[139.495037523,35.441666667],[139.495002412,35.441558414],[139.494926355,35.441061775],[139.49481594,35.440868108],[139.494859637,35.440595135],[139.495004087,35.440150171],[139.49517061,35.44],[139.495294812,35.439716225],[139.495297563,35.439346468],[139.495346395,35.438699694],[139.49529725,35.438553027],[139.495181777,35.438370225],[139.495769027,35.438223586],[139.49656122,35.437821865],[139.496837911,35.437665081],[139.497237718,35.437415559],[139.497469222,35.437265],[139.497768859,35.437100865],[139.498296978,35.436761775],[139.498604306,35.436603226],[139.498992192,35.436473919],[139.499896278,35.436243414],[139.5,35.436216225],[139.500001556,35.436215802],[139.500287134,35.436140946],[139.500597444,35.436056801],[139.500822724,35.435962892],[139.501335888,35.435810415],[139.501343359,35.435584775],[139.501421529,35.43513017],[139.501658106,35.435005414],[139.501876808,35.434943225],[139.502025694,35.434899135],[139.50236428,35.434853414],[139.502551608,35.434822775],[139.503098171,35.434817361],[139.503578586,35.434797559],[139.50379725,35.434827532],[139.50389961,35.434847838],[139.504089883,35.434927279],[139.504182437,35.43500836],[139.504175447,35.435183505],[139.50419131,35.435660613],[139.504196355,35.435734892],[139.504327562,35.435952775],[139.504429559,35.436189667],[139.504502167,35.436397559],[139.504581529,35.436520802],[139.504700363,35.436661468],[139.504852167,35.436790776],[139.505050804,35.436974135],[139.505136744,35.437035387],[139.505392387,35.437179532],[139.505597108,35.437266946],[139.505792945,35.437316838],[139.505947782,35.437341694],[139.506212218,35.437312865],[139.506377523,35.437314668],[139.507317665,35.437401558],[139.508109053,35.437442667],[139.508203748,35.437489973],[139.508333333,35.437563253],[139.50833489,35.437564135],[139.508816005,35.437836279],[139.508905162,35.437902946],[139.509135525,35.438138441],[139.509334526,35.438040559],[139.509591971,35.437897361],[139.50980297,35.43783464],[139.510077717,35.437766973],[139.510267913,35.437735306],[139.510323943,35.437818748],[139.510455525,35.438020613],[139.510473775,35.438055441],[139.51052572,35.438121558],[139.510644358,35.438267135],[139.510773502,35.438403226],[139.510882192,35.438452721],[139.510952388,35.438583506],[139.510923839,35.438711109],[139.510916783,35.438817],[139.510937756,35.438894387],[139.511041309,35.439121919],[139.511201335,35.439444225],[139.511420078,35.439506171],[139.511554747,35.439758946],[139.511291777,35.439831],[139.51107655,35.43991136],[139.51060703,35.440096613],[139.509947691,35.440544333],[139.509555473,35.440803225],[139.509213087,35.441036559],[139.509252581,35.441102532],[139.509374774,35.441201054],[139.509500662,35.441317225],[139.509612802,35.44142736],[139.50980297,35.441615694],[139.509897276,35.441666667],[139.50989808,35.441667108],[139.509994669,35.441719333],[139.510305423,35.441836892],[139.51058214,35.441892505],[139.510880532,35.441967081],[139.510968638,35.442056802],[139.511064502,35.442221135],[139.511287107,35.442489081],[139.511333139,35.442563279],[139.511355162,35.442693838],[139.511365551,35.442797946],[139.5113593,35.442931054],[139.511327302,35.443212001],[139.511256227,35.443371252],[139.511262387,35.443485027],[139.511282827,35.443906721],[139.511217563,35.44418017],[139.510985668,35.444354586],[139.510991997,35.444713973],[139.510976355,35.444865198],[139.510869468,35.445138919],[139.510524357,35.445273027],[139.510529275,35.445449532],[139.510427588,35.445737251],[139.5107893,35.445829532],[139.51094856,35.445720838],[139.511110856,35.44565636],[139.51137939,35.445631801],[139.511753969,35.445694279],[139.511981192,35.445718278],[139.512262555,35.445794134],[139.512700051,35.445886387],[139.513004061,35.445993],[139.513510052,35.44659856],[139.513669689,35.446918468],[139.513810804,35.447099586],[139.513921634,35.447279027],[139.514118249,35.447623027],[139.51431,35.447779802],[139.51446511,35.447878441],[139.514803645,35.448040892],[139.515139442,35.448281802],[139.515459611,35.448521171],[139.51571358,35.448711532],[139.515966641,35.448893748],[139.516048587,35.44893764],[139.516242529,35.44900044],[139.51648384,35.449012775],[139.516666667,35.449005865],[139.516668301,35.449005802],[139.516855525,35.448998748],[139.516988029,35.449031802],[139.517055525,35.449048748],[139.517129689,35.449073748],[139.517161361,35.449084586],[139.517286355,35.449140414],[139.517379416,35.449175414],[139.517607082,35.449246108],[139.517851945,35.449289108],[139.518061051,35.449301837],[139.518538054,35.449337171],[139.518778275,35.449320198],[139.519066862,35.449063054],[139.519307082,35.44902064],[139.519720144,35.448952838],[139.520112439,35.448904776],[139.520255888,35.448868054],[139.520337107,35.448794586],[139.520617108,35.448673054],[139.521113113,35.448422973],[139.521261751,35.448326892],[139.521472826,35.448176027],[139.521730532,35.448306531],[139.521792477,35.448299586],[139.52230358,35.448186252],[139.522780804,35.448079865],[139.522888028,35.448061252],[139.523859416,35.447858198],[139.524154695,35.448529865],[139.524305524,35.448873199],[139.524318859,35.448906252],[139.524367199,35.449026801],[139.524591115,35.449583467],[139.524596939,35.449597919],[139.524605006,35.449618198],[139.524616939,35.44964764],[139.524644721,35.449675134],[139.524663061,35.449677919],[139.524694163,35.449682919],[139.524741114,35.449676532],[139.524765837,35.449670694],[139.525,35.449614387],[139.525001672,35.449613999],[139.525594163,35.449471532],[139.525742777,35.44944236],[139.525829999,35.449425413],[139.526929442,35.449210135],[139.527264722,35.449144586],[139.527510558,35.449096252],[139.527757782,35.449048198],[139.527926667,35.449015135],[139.528204086,35.448926532],[139.528098949,35.448548838]]},"properties":{"city_code":"14116","city_name":"泉区","prefecture_code":"14","prefecture_name":"神奈川県"}},{"type":"Feature","geometry":{"type":"LineString","coordinates":[[139.531520363,35.592338558],[139.531806199,35.592206613],[139.532014255,35.592120775],[139.532018689,35.592118838],[139.532612023,35.592016333],[139.533080636,35.591928558],[139.533333333,35.591868838],[139.533335914,35.591868225],[139.533359248,35.591862721],[139.53379148,35.591833279],[139.534275084,35.591804108],[139.534405358,35.591772171],[139.534505084,35.591747721],[139.534521752,35.591743559],[139.534668144,35.591666892],[139.53466856,35.591666667],[139.534829533,35.591582441],[139.53510786,35.591399387],[139.535760078,35.591304386],[139.536565642,35.591298559],[139.536734281,35.591421614],[139.537082607,35.591576893],[139.537284384,35.591666667],[139.537284891,35.591666892],[139.537342335,35.591692441],[139.537386499,35.591707721],[139.537569831,35.591771613],[139.537878444,35.591770775],[139.538004839,35.591770506],[139.538123995,35.591761333],[139.538219831,35.591762441],[139.538412049,35.591706892],[139.53878594,35.591684946],[139.538889585,35.591666891],[139.538890805,35.591666667],[139.539165383,35.591618838],[139.539436498,35.591574946],[139.539550117,35.591562721],[139.539700117,35.591574946],[139.540147056,35.59164828],[139.540231414,35.591666667],[139.540232412,35.591666892],[139.540381505,35.591699387],[139.540542607,35.591670224],[139.540555058,35.591666892],[139.540555864,35.591666667],[139.540843165,35.591589667],[139.541158171,35.591498559],[139.54140511,35.591387721],[139.541605111,35.591245505],[139.541666668,35.59119936],[139.541669274,35.591197414],[139.541751506,35.591135775],[139.541890947,35.591048],[139.542039559,35.590846054],[139.542083164,35.590694108],[139.54211345,35.590626333],[139.542213166,35.590404108],[139.542381777,35.590147721],[139.54244817,35.590061893],[139.542517029,35.589989387],[139.542699248,35.589902171],[139.542700078,35.589901613],[139.54297869,35.589843001],[139.543303696,35.58978244],[139.544055357,35.589674667],[139.544319274,35.589674667],[139.54461956,35.589718559],[139.544639558,35.589723838],[139.544839274,35.589777171],[139.545187329,35.589814667],[139.545217057,35.589818],[139.545381505,35.589835775],[139.545652607,35.589843],[139.545975111,35.589857721],[139.54625345,35.589813838],[139.546700117,35.589652721],[139.546859831,35.589590505],[139.547132336,35.589484387],[139.547410948,35.589323279],[139.547483994,35.589235506],[139.54757205,35.589067171],[139.54762345,35.589015775],[139.547887056,35.588906054],[139.548174254,35.588782721],[139.548608691,35.588537721],[139.549099534,35.588391333],[139.549502582,35.588259387],[139.549868975,35.588223],[139.55,35.588237532],[139.550002581,35.588237802],[139.550330078,35.588274108],[139.550645383,35.588383838],[139.55086511,35.588457171],[139.551223995,35.58850828],[139.552167614,35.588584667],[139.552688444,35.58858717],[139.552922049,35.588493279],[139.553097885,35.588383559],[139.553302892,35.588230225],[139.55366205,35.588054387],[139.554066744,35.587894081],[139.554087056,35.587886054],[139.554585109,35.58773217],[139.555127328,35.587549387],[139.555398444,35.587498],[139.555676783,35.587432171],[139.555881776,35.587344387],[139.556042893,35.587198],[139.556240635,35.586985505],[139.556448976,35.586610225],[139.556465642,35.586579945],[139.556573411,35.586386054],[139.556638975,35.586279945],[139.556658418,35.586125775],[139.55669703,35.585979667],[139.556759806,35.585832441],[139.556853696,35.585612441],[139.556962024,35.585415225],[139.55707397,35.585278558],[139.55719786,35.585172721],[139.557323139,35.585066054],[139.557564254,35.584963838],[139.557855915,35.584853559],[139.558319533,35.584677721],[139.558333333,35.584673171],[139.558335915,35.584672306],[139.558404253,35.584649667],[139.558507302,35.584615225],[139.558732866,35.584540225],[139.558966472,35.584509387],[139.559111193,35.584480505],[139.55924703,35.584430225],[139.559454527,35.584398559],[139.559563411,35.584376332],[139.559752581,35.584291055],[139.559977588,35.584144386],[139.560097861,35.584021053],[139.560247302,35.583930224],[139.560553696,35.583760776],[139.560710363,35.583696892],[139.561059248,35.583451333],[139.561154917,35.583333559],[139.561155109,35.583333333],[139.561280363,35.583179109],[139.561432023,35.582896613],[139.561552866,35.58283328],[139.561765358,35.582746081],[139.56189231,35.582619414],[139.561900052,35.582425802],[139.561997251,35.582285226],[139.562064527,35.582167053],[139.562134305,35.582031559],[139.562242309,35.581856361],[139.562309805,35.581672748],[139.562340636,35.581539694],[139.562450921,35.581394414],[139.56262869,35.58122636],[139.562830363,35.581015252],[139.562878145,35.580856639],[139.562916446,35.58060664],[139.562922283,35.580454414],[139.56290978,35.58015164],[139.562920611,35.580129694],[139.562964773,35.580040802],[139.56317144,35.579834694],[139.563491998,35.579748586],[139.563671725,35.579624973],[139.563866446,35.57926136],[139.563978948,35.57905164],[139.564243671,35.578952468],[139.564658106,35.578899413],[139.564663114,35.578898865],[139.565143943,35.578837197],[139.565314772,35.578763306],[139.565445331,35.578553028],[139.565446446,35.578539135],[139.56547144,35.578196081],[139.56549144,35.577919694],[139.565495058,35.57787192],[139.565679222,35.577668586],[139.565871997,35.577528306],[139.566076446,35.577215532],[139.566089222,35.576701081],[139.566170052,35.576446081],[139.566170338,35.576445802],[139.566213942,35.576308306],[139.566355331,35.576014414],[139.566478106,35.575751081],[139.566545888,35.575601919],[139.566666667,35.575439026],[139.566669222,35.575435613],[139.566962827,35.575039695],[139.566983411,35.575000252],[139.566983528,35.575],[139.567093087,35.574789973],[139.567142803,35.574694414],[139.567171971,35.57450636],[139.567211414,35.574254134],[139.567209197,35.57424136],[139.567183918,35.57408664],[139.567171141,35.574009694],[139.567145577,35.573853586],[139.567111971,35.573650532],[139.567092244,35.573530532],[139.567089468,35.573333027],[139.567020584,35.572959973],[139.567021971,35.572736919],[139.567150311,35.572608306],[139.567225305,35.572465802],[139.567347523,35.572208306],[139.567421141,35.572109973],[139.567502245,35.572001081],[139.567505577,35.57199664],[139.567603645,35.571839413],[139.567620856,35.57181164],[139.567710857,35.571667198],[139.567714189,35.57166164],[139.56786061,35.57144064],[139.567651142,35.571239973],[139.567043969,35.570509108],[139.566765616,35.570138892],[139.566669169,35.569996865],[139.566666667,35.569993172],[139.566553606,35.56982664],[139.566285083,35.569511387],[139.566132893,35.569257919],[139.565667886,35.568665749],[139.565552335,35.568506748],[139.565355057,35.568290171],[139.565043645,35.56788464],[139.564854812,35.567612748],[139.564654721,35.567294775],[139.564392607,35.566870803],[139.564326861,35.566666919],[139.564326783,35.566666667],[139.564305914,35.56660192],[139.564695058,35.566460279],[139.56528917,35.56628636],[139.565619728,35.566250505],[139.56603847,35.566270414],[139.566311855,35.566320892],[139.566666667,35.566376973],[139.566669169,35.56637736],[139.566843943,35.566405001],[139.56666917,35.566287946],[139.566666667,35.566286279],[139.566599948,35.566241586],[139.566391219,35.566210333],[139.566162335,35.566233226],[139.565885615,35.566191109],[139.565747445,35.566104586],[139.56550834,35.565878333],[139.565016834,35.56528756],[139.564415084,35.564783504],[139.564070753,35.564449694],[139.563771142,35.56412736],[139.563517782,35.563952694],[139.563264423,35.563715081],[139.563165057,35.563577],[139.56302358,35.56336136],[139.562906913,35.563285532],[139.562706354,35.563199694],[139.562565811,35.563091082],[139.562549145,35.563078586],[139.562523385,35.563058694],[139.562266887,35.562997053],[139.562202218,35.562831225],[139.562111089,35.562468306],[139.561895226,35.561631225],[139.561787691,35.561228171],[139.561734773,35.560971027],[139.561577717,35.560760802],[139.561481115,35.560622919],[139.56207572,35.560313748],[139.562263553,35.56012192],[139.562442438,35.55989664],[139.562560778,35.559776081],[139.562792166,35.559544694],[139.562973555,35.55938664],[139.563108276,35.559274694],[139.563296329,35.559118586],[139.563481336,35.559030532],[139.563534112,35.55901636],[139.56373384,35.558962198],[139.563935227,35.558888613],[139.564115499,35.558823055],[139.564050779,35.558759441],[139.563934384,35.558644721],[139.563779105,35.558492225],[139.563686524,35.558333613],[139.563686355,35.558333333],[139.563598003,35.558182505],[139.563421051,35.557991667],[139.563335499,35.557896387],[139.563303554,35.557831387],[139.563261337,35.557745279],[139.563234112,35.557690001],[139.56318939,35.557522775],[139.563194942,35.557453613],[139.563204669,35.557334171],[139.56321105,35.557257225],[139.563225499,35.557191108],[139.563282995,35.556929171],[139.563458521,35.556408613],[139.563524358,35.556227505],[139.56355742,35.556054441],[139.56355742,35.555881667],[139.563458521,35.555560558],[139.563384358,35.555338054],[139.563328807,35.555205279],[139.563236031,35.554984441],[139.563186589,35.554778613],[139.563182698,35.554773054],[139.563101855,35.554661668],[139.563079363,35.554630559],[139.562873528,35.554473892],[139.562642969,35.554325838],[139.562494643,35.554243613],[139.562420467,35.554111667],[139.562195188,35.553550559],[139.562155473,35.553466387],[139.56199131,35.553118054],[139.561776861,35.552566946],[139.561705305,35.552395865],[139.561358444,35.552472775],[139.560782945,35.552407226],[139.560515914,35.552353107],[139.560251828,35.552378614],[139.56006795,35.552371802],[139.559955447,35.552288333],[139.55978572,35.552234838],[139.559586005,35.552283],[139.55940686,35.552169279],[139.559177224,35.552186776],[139.558893257,35.552235694],[139.558631284,35.552295802],[139.558592918,35.552489838],[139.558473774,35.552630838],[139.558335719,35.552749225],[139.558333333,35.552751279],[139.558241829,35.552829722],[139.558060726,35.552942775],[139.557901556,35.553125837],[139.557743502,35.553252225],[139.557689053,35.553271667],[139.557603217,35.55287472],[139.557552672,35.552641387],[139.557489054,35.552434721],[139.557208444,35.552457054],[139.557062671,35.552466946],[139.556908495,35.552386667],[139.556784331,35.55228472],[139.55674406,35.552249441],[139.556666836,35.552182506],[139.55652044,35.552095837],[139.55635572,35.552038053],[139.556241555,35.552016667],[139.556152387,35.552000279],[139.555861556,35.551914721],[139.555806006,35.551863891],[139.55573406,35.551797776],[139.555669883,35.551738893],[139.55562183,35.551696667],[139.55532572,35.551436946],[139.555268494,35.551388612],[139.55495489,35.551124171],[139.554427393,35.550696108],[139.554102387,35.550409171],[139.554112672,35.550230838],[139.554115136,35.550160747],[139.554095007,35.550000279],[139.554094942,35.55],[139.554091608,35.549973279],[139.554062192,35.549805054],[139.554082751,35.549581532],[139.554086523,35.549485],[139.553912244,35.549319559],[139.553735253,35.549287918],[139.55355655,35.549153721],[139.553337912,35.548889171],[139.553185422,35.548752775],[139.55293153,35.548292721],[139.552735162,35.548262865],[139.552356109,35.548259108],[139.552164747,35.548181694],[139.552047328,35.548132837],[139.551980922,35.54803136],[139.552030895,35.547865532],[139.552104087,35.547679027],[139.55209555,35.547356027],[139.55216022,35.547118108],[139.552227834,35.546562919],[139.552260169,35.546123109],[139.552294034,35.545899441],[139.552286615,35.545430946],[139.5523307,35.54492864],[139.552407134,35.544844532],[139.552468886,35.544755612],[139.552539415,35.544428747],[139.552539416,35.543943279],[139.552540245,35.543788748],[139.552448301,35.543460197],[139.55243358,35.543054027],[139.552289558,35.542534892],[139.552163995,35.542342775],[139.552062892,35.542265],[139.551713385,35.541994135],[139.551529002,35.542157225],[139.551274942,35.542372225],[139.551054553,35.542117252],[139.551407056,35.541890279],[139.55125489,35.541666946],[139.551254695,35.541666667],[139.551187328,35.541567775],[139.55151594,35.541401667],[139.551638715,35.541339721],[139.55164428,35.541335559],[139.551816473,35.541200278],[139.551992309,35.541037505],[139.552016472,35.541015],[139.552143969,35.540897505],[139.551923773,35.540771441],[139.551791699,35.540501839],[139.551714967,35.540227413],[139.551733671,35.539978693],[139.551700144,35.539790946],[139.551695083,35.53968],[139.551393748,35.539491639],[139.551205914,35.53933056],[139.550755863,35.539549108],[139.55033428,35.539474586],[139.550234423,35.539366197],[139.550063307,35.539291559],[139.550002308,35.539294802],[139.549999999,35.539294919],[139.549955525,35.539297306],[139.549847302,35.53921736],[139.549922724,35.538982919],[139.549987082,35.538764667],[139.549876277,35.538532919],[139.549140364,35.538875838],[139.548672892,35.539095252],[139.548873476,35.53942992],[139.548644358,35.539532108],[139.548436057,35.539221333],[139.548186109,35.538885],[139.547991751,35.538560559],[139.547795084,35.538418333],[139.547548145,35.538342505],[139.547238418,35.538235278],[139.547063968,35.538037775],[139.546895058,35.537846386],[139.546891167,35.537831387],[139.546852827,35.537679721],[139.546831167,35.53759444],[139.546818106,35.537542505],[139.546694501,35.537518613],[139.546648664,35.53751],[139.546571168,35.537495],[139.546536719,35.537497775],[139.54633061,35.537513613],[139.546119222,35.537535],[139.545927004,35.537614721],[139.545743917,35.537816441],[139.5455638,35.537707224],[139.545427108,35.537906838],[139.545039806,35.537780136],[139.545086834,35.537616946],[139.544850895,35.537552468],[139.544853476,35.537490748],[139.544730441,35.537450586],[139.544599779,35.537741387],[139.544422283,35.537676946],[139.54419895,35.53759556],[139.544198391,35.537595279],[139.543967276,35.537511107],[139.543876161,35.537478054],[139.543861167,35.537473333],[139.543717834,35.537429441],[139.543655888,35.537410559],[139.543307562,35.537255],[139.542893112,35.537093613],[139.542742828,35.537036946],[139.542135889,35.536808892],[139.541701725,35.536655838],[139.541668949,35.536637278],[139.541666667,35.536636],[139.541572283,35.536582504],[139.541467562,35.536523332],[139.541318665,35.536439171],[139.541167004,35.536343613],[139.541092555,35.536296667],[139.540930895,35.536195],[139.54047144,35.535923613],[139.540141167,35.535746108],[139.539935889,35.535656387],[139.539806447,35.5356],[139.539257808,35.535462506],[139.538760026,35.535353892],[139.53855808,35.535331387],[139.538224475,35.535231946],[139.537942802,35.535392225],[139.537700312,35.535519721],[139.537470856,35.535642505],[139.537342802,35.535711109],[139.53685031,35.535805],[139.536724747,35.53581417],[139.536613917,35.535830559],[139.536328637,35.535873054],[139.535836694,35.535942776],[139.535483774,35.535925667],[139.535206809,35.535893334],[139.534993943,35.535992613],[139.53461834,35.536183613],[139.534463359,35.536268054],[139.534427522,35.536288613],[139.534297808,35.536356108],[139.533796693,35.536616388],[139.533653358,35.536616388],[139.533335576,35.536385973],[139.533333333,35.536384332],[139.533315863,35.536371667],[139.532914189,35.53604528],[139.532551141,35.535753892],[139.532419831,35.53564736],[139.532367249,35.535604721],[139.531931141,35.535335838],[139.531671699,35.535160279],[139.531514474,35.535043333],[139.531513645,35.535042504],[139.531312528,35.534893054],[139.531040311,35.534770839],[139.530982528,35.534745],[139.530741854,35.534591108],[139.530409196,35.534383333],[139.530016135,35.534132775],[139.52975725,35.534003613],[139.529531141,35.53389056],[139.528845577,35.533547226],[139.528826978,35.533538748],[139.52837655,35.533333613],[139.528375966,35.533333334],[139.528290558,35.533294441],[139.528048054,35.533236387],[139.527864162,35.533219721],[139.527613891,35.533236387],[139.527613333,35.533236387],[139.527455551,35.533248893],[139.527404163,35.533253055],[139.527211946,35.533219721],[139.526801946,35.533077505],[139.526601388,35.532977225],[139.526454721,35.532791946],[139.526432699,35.532756586],[139.526385838,35.532681386],[139.526206394,35.532570559],[139.526007497,35.532492774],[139.525721946,35.532395279],[139.525357782,35.532270838],[139.525002218,35.532145136],[139.525,35.53214436],[139.524490272,35.531964171],[139.524063891,35.531813892],[139.523987497,35.531567506],[139.523975279,35.531479441],[139.523895551,35.530907225],[139.52389083,35.530380278],[139.523887198,35.529980279],[139.523881634,35.529893613],[139.523868029,35.529685838],[139.523843579,35.529504171],[139.523834695,35.529477505],[139.52380275,35.529381946],[139.523484968,35.528922225],[139.523187471,35.528607775],[139.523107756,35.528523333],[139.523099689,35.528515],[139.522968586,35.528376108],[139.522680245,35.528016387],[139.522498858,35.527766668],[139.522376913,35.527598891],[139.522369415,35.527588333],[139.522269689,35.527451108],[139.522158301,35.527595839],[139.522047471,35.527739721],[139.521785811,35.528087505],[139.521521919,35.528399441],[139.521403307,35.528539721],[139.521019689,35.528971667],[139.520351634,35.529633614],[139.52010275,35.529828334],[139.519912191,35.529974441],[139.519594695,35.530177505],[139.519553022,35.530203892],[139.519302478,35.530364171],[139.519147471,35.530423612],[139.51886358,35.530471946],[139.518504968,35.530525837],[139.518121361,35.530561108],[139.517822193,35.530557505],[139.517658301,35.530528054],[139.517618859,35.530521108],[139.517482749,35.530493614],[139.517391362,35.530475],[139.517152478,35.530426666],[139.517053023,35.530394999],[139.516668859,35.530272361],[139.516666667,35.53027164],[139.516416913,35.530191947],[139.51617581,35.53011],[139.51561192,35.529944999],[139.515381363,35.52988528],[139.515099144,35.529824171],[139.514820804,35.529791667],[139.514505525,35.529782226],[139.514290247,35.529778333],[139.514126355,35.529782225],[139.513876083,35.529788334],[139.513324423,35.529830279],[139.513287471,35.529833613],[139.513128585,35.529848334],[139.512784695,35.529919721],[139.512504423,35.53000417],[139.512321362,35.530087505],[139.512149144,35.530200838],[139.511948302,35.530358332],[139.511807471,35.530465001],[139.511657471,35.530637505],[139.511572749,35.530735559],[139.511412477,35.530920838],[139.511283022,35.531065],[139.511066913,35.531328333],[139.510836913,35.531616387],[139.51079581,35.531668054],[139.51061275,35.53194636],[139.510486082,35.532240532],[139.510448302,35.532328865],[139.510441634,35.532344135],[139.51043969,35.532353586],[139.510385551,35.532605532],[139.510265279,35.533055802],[139.510244449,35.533105252],[139.51015834,35.533308585],[139.510144227,35.533333333],[139.510144086,35.533333586],[139.51009834,35.533413865],[139.509813607,35.53369164],[139.50967083,35.533840532],[139.509660558,35.533851081],[139.509483606,35.534012198],[139.509298613,35.534180532],[139.509055006,35.534408027],[139.508640001,35.534788306],[139.508403606,35.53495636],[139.508335551,35.535004639],[139.508333333,35.535006225],[139.508226668,35.535081919],[139.507980272,35.535219414],[139.507771945,35.535288306],[139.507553333,35.53533164],[139.507312218,35.535343306],[139.507115006,35.535338586],[139.506719169,35.535273306],[139.506383333,35.535183586],[139.505827782,35.535052748],[139.505747782,35.535033865],[139.505393891,35.534949974],[139.505028054,35.534866081],[139.504762777,35.534823305],[139.504584163,35.534843027],[139.504365279,35.534882748],[139.504089169,35.534967468],[139.503977224,35.535009136],[139.503881115,35.535044974],[139.50371,35.535143306],[139.503548611,35.535235802],[139.503433891,35.535239693],[139.503412777,35.535240532],[139.503245279,35.535243586],[139.503021672,35.535248027],[139.502811947,35.535204973],[139.502607782,35.535144973],[139.502073333,35.534951918],[139.501938612,35.534903306],[139.50172,35.534828865],[139.501540272,35.534756918],[139.50134834,35.534744973],[139.501216394,35.534751081],[139.500934722,35.534823026],[139.500796667,35.534888585],[139.500592776,35.534990252],[139.500353061,35.535139973],[139.500310557,35.535165252],[139.500209443,35.535225532],[139.500002218,35.535399306],[139.5,35.535401172],[139.49982917,35.535544414],[139.499625278,35.53574164],[139.499373606,35.535987198],[139.499079728,35.536280802],[139.498911947,35.536478586],[139.498847497,35.536544135],[139.498675551,35.536718586],[139.498646109,35.536748586],[139.498558612,35.536808586],[139.498418339,35.536904414],[139.498010558,35.537143865],[139.49764472,35.537305531],[139.497291116,35.537491081],[139.497081115,35.537604973],[139.496853334,35.537736639],[139.496798612,35.537766919],[139.49658,35.537943865],[139.496335006,35.538143865],[139.496191115,35.538260532],[139.496070558,35.538340802],[139.495695279,35.538608587],[139.495443333,35.538760802],[139.495161946,35.538827749],[139.494956394,35.538845252],[139.494692777,35.538845252],[139.49441917,35.538800532],[139.493963891,35.538693306],[139.493199728,35.538479135],[139.492963062,35.538412198],[139.492792555,35.538287081],[139.49274834,35.538254695],[139.492443605,35.538030801],[139.492282776,35.537920532],[139.492171674,35.537844414],[139.492144163,35.537825532],[139.492061387,35.537777468],[139.491907224,35.537687748],[139.491758611,35.53760136],[139.491668885,35.537559585],[139.491666668,35.537558532],[139.491432219,35.537449414],[139.491166668,35.537342749],[139.490836394,35.537209946],[139.490699728,35.537154946],[139.490297497,35.536985224],[139.489880271,35.536778],[139.489701673,35.536688559],[139.489420272,35.536541332],[139.489147782,35.536380506],[139.488888612,35.536215225],[139.488642219,35.536057721],[139.488578885,35.536017441],[139.488333333,35.535883279],[139.487850805,35.535709387],[139.487453022,35.535615505],[139.487078586,35.535562442],[139.486816355,35.535525505],[139.486789416,35.535570225],[139.48676275,35.535588],[139.486731362,35.535596891],[139.486713308,35.535606054],[139.486247757,35.535699667],[139.485907471,35.535748838],[139.485280805,35.535891892],[139.484840532,35.535963559],[139.484688301,35.536012721],[139.484598586,35.536061892],[139.484531633,35.536097722],[139.484524137,35.536118279],[139.484519144,35.536132171],[139.484495837,35.536196054],[139.484494162,35.536216892],[139.484491389,35.536254108],[139.484506109,35.536310504],[139.484509443,35.536324108],[139.484518054,35.536357171],[139.484562775,35.536446613],[139.484589728,35.536491333],[139.484634449,35.536531613],[139.484894163,35.536661333],[139.484947781,35.536755224],[139.484988054,35.536817721],[139.485019442,35.536902721],[139.485037498,35.536992171],[139.485015005,35.537200775],[139.484938885,35.537401892],[139.484938884,35.537733],[139.484956938,35.537938838],[139.484956939,35.538059108],[139.484921115,35.538184387],[139.48482917,35.538313559],[139.484822503,35.538323001],[139.48475917,35.538397171],[139.484656394,35.538517721],[139.484568339,35.538619946],[139.484436938,35.53877272],[139.48419083,35.539023],[139.484075279,35.539110505],[139.48406083,35.539121613],[139.483981674,35.539181333],[139.483653606,35.539255505],[139.48333555,35.539335892],[139.483333334,35.539336441],[139.482999728,35.539420775],[139.48281834,35.539465225],[139.482614721,35.539514946],[139.48243834,35.539592721],[139.482272776,35.539646333],[139.482013061,35.539726612],[139.481784721,35.539843],[139.481637224,35.539945775],[139.481547498,35.540174108],[139.481498341,35.540397721],[139.481485006,35.540572171],[139.481417224,35.540918838],[139.481332218,35.541249947],[139.481287523,35.541424387],[139.48119869,35.541666667],[139.481198637,35.541666892],[139.481171141,35.541741892],[139.481000856,35.542028],[139.480713359,35.542384108],[139.480579196,35.542585224],[139.480525306,35.542674667],[139.480422529,35.542911613],[139.480332529,35.543146334],[139.4803362,35.543249359],[139.480336978,35.543271613],[139.480362244,35.543359946],[139.480363917,35.543365506],[139.48038642,35.543446054],[139.480413088,35.543539946],[139.480404189,35.543624946],[139.480381699,35.543719108],[139.480372801,35.543808559],[139.480372802,35.544161892],[139.480386135,35.544425504],[139.480493358,35.544987441],[139.480618911,35.545305225],[139.480744189,35.545506334],[139.480797808,35.54566744],[139.480860584,35.545886613],[139.480883087,35.545958],[139.480927807,35.546011892],[139.480959195,35.546038559],[139.48101725,35.546074388],[139.481046394,35.546086306],[139.481072244,35.546097171],[139.481266421,35.546177171],[139.481618638,35.546261613],[139.481667524,35.546312171],[139.481682555,35.546413279],[139.481670895,35.546456054],[139.481642283,35.546560224],[139.481660052,35.546628838],[139.481779222,35.546729667],[139.482030052,35.546904108],[139.482182283,35.547051892],[139.482303113,35.547221613],[139.482393385,35.547416333],[139.482415617,35.547546054],[139.482433671,35.547738559],[139.482447004,35.547979946],[139.482563671,35.548393],[139.482581725,35.548536332],[139.482568106,35.548679387],[139.482505616,35.548853839],[139.482321997,35.549293278],[139.48211144,35.549785504],[139.482036694,35.55],[139.482036615,35.550000225],[139.482026446,35.550029387],[139.481999494,35.550181613],[139.481959223,35.550449947],[139.481950337,35.550843279],[139.482007587,35.551596892],[139.482008418,35.551606054],[139.481985914,35.551744667],[139.481945642,35.551946054],[139.481936743,35.552066614],[139.481950078,35.552174109],[139.481950077,35.552276892],[139.481941193,35.552339667],[139.481941194,35.552395775],[139.481999248,35.552511892],[139.48209786,35.552699946],[139.482191751,35.552941333],[139.482209805,35.553124667],[139.482209804,35.553339108],[139.482187302,35.553531613],[139.482133697,35.553822171],[139.482124528,35.554035225],[139.482128975,35.554227721],[139.482111194,35.554415505],[139.482079805,35.554540775],[139.482052866,35.554607721],[139.482035084,35.554701892],[139.482030637,35.554791333],[139.482030636,35.554871892],[139.482035083,35.554943279],[139.482043969,35.555059666],[139.482052865,35.555271892],[139.482008145,35.555518],[139.481990363,35.555629388],[139.481963411,35.555701054],[139.48191869,35.555839667],[139.481860364,35.555956055],[139.481779805,35.556081332],[139.481715084,35.556157441],[139.481573412,35.556323837],[139.481363139,35.556571054],[139.481215357,35.556709946],[139.481108145,35.556781333],[139.481018445,35.556875226],[139.480875383,35.557063001],[139.480615668,35.557452171],[139.480350118,35.557808001],[139.480121777,35.558197171],[139.480054889,35.558333333],[139.480054812,35.558333559],[139.48001428,35.558416054],[139.479951778,35.558576892],[139.479884553,35.558715775],[139.479853164,35.558860775],[139.479839558,35.559008559],[139.479835383,35.559030505],[139.479794839,35.559241054],[139.47976345,35.559343839],[139.479727612,35.559388559],[139.479678444,35.559419946],[139.479624839,35.559442171],[139.479575668,35.559464666],[139.479494838,35.559487171],[139.479225109,35.559518838],[139.479108716,35.559545505],[139.478979001,35.559621333],[139.478971777,35.559625775],[139.478741777,35.559769108],[139.478537887,35.559972441],[139.478377327,35.560132721],[139.478270117,35.560199946],[139.478210117,35.560229946],[139.478171505,35.560249108],[139.478099831,35.560293838],[139.478019274,35.560351892],[139.477889558,35.560441333],[139.477785383,35.560585505],[139.477767886,35.560640506],[139.477713723,35.560809387],[139.477588171,35.56117772],[139.477530117,35.561437171],[139.477191505,35.561577721],[139.477082892,35.561910775],[139.477013995,35.562022441],[139.476937056,35.562139387],[139.476847328,35.562276054],[139.476674838,35.562434387],[139.47648594,35.562552135],[139.476432336,35.562556586],[139.47636511,35.562498532],[139.476131505,35.562229081],[139.475987328,35.562062694],[139.475895383,35.561963802],[139.475863722,35.561929919],[139.475639831,35.561688801],[139.475573165,35.561603802],[139.475362049,35.56133436],[139.475356783,35.561315198],[139.475330661,35.561218252],[139.47533511,35.561101865],[139.475351505,35.560953802],[139.475384279,35.560656306],[139.475397886,35.560334081],[139.475352892,35.55999908],[139.475299273,35.559873802],[139.475297887,35.559871586],[139.475223165,35.559748532],[139.475147056,35.559703802],[139.475057613,35.559659081],[139.475002334,35.559642252],[139.475,35.559641559],[139.474954553,35.559627694],[139.474931219,35.559623802],[139.474873995,35.559614081],[139.47473956,35.559605198],[139.474605383,35.559627415],[139.474305383,35.559667694],[139.474059,35.559741864],[139.473681218,35.559855747],[139.473493165,35.559913802],[139.473273721,35.559954081],[139.473148445,35.559998802],[139.472938171,35.560052135],[139.472751505,35.560118533],[139.472748444,35.56011964],[139.472273722,35.560276027],[139.47200511,35.560356586],[139.471799274,35.560405747],[139.471409831,35.560441586],[139.471020117,35.560432695],[139.470718717,35.560396306],[139.470597886,35.560374081],[139.470481505,35.560382972],[139.470409831,35.560405198],[139.470244279,35.56049936],[139.470132335,35.560637973],[139.470033995,35.560830199],[139.469957886,35.56096436],[139.469926498,35.561053802],[139.469926498,35.561121027],[139.469888171,35.561461865],[139.469790117,35.56172936],[139.46963345,35.562172973],[139.469561505,35.562303532],[139.469476783,35.562440467],[139.469306783,35.56256436],[139.469137056,35.562642694],[139.468888716,35.562701586],[139.468725383,35.562760198],[139.468548716,35.562833252],[139.468376498,35.56290436],[139.468298171,35.563041306],[139.468265668,35.56313936],[139.468291777,35.563296026],[139.468330948,35.563400468],[139.468376498,35.563472135],[139.468688716,35.564026586],[139.468851777,35.564556865],[139.468912607,35.564704359],[139.469020388,35.564877694],[139.469100389,35.564927694],[139.469448172,35.565145468],[139.4696507,35.565301865],[139.469665137,35.565370468],[139.469660415,35.565478252],[139.469658755,35.565514081],[139.469573748,35.565709919],[139.469423476,35.565912135],[139.469312361,35.566049081],[139.4692407,35.566186027],[139.469226524,35.566244919],[139.469194863,35.566375198],[139.469181802,35.566499081],[139.46917703,35.566666667],[139.46917703,35.566666865],[139.469174864,35.566742135],[139.469187912,35.566990199],[139.469344864,35.567645748],[139.46942319,35.567841586],[139.469442633,35.567998252],[139.46948847,35.568298252],[139.469520974,35.568494082],[139.469555965,35.568745748],[139.469586524,35.568966586],[139.469667082,35.569498252],[139.469760143,35.569690748],[139.46977236,35.569715748],[139.469926252,35.569893252],[139.470045694,35.569901306],[139.470159585,35.56990936],[139.47045319,35.56992936],[139.470634306,35.569967694],[139.470912361,35.569992135],[139.471093476,35.570002414],[139.471344033,35.569981586],[139.471606525,35.569919082],[139.471825693,35.569905198],[139.47196153,35.569905198],[139.472114579,35.56989464],[139.472285161,35.569877414],[139.472601829,35.569794081],[139.472768781,35.569738532],[139.473036835,35.56964464],[139.473162114,35.569589081],[139.473269883,35.569575198],[139.473398781,35.569575198],[139.473880999,35.569606586],[139.474076005,35.569669081],[139.474288222,35.56979464],[139.474427392,35.569916306],[139.474679338,35.57015436],[139.474800999,35.570310748],[139.474804332,35.570318533],[139.474909053,35.570557693],[139.475,35.570790839],[139.475002387,35.570796973],[139.475044617,35.570905225],[139.475081283,35.570976892],[139.475121283,35.571054667],[139.475253502,35.571242441],[139.475411284,35.57137356],[139.47547406,35.571398559],[139.475489053,35.571404667],[139.475787108,35.571523279],[139.476093217,35.571613559],[139.47630572,35.571669387],[139.476615447,35.571679946],[139.476935447,35.571655505],[139.477163217,35.571617171],[139.477494061,35.571533559],[139.477699339,35.571481613],[139.477878495,35.571419667],[139.477890726,35.571415505],[139.478033502,35.571377441],[139.478102944,35.57136717],[139.478231829,35.571377441],[139.478232387,35.571377441],[139.478402387,35.571401892],[139.478541557,35.571443559],[139.478819883,35.571513],[139.479091284,35.571537441],[139.479727108,35.571638559],[139.479925447,35.571649108],[139.480061283,35.571645506],[139.480437108,35.571708279],[139.480886005,35.571795225],[139.481422113,35.571861054],[139.481747665,35.571899946],[139.481907951,35.571899946],[139.48203655,35.571879108],[139.482137393,35.571840775],[139.482219883,35.571797721],[139.482422944,35.571691333],[139.482533217,35.571626893],[139.482717952,35.571489387],[139.482867952,35.571383838],[139.483019882,35.571278],[139.483072672,35.571241054],[139.483247951,35.571117171],[139.483333334,35.571056694],[139.48333572,35.571055],[139.483381284,35.571022721],[139.483565447,35.570869387],[139.483670999,35.570724946],[139.483782388,35.570530505],[139.483915719,35.570352721],[139.484004617,35.570291613],[139.484143775,35.570258278],[139.484338223,35.570224947],[139.484511556,35.570196053],[139.484732944,35.570158559],[139.484888781,35.570108559],[139.485033218,35.570019667],[139.485133218,35.569941892],[139.485357393,35.569662171],[139.485462944,35.569551054],[139.485585162,35.569468001],[139.485868781,35.569373559],[139.486063502,35.569296054],[139.486224616,35.569184946],[139.486357951,35.569040505],[139.486413502,35.568946054],[139.486414617,35.568871613],[139.486392387,35.568710505],[139.486325721,35.568471613],[139.486179882,35.568131892],[139.486075447,35.56788828],[139.486025448,35.567682721],[139.486026005,35.567678838],[139.48603655,35.567582721],[139.486080999,35.567477171],[139.486130999,35.567432721],[139.486264617,35.567410505],[139.486509053,35.567399387],[139.486781556,35.567338558],[139.487233503,35.567169946],[139.487358223,35.567063838],[139.487453218,35.566861054],[139.487493917,35.566710108],[139.487505642,35.566666892],[139.487505694,35.566666667],[139.487538495,35.566545775],[139.487606005,35.566109108],[139.487689612,35.565796054],[139.487795162,35.565607171],[139.488073192,35.565196054],[139.488279027,35.564806333],[139.488589585,35.564218559],[139.488795694,35.563739108],[139.488958197,35.563478839],[139.48899153,35.563425775],[139.489079027,35.563204108],[139.489089585,35.563073279],[139.489069856,35.562887171],[139.488972088,35.562613279],[139.488918755,35.562429388],[139.488893476,35.562270505],[139.48891153,35.562179667],[139.488953476,35.562090775],[139.489007082,35.562021891],[139.489117081,35.561915225],[139.489247639,35.561807172],[139.489512089,35.561679946],[139.489639586,35.561640775],[139.489754306,35.561644109],[139.489982361,35.561650505],[139.490129301,35.561640775],[139.490344864,35.561601613],[139.49065847,35.561552721],[139.490913191,35.561454945],[139.491030973,35.561425775],[139.491128754,35.561445225],[139.491226808,35.561494109],[139.491393477,35.561611613],[139.491618754,35.561778],[139.491666667,35.561822171],[139.491669027,35.561824333],[139.491746252,35.561895505],[139.492297302,35.562198721],[139.492553476,35.562339946],[139.49289153,35.562526055],[139.492997367,35.562625774],[139.493070415,35.562746613],[139.493187912,35.562991333],[139.493335136,35.563148001],[139.493551802,35.563304108],[139.493775965,35.563500225],[139.494030699,35.563803838],[139.494319053,35.564095505],[139.494366004,35.56430717],[139.494384617,35.564479946],[139.494395447,35.564581332],[139.494454331,35.564708559],[139.494659883,35.564848838],[139.494669883,35.564855505],[139.494674332,35.564856333],[139.49495406,35.564914108],[139.495100999,35.564914108],[139.495262944,35.564890225],[139.495522387,35.564796892],[139.495757392,35.564728558],[139.495875162,35.564699107],[139.496022115,35.564659946],[139.496178781,35.564630505],[139.496267107,35.564640225],[139.496355162,35.564757721],[139.496433502,35.565012441],[139.496570726,35.565306054],[139.496707951,35.565511613],[139.496797666,35.565629108],[139.497012671,35.565915775],[139.497087393,35.566015225],[139.49737655,35.566386613],[139.497392114,35.566520504],[139.497364189,35.566666667],[139.497364137,35.566666891],[139.497350726,35.566737171],[139.49737183,35.566966333],[139.497454332,35.567225225],[139.497485447,35.567322441],[139.497691829,35.567621333],[139.497893257,35.567796892],[139.498057134,35.567899386],[139.498058248,35.567899946],[139.498269922,35.567930775],[139.498483191,35.567915081],[139.498620752,35.567904947],[139.498913528,35.567888559],[139.499106031,35.567966891],[139.499493256,35.568121613],[139.499961582,35.568349387],[139.5,35.568358721],[139.500002412,35.568359306],[139.500343527,35.568442171],[139.50059131,35.568493837],[139.500828521,35.568534387],[139.500849637,35.568596892],[139.500782412,35.568798],[139.500720467,35.56897356],[139.500560466,35.56931328],[139.500457133,35.569710225],[139.500422971,35.570002171],[139.500414916,35.570195225],[139.500446861,35.570318838],[139.500601856,35.570442721],[139.500896031,35.570540505],[139.50106131,35.570571613],[139.501298808,35.570648838],[139.501551583,35.570803559],[139.501754643,35.570960225],[139.501842698,35.571018279],[139.502051855,35.571099946],[139.502239922,35.571123559],[139.502415473,35.571145775],[139.502719922,35.571176892],[139.502946861,35.571192171],[139.50321022,35.571238558],[139.503542437,35.571344387],[139.503784942,35.571401333],[139.504048833,35.571495775],[139.504337173,35.571607171],[139.504502724,35.571617999],[139.504832996,35.571592171],[139.505018834,35.571514947],[139.505341051,35.571334108],[139.505609662,35.571231054],[139.505836615,35.57127217],[139.506279948,35.571514667],[139.506451052,35.571602171],[139.506574942,35.571715775],[139.506672996,35.572097441],[139.506755772,35.572398838],[139.506812725,35.572625775],[139.506931336,35.572966054],[139.507091336,35.573224108],[139.507236057,35.573461333],[139.507349105,35.573765505],[139.507338833,35.573951054],[139.507291893,35.574150774],[139.507286614,35.574367441],[139.507271337,35.57453772],[139.507233554,35.574590505],[139.507161608,35.574620774],[139.507018275,35.574661053],[139.506925499,35.574712721],[139.506894384,35.574851891],[139.506930506,35.574949945],[139.507023554,35.574975775],[139.50729192,35.574970505],[139.507410245,35.574979946],[139.507463606,35.575],[139.507464228,35.575000225],[139.507541088,35.575029109],[139.507591362,35.575140775],[139.507565526,35.575243838],[139.507520804,35.575286053],[139.507477756,35.575326333],[139.507383308,35.575344667],[139.50716803,35.575309667],[139.507135526,35.575339667],[139.507115252,35.575419108],[139.507084969,35.575539387],[139.507048586,35.575683],[139.507013308,35.575821892],[139.507233866,35.575824387],[139.507586913,35.575777171],[139.507864423,35.575766333],[139.508048301,35.575783559],[139.508184968,35.575789946],[139.508199145,35.575790505],[139.508298586,35.575795224],[139.508333333,35.575799748],[139.508335811,35.575800054],[139.508371362,35.575804667],[139.508413865,35.575790505],[139.50846275,35.575774667],[139.508586641,35.575687441],[139.508739974,35.575570504],[139.508848029,35.575536333],[139.508911089,35.575516613],[139.508953866,35.575491055],[139.509027198,35.575447171],[139.509136355,35.575381613],[139.509271088,35.575265775],[139.509334423,35.575137441],[139.50937852,35.575000225],[139.509378586,35.575],[139.509382192,35.574988838],[139.509391362,35.574889666],[139.509358301,35.574714667],[139.509337198,35.57464717],[139.509296913,35.574580505],[139.509186615,35.574393838],[139.509177173,35.574378279],[139.509081608,35.574216332],[139.509056329,35.574006613],[139.509055227,35.573890225],[139.509084112,35.573741054],[139.509157174,35.573579108],[139.509308274,35.573426892],[139.509317173,35.573418],[139.509439105,35.573294667],[139.509479106,35.573168559],[139.509480219,35.572999109],[139.509419663,35.572859108],[139.509364942,35.572733],[139.509335228,35.572643279],[139.509304112,35.572549947],[139.509239105,35.572442441],[139.509233838,35.572434108],[139.509175499,35.572337721],[139.509209948,35.572257171],[139.509232724,35.572186892],[139.509364942,35.572073],[139.509429949,35.572061333],[139.509446615,35.572058559],[139.509618274,35.572027721],[139.509685773,35.571994108],[139.509952166,35.571860775],[139.51011939,35.571849108],[139.51013022,35.571848279],[139.510272438,35.571838278],[139.510429105,35.571741614],[139.510448275,35.571595505],[139.51045022,35.571580225],[139.510466329,35.571458],[139.510778003,35.571258],[139.511057173,35.571060225],[139.511228275,35.570862171],[139.511380505,35.57070856],[139.511426615,35.570520225],[139.511432724,35.570504108],[139.511438833,35.57048856],[139.51149856,35.570331333],[139.511793554,35.569969667],[139.511886057,35.569914666],[139.512048833,35.569859667],[139.512407446,35.569738559],[139.512460221,35.569722441],[139.512571336,35.569688279],[139.512731051,35.569635775],[139.512910506,35.569576892],[139.513039662,35.569400506],[139.513101608,35.569279387],[139.513131894,35.569229108],[139.513137173,35.569160226],[139.513064942,35.568999387],[139.513030778,35.568923559],[139.512954644,35.568836614],[139.512904643,35.568779387],[139.512818522,35.568706892],[139.512733528,35.568635505],[139.512688522,35.56821244],[139.512706588,35.567924666],[139.512752141,35.56755772],[139.512787419,35.567195506],[139.512874644,35.567194108],[139.512889365,35.567193838],[139.513078249,35.567190775],[139.513173256,35.567189108],[139.513257691,35.567193559],[139.513267418,35.567194107],[139.513643256,35.567213838],[139.513878249,35.56723717],[139.5140938,35.567258838],[139.514079637,35.567379387],[139.514007977,35.567816053],[139.514007977,35.567848559],[139.514027691,35.567850226],[139.514432141,35.567882721],[139.514725188,35.567941333],[139.5149838,35.568060776],[139.515220195,35.568178279],[139.515369389,35.568380505],[139.515611336,35.568594667],[139.515620778,35.568606613],[139.515758833,35.568780225],[139.515944669,35.568885225],[139.516319948,35.569005775],[139.516347173,35.569014668],[139.516530777,35.569143838],[139.516666668,35.569195694],[139.516669105,35.569196613],[139.516753281,35.569228838],[139.516789663,35.569226892],[139.516888275,35.569222171],[139.516993839,35.569216892],[139.51716939,35.569241053],[139.517432438,35.569289386],[139.517637445,35.569338],[139.517881608,35.569396613],[139.518311051,35.569523559],[139.518517173,35.569639108],[139.518632166,35.569758279],[139.518719663,35.569883279],[139.518934669,35.570018838],[139.51914105,35.570072441],[139.519271608,35.570121892],[139.519379662,35.570221333],[139.519534669,35.570271334],[139.519723555,35.570366891],[139.519810778,35.570388559],[139.51999939,35.570424387],[139.520172439,35.570430225],[139.520339105,35.570438279],[139.520776057,35.570602441],[139.521146615,35.570766054],[139.521288004,35.570851893],[139.521436057,35.570929108],[139.521651895,35.571035225],[139.521771051,35.571102171],[139.521849664,35.571171613],[139.521955772,35.571292721],[139.522018586,35.571408279],[139.522096913,35.57163828],[139.522185525,35.571781333],[139.522414137,35.57195856],[139.522573307,35.572082171],[139.523000246,35.572509946],[139.52319886,35.572646054],[139.523282192,35.572681613],[139.523424137,35.572703279],[139.523608301,35.572771333],[139.523679689,35.57284272],[139.523826355,35.573060505],[139.523990532,35.573229946],[139.524215254,35.573444666],[139.524259144,35.573521054],[139.524287471,35.573569945],[139.524118586,35.573754387],[139.523697198,35.574040775],[139.523508029,35.574211054],[139.523409416,35.574392721],[139.523322191,35.574503838],[139.523201089,35.574589108],[139.52303358,35.574634946],[139.523087198,35.574703559],[139.523180804,35.574823],[139.523399831,35.575],[139.523400117,35.575000224],[139.523770533,35.575299667],[139.524114968,35.575578],[139.524255279,35.575691333],[139.524518612,35.575909108],[139.524566109,35.575958838],[139.525,35.576296109],[139.525002503,35.576298027],[139.525253333,35.576492999],[139.525135838,35.576601054],[139.525002503,35.576724441],[139.525,35.576726748],[139.524949442,35.576773559],[139.524764721,35.576991333],[139.524681388,35.577208279],[139.524628054,35.577430225],[139.524605837,35.577588278],[139.524641673,35.577818559],[139.524719169,35.578146613],[139.524746939,35.578478559],[139.52475083,35.578615505],[139.524812503,35.578775225],[139.524882503,35.578957171],[139.525,35.578953387],[139.525002503,35.578953305],[139.525245551,35.578945505],[139.525947223,35.578937721],[139.52631083,35.578928],[139.526706394,35.578910225],[139.526748054,35.578908279],[139.526806394,35.578916613],[139.526808613,35.578996892],[139.526811388,35.57910717],[139.526818886,35.579388279],[139.52682,35.579559386],[139.526823645,35.580204108],[139.526846134,35.580555776],[139.526809468,35.580783559],[139.526832529,35.580893558],[139.526886135,35.580972171],[139.526910584,35.581007721],[139.526915863,35.581011892],[139.527021415,35.58109272],[139.52715114,35.581154945],[139.527383645,35.581226612],[139.527448365,35.581228559],[139.527620027,35.581234108],[139.527889754,35.581266054],[139.528045305,35.581298],[139.528113645,35.581375775],[139.528291699,35.581530775],[139.528375305,35.581674108],[139.52843725,35.581755505],[139.528570311,35.581806892],[139.528645305,35.581874387],[139.528697808,35.581921892],[139.52883197,35.582042721],[139.528949755,35.582142441],[139.529095864,35.582247442],[139.529155576,35.582441892],[139.529169196,35.582670226],[139.529132802,35.582893838],[139.529082529,35.583085505],[139.529023087,35.583244946],[139.529012023,35.583333333],[139.529011997,35.583333559],[139.52899114,35.583500505],[139.528945331,35.583715225],[139.528862284,35.583850505],[139.52883616,35.583858838],[139.528706719,35.583900505],[139.528588106,35.583909667],[139.528377562,35.583933559],[139.528256446,35.583965224],[139.528125331,35.584054387],[139.528041997,35.584157441],[139.527946446,35.584406333],[139.527843114,35.584530505],[139.527764229,35.584599946],[139.527736446,35.584624667],[139.527631724,35.584646613],[139.527545058,35.584712722],[139.527516161,35.584753559],[139.527344773,35.584994108],[139.527282555,35.585051333],[139.527205616,35.585122441],[139.527171997,35.585237721],[139.527138392,35.585354108],[139.527090609,35.585504388],[139.527060052,35.585543838],[139.526974772,35.585654387],[139.526841725,35.585761892],[139.526702827,35.585863],[139.526692555,35.585878],[139.526602555,35.586007171],[139.526567276,35.586143837],[139.526538948,35.586334387],[139.526518949,35.586471892],[139.526526446,35.586523278],[139.526553385,35.586579946],[139.526508664,35.586776613],[139.526452283,35.586869946],[139.526417834,35.586921333],[139.526388949,35.586981613],[139.526368392,35.587038],[139.52635978,35.587104667],[139.526368392,35.587171612],[139.526373386,35.587216054],[139.526407833,35.587253837],[139.526495615,35.587297441],[139.526550337,35.587341892],[139.526680895,35.587448279],[139.526750052,35.587439667],[139.526883672,35.587374946],[139.526988948,35.587362171],[139.527083385,35.587370775],[139.527160337,35.587381054],[139.527235889,35.587403279],[139.527299222,35.587422171],[139.527345331,35.587423838],[139.527401997,35.58741856],[139.527448106,35.587404946],[139.527492827,35.587386054],[139.527545888,35.587369108],[139.527594773,35.587366333],[139.527702555,35.587405225],[139.527754228,35.587469666],[139.527758391,35.587525774],[139.527733671,35.587631613],[139.527723384,35.587684667],[139.527720051,35.587766613],[139.527731998,35.587799108],[139.527759494,35.587816333],[139.527786719,35.587826613],[139.527841725,35.587833278],[139.527889493,35.587833279],[139.527944501,35.587826613],[139.5280045,35.587799109],[139.528055888,35.587781892],[139.528060894,35.587781892],[139.528098948,35.587771054],[139.528297276,35.587762721],[139.528344502,35.587809667],[139.528370337,35.587904388],[139.528316719,35.588056892],[139.528124773,35.588373838],[139.528009781,35.588569667],[139.52798786,35.588781892],[139.528013969,35.588940225],[139.528044253,35.589093],[139.528102867,35.589209387],[139.528053139,35.589680775],[139.528043139,35.589774387],[139.528037588,35.589828559],[139.52802703,35.589928838],[139.528017861,35.590014946],[139.527812023,35.590077441],[139.527548145,35.590106613],[139.52733341,35.590193],[139.52725869,35.590236892],[139.527173969,35.590282441],[139.527099248,35.590344668],[139.527045357,35.590381892],[139.526991478,35.590441892],[139.526927302,35.590553838],[139.526888689,35.590699387],[139.526800921,35.590853279],[139.526678145,35.590902441],[139.526599249,35.590928279],[139.526520636,35.590954387],[139.526462867,35.590996333],[139.526405084,35.591033],[139.526344813,35.591106333],[139.526242581,35.591219945],[139.526086744,35.591384667],[139.525985084,35.591584667],[139.525966744,35.591621055],[139.525954643,35.591666667],[139.525954578,35.591666892],[139.525945642,35.591700505],[139.525927302,35.59178717],[139.525906472,35.591899667],[139.525903696,35.592014946],[139.525925357,35.592145775],[139.52599869,35.592299668],[139.526000363,35.592301054],[139.526093969,35.592409108],[139.526201751,35.592430775],[139.52623703,35.592437721],[139.526427588,35.592475775],[139.526570363,35.592504387],[139.527156471,35.592467721],[139.527705914,35.592328838],[139.527991479,35.59227717],[139.528145642,35.592270225],[139.528416744,35.592277722],[139.528682309,35.592331054],[139.52887703,35.592370505],[139.529321751,35.592459946],[139.529740078,35.592565505],[139.5303262,35.592601892],[139.530728975,35.592660505],[139.530868445,35.592653279],[139.531139533,35.592514108],[139.531520363,35.592338558]]},"properties":{"city_code":"14117","city_name":"青葉区","prefecture_code":"14","prefecture_name":"神奈川県"}},{"type":"Feature","geometry":{"type":"LineString","coordinates":[[139.573237523,35.57101136],[139.573333645,35.570872747],[139.573440584,35.570684973],[139.573543645,35.570535532],[139.573641414,35.570373026],[139.573761971,35.570273306],[139.573883917,35.570209414],[139.574045305,35.570078865],[139.574144475,35.569936082],[139.574276135,35.569782748],[139.574404475,35.569633027],[139.574783917,35.569254414],[139.574917809,35.569154135],[139.575,35.569112306],[139.575002529,35.569111],[139.575224475,35.568998027],[139.575475305,35.568875532],[139.575694747,35.568775532],[139.575839196,35.568744414],[139.576060027,35.568711919],[139.576236135,35.568672198],[139.576442802,35.568633865],[139.57656725,35.568608586],[139.576776693,35.568509414],[139.576968366,35.568496918],[139.577039195,35.568492468],[139.577148638,35.568485252],[139.577201141,35.568480532],[139.577394189,35.568463027],[139.577414747,35.568465803],[139.577573087,35.568487748],[139.577721971,35.568508306],[139.577880025,35.568530252],[139.578141971,35.568605532],[139.578456135,35.568718865],[139.578853646,35.568861919],[139.579313645,35.569027198],[139.579761414,35.569141919],[139.580078366,35.569223026],[139.580218079,35.569222748],[139.580396693,35.56920164],[139.580705863,35.569176081],[139.580825032,35.56914636],[139.580955862,35.569033027],[139.581072244,35.569007468],[139.581270025,35.568974694],[139.581416978,35.56891636],[139.581492529,35.56888664],[139.58155725,35.568874973],[139.581636978,35.568860802],[139.58176642,35.568837468],[139.581955032,35.568803865],[139.582349754,35.568733306],[139.582931699,35.568639694],[139.583333333,35.56858456],[139.583335863,35.568584198],[139.583797523,35.568520802],[139.584270026,35.568417468],[139.584644475,35.568343865],[139.584793088,35.568314693],[139.584948366,35.568327198],[139.585101698,35.56831636],[139.585485863,35.568340532],[139.585673646,35.568344973],[139.585723087,35.56834636],[139.585965305,35.568352198],[139.586568638,35.568358864],[139.586815863,35.568302748],[139.586976978,35.568253306],[139.587061141,35.568227197],[139.587175577,35.568192198],[139.587280311,35.568159973],[139.587471414,35.568079973],[139.587909196,35.567938305],[139.588444475,35.567775532],[139.588780855,35.567654693],[139.589043645,35.567565279],[139.589260584,35.567521387],[139.589456136,35.567516666],[139.589599754,35.567513613],[139.589895577,35.567507505],[139.59007725,35.567503333],[139.590294189,35.567514441],[139.590453087,35.567513893],[139.590540584,35.567513613],[139.590690856,35.567464441],[139.590871971,35.567435279],[139.591319468,35.567362775],[139.591532802,35.56731417],[139.591666667,35.567294306],[139.591669196,35.567293946],[139.592314475,35.567198333],[139.592458366,35.567153613],[139.592586978,35.567113892],[139.592657251,35.567091946],[139.592820025,35.567041667],[139.59288642,35.567020838],[139.593030311,35.566976387],[139.593140312,35.566942225],[139.593306978,35.566890559],[139.593615032,35.566822775],[139.59420031,35.566703333],[139.594378392,35.566666946],[139.594379728,35.566666667],[139.594585058,35.56662472],[139.595139781,35.566470838],[139.595621996,35.566447225],[139.596022555,35.566521108],[139.596306162,35.566631946],[139.596350337,35.566666667],[139.596350701,35.566666946],[139.596608392,35.566869441],[139.59672144,35.566967225],[139.596819222,35.566966108],[139.597019494,35.566963613],[139.597596445,35.567087225],[139.597811997,35.567111946],[139.598150895,35.567136667],[139.59837895,35.567173054],[139.59852978,35.567227775],[139.598840337,35.567358054],[139.599137005,35.567481108],[139.599331167,35.567543053],[139.599562283,35.567616666],[139.599633942,35.567488892],[139.599673114,35.567419441],[139.599886719,35.567294171],[139.599971997,35.567246945],[139.6,35.567213559],[139.600002555,35.567210532],[139.600030051,35.567177775],[139.600092828,35.567018892],[139.600145058,35.566880838],[139.600146719,35.566875837],[139.600216719,35.566690559],[139.600222776,35.566666946],[139.600222826,35.566666667],[139.600229494,35.566640837],[139.600258949,35.566524721],[139.600325615,35.566402775],[139.600433385,35.566123054],[139.600564228,35.565858892],[139.600637834,35.565741109],[139.600656445,35.565657224],[139.600711167,35.565540279],[139.600781439,35.565472505],[139.600883671,35.565415838],[139.601374502,35.565315279],[139.601555331,35.565253054],[139.601685888,35.565248892],[139.601890337,35.565241107],[139.60252144,35.565157505],[139.60285895,35.565119441],[139.60311672,35.565070279],[139.60356061,35.565017225],[139.603883114,35.564955],[139.604188392,35.564922225],[139.604582555,35.564888054],[139.604779494,35.564880559],[139.604991997,35.564929721],[139.60551144,35.564956387],[139.605953385,35.564940559],[139.606226718,35.564925279],[139.606461439,35.564872505],[139.606609222,35.564845838],[139.606795058,35.564777775],[139.606988664,35.564686666],[139.607159222,35.564637505],[139.607345058,35.564599721],[139.607587562,35.564588333],[139.607712283,35.564603613],[139.607838105,35.564618892],[139.607934773,35.564630838],[139.608055616,35.564645559],[139.608323671,35.564678333],[139.608333333,35.564679225],[139.608335887,35.564679468],[139.608667003,35.564710559],[139.608947562,35.564744721],[139.609133385,35.564729441],[139.609488106,35.564668333],[139.609987563,35.564605279],[139.610107276,35.56459],[139.610678105,35.564525559],[139.610821997,35.564485279],[139.611077004,35.564421667],[139.611080053,35.564420838],[139.611296161,35.564401945],[139.611500895,35.564390559],[139.611565331,35.564258054],[139.611580611,35.564106387],[139.611626446,35.563870279],[139.611640052,35.563801387],[139.611679781,35.563596387],[139.611774773,35.563490279],[139.611915058,35.563225279],[139.611990894,35.563054721],[139.612329223,35.562343892],[139.61246978,35.562131668],[139.612856161,35.56171],[139.612935331,35.561581946],[139.613138392,35.561387225],[139.6132845,35.561209441],[139.613420337,35.561061667],[139.61352061,35.560952505],[139.613405058,35.560966946],[139.613269222,35.560967225],[139.613278665,35.560902505],[139.613324773,35.560801108],[139.613350895,35.560641946],[139.613382827,35.560380837],[139.613394228,35.560288054],[139.613414501,35.560106387],[139.613403385,35.559976946],[139.613355331,35.559715],[139.613348393,35.559690559],[139.613305331,35.559541387],[139.61326367,35.559397505],[139.613193386,35.559242506],[139.613102284,35.559095559],[139.613020337,35.558966108],[139.612939495,35.558754171],[139.612949469,35.558582504],[139.612983943,35.558333613],[139.612983996,35.558333333],[139.612990026,35.558289721],[139.612848639,35.558260279],[139.612493917,35.558186667],[139.611798079,35.558024721],[139.611635032,35.557983891],[139.611542244,35.557960559],[139.611467471,35.557673334],[139.61075511,35.557467054],[139.610734475,35.557355558],[139.610730245,35.557192306],[139.610725162,35.556971415],[139.610870311,35.556779333],[139.610768275,35.556637055],[139.610664721,35.556430532],[139.610615057,35.556308667],[139.61068131,35.556044587],[139.610846938,35.555817748],[139.611132672,35.555445333],[139.610996031,35.554537973],[139.610866394,35.554211387],[139.610894163,35.553870837],[139.610968885,35.553846108],[139.610865812,35.552819414],[139.610623333,35.552231387],[139.610604164,35.552140278],[139.610572776,35.552058892],[139.610428612,35.552138892],[139.610168612,35.552247225],[139.609958341,35.552308892],[139.609521387,35.552351946],[139.608934162,35.552361387],[139.608844449,35.552362775],[139.608335837,35.552378946],[139.608333333,35.552379027],[139.607813061,35.552395559],[139.607337224,35.5524],[139.607162502,35.552408892],[139.606722996,35.552387172],[139.606608054,35.552208333],[139.606507783,35.552074999],[139.606279443,35.551816946],[139.605776082,35.551248892],[139.605641089,35.551080837],[139.605131362,35.550505946],[139.605019002,35.550377199],[139.605189144,35.550050559],[139.605210609,35.550000279],[139.605210752,35.55],[139.605294423,35.549803892],[139.605385811,35.549536667],[139.605567756,35.548874171],[139.605469974,35.548648892],[139.605384617,35.548518865],[139.605322219,35.548307171],[139.605339248,35.548024054],[139.604983748,35.547831559],[139.604739663,35.547576],[139.604542478,35.547417891],[139.60431655,35.547446081],[139.604223281,35.547180837],[139.604129105,35.547015279],[139.603858004,35.546651974],[139.603585279,35.546464838],[139.60321258,35.546318],[139.602803721,35.546227838],[139.60257153,35.545474721],[139.602555253,35.544996667],[139.602435227,35.543929586],[139.602373022,35.543297865],[139.602281777,35.542779748],[139.602166473,35.542567413],[139.602189921,35.542501027],[139.602233022,35.542277919],[139.602213022,35.542135108],[139.60215428,35.541937334],[139.60223978,35.541666946],[139.602239856,35.541666667],[139.602277418,35.541547865],[139.602273995,35.541143414],[139.602218145,35.540976775],[139.601630337,35.540964802],[139.600966031,35.541048775],[139.600514163,35.541086359],[139.600349533,35.541039414],[139.600121582,35.540921667],[139.600002412,35.540909278],[139.6,35.540909027],[139.599952192,35.540904054],[139.599587523,35.540917306],[139.599196939,35.540958],[139.59898358,35.541086533],[139.598785188,35.541159251],[139.598589805,35.541076919],[139.59857061,35.540737505],[139.598637886,35.540616775],[139.598648664,35.54034064],[139.598246744,35.540441441],[139.598123087,35.539970414],[139.597990726,35.539979721],[139.597910441,35.539440838],[139.597865162,35.539299441],[139.597752114,35.539125001],[139.59766489,35.539107775],[139.597618781,35.538983054],[139.597610441,35.538930001],[139.597592114,35.53881],[139.597576005,35.538706108],[139.597741803,35.538540136],[139.597622386,35.538286838],[139.597213502,35.537880865],[139.597048495,35.537722532],[139.596919339,35.537550587],[139.596896227,35.537522531],[139.596489612,35.53713836],[139.596217833,35.536964667],[139.596332504,35.536749],[139.596321285,35.536557171],[139.595745837,35.536378586],[139.595099469,35.536425919],[139.59485852,35.536376694],[139.595219948,35.535840668],[139.595490999,35.53546564],[139.595776615,35.534901775],[139.596012244,35.534461775],[139.596181361,35.534225027],[139.596196006,35.533997613],[139.596136809,35.533704199],[139.596085746,35.53333364],[139.596085695,35.533333333],[139.596081751,35.533304505],[139.596072503,35.533122667],[139.596684306,35.533099468],[139.596803748,35.533080865],[139.596877639,35.533069198],[139.59714847,35.533022802],[139.597634577,35.532976135],[139.597748469,35.532961694],[139.5978493,35.53294864],[139.598586809,35.532876694],[139.598747639,35.532855027],[139.59896847,35.532825586],[139.598987081,35.532823082],[139.599000972,35.53281364],[139.599147912,35.532716135],[139.599277302,35.532472919],[139.599445422,35.532157532],[139.599461244,35.532116973],[139.599594864,35.531773081],[139.599601245,35.531513919],[139.599579754,35.531290306],[139.599487368,35.530908468],[139.599356783,35.530648919],[139.599285668,35.530445586],[139.59924511,35.530256135],[139.599222892,35.52985864],[139.599265384,35.529686694],[139.599336784,35.529462802],[139.599397886,35.529320307],[139.599380117,35.529185586],[139.599450389,35.529029468],[139.599510506,35.528881802],[139.599172244,35.528843919],[139.599070311,35.52867536],[139.599568418,35.528495414],[139.6,35.528456892],[139.600002335,35.528456694],[139.600078106,35.528449946],[139.600444112,35.528464748],[139.600721972,35.528502171],[139.600704112,35.528269225],[139.600694553,35.528035107],[139.60085428,35.528018081],[139.601364553,35.527567532],[139.601595668,35.527400027],[139.601670946,35.527345585],[139.601726498,35.527305306],[139.601884552,35.527200865],[139.602057887,35.52706864],[139.602241219,35.526855027],[139.602296783,35.526781414],[139.602407886,35.526557533],[139.602741505,35.525851694],[139.602955668,35.525463081],[139.602958716,35.525457532],[139.603051778,35.52527392],[139.6031162,35.525114198],[139.603156446,35.525000306],[139.60315655,35.525000001],[139.603240364,35.524763081],[139.603373696,35.52448864],[139.603500363,35.52411364],[139.603555084,35.523951414],[139.603674527,35.523609469],[139.603709611,35.523482613],[139.603764034,35.523292279],[139.603764812,35.523030027],[139.603735084,35.522721135],[139.603715084,35.522566414],[139.603660078,35.522152531],[139.603550078,35.521441135],[139.603505084,35.521146972],[139.603425356,35.520872532],[139.603335331,35.520707802],[139.603222826,35.520774747],[139.603125616,35.520832532],[139.602998106,35.520670866],[139.602826446,35.520433641],[139.602621725,35.520129747],[139.602244228,35.519635027],[139.602148664,35.519464468],[139.602121441,35.51933336],[139.60205144,35.51914864],[139.602049493,35.519071694],[139.602126446,35.518736973],[139.60233616,35.518173359],[139.602391167,35.517968919],[139.602507561,35.517627252],[139.602549221,35.517489748],[139.602556161,35.517368081],[139.602571441,35.517271694],[139.60258144,35.517206694],[139.602587835,35.517166694],[139.602904943,35.51682564],[139.602783281,35.516843721],[139.602744617,35.516742414],[139.602672893,35.516666973],[139.602672607,35.516666667],[139.602614384,35.516605414],[139.602244968,35.516290946],[139.601641829,35.51647536],[139.601205137,35.516575946],[139.601113606,35.516626892],[139.600932049,35.516608414],[139.600658275,35.516666667],[139.60065681,35.516666973],[139.600253476,35.516752776],[139.600002243,35.516784469],[139.6,35.516784748],[139.599592049,35.516836225],[139.599607809,35.516980306],[139.599572918,35.517077694],[139.599462309,35.517136054],[139.59918428,35.517088919],[139.599111025,35.517068027],[139.598895616,35.516875441],[139.598758002,35.516804414],[139.598168197,35.516824252],[139.597783891,35.516855693],[139.597822529,35.517309468],[139.597680921,35.517455919],[139.597344164,35.517477333],[139.596901672,35.517467865],[139.596649144,35.517450838],[139.596389637,35.517333387],[139.596037523,35.517187252],[139.595711141,35.517057252],[139.595092244,35.516710225],[139.595007198,35.516666973],[139.595006589,35.516666667],[139.594722529,35.516522252],[139.594246615,35.516217748],[139.593813359,35.515787775],[139.593469441,35.515440306],[139.592701114,35.514654199],[139.592615577,35.514473252],[139.592483502,35.514172081],[139.59237297,35.513924225],[139.592125838,35.513690865],[139.591960143,35.513656135],[139.591668885,35.513612171],[139.591666666,35.513611838],[139.591361634,35.513565775],[139.590632388,35.513550802],[139.590442412,35.513531866],[139.589941946,35.513482252],[139.589541167,35.51339736],[139.589294255,35.513287414],[139.589020803,35.513123641],[139.588535668,35.512785559],[139.588306304,35.512596135],[139.587870726,35.512421892],[139.587517757,35.51229864],[139.587228028,35.512276694],[139.586986083,35.512321414],[139.586904423,35.51235336],[139.586708859,35.512429468],[139.586528859,35.512511135],[139.585960532,35.512706135],[139.585641971,35.512772306],[139.585682918,35.512881721],[139.585555279,35.513194532],[139.585588366,35.513369361],[139.585491363,35.513488306],[139.585199442,35.513637946],[139.585101581,35.513485441],[139.585285162,35.513442838],[139.585321218,35.513228838],[139.585284137,35.513131414],[139.584765616,35.513244333],[139.584269106,35.513465999],[139.583335525,35.513753946],[139.583333333,35.51375464],[139.583120415,35.513820279],[139.58292786,35.513547198],[139.582430117,35.513610198],[139.58256066,35.513758559],[139.582530272,35.513900387],[139.581954553,35.513962171],[139.581800777,35.513721468],[139.582006355,35.513712333],[139.58191192,35.513562801],[139.581582751,35.51358308],[139.581167276,35.513601333],[139.580412049,35.513825001],[139.579950246,35.513867252],[139.579700804,35.513947252],[139.579410467,35.514031946],[139.579047471,35.514204053],[139.578732943,35.514396918],[139.578370558,35.514682],[139.577721089,35.515195306],[139.577396809,35.515415919],[139.577016693,35.515534532],[139.576801388,35.515544721],[139.576493606,35.515596027],[139.576117562,35.515878333],[139.575864553,35.515953802],[139.575266279,35.516093532],[139.575002191,35.516114199],[139.575,35.516114361],[139.574944891,35.516118694],[139.574709663,35.51607964],[139.574486783,35.515951001],[139.574278223,35.515735775],[139.573977004,35.515407973],[139.573669663,35.51516836],[139.573365383,35.514953135],[139.573182581,35.514745721],[139.573091634,35.515188108],[139.572804502,35.515712027],[139.571415162,35.515147333],[139.571326083,35.515099748],[139.571203607,35.514997171],[139.571141362,35.514945026],[139.571005253,35.514832802],[139.570805525,35.514643081],[139.570550777,35.514328919],[139.570300506,35.514049468],[139.570091051,35.513811135],[139.569959664,35.513654748],[139.569589949,35.513374198],[139.569205499,35.513159748],[139.569129196,35.513121919],[139.568637782,35.512950973],[139.568296887,35.512900307],[139.568093644,35.512886865],[139.567488275,35.512675865],[139.566723555,35.512615865],[139.566668834,35.512612279],[139.566666667,35.512612135],[139.566476498,35.512599666],[139.566465499,35.512898613],[139.565967108,35.512820468],[139.565433774,35.512946251],[139.56508939,35.512942532],[139.56464406,35.512965802],[139.564261167,35.512884748],[139.563929533,35.512733839],[139.563719949,35.512587387],[139.563211556,35.512258667],[139.5628355,35.512074198],[139.562408171,35.511886919],[139.56204917,35.511839414],[139.561700466,35.511828224],[139.561642361,35.511456468],[139.561123528,35.511431694],[139.5608238,35.511390306],[139.560609079,35.511330586],[139.560204643,35.511170865],[139.559935473,35.511066694],[139.559765473,35.510991414],[139.559497419,35.510880306],[139.559081583,35.510754748],[139.558894087,35.510721414],[139.5586638,35.510703919],[139.558384916,35.510699198],[139.558335474,35.510699748],[139.558333333,35.510699775],[139.558185188,35.510701413],[139.557879637,35.510742251],[139.557496304,35.510801135],[139.556981855,35.510905865],[139.556325473,35.511040586],[139.555696304,35.511175306],[139.555199922,35.511298919],[139.554807691,35.511370027],[139.554377135,35.511420865],[139.554214915,35.511456694],[139.553495474,35.511068],[139.553180973,35.511375441],[139.552821997,35.511716441],[139.552528003,35.512065802],[139.552278444,35.512563333],[139.552025446,35.513211775],[139.551971855,35.513448919],[139.551765642,35.51377636],[139.551495914,35.514129946],[139.551081219,35.514588252],[139.550954527,35.514842748],[139.550924643,35.515039694],[139.550897276,35.515467333],[139.551010143,35.516199641],[139.551140025,35.516666667],[139.551140117,35.516666973],[139.551141751,35.516672865],[139.551344501,35.516923198],[139.551621192,35.517063468],[139.55170472,35.51714036],[139.55175572,35.517274171],[139.551732478,35.517397866],[139.55125969,35.517669865],[139.551228911,35.518061172],[139.55130022,35.518256694],[139.551256083,35.518657973],[139.550949664,35.51878364],[139.550767717,35.518852533],[139.550685227,35.51888364],[139.550385499,35.51895836],[139.550002166,35.519107865],[139.55,35.519108694],[139.549836329,35.519172532],[139.549771336,35.519197802],[139.549662437,35.519297802],[139.549613165,35.519345414],[139.549570946,35.519397197],[139.549324384,35.519686414],[139.549045499,35.520065586],[139.548797471,35.520415865],[139.548517198,35.520811414],[139.547677471,35.521976135],[139.54729803,35.522574468],[139.547086083,35.523093919],[139.546971634,35.52351364],[139.546942751,35.523684748],[139.546947756,35.523939198],[139.54699275,35.52406392],[139.547127471,35.524471694],[139.54720358,35.524684467],[139.547262503,35.524930586],[139.547269275,35.525],[139.5472693,35.525000306],[139.547278054,35.525089748],[139.547273607,35.525465865],[139.547248613,35.525626974],[139.547221673,35.525799748],[139.547131673,35.526091135],[139.547040558,35.526254198],[139.546956667,35.526405027],[139.546514721,35.526843892],[139.546218612,35.527138613],[139.545872503,35.527510559],[139.545793607,35.527595279],[139.545565006,35.527923333],[139.545507783,35.528015559],[139.545449442,35.52811],[139.545351388,35.528273892],[139.545231945,35.528557775],[139.545189441,35.528658333],[139.545131388,35.528858054],[139.545079728,35.529080279],[139.54505389,35.529443333],[139.545104188,35.530214441],[139.545126977,35.530400839],[139.54515725,35.530959171],[139.545144475,35.531324721],[139.545086135,35.531686946],[139.545013916,35.531944721],[139.544865033,35.532281108],[139.544709468,35.532468614],[139.544525031,35.532623893],[139.544395305,35.532724171],[139.544064475,35.532923333],[139.543839196,35.533120559],[139.54382642,35.533131667],[139.543718366,35.533288333],[139.543698144,35.533333333],[139.543698002,35.533333613],[139.543678365,35.533377225],[139.543643087,35.533456108],[139.543547808,35.533667775],[139.543299754,35.534336108],[139.543202826,35.534604441],[139.543180895,35.534653612],[139.543060338,35.534924722],[139.542955058,35.535125558],[139.542953385,35.535128613],[139.542802827,35.535309171],[139.542689494,35.535412775],[139.542479222,35.535583892],[139.542327004,35.535661387],[139.542058392,35.535770837],[139.542047833,35.535774721],[139.541861997,35.535842505],[139.541668949,35.535993775],[139.541666666,35.535995559],[139.541661725,35.535999441],[139.541535888,35.536140838],[139.541497834,35.536193054],[139.541428949,35.536287775],[139.541318665,35.536439171],[139.541467562,35.536523332],[139.541572283,35.536582504],[139.541666667,35.536636],[139.541668949,35.536637278],[139.541701725,35.536655838],[139.542135889,35.536808892],[139.542742828,35.537036946],[139.542893112,35.537093613],[139.543307562,35.537255],[139.543655888,35.537410559],[139.543717834,35.537429441],[139.543861167,35.537473333],[139.543876161,35.537478054],[139.543967276,35.537511107],[139.544198391,35.537595279],[139.54419895,35.53759556],[139.544422283,35.537676946],[139.544599779,35.537741387],[139.544730441,35.537450586],[139.544853476,35.537490748],[139.544850895,35.537552468],[139.545086834,35.537616946],[139.545039806,35.537780136],[139.545427108,35.537906838],[139.5455638,35.537707224],[139.545743917,35.537816441],[139.545927004,35.537614721],[139.546119222,35.537535],[139.54633061,35.537513613],[139.546536719,35.537497775],[139.546571168,35.537495],[139.546648664,35.53751],[139.546694501,35.537518613],[139.546818106,35.537542505],[139.546831167,35.53759444],[139.546852827,35.537679721],[139.546891167,35.537831387],[139.546895058,35.537846386],[139.547063968,35.538037775],[139.547238418,35.538235278],[139.547548145,35.538342505],[139.547795084,35.538418333],[139.547991751,35.538560559],[139.548186109,35.538885],[139.548436057,35.539221333],[139.548644358,35.539532108],[139.548873476,35.53942992],[139.548672892,35.539095252],[139.549140364,35.538875838],[139.549876277,35.538532919],[139.549987082,35.538764667],[139.549922724,35.538982919],[139.549847302,35.53921736],[139.549955525,35.539297306],[139.549999999,35.539294919],[139.550002308,35.539294802],[139.550063307,35.539291559],[139.550234423,35.539366197],[139.55033428,35.539474586],[139.550755863,35.539549108],[139.551205914,35.53933056],[139.551393748,35.539491639],[139.551695083,35.53968],[139.551700144,35.539790946],[139.551733671,35.539978693],[139.551714967,35.540227413],[139.551791699,35.540501839],[139.551923773,35.540771441],[139.552143969,35.540897505],[139.552016472,35.541015],[139.551992309,35.541037505],[139.551816473,35.541200278],[139.55164428,35.541335559],[139.551638715,35.541339721],[139.55151594,35.541401667],[139.551187328,35.541567775],[139.551254695,35.541666667],[139.55125489,35.541666946],[139.551407056,35.541890279],[139.551054553,35.542117252],[139.551274942,35.542372225],[139.551529002,35.542157225],[139.551713385,35.541994135],[139.552062892,35.542265],[139.552163995,35.542342775],[139.552289558,35.542534892],[139.55243358,35.543054027],[139.552448301,35.543460197],[139.552540245,35.543788748],[139.552539416,35.543943279],[139.552539415,35.544428747],[139.552468886,35.544755612],[139.552407134,35.544844532],[139.5523307,35.54492864],[139.552286615,35.545430946],[139.552294034,35.545899441],[139.552260169,35.546123109],[139.552227834,35.546562919],[139.55216022,35.547118108],[139.55209555,35.547356027],[139.552104087,35.547679027],[139.552030895,35.547865532],[139.551980922,35.54803136],[139.552047328,35.548132837],[139.552164747,35.548181694],[139.552356109,35.548259108],[139.552735162,35.548262865],[139.55293153,35.548292721],[139.553185422,35.548752775],[139.553337912,35.548889171],[139.55355655,35.549153721],[139.553735253,35.549287918],[139.553912244,35.549319559],[139.554086523,35.549485],[139.554082751,35.549581532],[139.554062192,35.549805054],[139.554091608,35.549973279],[139.554094942,35.55],[139.554095007,35.550000279],[139.554115136,35.550160747],[139.554112672,35.550230838],[139.554102387,35.550409171],[139.554427393,35.550696108],[139.55495489,35.551124171],[139.555268494,35.551388612],[139.55532572,35.551436946],[139.55562183,35.551696667],[139.555669883,35.551738893],[139.55573406,35.551797776],[139.555806006,35.551863891],[139.555861556,35.551914721],[139.556152387,35.552000279],[139.556241555,35.552016667],[139.55635572,35.552038053],[139.55652044,35.552095837],[139.556666836,35.552182506],[139.55674406,35.552249441],[139.556784331,35.55228472],[139.556908495,35.552386667],[139.557062671,35.552466946],[139.557208444,35.552457054],[139.557489054,35.552434721],[139.557552672,35.552641387],[139.557603217,35.55287472],[139.557689053,35.553271667],[139.557743502,35.553252225],[139.557901556,35.553125837],[139.558060726,35.552942775],[139.558241829,35.552829722],[139.558333333,35.552751279],[139.558335719,35.552749225],[139.558473774,35.552630838],[139.558592918,35.552489838],[139.558631284,35.552295802],[139.558893257,35.552235694],[139.559177224,35.552186776],[139.55940686,35.552169279],[139.559586005,35.552283],[139.55978572,35.552234838],[139.559955447,35.552288333],[139.56006795,35.552371802],[139.560251828,35.552378614],[139.560515914,35.552353107],[139.560782945,35.552407226],[139.561358444,35.552472775],[139.561705305,35.552395865],[139.561776861,35.552566946],[139.56199131,35.553118054],[139.562155473,35.553466387],[139.562195188,35.553550559],[139.562420467,35.554111667],[139.562494643,35.554243613],[139.562642969,35.554325838],[139.562873528,35.554473892],[139.563079363,35.554630559],[139.563101855,35.554661668],[139.563182698,35.554773054],[139.563186589,35.554778613],[139.563236031,35.554984441],[139.563328807,35.555205279],[139.563384358,35.555338054],[139.563458521,35.555560558],[139.56355742,35.555881667],[139.56355742,35.556054441],[139.563524358,35.556227505],[139.563458521,35.556408613],[139.563282995,35.556929171],[139.563225499,35.557191108],[139.56321105,35.557257225],[139.563204669,35.557334171],[139.563194942,35.557453613],[139.56318939,35.557522775],[139.563234112,35.557690001],[139.563261337,35.557745279],[139.563303554,35.557831387],[139.563335499,35.557896387],[139.563421051,35.557991667],[139.563598003,35.558182505],[139.563686355,35.558333333],[139.563686524,35.558333613],[139.563779105,35.558492225],[139.563934384,35.558644721],[139.564050779,35.558759441],[139.564115499,35.558823055],[139.563935227,35.558888613],[139.56373384,35.558962198],[139.563534112,35.55901636],[139.563481336,35.559030532],[139.563296329,35.559118586],[139.563108276,35.559274694],[139.562973555,35.55938664],[139.562792166,35.559544694],[139.562560778,35.559776081],[139.562442438,35.55989664],[139.562263553,35.56012192],[139.56207572,35.560313748],[139.561481115,35.560622919],[139.561577717,35.560760802],[139.561734773,35.560971027],[139.561787691,35.561228171],[139.561895226,35.561631225],[139.562111089,35.562468306],[139.562202218,35.562831225],[139.562266887,35.562997053],[139.562523385,35.563058694],[139.562549145,35.563078586],[139.562565811,35.563091082],[139.562706354,35.563199694],[139.562906913,35.563285532],[139.56302358,35.56336136],[139.563165057,35.563577],[139.563264423,35.563715081],[139.563517782,35.563952694],[139.563771142,35.56412736],[139.564070753,35.564449694],[139.564415084,35.564783504],[139.565016834,35.56528756],[139.56550834,35.565878333],[139.565747445,35.566104586],[139.565885615,35.566191109],[139.566162335,35.566233226],[139.566391219,35.566210333],[139.566599948,35.566241586],[139.566666667,35.566286279],[139.56666917,35.566287946],[139.566843943,35.566405001],[139.566669169,35.56637736],[139.566666667,35.566376973],[139.566311855,35.566320892],[139.56603847,35.566270414],[139.565619728,35.566250505],[139.56528917,35.56628636],[139.564695058,35.566460279],[139.564305914,35.56660192],[139.564326783,35.566666667],[139.564326861,35.566666919],[139.564392607,35.566870803],[139.564654721,35.567294775],[139.564854812,35.567612748],[139.565043645,35.56788464],[139.565355057,35.568290171],[139.565552335,35.568506748],[139.565667886,35.568665749],[139.566132893,35.569257919],[139.566285083,35.569511387],[139.566553606,35.56982664],[139.566666667,35.569993172],[139.566669169,35.569996865],[139.566765616,35.570138892],[139.567043969,35.570509108],[139.567651142,35.571239973],[139.56786061,35.57144064],[139.567975668,35.571225414],[139.568009196,35.57116136],[139.568140027,35.571152748],[139.568484748,35.571130252],[139.568753359,35.571112468],[139.568762243,35.571111919],[139.568909468,35.571208027],[139.568943917,35.571208306],[139.569205577,35.570944973],[139.569367522,35.570944973],[139.569594189,35.570987198],[139.56978114,35.571024135],[139.569979469,35.571084135],[139.570310025,35.571183865],[139.570496693,35.571235532],[139.570543645,35.571248586],[139.570548911,35.571249973],[139.570913917,35.571329694],[139.571072529,35.571407198],[139.571318366,35.571527198],[139.571460025,35.571579414],[139.571617522,35.571621361],[139.571791971,35.571608306],[139.571964747,35.571542748],[139.572138912,35.571479135],[139.572399755,35.571336081],[139.572610856,35.571262468],[139.572796693,35.571189973],[139.572971971,35.571130532],[139.573129754,35.571081919],[139.573180856,35.571052198],[139.573237523,35.57101136]]},"properties":{"city_code":"14118","city_name":"都筑区","prefecture_code":"14","prefecture_name":"神奈川県"}}],"name":"14100_yokohama-shi_city_2023_border","type":"FeatureCollection"}