{"features":[{"type":"Feature","geometry":{"type":"LineString","coordinates":[[139.564690239,35.578895386],[139.564642559,35.578590242],[139.564522554,35.577750243],[139.564452549,35.576860243],[139.564362544,35.575990244],[139.564272539,35.575050245],[139.564192534,35.574180246],[139.564092529,35.573360247],[139.563912524,35.572480248],[139.563652519,35.571610249],[139.563382514,35.57082025],[139.563092508,35.569940251],[139.562822505,35.569380252],[139.562632502,35.569030252],[139.562282498,35.568350253],[139.561913964,35.567800804],[139.561732493,35.567530254],[139.561202487,35.566730255],[139.560622482,35.565980255],[139.560142478,35.565400256],[139.559342471,35.564560256],[139.558642466,35.563890257],[139.558022142,35.563329427],[139.557912461,35.563230257],[139.557172456,35.562630257],[139.556382451,35.562020257],[139.555652447,35.561410258],[139.554862441,35.560720258],[139.554372438,35.560280258],[139.553822434,35.559760259],[139.553122428,35.559020259],[139.552783095,35.558619739],[139.552512423,35.558300259],[139.55217242,35.55793026],[139.552043289,35.55776239],[139.551572415,35.55715026],[139.55102241,35.556440261],[139.550432404,35.555650261],[139.549972399,35.554890262],[139.549402392,35.553960262],[139.548962388,35.553260263],[139.548402382,35.552430264],[139.547872377,35.551720264],[139.547312372,35.550990264],[139.546842368,35.550460265],[139.546682367,35.550270265],[139.546012361,35.549560265],[139.545422357,35.548950266],[139.544782352,35.548350266],[139.544092347,35.547670266],[139.543372342,35.546980267],[139.542682337,35.546320267],[139.542042332,35.545680267],[139.541992322,35.545629117],[139.541602329,35.545230268],[139.540912324,35.544590268],[139.540622321,35.544310268],[139.539982316,35.543600269],[139.539382311,35.542910269],[139.539146619,35.542631059],[139.538732305,35.54214027],[139.537862296,35.540990271],[139.537032288,35.539860272],[139.536412282,35.539070272],[139.535862277,35.538380273],[139.535182272,35.537660274],[139.534572267,35.537020274],[139.533832261,35.536360274],[139.533322258,35.535960275],[139.532942256,35.535640275],[139.532282252,35.535150275],[139.531472247,35.534640275],[139.530622243,35.534110275],[139.529662239,35.533640275],[139.528792235,35.533210275],[139.527832231,35.532780275],[139.525832224,35.532080274],[139.52472222,35.531690274],[139.523832217,35.531420274],[139.522782214,35.531070274],[139.521722211,35.530780273],[139.520752208,35.530520273],[139.519612205,35.530190273],[139.518612201,35.529840273],[139.517602198,35.529520272],[139.517528498,35.529493392],[139.516752195,35.529210272],[139.515922192,35.528880272],[139.514832188,35.528420272],[139.513792184,35.527960272],[139.512332178,35.527250272],[139.511342174,35.526750271],[139.51050217,35.526240271],[139.510468029,35.526219941],[139.509612165,35.525710271],[139.508812161,35.525180271],[139.508262158,35.524830271],[139.507402153,35.52423027],[139.506602148,35.523580271],[139.505782142,35.522840271],[139.505242138,35.522370271],[139.504312132,35.521570271],[139.503562127,35.520910271],[139.502792121,35.520210272],[139.502012116,35.519540272],[139.501162111,35.518900272],[139.500312106,35.518330273],[139.499482101,35.517770273],[139.498762098,35.517350272],[139.498142095,35.517010272],[139.497482093,35.516710272],[139.49662209,35.516330272],[139.495822087,35.516010272],[139.494602083,35.515570271],[139.493732081,35.515250271],[139.492822078,35.51491027],[139.491462073,35.51439027],[139.490502069,35.51392027],[139.489652065,35.51345027],[139.488762061,35.51292027],[139.487932056,35.51236027],[139.487132051,35.51170027],[139.486412046,35.510960271],[139.485782041,35.510250271],[139.485132035,35.509450271],[139.484527719,35.508634932],[139.484502029,35.508600272],[139.483952024,35.507860272],[139.483302019,35.507090273],[139.482682014,35.506310273],[139.481992008,35.505510274],[139.481645447,35.505125908]]},"properties":{"任意ID":"1","区分":"第１次緊急輸送道路","枝ID":"1","行政区域":"14100","資料名称":"神奈川県緊急輸送道路ネットワーク計画図","資料年月":"2018 03","路線名称":"第一東海自動車道（東名高速）","道路種別":"高速自動車国道"}},{"type":"Feature","geometry":{"type":"LineString","coordinates":[[139.478518326,35.502138509],[139.478331984,35.501960275],[139.477601979,35.501220276],[139.476951974,35.500510276],[139.476331969,35.499780277],[139.475681963,35.499000278],[139.475145898,35.498275459],[139.474971956,35.498040279],[139.474511951,35.49733028],[139.474061946,35.496570281],[139.47353194,35.495660282],[139.473241935,35.495040283],[139.472831929,35.494180284],[139.472401923,35.493280285],[139.472011917,35.492440287],[139.471571911,35.491620288],[139.471081905,35.490830289],[139.47093756,35.490634727]]},"properties":{"任意ID":"1","区分":"第１次緊急輸送道路","枝ID":"2","行政区域":"14100","資料名称":"神奈川県緊急輸送道路ネットワーク計画図","資料年月":"2018 03","路線名称":"第一東海自動車道（東名高速）","道路種別":"高速自動車国道"}},{"type":"Feature","geometry":{"type":"LineString","coordinates":[[139.480871761,35.505964631],[139.480990622,35.506081941],[139.480994222,35.506086611],[139.481072802,35.506188621],[139.481140003,35.506275851],[139.481300904,35.50648471],[139.481620408,35.50704655],[139.482485387,35.508333579],[139.482723329,35.508678589],[139.48288786,35.508796939],[139.48293725,35.508815799],[139.48308757,35.508859989],[139.483170101,35.508893889],[139.483418821,35.508942089],[139.483459541,35.508949989],[139.483645641,35.50895583],[139.483817851,35.50892751],[139.48415564,35.508814991],[139.48432219,35.508734401],[139.484527719,35.508634932]]},"properties":{"任意ID":"1","区分":"第１次緊急輸送道路","枝ID":"3","行政区域":"14100","資料名称":"神奈川県緊急輸送道路ネットワーク計画図","資料年月":"2018 03","路線名称":"第一東海自動車道（東名高速）","道路種別":"高速自動車国道"}},{"type":"Feature","geometry":{"type":"LineString","coordinates":[[139.535594648,35.549717911],[139.536003404,35.548979711],[139.537759767,35.545807725],[139.537839526,35.545644426],[139.538171162,35.544965426],[139.538497268,35.544228407],[139.538833403,35.543396138],[139.539146619,35.542631059]]},"properties":{"任意ID":"1","区分":"第１次緊急輸送道路","枝ID":"6","行政区域":"14100","資料名称":"神奈川県緊急輸送道路ネットワーク計画図","資料年月":"2018 03","路線名称":"第一東海自動車道（東名高速）","道路種別":"高速自動車国道"}},{"type":"Feature","geometry":{"type":"LineString","coordinates":[[139.64269179,35.438510385],[139.6421828,35.440047383],[139.641910802,35.440369383],[139.641487803,35.440576382],[139.640840804,35.440973382],[139.640193805,35.441323382],[139.640031535,35.441402562],[139.639445806,35.441688382],[139.639041806,35.441880382],[139.637764557,35.442540772],[139.637662808,35.442593382],[139.636743808,35.443094381],[139.63608781,35.443519381],[139.635408812,35.444086381],[139.634803934,35.44467473],[139.634127818,35.445332379],[139.632757826,35.446887378],[139.632255829,35.447507377],[139.632142831,35.447870377],[139.632180835,35.448254376],[139.632291837,35.448504375],[139.632478991,35.448911205],[139.632654924,35.449293644],[139.632757846,35.449517373],[139.63283985,35.449942373],[139.632871854,35.450471372],[139.632855858,35.450987371],[139.632748861,35.451340371],[139.632508862,35.451640371],[139.631943864,35.45211037],[139.631397866,35.45248037],[139.631059866,35.45267537],[139.630128868,35.45327937],[139.62923287,35.45383537],[139.628640873,35.45437537],[139.628237875,35.454842369],[139.627979877,35.455140369],[139.626865214,35.456431868],[139.626775885,35.456535368],[139.625872891,35.457582367],[139.625178896,35.458411366],[139.6245679,35.459178366],[139.624164904,35.459857365],[139.623945906,35.460284365],[139.623908908,35.460449364],[139.623901358,35.460539144],[139.623871911,35.460889364],[139.623880917,35.461677363],[139.623871928,35.463153361],[139.623874933,35.46371936],[139.623815943,35.465025358],[139.623838947,35.465579358],[139.623870949,35.465800357],[139.624038951,35.465999357],[139.624535956,35.466515356],[139.62488796,35.466926355],[139.625057962,35.467124355],[139.625227964,35.467323355],[139.62578497,35.467938353],[139.626176973,35.468316353],[139.626464975,35.468518352],[139.626729977,35.468673352],[139.62734398,35.468902351],[139.628652987,35.469397349],[139.629608992,35.469759348],[139.629974994,35.469901348],[139.630030815,35.469952268],[139.630259997,35.470161347],[139.630772002,35.470704346],[139.63152546,35.471512455],[139.632054015,35.472079344],[139.632955024,35.473028342],[139.633830033,35.47395834],[139.634323038,35.474468339],[139.634920044,35.475070338],[139.635281047,35.475286337],[139.63598005,35.475518337],[139.636762054,35.475765336],[139.637315057,35.476085335],[139.63770906,35.476355335],[139.63866007,35.477355333],[139.639301077,35.478071332],[139.640049085,35.47902133],[139.64071009,35.479550329],[139.641335096,35.480048328],[139.642155101,35.480598327],[139.642734105,35.480969326],[139.643281109,35.481320325],[139.643924113,35.481680324],[139.644826118,35.482084323],[139.645825123,35.482488321],[139.646654127,35.48277332],[139.647735132,35.483106319],[139.648578136,35.483346318],[139.649371139,35.483555317],[139.650269143,35.483810316],[139.650739146,35.484038315],[139.651386149,35.484375314],[139.651992153,35.484652314],[139.652800156,35.484938313],[139.654468163,35.485464311],[139.655324487,35.48568061],[139.656396171,35.485951308],[139.657294174,35.486176307],[139.657965177,35.486425306],[139.658215178,35.486490306],[139.65857518,35.486666306],[139.659095184,35.487037305],[139.660426194,35.488040303],[139.661246201,35.488672301],[139.661584202,35.488800301],[139.661994204,35.4888823],[139.662544205,35.4888753],[139.662981205,35.4888693],[139.663797207,35.488883299],[139.664330207,35.488906298],[139.665279211,35.489184297],[139.666124214,35.489468296],[139.66743022,35.490018294],[139.668475225,35.490467292],[139.669282229,35.490818291],[139.670482235,35.491304289],[139.670940357,35.491511858],[139.671441555,35.491705607],[139.671891241,35.491877287],[139.672396243,35.492069286],[139.672931246,35.492292285],[139.673438248,35.492468285],[139.674576253,35.492925283],[139.675405257,35.493228282],[139.676964264,35.493801279],[139.67856027,35.494392277],[139.681003281,35.495298272],[139.682330287,35.49580027],[139.683535232,35.496256488],[139.684089295,35.496466267],[139.685461301,35.496972264],[139.686373305,35.497305263],[139.687007307,35.497544262],[139.68773517,35.49776417],[139.688448312,35.497938259],[139.689938317,35.498289256],[139.69069932,35.498492255],[139.691506324,35.498855253],[139.692444328,35.499231252],[139.694244337,35.499988248],[139.695094341,35.500374246],[139.695896345,35.500704245],[139.696821349,35.501112243],[139.697592353,35.501482241],[139.698084356,35.50177824],[139.698490359,35.502055239],[139.698804361,35.502291239],[139.699292365,35.502665237],[139.699752368,35.503014236],[139.700322372,35.503362235],[139.700697373,35.503531234],[139.700832744,35.503585958]]},"properties":{"任意ID":"3","区分":"第１次緊急輸送道路","枝ID":"1","行政区域":"14100","資料名称":"神奈川県緊急輸送道路ネットワーク計画図","資料年月":"2018 03","路線名称":"県道高速横浜羽田空港線（首都高速）","道路種別":"都市高速道路"}},{"type":"Feature","geometry":{"type":"LineString","coordinates":[[139.640049085,35.47902133],[139.639716535,35.478744052],[139.639476177,35.478597597],[139.639288581,35.478369128],[139.639142021,35.478251964],[139.638954425,35.478193382],[139.638743381,35.478169949],[139.6384913,35.478169949],[139.638227494,35.478181666],[139.638051624,35.47816995],[139.637801593,35.478048783]]},"properties":{"任意ID":"3","区分":"第１次緊急輸送道路","枝ID":"2","行政区域":"14100","資料名称":"神奈川県緊急輸送道路ネットワーク計画図","資料年月":"2018 03","路線名称":"県道高速横浜羽田空港線（首都高速）","道路種別":"都市高速道路"}},{"type":"Feature","geometry":{"type":"LineString","coordinates":[[139.628237875,35.454842369],[139.628662898,35.454825038],[139.629073264,35.454901194],[139.629413281,35.455047649],[139.629721374,35.455236631]]},"properties":{"任意ID":"3","区分":"第１次緊急輸送道路","枝ID":"3","行政区域":"14100","資料名称":"神奈川県緊急輸送道路ネットワーク計画図","資料年月":"2018 03","路線名称":"県道高速横浜羽田空港線（首都高速）","道路種別":"都市高速道路"}},{"type":"Feature","geometry":{"type":"LineString","coordinates":[[139.625227964,35.467323355],[139.625022839,35.467403554],[139.624695964,35.467531355],[139.623843963,35.467691355],[139.623053961,35.467765355],[139.621911959,35.467909355],[139.620998957,35.467987356],[139.620042956,35.468101356],[139.619176954,35.468179356],[139.618553953,35.468237356],[139.618049952,35.468284356],[139.617355951,35.468355357],[139.61685095,35.468413357],[139.616422949,35.468464357],[139.616064054,35.468541488],[139.615966949,35.468562357],[139.615700949,35.468657357],[139.615429949,35.468799357],[139.615374428,35.468828165],[139.615357329,35.468837037],[139.61500595,35.469019357],[139.614567951,35.469296357],[139.614034951,35.469558357],[139.613635951,35.469718357],[139.612722953,35.470198356],[139.612203953,35.470456356],[139.611903954,35.470589356],[139.611589954,35.470726356],[139.611180954,35.470890356],[139.610952954,35.470976356],[139.610633954,35.471038356],[139.610381953,35.471046356],[139.609934952,35.471050357],[139.609144949,35.470894357],[139.608276946,35.470755358],[139.607822945,35.470755358],[139.607458944,35.470755358],[139.606716943,35.470864359],[139.605860943,35.471075359],[139.605346943,35.471341359],[139.605013944,35.471536359],[139.604680946,35.471864358],[139.604148948,35.472310358],[139.603862948,35.472450358],[139.603001948,35.472743008],[139.602947948,35.472761358],[139.602505948,35.472864358],[139.602120949,35.473051358],[139.60158595,35.473356358],[139.601261951,35.473587357],[139.601150951,35.473666357],[139.600451954,35.474282357],[139.600009216,35.474646216],[139.600002956,35.474651356],[139.599510957,35.475030356],[139.599018959,35.475409356],[139.598384962,35.475897355],[139.597888964,35.476385355],[139.597625967,35.476788355],[139.597212973,35.477677354],[139.596799978,35.478534353],[139.596261982,35.479180353]]},"properties":{"任意ID":"4","区分":"第１次緊急輸送道路","枝ID":"1","行政区域":"14100","資料名称":"神奈川県緊急輸送道路ネットワーク計画図","資料年月":"2018 03","路線名称":"横浜市道高速1号線（首都高速）","道路種別":"都市高速道路"}},{"type":"Feature","geometry":{"type":"LineString","coordinates":[[139.616064054,35.468541488],[139.615943718,35.468431993],[139.615785394,35.468363029],[139.615610833,35.468383313],[139.615513404,35.46848473],[139.615440333,35.468618601],[139.615429949,35.468799357],[139.615432062,35.46884868]]},"properties":{"任意ID":"4","区分":"第１次緊急輸送道路","枝ID":"2","行政区域":"14100","資料名称":"神奈川県緊急輸送道路ネットワーク計画図","資料年月":"2018 03","路線名称":"横浜市道高速1号線（首都高速）","道路種別":"都市高速道路"}},{"type":"Feature","geometry":{"type":"LineString","coordinates":[[139.599510957,35.475030356],[139.599571533,35.474752327],[139.599555293,35.474545436],[139.599510636,35.474370998],[139.599451068,35.474081642]]},"properties":{"任意ID":"4","区分":"第１次緊急輸送道路","枝ID":"3","行政区域":"14100","資料名称":"神奈川県緊急輸送道路ネットワーク計画図","資料年月":"2018 03","路線名称":"横浜市道高速1号線（首都高速）","道路種別":"都市高速道路"}},{"type":"Feature","geometry":{"type":"LineString","coordinates":[[139.580467235,35.441289378],[139.583141655,35.441920415],[139.585521662,35.442240414],[139.588351671,35.442600412],[139.589431673,35.442610411],[139.590941674,35.44239041],[139.592921672,35.44173041],[139.595231667,35.440610411],[139.596039345,35.440184931],[139.596351664,35.440020411],[139.597291663,35.439710411],[139.599271662,35.439190411],[139.600951665,35.43905041],[139.602241668,35.43899041],[139.602751669,35.43890041],[139.603431668,35.43863041],[139.604181666,35.43818041],[139.604751662,35.437540411],[139.605331658,35.436950412],[139.606001657,35.436620412],[139.607031657,35.436400412],[139.608291662,35.436510411],[139.609741667,35.43665041],[139.610351669,35.43665041],[139.610901669,35.436570409],[139.611681669,35.436300409],[139.612422187,35.43586699],[139.614671662,35.43455041],[139.615350881,35.434168351],[139.616591658,35.433470411],[139.617471658,35.433120411],[139.618831659,35.432810411],[139.619599541,35.43275447],[139.620341663,35.43270041],[139.621338466,35.432706339],[139.622021668,35.432710409],[139.623491674,35.432860408],[139.625161682,35.433130406],[139.627111694,35.433670404],[139.629271708,35.434430401],[139.63236173,35.435660397],[139.634281744,35.436440394],[139.635441751,35.436880393],[139.635991754,35.437000392],[139.636481756,35.437020392],[139.63727389,35.437085391],[139.638431764,35.43718039],[139.639341769,35.437410389],[139.640361776,35.437820388],[139.641151782,35.438140387],[139.641741785,35.438280386],[139.64269179,35.438510385],[139.643604795,35.438741384],[139.644542801,35.439101383],[139.645114805,35.439427382],[139.647942823,35.440713378],[139.650579838,35.441791374],[139.652679845,35.442520372],[139.653704549,35.442862541],[139.65381785,35.44290037],[139.654879853,35.443167369],[139.655679854,35.443219369],[139.656692856,35.443270368],[139.657130295,35.443189088],[139.657467855,35.443126368],[139.658054854,35.442798368],[139.660917837,35.44027237],[139.661992831,35.439409371],[139.662261679,35.439175392],[139.663187333,35.438369803],[139.663904818,35.437745374],[139.664486006,35.437473824],[139.664923575,35.437355024],[139.665490145,35.437301944],[139.665998535,35.437264034],[139.666597985,35.437246333],[139.667943577,35.437365132],[139.668228127,35.437427062],[139.668526818,35.437554372]]},"properties":{"任意ID":"5","区分":"第１次緊急輸送道路","枝ID":"1","行政区域":"14100","資料名称":"神奈川県緊急輸送道路ネットワーク計画図","資料年月":"2018 03","路線名称":"横浜市道高速2号線（首都高速）","道路種別":"都市高速道路"}},{"type":"Feature","geometry":{"type":"LineString","coordinates":[[139.584018972,35.44494389],[139.58396649,35.444628891],[139.583881197,35.444358151],[139.583775834,35.444067362],[139.583622812,35.443743972],[139.583454739,35.443448163],[139.583221435,35.443092193],[139.582995673,35.442798894],[139.582679589,35.442473005],[139.582333416,35.442187215],[139.581969674,35.441949066],[139.581553251,35.441733476],[139.580467235,35.441289378]]},"properties":{"任意ID":"5","区分":"第１次緊急輸送道路","枝ID":"2","行政区域":"14100","資料名称":"神奈川県緊急輸送道路ネットワーク計画図","資料年月":"2018 03","路線名称":"横浜市道高速2号線（首都高速）","道路種別":"都市高速道路"}},{"type":"Feature","geometry":{"type":"LineString","coordinates":[[139.621338466,35.432706339],[139.621576808,35.432814699],[139.621693449,35.432878619],[139.62180132,35.432943798],[139.621910441,35.433016498],[139.621990712,35.433076668],[139.622051552,35.433125148],[139.622082883,35.433151988],[139.622117483,35.433186438],[139.622149053,35.433221688],[139.622188294,35.433275638],[139.622252316,35.433443937],[139.622267856,35.433484797],[139.622505224,35.434230946],[139.622635998,35.434638435],[139.622946337,35.435605713],[139.623178325,35.436328822],[139.623214076,35.436427322],[139.623265877,35.436553181],[139.623313628,35.436641161],[139.623354808,35.436696231],[139.623430629,35.436769211],[139.62349782,35.436824651],[139.623582601,35.436879711],[139.623658401,35.43692418],[139.623799223,35.43699901],[139.623868523,35.43703322],[139.623913313,35.43705533],[139.623965434,35.43707708],[139.625050421,35.437529779]]},"properties":{"任意ID":"5","区分":"第１次緊急輸送道路","枝ID":"3","行政区域":"14100","資料名称":"神奈川県緊急輸送道路ネットワーク計画図","資料年月":"2018 03","路線名称":"横浜市道高速2号線（首都高速）","道路種別":"都市高速道路"}},{"type":"Feature","geometry":{"type":"LineString","coordinates":[[139.657467855,35.443126368],[139.657748046,35.443094907]]},"properties":{"任意ID":"5","区分":"第１次緊急輸送道路","枝ID":"4","行政区域":"14100","資料名称":"神奈川県緊急輸送道路ネットワーク計画図","資料年月":"2018 03","路線名称":"横浜市道高速2号線（首都高速）","道路種別":"都市高速道路"}},{"type":"Feature","geometry":{"type":"LineString","coordinates":[[139.614671662,35.43455041],[139.614086926,35.434739607],[139.613812554,35.434852504],[139.613635018,35.434884761],[139.613425203,35.434900889],[139.613231527,35.434892825],[139.613021711,35.434820248],[139.612787686,35.43472348],[139.612618219,35.43462671],[139.612440681,35.434465429],[139.612311564,35.434384788],[139.612101747,35.434255762],[139.611778953,35.434094481],[139.611480369,35.434005776],[139.611203116,35.433855714]]},"properties":{"任意ID":"5","区分":"第１次緊急輸送道路","枝ID":"5","行政区域":"14100","資料名称":"神奈川県緊急輸送道路ネットワーク計画図","資料年月":"2018 03","路線名称":"横浜市道高速2号線（首都高速）","道路種別":"都市高速道路"}},{"type":"Feature","geometry":{"type":"MultiLineString","coordinates":[[[139.643393093,35.366988593],[139.643393102,35.368020589],[139.643393111,35.369022585],[139.643372119,35.370024581],[139.64331513,35.371283577],[139.643272137,35.372039574],[139.643208144,35.37294157],[139.643137155,35.374207565],[139.643022163,35.375209562],[139.64290817,35.375941559],[139.642808173,35.376305558],[139.642616175,35.376697556],[139.642117181,35.377488553],[139.641760183,35.377857552],[139.641432184,35.378086551],[139.640983185,35.37836755],[139.640647186,35.378549549],[139.640098186,35.378807548],[139.639364186,35.379082547],[139.638629186,35.379281546],[139.637416184,35.379562544],[139.636175182,35.379850543],[139.63448518,35.38022554],[139.633287178,35.380512539],[139.631846177,35.380857537],[139.630312176,35.381279534],[139.629728175,35.381473534],[139.629079175,35.381707532],[139.628495176,35.381950531],[139.628223176,35.382064531],[139.627367176,35.382404529],[139.626568177,35.382767528],[139.625947178,35.383043526],[139.625306179,35.383371525],[139.62477118,35.383664524],[139.624307182,35.383939523],[139.623701183,35.384308522],[139.623394134,35.384505342],[139.623052185,35.384724521],[139.622253188,35.385287519],[139.621632191,35.385726518],[139.620784195,35.386406516],[139.6199702,35.387168514],[139.619521204,35.387642513],[139.619093207,35.388094512],[139.618587211,35.38865651],[139.618216215,35.389095509],[139.617888218,35.389511508],[139.617652221,35.389834507],[139.617381224,35.390203506],[139.617182226,35.390472506],[139.61694623,35.390877505],[139.616718234,35.391369504],[139.616583239,35.391873502],[139.616468244,35.392371501],[139.61641925,35.3929925],[139.616383258,35.393765498],[139.616383268,35.394761495],[139.616454276,35.395482493],[139.61654728,35.395851493],[139.616750286,35.396399491],[139.616767847,35.396431631],[139.617110294,35.39705849],[139.617453301,35.397609488],[139.617856308,35.398234487],[139.618259316,35.398834485],[139.619179332,35.400175481],[139.620377354,35.401845477],[139.621197369,35.403064474],[139.622317389,35.40462347],[139.623080403,35.405736468],[139.623551411,35.406410466],[139.623858417,35.406890465],[139.624293425,35.407488463],[139.624649431,35.407962462],[139.62517044,35.40867746],[139.62577645,35.409451458],[139.626197456,35.409908457],[139.626661462,35.410382456],[139.62725347,35.410904454],[139.627788476,35.411349453],[139.628166481,35.411683452],[139.628686486,35.412029451],[139.629293492,35.41241045],[139.62973472,35.41265517]],[[139.630082741,35.412846557],[139.630184499,35.412902448],[139.630740504,35.413183447],[139.631318509,35.413470446],[139.631910514,35.413792445],[139.63262352,35.414126444],[139.633536526,35.414490443],[139.63406453,35.414706442],[139.634742535,35.414970441],[139.635262538,35.415122441],[139.636033543,35.41531044],[139.636953548,35.415533439],[139.637916553,35.415755438],[139.638793558,35.415972437],[139.639511562,35.416158436],[139.639656562,35.416195436],[139.640833569,35.416499435],[139.641582573,35.416681434],[139.642181576,35.416833434],[139.643258583,35.417144432],[139.644299589,35.417495431],[139.645340596,35.41786543],[139.646218602,35.418140428],[139.646738605,35.418298428],[139.647238608,35.418415427],[139.64783061,35.418486427],[139.648686613,35.418503426],[139.649163614,35.418450426],[139.649656614,35.418380426],[139.650141614,35.418263426],[139.650989613,35.417999427],[139.652045611,35.417665427],[139.653143609,35.417261428],[139.653621608,35.417068428],[139.654063607,35.416868428],[139.654456605,35.416616429],[139.654962601,35.41620643],[139.655376599,35.41587843],[139.656175594,35.415228432],[139.656831589,35.414701433],[139.657672584,35.414038435],[139.658257581,35.413599436],[139.658871578,35.413183437],[139.659363576,35.412943437],[139.659694576,35.412833437],[139.660147575,35.412708438],[139.660689576,35.412626438],[139.661438577,35.412579438],[139.662451578,35.412568437],[139.66309358,35.412650437],[139.663685582,35.412767436],[139.664284585,35.412960435],[139.665112589,35.413277434],[139.665511591,35.413458433],[139.665932594,35.413669432],[139.666638598,35.414050431],[139.667444603,35.414484429],[139.667872606,35.414742428],[139.66836461,35.415070427],[139.668522472,35.415195457],[139.668792614,35.415409426],[139.669041617,35.415661425],[139.669327621,35.416013424],[139.669726626,35.416529422],[139.66998363,35.416904421],[139.670240636,35.41747242],[139.670354641,35.417970418],[139.67053965,35.418925416],[139.670703664,35.420355412],[139.670796675,35.421550409],[139.670817691,35.423138405],[139.670875702,35.424292402],[139.670996715,35.425739398],[139.671103725,35.426771396],[139.671245737,35.428142392],[139.671231745,35.42901539],[139.671167751,35.429659388],[139.670946762,35.430937385],[139.670884075,35.431195015],[139.670718771,35.431874383],[139.670518778,35.432659381],[139.670254786,35.433532379],[139.670145789,35.433898379],[139.669933794,35.434493377],[139.669926644,35.434512077],[139.6696338,35.435278376],[139.669320806,35.436075374],[139.668984811,35.436679373],[139.668526818,35.437554372],[139.667900829,35.438841369],[139.667608835,35.439632368],[139.667381843,35.440520366],[139.667261848,35.441200364],[139.667261855,35.441990363],[139.667301861,35.442820361],[139.667461868,35.44369036],[139.667561872,35.444180359],[139.667731876,35.444680358],[139.668091883,35.445510356],[139.668541889,35.446330354],[139.669031896,35.447110352],[139.669195928,35.447347612],[139.669591902,35.44792035],[139.670131909,35.448750348],[139.67097192,35.450030345],[139.671518661,35.450850455]],[[139.67659985,35.458508164],[139.677272,35.459520324],[139.678002008,35.460600321],[139.678322012,35.46102032],[139.678728196,35.461476489],[139.678972018,35.461750318],[139.679602024,35.462390317],[139.680233408,35.462942765],[139.680322029,35.463020315],[139.680842033,35.463420314],[139.681372036,35.463760313],[139.682202041,35.464300311],[139.682722043,35.46457031],[139.683252046,35.464860308],[139.683812048,35.465120307],[139.685212055,35.465770304],[139.685791384,35.466022591],[139.68632206,35.466260302],[139.687672066,35.4668703],[139.689102072,35.467490297],[139.691242081,35.468450293],[139.694076734,35.469685016]],[[139.7053744,35.474677919],[139.706022145,35.474960262],[139.708792157,35.476170255],[139.710762166,35.47705025],[139.713132176,35.478070245],[139.715392185,35.479080239],[139.717212193,35.479870235],[139.718361266,35.48037181]]]},"properties":{"任意ID":"6","区分":"第１次緊急輸送道路","枝ID":"6","行政区域":"14100","資料名称":"神奈川県緊急輸送道路ネットワーク計画図","資料年月":"2018 03","路線名称":"県道高速湾岸線（首都高速）","道路種別":"都市高速道路"}},{"type":"Feature","geometry":{"type":"LineString","coordinates":[[139.628495176,35.381950531],[139.628163388,35.381878234]]},"properties":{"任意ID":"6","区分":"第１次緊急輸送道路","枝ID":"4","行政区域":"14100","資料名称":"神奈川県緊急輸送道路ネットワーク計画図","資料年月":"2018 03","路線名称":"県道高速湾岸線（首都高速）","道路種別":"都市高速道路"}},{"type":"Feature","geometry":{"type":"MultiLineString","coordinates":[[[139.672396243,35.492069286],[139.671969241,35.491847287],[139.67184387,35.491728823],[139.671733239,35.491624287],[139.671619237,35.491331288],[139.671598234,35.490974288],[139.671626232,35.490652288],[139.671775229,35.490329289],[139.672068226,35.489861289],[139.672587221,35.489056289],[139.673064556,35.4882827],[139.673101215,35.48822329],[139.67361821,35.48740229],[139.674127204,35.486589291],[139.674665199,35.485773292],[139.675208193,35.484942292],[139.675712188,35.484138292],[139.675830185,35.483818293],[139.675846184,35.483582293],[139.675815181,35.483270293],[139.675666174,35.482333295],[139.675531167,35.481431296],[139.675395159,35.480503297],[139.675249152,35.479582298],[139.675107145,35.478657299],[139.675057142,35.478239299],[139.675057137,35.4776843],[139.67510313,35.476758301],[139.675158123,35.475823302],[139.675210116,35.474890303],[139.675256112,35.474403303],[139.675543102,35.473054305],[139.675666099,35.472589306],[139.675828096,35.472162307],[139.67612295,35.471478115]],[[139.677197111,35.467090141],[139.677282055,35.466712314],[139.677464048,35.465783315],[139.677615041,35.464892316],[139.677824034,35.463979317],[139.677920031,35.463515317],[139.678070028,35.463069318],[139.678299024,35.462599318],[139.678535022,35.462268318],[139.678861586,35.461881221],[139.678972018,35.461750318]]]},"properties":{"任意ID":"7","区分":"第１次緊急輸送道路","枝ID":"1","行政区域":"14100","資料名称":"神奈川県緊急輸送道路ネットワーク計画図","資料年月":"2018 03","路線名称":"横浜市道高速湾岸線（首都高速）","道路種別":"都市高速道路"}},{"type":"Feature","geometry":{"type":"LineString","coordinates":[[139.685087033,35.529924384],[139.685031994,35.529793012],[139.684774329,35.529177553],[139.684448563,35.528400954],[139.68430368,35.528068074],[139.684034986,35.527600435],[139.683780872,35.527205795],[139.68360614,35.526984966],[139.683370318,35.526754406],[139.683049685,35.526451027],[139.682670812,35.526169387],[139.682615792,35.526124358],[139.68233691,35.525926878],[139.682028358,35.525757479],[139.681791957,35.525624419],[139.681530015,35.525506079],[139.681300044,35.52542592],[139.681017103,35.52530754],[139.68037307,35.525069141],[139.680156329,35.524993511],[139.679613547,35.524804092],[139.679366116,35.524717753],[139.677508257,35.524017616],[139.676378922,35.523599017],[139.67600544,35.523472608],[139.675446648,35.523276099],[139.675002485,35.5231046],[139.674532203,35.52292304],[139.674051211,35.522749641],[139.673756649,35.522628311],[139.673419417,35.522469982],[139.673039125,35.522234013],[139.67249562,35.521848354],[139.672204428,35.521600074],[139.672088577,35.521498704],[139.671972716,35.521397324],[139.671757864,35.521204505],[139.670990207,35.520478426],[139.670653814,35.520158267],[139.670162789,35.519687788],[139.669590224,35.519127519],[139.668746986,35.51830838],[139.668178041,35.517761301],[139.667342163,35.516966762],[139.666257613,35.515956394],[139.665195154,35.514962556],[139.664889191,35.514647096],[139.664555748,35.514274167],[139.664363506,35.514059167],[139.664231154,35.513898478],[139.664200454,35.513859088],[139.663959611,35.513546948],[139.663814059,35.513332229],[139.663633777,35.513041679],[139.663520575,35.512834199],[139.663493055,35.512783329],[139.663259041,35.51234583],[139.663123058,35.51205797],[139.663105968,35.5120148],[139.662995716,35.511708621],[139.662964715,35.511611171],[139.662936994,35.511524021],[139.662909274,35.511436871],[139.662716619,35.510831241],[139.662703108,35.510787621],[139.662184005,35.509067403],[139.662158144,35.508978423],[139.661976179,35.508333614],[139.661947348,35.508231394],[139.661892066,35.507926664],[139.661878184,35.507705015],[139.661857341,35.507337785],[139.661864879,35.507035685],[139.661950718,35.505570447],[139.661957297,35.505462477],[139.662002351,35.504731867],[139.662020029,35.504445208],[139.662045676,35.504082538],[139.662065985,35.503853118],[139.662104291,35.503354889],[139.662123099,35.503109689],[139.662188404,35.502466919],[139.662263668,35.50164553],[139.662289566,35.501342981],[139.662297042,35.500794181],[139.662298778,35.500280792],[139.662282586,35.500000292],[139.662256442,35.499546932],[139.662160439,35.499062823],[139.662126117,35.498864123],[139.661821721,35.498158073],[139.661646999,35.497836684],[139.661423135,35.497443384],[139.661325644,35.497309685],[139.66098775,35.496878675],[139.660769298,35.496614395],[139.660701297,35.496539016],[139.660490595,35.496319466],[139.65995475,35.495788917],[139.659468636,35.495355307],[139.659151333,35.495067078],[139.658335567,35.494435379],[139.657722262,35.49397366],[139.656861496,35.493313221],[139.656204421,35.492813942],[139.655586386,35.492318073],[139.655129062,35.491966174],[139.654667369,35.491592194],[139.654324866,35.491341505],[139.654140815,35.491207805],[139.653872133,35.491016086],[139.65350633,35.490777696],[139.653307759,35.490649756],[139.652901637,35.490407527],[139.652461364,35.490170858],[139.652159962,35.490017808],[139.651847061,35.489878198],[139.651232067,35.489603809],[139.650002181,35.489077111],[139.649652849,35.488929321],[139.649370238,35.488807262],[139.648580083,35.488468293],[139.648199981,35.488305873],[139.6479252,35.488182164],[139.647655338,35.488062744],[139.647374947,35.487948924],[139.645944829,35.487320286],[139.645517787,35.487144037],[139.645000544,35.486852858],[139.64450743,35.486498368],[139.644106086,35.486131929],[139.644003235,35.486031349],[139.643766583,35.4857981],[139.643615202,35.48564032],[139.643386039,35.48541228],[139.642675413,35.484808892],[139.642327971,35.484586442],[139.642051719,35.484448313],[139.641757868,35.484340683],[139.641560357,35.484268473],[139.641350926,35.484202993],[139.640786293,35.484017554],[139.640600233,35.483949784],[139.640497122,35.483921715],[139.640224281,35.483832325],[139.639925729,35.483735595],[139.639753229,35.483679135],[139.639554198,35.483617326],[139.639140666,35.483476336],[139.638679744,35.483333667],[139.638576553,35.483301707],[139.638204891,35.483160877],[139.637750719,35.482946718],[139.637427167,35.482766458],[139.637007024,35.482490249],[139.636177296,35.48174778],[139.636077235,35.48163746],[139.635754592,35.481281721],[139.635459589,35.480966442],[139.635195996,35.480704782],[139.635059165,35.480562702],[139.634966804,35.480457282],[139.634755972,35.480249223],[139.63455681,35.480067833],[139.633909854,35.479403104],[139.633656361,35.479121225],[139.632995424,35.478394006],[139.63259395,35.477952286],[139.632511699,35.477871147],[139.632095925,35.477416377],[139.631604549,35.476890618],[139.631398967,35.476666269],[139.631102044,35.476338389],[139.630787031,35.47600225],[139.630606959,35.47580977],[139.630303346,35.47547472],[139.630248705,35.475414501],[139.629856561,35.475000341],[139.62969092,35.474822842],[139.629512338,35.474631782],[139.629154254,35.474242563],[139.628865281,35.473938613],[139.628248554,35.473225435],[139.62781895,35.472732846],[139.627732079,35.472628396],[139.627495486,35.472349636],[139.627378395,35.472225617],[139.627163942,35.471960897],[139.626693407,35.471360348],[139.626439824,35.471061659],[139.627122663,35.470641699],[139.627458249,35.470059999],[139.627000094,35.46949116],[139.626748151,35.469144171],[139.626389006,35.468636032],[139.625596081,35.467935139],[139.625159358,35.46755776],[139.625022839,35.467403554],[139.624384271,35.466685071],[139.624187549,35.466476726],[139.623774431,35.465989278],[139.623683938,35.465800589],[139.623617051,35.465619761],[139.62362885,35.465049761],[139.623725233,35.463705347],[139.62371736,35.46314714],[139.623788168,35.461669071],[139.623796031,35.460898589],[139.623773871,35.460560969],[139.623764552,35.460419002],[139.623761934,35.460066585],[139.623758844,35.460059535],[139.623750854,35.460042045],[139.623704713,35.459941155],[139.623623541,35.459763695],[139.623606901,35.459727325],[139.623486069,35.459436756],[139.623372776,35.459164306],[139.623359016,35.459143986],[139.623312175,35.459074826],[139.623079072,35.458730587],[139.62292517,35.458567327],[139.622693098,35.458324538],[139.620237165,35.45760121],[139.619641872,35.45740287],[139.619483211,35.457348331],[139.619000858,35.457170971],[139.618616296,35.457036371],[139.617990092,35.456788392],[139.616668523,35.456182094],[139.616565462,35.456134814],[139.616455342,35.456089754],[139.614954442,35.455408356],[139.614830731,35.455346226],[139.6146174,35.455261766],[139.614397078,35.455148977],[139.613948105,35.454943937],[139.613876345,35.454907797],[139.613475162,35.454715228],[139.612787658,35.454397879],[139.612547366,35.454311249],[139.612424845,35.454252879],[139.612041143,35.45407006],[139.611747381,35.4539376],[139.611437649,35.45379121],[139.611148578,35.453667071],[139.610853126,35.453532271],[139.610756255,35.453486771],[139.609509837,35.452923453],[139.609331526,35.452844823],[139.609076875,35.452726963],[139.60833513,35.452385304],[139.607803467,35.452140375],[139.607631155,35.452067025],[139.607541525,35.452021935],[139.607438854,35.451977235],[139.606885041,35.451727576],[139.606468178,35.451537606],[139.605745394,35.451216217],[139.60522355,35.450969088],[139.604990989,35.450847628],[139.604699266,35.450664129],[139.604565445,35.450582079],[139.604341493,35.450427329],[139.60394901,35.45012346],[139.60390839,35.4500957],[139.603784158,35.45000039],[139.603478955,35.449753261],[139.603471745,35.449747431],[139.603459565,35.449737231],[139.602978431,35.449334561],[139.602689427,35.449058612],[139.602593146,35.448968172],[139.602187032,35.448545673],[139.601753416,35.448060954],[139.601512573,35.447756785],[139.60130841,35.447484835],[139.601137518,35.447265326],[139.600947765,35.447022506],[139.600830064,35.446893726],[139.600697272,35.446757337],[139.600597531,35.446670037],[139.600356089,35.446449777],[139.600108396,35.446224288],[139.600001725,35.446133508],[139.599757553,35.445925679],[139.599213668,35.44554818],[139.598725035,35.44525512],[139.598463383,35.445086231],[139.598298251,35.444984941],[139.59811949,35.444865501],[139.597858768,35.444691672],[139.597074032,35.444168253],[139.59679087,35.443982074],[139.596270016,35.443645545],[139.596157956,35.443716795],[139.596119186,35.443741515],[139.595816977,35.443894575],[139.595496707,35.444015675],[139.593845027,35.444353735],[139.593686237,35.444387445],[139.592901976,35.444534016],[139.592633536,35.444584536],[139.591924756,35.444731236],[139.591668366,35.444781096],[139.591494756,35.444814846],[139.591311976,35.444855126],[139.591057255,35.444900126],[139.590734005,35.444967896],[139.590237915,35.445052106],[139.589873365,35.445136517],[139.589570585,35.445204297],[139.589240305,35.445271797],[139.588383834,35.445418647],[139.588333374,35.445426797],[139.587856704,35.445469017],[139.587326692,35.445452078],[139.587223422,35.445457908],[139.586549191,35.445407078],[139.586143039,35.445356238],[139.585709188,35.445283189],[139.585310017,35.445198469],[139.584711185,35.445080419],[139.584435854,35.44501819],[139.584215573,35.44497319],[139.584018972,35.44494389],[139.583837092,35.44491678],[139.583417251,35.4448718],[139.58333501,35.4448718],[139.5831996,35.4448718],[139.58297603,35.444895161],[139.58273596,35.444933731],[139.58214461,35.445040831],[139.581290119,35.445192941],[139.580808619,35.445294301],[139.580567459,35.445339641],[139.580402489,35.445373191],[139.580113329,35.445412631],[139.579631678,35.445412631],[139.579315028,35.445395691],[139.578860546,35.445328192],[139.578674736,35.445283192],[139.578151343,35.445042802],[139.577901981,35.444887693],[139.577601068,35.444618133],[139.577484097,35.444482834],[139.577394806,35.444353604],[139.577205943,35.444034835],[139.577100641,35.443860495],[139.577042793,35.44376507],[139.576968709,35.443642055],[139.576817106,35.443391066],[139.576359479,35.442642587],[139.576024354,35.442104868],[139.575783861,35.441739029],[139.575752721,35.441700819],[139.575522198,35.44141792],[139.575363766,35.441277],[139.575184954,35.441090961],[139.575143563,35.440950071],[139.575074957,35.440229312],[139.575001621,35.439629754],[139.575000631,35.439621664],[139.574992179,35.439344594],[139.575001618,35.439270534],[139.575013007,35.439181254],[139.575013006,35.439062915],[139.575063436,35.438997385],[139.575139395,35.438888205],[139.575153935,35.438868485],[139.575301894,35.438690985],[139.575467172,35.438521815],[139.575714431,35.438290806],[139.57585121,35.438167896],[139.575956048,35.437958486],[139.576017996,35.437727647],[139.576077744,35.437423257],[139.57617635,35.436921688],[139.576186479,35.436888438],[139.576265766,35.436476819],[139.576320764,35.43624571],[139.576348262,35.43604293],[139.576362149,35.435620151],[139.576320755,35.435254041],[139.576238303,35.434938922],[139.576162431,35.434724603],[139.576024688,35.434437243],[139.575994517,35.434363943],[139.575983517,35.434341543],[139.575907645,35.434166724],[139.575804352,35.433789325],[139.575772788,35.433378126],[139.575769508,35.433326726],[139.575756285,35.432983496],[139.575750734,35.432889606],[139.575706782,35.432644447],[139.5756685,35.432489257],[139.575618479,35.432353748],[139.575480996,35.432099048],[139.575125151,35.43153101],[139.574989198,35.4313153],[139.574945258,35.43124456],[139.574850716,35.431089611],[139.574646433,35.430755271],[139.574606822,35.430690442],[139.574166255,35.429935443],[139.574001303,35.429721614],[139.57365709,35.429349615],[139.573443897,35.429130035],[139.573113275,35.428831336],[139.572858463,35.428645167],[139.57246624,35.428402947],[139.572252629,35.428267668],[139.571722936,35.427987809],[139.571561085,35.427867589],[139.571399293,35.427738229],[139.571240952,35.42758628],[139.57108954,35.42741864],[139.570737347,35.427021131],[139.570456504,35.426707122],[139.570311782,35.426554893],[139.570180551,35.426402523],[139.569857607,35.426053784],[139.569561495,35.425788785],[139.569408824,35.425686675],[139.569279273,35.425614325],[139.569250343,35.425597385],[139.568956532,35.425468066],[139.568177948,35.425129657],[139.567871317,35.425000458],[139.567709816,35.424932398],[139.567503425,35.424853518],[139.567310924,35.424752128],[139.567162293,35.424646109],[139.566959902,35.424470539],[139.566668149,35.42414402],[139.565720249,35.423083153],[139.565445356,35.422757684],[139.565183683,35.422476024],[139.564970351,35.422233795],[139.56487396,35.422115465],[139.564584787,35.421856296],[139.564289015,35.421647827],[139.563828762,35.421353218],[139.563322169,35.421025319],[139.563187839,35.420937969],[139.562877957,35.420740649],[139.562465114,35.42050409],[139.562120883,35.420363251],[139.561941223,35.420314101],[139.561686982,35.420284341],[139.561253402,35.420272971],[139.560820012,35.420295471],[139.560381482,35.420350732],[139.560273873,35.420373372],[139.560139983,35.420401422],[139.560006143,35.420429682],[139.559881063,35.420455992],[139.559787663,35.420475722],[139.558335156,35.420887112],[139.557726048,35.421056542],[139.557572638,35.421095752],[139.557564508,35.421095752],[139.557213558,35.421174602],[139.557079699,35.421197642],[139.556875889,35.421231032],[139.556428689,35.421276032],[139.556229089,35.421281582],[139.555919259,35.421264642],[139.555685059,35.421259082],[139.555065618,35.421185753],[139.554680057,35.421129363],[139.554040336,35.421039364],[139.553551435,35.420937974],[139.553057594,35.420833265],[139.552667093,35.420744375],[139.552154222,35.420605476],[139.551713661,35.420470196],[139.551089769,35.420264087],[139.550743377,35.420126868],[139.550422926,35.419968128],[139.550364626,35.419939258],[139.550311185,35.419899808],[139.550025234,35.419688739],[139.550002043,35.419675379],[139.549969923,35.419656919],[139.549806712,35.4195352],[139.54946282,35.419213811],[139.549304758,35.419033541],[139.548953925,35.418661872],[139.548775494,35.418504383],[139.548596423,35.418346313],[139.54825948,35.418086874],[139.547805168,35.417777155],[139.547489096,35.417568566],[139.546987524,35.417247707],[139.546905023,35.417179927],[139.546396131,35.416853268],[139.546115799,35.416667159],[139.545963078,35.416565769],[139.545825108,35.416481019],[139.545357795,35.41618271],[139.544952233,35.415934661],[139.54418322,35.415535173],[139.543934459,35.415404104],[139.543687788,35.415281054],[139.543459988,35.415162524],[139.543211117,35.415050965],[139.542988896,35.414938825],[139.542675474,35.414756806],[139.542386633,35.414630087],[139.541631112,35.414402448],[139.541355001,35.414319908],[139.54077833,35.414143269],[139.539953608,35.41389523],[139.539589168,35.413805221],[139.539375777,35.413771321],[139.539100817,35.413737451],[139.538838037,35.413736721],[139.538589597,35.413736052],[139.537927238,35.413740242],[139.537275628,35.413754902],[139.536538058,35.413773273],[139.536319408,35.413761153],[139.535983758,35.413663193],[139.535800277,35.413596613],[139.535440386,35.413464284],[139.534867385,35.413246284],[139.534129383,35.412977505],[139.533543881,35.412696336],[139.53318945,35.412536817],[139.532455998,35.412207398],[139.532209996,35.412029799],[139.532115266,35.411958279],[139.531797204,35.41165996],[139.531618262,35.41145181],[139.531562202,35.41138662],[139.5313786,35.411172741],[139.531251369,35.411006621],[139.531173047,35.410840252],[139.531042205,35.410486903],[139.530928302,35.410141354],[139.530815799,35.409789405],[139.530739688,35.409616105],[139.530700957,35.409527975],[139.530564685,35.409217746],[139.530375242,35.408920237],[139.530251231,35.408736047],[139.5301634,35.408605518],[139.529798776,35.408134769],[139.529464203,35.40768521],[139.529341621,35.407520521],[139.529278151,35.407427491],[139.529047998,35.407090252],[139.528941016,35.406918452],[139.528890776,35.406837192],[139.528768974,35.406625853],[139.528665423,35.406446203],[139.528558001,35.406226354],[139.528411048,35.405854695],[139.528321246,35.405631356],[139.528181053,35.405282747],[139.527950209,35.404730388],[139.527908288,35.404630138],[139.527825726,35.404432539],[139.527504369,35.403571641],[139.527416307,35.403297762],[139.527347695,35.403038603],[139.527304153,35.402835013],[139.527295461,35.402604134],[139.527318799,35.402310815],[139.527344077,35.402126925],[139.527463842,35.401493417],[139.527563107,35.400968328],[139.527618505,35.400675289],[139.52772893,35.40008757],[139.527869724,35.399338222],[139.527912451,35.398922944],[139.527935179,35.398684494],[139.527944046,35.398311375],[139.527927383,35.397956376],[139.527885991,35.397725267],[139.52783099,35.397505548],[139.527679866,35.397026669],[139.52732903,35.396212222],[139.527226038,35.396001513],[139.526925964,35.395457224],[139.52655242,35.394897016],[139.526284018,35.394581387],[139.526043456,35.394344728],[139.525857625,35.394170279],[139.525183811,35.393607021],[139.524688729,35.393229162],[139.524616638,35.393166532],[139.524221196,35.392879993],[139.523801214,35.392563834],[139.523155661,35.392085855],[139.522667499,35.391719577],[139.522206496,35.391347518],[139.521878004,35.391059109],[139.52126455,35.39045168],[139.520708165,35.389719863],[139.520384012,35.389273074],[139.519769877,35.388607866],[139.519414165,35.388225548],[139.519167614,35.388149018],[139.518880263,35.387988818],[139.518665782,35.387807779],[139.518145328,35.387179991],[139.517764754,35.386678593],[139.517487411,35.386241494],[139.517205618,35.385853215],[139.516919396,35.385513736],[139.516508924,35.385176488],[139.516224923,35.384996768],[139.515934922,35.384854899],[139.515512691,35.384675049],[139.515317441,35.38456633],[139.51512884,35.38442432],[139.515026779,35.384308951],[139.514920277,35.384073761],[139.514732414,35.383627973],[139.514616802,35.383379724],[139.514561392,35.383260744],[139.514283108,35.382786686],[139.514040886,35.382439087],[139.513855985,35.382231997],[139.513611923,35.381987938],[139.513244481,35.381666989],[139.5129,35.38143925],[139.512698908,35.381246381],[139.512102035,35.380713932],[139.511571642,35.380241774],[139.51118111,35.379970124],[139.510438288,35.379623435],[139.509500556,35.379185916],[139.509383076,35.379132826],[139.508963634,35.378935877],[139.508628074,35.378783377],[139.508334463,35.378646578],[139.507795011,35.378400338],[139.506900859,35.377994779],[139.506680859,35.377893409],[139.506185848,35.37766783],[139.505566956,35.377369211],[139.505399615,35.377253201],[139.505310135,35.377167691],[139.505226764,35.377088022],[139.505140293,35.376973662],[139.504961962,35.376760882],[139.504858931,35.376631503],[139.504641119,35.376283664],[139.503930361,35.375148677],[139.50383764,35.375000618],[139.503404166,35.37430839],[139.502990272,35.373688402],[139.502813261,35.373416073],[139.502400187,35.372780185],[139.502270426,35.372580465],[139.50167913,35.371670468],[139.501402758,35.371244789],[139.501039404,35.370595022],[139.500900012,35.370345132],[139.500643819,35.369887244],[139.500286355,35.369188686],[139.499923221,35.368533578],[139.500001072,35.368674058],[139.499605507,35.36796064],[139.499196783,35.367258982],[139.498986581,35.366909813],[139.498608557,35.366281755],[139.498415775,35.365960366],[139.497948551,35.365199818],[139.497701049,35.36478842],[139.497548097,35.364517191],[139.497430486,35.364293231],[139.497336705,35.364124872],[139.496885232,35.363535993],[139.49656275,35.363163035],[139.495794395,35.362310567],[139.495194292,35.361718879],[139.494700399,35.36119971],[139.494396648,35.360880411],[139.493864365,35.360305943],[139.493502482,35.359908354],[139.49309515,35.359468575],[139.49296752,35.359354996],[139.492664458,35.359096996],[139.492556298,35.359044057],[139.492295907,35.358839687],[139.492099901,35.358699663]]},"properties":{"任意ID":"9","区分":"第１次緊急輸送道路","枝ID":"1","行政区域":"14100","資料名称":"神奈川県緊急輸送道路ネットワーク計画図","資料年月":"2018 03","路線名称":"国道1号","道路種別":"一般国道"}},{"type":"Feature","geometry":{"type":"LineString","coordinates":[[139.542675474,35.414756806],[139.542380562,35.414402447],[139.54214112,35.414171748],[139.541871668,35.413912169],[139.541644856,35.41368122],[139.541473054,35.41346133],[139.541348353,35.413279861],[139.541225491,35.413101111],[139.540866047,35.412544173],[139.540633874,35.412199384],[139.540208039,35.411517736],[139.540091087,35.411326067],[139.539971546,35.411089788],[139.539926085,35.410976618],[139.539560035,35.409782351],[139.539451352,35.409427462],[139.53935101,35.409139753],[139.53933469,35.409106353],[139.539203847,35.408796344],[139.539135236,35.408666625],[139.539031875,35.408537145],[139.538817264,35.408350686],[139.538790514,35.408327466],[139.538681343,35.408249676],[139.538543842,35.408142736],[139.538439122,35.408055507],[139.538348481,35.407943497],[139.53826884,35.407804687],[139.538158807,35.407466808],[139.538127446,35.407297189],[139.538101174,35.407126799],[139.538076073,35.406982289],[139.538021911,35.40674474],[139.537875009,35.406553841],[139.537707718,35.406399411],[139.537518267,35.406213852],[139.537257165,35.405966632],[139.537156634,35.405862893],[139.537047713,35.405731313],[139.53674188,35.405414414],[139.536614329,35.405271654],[139.536604927,35.404959965],[139.536604924,35.404644136],[139.536652982,35.404452476],[139.536728531,35.404289136],[139.536845529,35.404046527],[139.536907418,35.403871927],[139.536914367,35.403793037],[139.536914365,35.403519978],[139.536754363,35.403303579],[139.536640792,35.403170829],[139.536522261,35.403077349],[139.53639852,35.40298775],[139.53628019,35.4029058],[139.536164909,35.40282998],[139.535931018,35.40268914],[139.535779358,35.402621231],[139.535504627,35.402491921],[139.535230196,35.402408601],[139.534943045,35.402321422],[139.534377084,35.402159492],[139.533764903,35.401911363],[139.533579722,35.401832623],[139.533264591,35.401705264],[139.532481009,35.401388585],[139.532370968,35.401334685],[139.532190458,35.401223865],[139.532066547,35.401128316],[139.531901565,35.400925256],[139.531764894,35.400755267],[139.531645102,35.400550137],[139.531560441,35.400403868],[139.531449469,35.400176648],[139.531426068,35.400095149],[139.531365157,35.399883029],[139.531317116,35.39977609],[139.531172783,35.399336991],[139.530897105,35.398422344],[139.530746271,35.397916985],[139.530629588,35.397471657],[139.530560705,35.397071768],[139.53044681,35.39646777],[139.530358668,35.396158881],[139.530196924,35.395678182],[139.530142543,35.395498003],[139.53004513,35.395125024],[139.529962557,35.394800945],[139.529784014,35.394429436],[139.529674003,35.394254727],[139.52946067,35.393849178],[139.529195407,35.39338629],[139.529006775,35.39318416],[139.528236784,35.393020831],[139.527887584,35.392957952],[139.527693454,35.392919442],[139.527564764,35.392900772],[139.527366634,35.392884472],[139.526749064,35.392856382],[139.526325384,35.392789733],[139.525919304,35.392688263],[139.525003222,35.392408504],[139.524599281,35.392232245],[139.52431733,35.392040586],[139.524014488,35.391719107],[139.523963267,35.391667237],[139.523692055,35.391392518],[139.523416774,35.391144748],[139.523086662,35.390862959],[139.522736209,35.39051918],[139.522440557,35.390204121],[139.521979814,35.389706203],[139.521835373,35.389550303],[139.521721022,35.389422354],[139.52150518,35.389181064],[139.521344639,35.389050545],[139.521128958,35.388878025],[139.520968097,35.388771256],[139.520718967,35.388641716],[139.520244916,35.388460917],[139.519414165,35.388225548]]},"properties":{"任意ID":"9","区分":"第２次緊急輸送道路","枝ID":"2","行政区域":"14100","資料名称":"神奈川県緊急輸送道路ネットワーク計画図","資料年月":"2018 03","路線名称":"国道1号","道路種別":"一般国道"}},{"type":"Feature","geometry":{"type":"LineString","coordinates":[[139.636077235,35.48163746],[139.634207786,35.480956862],[139.633957924,35.480872283],[139.633605902,35.480726633],[139.632849069,35.480439324],[139.632507927,35.480319224],[139.632252645,35.480223664],[139.631906264,35.480119295],[139.631721082,35.479961025],[139.6315354,35.479758115],[139.630776423,35.479056367],[139.630598591,35.478860917],[139.63041403,35.478658717],[139.629836874,35.478153858],[139.629167579,35.477577599],[139.628885656,35.47733562],[139.628548013,35.47704828],[139.627729346,35.476389311],[139.627313213,35.476037272],[139.62701395,35.475786672],[139.626810208,35.475597603],[139.626446465,35.475319513],[139.626260674,35.475210303],[139.626148873,35.475163884],[139.625810102,35.475079704],[139.62523546,35.475030614],[139.62500198,35.475037924],[139.624826769,35.475043404],[139.624606699,35.475060345],[139.624419158,35.475060625],[139.623539176,35.475076725],[139.623249786,35.475074795],[139.622941706,35.475161185],[139.622422946,35.475411685],[139.621789417,35.475700945],[139.621642297,35.475758955],[139.621235077,35.475952585],[139.621127297,35.476005065],[139.620853128,35.476132295],[139.620412798,35.476303985],[139.620224058,35.476363175],[139.620032578,35.476450345],[139.619820378,35.476510895],[139.619571458,35.476561175],[139.619363297,35.476585265],[139.619199807,35.476604515],[139.618959806,35.476612846],[139.618723766,35.476609386],[139.618203984,35.476589166],[139.618086944,35.476584586],[139.616994091,35.476541266],[139.61638203,35.476540057],[139.615549987,35.476510957],[139.614638345,35.476478808],[139.613834423,35.476462428],[139.613378482,35.476457578],[139.613086641,35.476462698],[139.612112419,35.476452149],[139.611528637,35.476457209],[139.610790315,35.476463119],[139.609606742,35.4764348],[139.609310812,35.47644062],[139.608348649,35.47643079],[139.607487327,35.476440621],[139.605628353,35.476440622],[139.605531863,35.476434792],[139.603768188,35.476412272],[139.602838496,35.476395363],[139.602670385,35.476391323],[139.602543915,35.476381743],[139.602416395,35.476368603],[139.602134624,35.476320183],[139.602045043,35.476278263],[139.601923452,35.476221363],[139.601804642,35.476165764],[139.601648801,35.476092784],[139.601442809,35.475974524],[139.601276328,35.475866934],[139.601120717,35.475747094],[139.600812524,35.475465355],[139.6004328,35.475078095],[139.600190687,35.474831196],[139.600124997,35.474764236],[139.600021736,35.474658976],[139.600009216,35.474646216],[139.599837894,35.474471587],[139.599693892,35.474324807],[139.599451068,35.474081642],[139.599119647,35.473749758],[139.598802924,35.473426759],[139.598353049,35.47298119],[139.597816104,35.472440081],[139.597595752,35.472208901],[139.59747221,35.472073971],[139.597263368,35.471873752],[139.597137817,35.471764532],[139.596968126,35.471637992],[139.596707174,35.471444543],[139.596483292,35.471296123],[139.596088266,35.471195433],[139.59558466,35.47110895],[139.594734824,35.470904537],[139.594259914,35.470835364]]},"properties":{"任意ID":"9","区分":"第１次緊急輸送道路","枝ID":"3","行政区域":"14100","資料名称":"神奈川県緊急輸送道路ネットワーク計画図","資料年月":"2018 03","路線名称":"国道1号","道路種別":"一般国道"}},{"type":"Feature","geometry":{"type":"LineString","coordinates":[[139.557634032,35.440678489],[139.556572604,35.439781432],[139.556103599,35.439282433],[139.555734595,35.438791434],[139.55543859,35.438234436],[139.554703568,35.435597442],[139.55433456,35.434605444],[139.553530549,35.433317448],[139.552316535,35.431740452],[139.551645529,35.431009454],[139.551194526,35.430683455],[139.547416509,35.42878846],[139.544193496,35.427226465],[139.542383488,35.426351468],[139.541503484,35.42579047],[139.540797478,35.425077473],[139.539412462,35.422987478],[139.538731452,35.421831482],[139.53778043,35.419068489],[139.537554225,35.41839735],[139.537143415,35.417178493],[139.536233405,35.415776497],[139.534129383,35.412977505]]},"properties":{"任意ID":"9","区分":"第１次緊急輸送道路","枝ID":"4","行政区域":"14100","資料名称":"神奈川県緊急輸送道路ネットワーク計画図","資料年月":"2018 03","路線名称":"国道1号","道路種別":"一般国道"}},{"type":"Feature","geometry":{"type":"LineString","coordinates":[[139.596261982,35.479180353],[139.596686969,35.477414354],[139.596942961,35.476295356],[139.596932956,35.475590356],[139.596705951,35.475023357],[139.596200945,35.474347358],[139.595436938,35.47368636],[139.595292935,35.47333236],[139.595003924,35.471998362],[139.594259914,35.470835364],[139.593777911,35.470644365],[139.593523909,35.470394365],[139.593325905,35.470004366],[139.593226902,35.469554367],[139.593276898,35.469131367],[139.593349897,35.468985367],[139.592453884,35.46752337],[139.591453449,35.465867453],[139.591374868,35.465737373],[139.590432134,35.464300115],[139.58942284,35.462761378],[139.588206822,35.460916382],[139.587897819,35.460553382],[139.587727187,35.460411023],[139.581421763,35.455150394],[139.57989975,35.453937397],[139.578853743,35.453363398],[139.576960734,35.4526114],[139.574125762,35.451774813],[139.572758717,35.451371404],[139.57117671,35.450836406],[139.570181706,35.450521407],[139.569677704,35.450335407],[139.5689987,35.449957408],[139.568038692,35.44917141],[139.567323686,35.448488411],[139.56681568,35.447823413],[139.566119671,35.446860415],[139.565500665,35.446179416],[139.56487966,35.445633417],[139.564093654,35.445095419],[139.563142649,35.44459042],[139.562041644,35.444060421],[139.561187638,35.443489422],[139.560240162,35.442791394],[139.559144624,35.441935426],[139.558180617,35.441140428],[139.557634032,35.440678489]]},"properties":{"任意ID":"10","区分":"第１次緊急輸送道路","枝ID":"1","行政区域":"14100","資料名称":"神奈川県緊急輸送道路ネットワーク計画図","資料年月":"2018 03","路線名称":"国道1号（横浜新道）","道路種別":"一般国道"}},{"type":"Feature","geometry":{"type":"LineString","coordinates":[[139.627458249,35.470059999],[139.627470649,35.470038499],[139.62817174,35.469990349],[139.629936593,35.469983032],[139.630206206,35.470314575],[139.630718211,35.470857574],[139.631407337,35.471604009],[139.631471669,35.471665683],[139.632000224,35.472232572],[139.632901234,35.47318157],[139.633776243,35.474111568],[139.634269247,35.474621567],[139.634866253,35.475223566],[139.635308108,35.475545257],[139.635621722,35.475848767],[139.635768753,35.476013546],[139.635784863,35.476028876],[139.635817614,35.476060056],[139.636145137,35.476385146],[139.636415599,35.476648405],[139.636685122,35.476917835],[139.637215737,35.477457084],[139.63749822,35.477739513],[139.637801593,35.478048783],[139.638070226,35.478308302],[139.638123626,35.478361042],[139.638202327,35.478449762],[139.638268968,35.478532232],[139.638396089,35.478673532],[139.638624311,35.478898401],[139.639014315,35.479291441],[139.639671261,35.479912279],[139.639862363,35.480095889],[139.640052144,35.480278069],[139.640418238,35.480693128],[139.640715101,35.480941138],[139.640754761,35.480972927],[139.641079324,35.481227277],[139.641321775,35.481402167],[139.641365096,35.481433156],[139.641468217,35.481503656],[139.641668778,35.481633266],[139.641862139,35.481758206],[139.64190622,35.481785676],[139.64204826,35.481868965],[139.642409053,35.482078375],[139.642450413,35.482102405],[139.642593484,35.482186665],[139.642841846,35.482336994],[139.643116597,35.482497144],[139.643177448,35.482533784],[139.643405459,35.482687273],[139.643851562,35.482948933],[139.644169335,35.483147852],[139.644275075,35.483211762],[139.644470687,35.483333652],[139.644596857,35.483412271],[139.644781369,35.483527111],[139.64503506,35.483685391],[139.645276302,35.48381643],[139.645686385,35.48404536],[139.645858216,35.48414614],[139.646287298,35.484310479],[139.64676151,35.484457588],[139.647153461,35.484547518],[139.647752163,35.484632217],[139.648795027,35.484790916],[139.649094978,35.484852266],[139.64966754,35.484939175],[139.649937371,35.484976735],[139.650870954,35.485139194],[139.651286705,35.485188034],[139.651716986,35.485256563],[139.652366639,35.485382453],[139.65263119,35.485429692],[139.652909971,35.485495862],[139.654548797,35.48599217],[139.654789389,35.48607808],[139.654965339,35.486135239],[139.65501989,35.486152949],[139.65509383,35.486177009],[139.65516199,35.486199189],[139.65522213,35.486217989],[139.655555212,35.486309869],[139.65566243,35.486344477],[139.655794103,35.486386978],[139.656117194,35.486489668],[139.656168654,35.486506028],[139.656438286,35.486591698],[139.656616507,35.486675157],[139.656748587,35.486736977],[139.656904928,35.486829417],[139.657011789,35.486910247],[139.65714635,35.487037537],[139.657367502,35.487267756],[139.657919927,35.487737225],[139.65833552,35.488008585],[139.658717952,35.488258264],[139.658761203,35.488286344],[139.659047195,35.488470853],[139.659700519,35.488863123],[139.659745609,35.488889832],[139.660005211,35.489039652],[139.660050371,35.489065912],[139.660340873,35.489237172],[139.660373043,35.489256132],[139.660815816,35.489530021],[139.661205269,35.4898042],[139.661531371,35.49003447],[139.661675322,35.490137549],[139.661758063,35.490197359],[139.66273861,35.490914188],[139.662892211,35.491024467],[139.663303804,35.491332717],[139.663589336,35.491537146],[139.663765477,35.491666966],[139.663872508,35.491745846],[139.664330841,35.492034185],[139.665023605,35.492421674],[139.665546987,35.492712823],[139.665872799,35.492877503],[139.666182801,35.493054462],[139.666377522,35.493178342],[139.666579154,35.493332502],[139.666668914,35.493390431],[139.666819745,35.493487791],[139.667058537,35.493664391],[139.667238728,35.493818661],[139.667318419,35.49388655],[139.668243456,35.494670889],[139.668320107,35.494735839],[139.66867893,35.495039738],[139.669137624,35.495431497],[139.669175934,35.495464057],[139.669806759,35.495995836],[139.6698845,35.496061446],[139.670321153,35.496430285],[139.671083349,35.497074104],[139.67116084,35.497139424],[139.671880526,35.497744673],[139.672080307,35.497926172],[139.672521101,35.498301902],[139.672599422,35.498365682],[139.672969234,35.498652231],[139.673296467,35.49894501],[139.67352203,35.49918723],[139.673753412,35.49942973],[139.673974844,35.499674659],[139.674047865,35.499753219],[139.674282727,35.500000279],[139.674652161,35.500390418],[139.675002314,35.500773637],[139.675203426,35.500985556],[139.675457599,35.501261946],[139.675831473,35.501692055],[139.675866823,35.501733675],[139.676274077,35.502212364],[139.676426369,35.502390463],[139.677361699,35.503481681],[139.677394009,35.503518291],[139.678443849,35.504664558],[139.67861343,35.504765028],[139.678642461,35.504800238],[139.678969124,35.505203657],[139.679057555,35.505312647],[139.679400129,35.505734996],[139.679686102,35.506079825],[139.679871824,35.506289065],[139.680203828,35.506737584],[139.680281839,35.506841444],[139.680635903,35.507295333],[139.680943156,35.507678702],[139.680968077,35.507708272],[139.680984607,35.507724252],[139.681487252,35.508351641],[139.681606714,35.508489151],[139.681686745,35.50858127],[139.682433181,35.509266119],[139.683043738,35.509982577],[139.683335741,35.510336647],[139.683628564,35.510691696],[139.684159101,35.511373614],[139.684598856,35.511980033],[139.684864649,35.512351923],[139.685497428,35.513299981],[139.685853602,35.51378429],[139.685997214,35.513982599],[139.686261047,35.514318579],[139.68643256,35.514562088],[139.686661613,35.514887197],[139.686795514,35.515087197],[139.688632188,35.517789412],[139.689285288,35.518855421],[139.689348198,35.518952741],[139.689398312,35.519023581]]},"properties":{"任意ID":"15","区分":"第１次緊急輸送道路","枝ID":"1","行政区域":"14100","資料名称":"神奈川県緊急輸送道路ネットワーク計画図","資料年月":"2018 03","路線名称":"国道15号","道路種別":"一般国道"}},{"type":"Feature","geometry":{"type":"LineString","coordinates":[[139.623486069,35.459436756],[139.624228564,35.458502037],[139.624366953,35.458333707],[139.624506862,35.458163537],[139.624953719,35.457620038],[139.625650974,35.456775478],[139.625757993,35.456625648],[139.62621867,35.456068659],[139.626792435,35.455348979],[139.627273822,35.4547487],[139.62752354,35.45445592],[139.627872978,35.454007031],[139.628241585,35.453547571],[139.628708802,35.452980931],[139.62899011,35.452629802],[139.630192241,35.451106453],[139.630869907,35.450280123],[139.631024616,35.450089534],[139.631096235,35.450000374],[139.631242404,35.449818434],[139.631809331,35.449150515],[139.63198872,35.448965565],[139.63219091,35.448874635],[139.632379401,35.449031144],[139.632478991,35.448911205],[139.633169986,35.448079006],[139.633240446,35.447997326],[139.633335165,35.447882206],[139.633419875,35.447779266],[139.633672303,35.447468766],[139.633814702,35.447306816],[139.633982111,35.447130107],[139.634176,35.446887877],[139.634349089,35.446705437],[139.634842478,35.446424497],[139.635097708,35.446260467],[139.635308768,35.446142897],[139.635637937,35.445959267],[139.635914607,35.445773998],[139.635666824,35.445488988],[139.635319499,35.445089329],[139.635065007,35.44488561],[139.634887505,35.44474309],[139.634841205,35.44470521],[139.634803934,35.44467473],[139.634748564,35.44462946],[139.634714564,35.4446025],[139.634396991,35.444435451],[139.634065129,35.444220271],[139.633530194,35.443811192],[139.632991768,35.443375563],[139.63215768,35.442698605],[139.63207953,35.442634965],[139.631819007,35.442421776],[139.631556315,35.442226896],[139.631450274,35.442154877],[139.630766788,35.441716698],[139.62988509,35.441153629],[139.629393335,35.44082162],[139.628595218,35.440311572],[139.627631639,35.439690803],[139.626865972,35.439199635],[139.626139346,35.438801966],[139.625461481,35.438487307],[139.624667516,35.438139038],[139.624546105,35.438085788],[139.623696479,35.437705969],[139.623215582,35.43714118],[139.622922948,35.436819241],[139.622776757,35.436680351],[139.622538495,35.436570232],[139.622041561,35.436369232],[139.621943061,35.436327713],[139.62178972,35.436260103],[139.621651979,35.436218733],[139.621125046,35.436074924],[139.621020385,35.436046204],[139.620739474,35.435968744],[139.620605853,35.435931234],[139.620358362,35.435863734],[139.619727378,35.435696885],[139.619587247,35.435660675],[139.618933344,35.435469296],[139.618592392,35.435380166],[139.618450511,35.435343057],[139.618606329,35.435035597],[139.618666998,35.434888837],[139.618837465,35.434503728],[139.619005712,35.434119668],[139.619140269,35.433799559],[139.619234808,35.433607379],[139.619312596,35.433412839],[139.619599541,35.43275447],[139.6196623,35.432618091],[139.61967933,35.432581021],[139.619720859,35.432491421],[139.619979715,35.431953742],[139.620046624,35.431821802],[139.620067103,35.431777312],[139.620184641,35.431519632],[139.620204601,35.431476402],[139.620313429,35.431250993],[139.620333899,35.431207383],[139.620462287,35.430932083],[139.6208905,35.430056685],[139.62090875,35.430018115],[139.620975139,35.429877705],[139.621184135,35.429435136],[139.621211545,35.429385066],[139.62153524,35.428770417],[139.621659128,35.428556527],[139.621789967,35.428365148],[139.622044685,35.428077368],[139.622354402,35.427643469],[139.62248218,35.427417649],[139.622562459,35.427280419],[139.622751896,35.42687903],[139.622836054,35.42663042],[139.622875893,35.426515601],[139.622967011,35.426291281],[139.62303474,35.426128131],[139.623142978,35.425864472],[139.623164447,35.425814022],[139.623262726,35.425581532],[139.623393543,35.425243753],[139.623498321,35.425000423],[139.62355659,35.424865073],[139.623574259,35.424822464],[139.623774595,35.424320205],[139.623793375,35.424277565],[139.623827434,35.424212645],[139.623847983,35.424133755],[139.62399033,35.423784026],[139.62400779,35.423741376],[139.624210636,35.423248717],[139.624228115,35.423206057],[139.624329913,35.422956257],[139.624366772,35.422848648],[139.624506839,35.422502188],[139.624555328,35.422385009],[139.624737254,35.421961749],[139.624896141,35.42157732],[139.624976929,35.421384101],[139.625046738,35.421235501],[139.625376291,35.420432103],[139.625550717,35.419936274],[139.625631945,35.419699824],[139.625760481,35.419292275],[139.625864408,35.418976906],[139.625979295,35.418653637],[139.626197651,35.418127658],[139.626323458,35.417840278],[139.626529424,35.417369849],[139.626650811,35.41707888],[139.626696001,35.41696675],[139.626817398,35.416665441],[139.626864586,35.416499351],[139.626864586,35.416449361],[139.626864584,35.416266902],[139.626865163,35.416221612],[139.626878457,35.415552813],[139.626879136,35.415503324],[139.626886241,35.414989605],[139.626909017,35.414648206],[139.626647356,35.414554066],[139.626448534,35.414439776],[139.626403653,35.414413556],[139.625970659,35.414155727],[139.625324273,35.413732948],[139.625001489,35.413493759],[139.624805947,35.413348219],[139.624195181,35.412870971],[139.623979388,35.412700561],[139.623743416,35.412513502],[139.623432352,35.412256182],[139.623220779,35.412078053],[139.623182469,35.412044733],[139.622871335,35.411749334],[139.622628689,35.411214345],[139.622488045,35.410863666],[139.622454264,35.410778026],[139.62232618,35.410448237],[139.622188436,35.410048418],[139.622159225,35.409961268],[139.622087372,35.409741639],[139.621996649,35.409427249],[139.621968288,35.40933989],[139.621789772,35.408845731],[139.621683139,35.408607711],[139.621625868,35.408472962],[139.621546146,35.408293792],[139.621445863,35.408048803],[139.62134903,35.407855383],[139.621189416,35.407501744],[139.621122804,35.407356024],[139.620696405,35.406538796],[139.620611223,35.406394547],[139.62049696,35.406183787],[139.620194533,35.405615369],[139.620077501,35.405423529],[139.619916547,35.40513333],[139.619740554,35.40485436],[139.619651102,35.404696591],[139.619472208,35.404409351],[139.619294155,35.404144082],[139.619107761,35.403851583],[139.618811716,35.403424174],[139.618783465,35.403384594],[139.618674714,35.403243264],[139.618356638,35.402822955],[139.618326388,35.402785056],[139.617966632,35.402375757],[139.617843021,35.402268527],[139.61773351,35.402190427],[139.616976341,35.401603539],[139.616818279,35.401457149],[139.616667997,35.401288509],[139.616570775,35.40118103],[139.616446303,35.40102265],[139.616388992,35.40094555],[139.616116888,35.400561311],[139.615926894,35.400260112],[139.61575035,35.400000483],[139.614876035,35.398705216],[139.614752402,35.398526536],[139.614667711,35.398396207],[139.614294904,35.397800758],[139.614212401,35.397581039],[139.614191849,35.397394939],[139.614178334,35.39690938],[139.614179093,35.396774901],[139.614179731,35.396660901],[139.614181009,35.396433261],[139.61422484,35.395520224],[139.614227259,35.395475254],[139.614247516,35.395141045],[139.614253513,35.394830995],[139.61427278,35.394518486],[139.614274889,35.394473486],[139.614287295,35.394031227],[139.614288274,35.393986267],[139.61429471,35.393573748],[139.614296319,35.393527758],[139.614315425,35.393056439],[139.614323294,35.39298944],[139.614335083,35.39290763],[139.614382501,35.39272565],[139.61441846,35.392554951],[139.614494298,35.392335231],[139.614573526,35.392133642],[139.614590705,35.392089962],[139.614651514,35.391935772],[139.614764152,35.391667173],[139.614823,35.391526783],[139.61484183,35.391484493],[139.615044286,35.391050784],[139.615133724,35.390870505],[139.615567198,35.390143366],[139.615931493,35.389596898],[139.616276809,35.389098799],[139.616329488,35.389019749],[139.616447037,35.38883662],[139.616635425,35.38856913],[139.616678714,35.388506241],[139.616876392,35.388214521],[139.616903191,35.388175031],[139.617206818,35.387728202],[139.617234827,35.387687233],[139.617306756,35.387585783],[139.617640932,35.387086684],[139.617669862,35.387048034],[139.617725911,35.386977184],[139.618028398,35.386531906],[139.618063617,35.386471176],[139.618114217,35.386391686],[139.618186156,35.386295036],[139.618424833,35.385947007],[139.618451923,35.385907777],[139.618523412,35.385805237],[139.618802818,35.385400938],[139.618831348,35.385362309],[139.618901737,35.385275799],[139.619135335,35.38494885],[139.619268163,35.38477157],[139.619575121,35.384419641],[139.620005947,35.383947322],[139.620038827,35.383911182],[139.620400604,35.383512194],[139.620519133,35.383393044],[139.620637203,35.383274544],[139.621112269,35.382797726],[139.621789764,35.382094408],[139.622260081,35.38163991],[139.622315171,35.3815798],[139.622375781,35.38151366],[139.62240865,35.381424981],[139.622426439,35.381353751],[139.622436908,35.381272641],[139.622436147,35.381148861],[139.622395035,35.380917762],[139.622337271,35.380593573],[139.622329471,35.380546573],[139.622229744,35.379903585],[139.622146518,35.379397557],[139.622135408,35.379343747],[139.622064684,35.378996418],[139.62200973,35.378602209],[139.621996119,35.37852332],[139.622002775,35.378179431],[139.622016994,35.378075001],[139.622030273,35.377976651],[139.62212667,35.377587773],[139.622175429,35.377480763],[139.622284717,35.377232764],[139.622369205,35.377062794],[139.622463884,35.376880335],[139.622516673,35.376803405],[139.622676941,35.376556936],[139.62280054,35.376382217],[139.623034577,35.376033868],[139.623058147,35.375992698],[139.623168756,35.375813519],[139.623351243,35.37548416],[139.623552501,35.375213231],[139.623614481,35.375135481],[139.62367695,35.375058772],[139.62368458,35.375049662],[139.623897718,35.374797393],[139.624068128,35.374670053],[139.624509037,35.374452864],[139.624571037,35.374431315],[139.625043238,35.374240196],[139.625061478,35.374235026],[139.625108858,35.374220716],[139.625531508,35.374128556],[139.625584488,35.374116076],[139.625981599,35.374015577],[139.626139349,35.373980347],[139.626458429,35.373846438],[139.626506979,35.373824908],[139.626710549,35.373726849],[139.626758229,35.373703849],[139.626905809,35.373632509],[139.627139699,35.37348584],[139.627339148,35.37333945],[139.627703587,35.373097232],[139.628054147,35.372888893],[139.628597196,35.372635284],[139.628817197,35.372556394],[139.628906647,35.372539454],[139.628982197,35.372511395],[139.629209057,35.372466135],[139.629498028,35.372398615],[139.629649418,35.372376115],[139.629711368,35.372359176],[139.630047289,35.372317706],[139.630101719,35.372310356],[139.63025574,35.372287686],[139.63031178,35.372278416],[139.63056378,35.372235317],[139.630955811,35.372156397],[139.631159232,35.372093458],[139.631355512,35.372022978],[139.631590602,35.371909069],[139.631808591,35.371801399],[139.632571651,35.371457791],[139.632814061,35.371358601],[139.632936402,35.371306692],[139.633169972,35.371204182],[139.633334421,35.371112823],[139.633450351,35.371030663],[139.633548311,35.370956403],[139.63370637,35.370809744],[139.633836889,35.370657575],[139.633940228,35.370477295],[139.633988307,35.370341966],[139.634027185,35.370132377],[139.634036425,35.370083567],[139.634029324,35.369993817],[139.634029703,35.369851968],[139.63396775,35.369491409],[139.633917668,35.3693219],[139.633890007,35.369209],[139.633733855,35.36905197],[139.633217679,35.368673941],[139.632736884,35.368308082],[139.632620233,35.368234753],[139.63237351,35.368045693],[139.631880375,35.367688174],[139.631750913,35.367573415],[139.631650602,35.367490945],[139.631573941,35.367416855],[139.63146469,35.367316445],[139.631396038,35.367203906],[139.631325375,35.366850587],[139.631269652,35.366521758],[139.631272191,35.366346059],[139.631237978,35.365986701],[139.631011027,35.364786706],[139.630907694,35.364420327],[139.63076102,35.364038099],[139.630639627,35.36379477],[139.630062127,35.362848374],[139.629924615,35.362549765],[139.629876563,35.362335606],[139.62984906,35.362081997],[139.629804165,35.36146428],[139.629800455,35.36141383],[139.629697655,35.360211435],[139.629677094,35.360076156],[139.62947545,35.359748177],[139.629290797,35.359446758],[139.629269367,35.359414358],[139.628894531,35.358844071],[139.62886466,35.358800461],[139.628672907,35.358521172],[139.628653877,35.358487972],[139.628511814,35.358239923],[139.628459853,35.358149233],[139.62829485,35.357788405],[139.628247209,35.357646796],[139.628218998,35.357574456],[139.628184866,35.357348887],[139.628206493,35.35681966],[139.628208682,35.356765911],[139.628214671,35.356619341],[139.628219111,35.356511002],[139.62822121,35.356459422],[139.628235718,35.356104234],[139.628244216,35.355896385],[139.628248196,35.355798866],[139.628265763,35.355365928],[139.628267722,35.355316778],[139.6282798,35.35490634],[139.628281249,35.354856081],[139.628288476,35.354357393],[139.628267365,35.354212694],[139.628246772,35.353878416],[139.6282057,35.353670067],[139.628068156,35.3531287],[139.628040656,35.35306676],[139.628019815,35.35297091],[139.627915242,35.352662562],[139.6278206,35.352383003],[139.627802669,35.352340443],[139.627662307,35.352058435],[139.627566195,35.351855656],[139.627201469,35.351252609],[139.627029517,35.35104983],[139.626664223,35.350722151],[139.625788065,35.350000664],[139.62526916,35.349573376],[139.625117829,35.349421497],[139.625000887,35.349249798],[139.624764804,35.34883201],[139.624667012,35.348636681],[139.624452089,35.348279143],[139.624004213,35.347545117],[139.623845871,35.347263448],[139.623426425,35.346547632],[139.62307188,35.345934565],[139.623047739,35.345893186],[139.622773196,35.345432548],[139.622714535,35.345316619],[139.622498071,35.344885691],[139.622480571,35.344792072],[139.62247863,35.344702082],[139.62250113,35.344604853],[139.622604719,35.344326524],[139.622700278,35.344110016],[139.622718488,35.344067446],[139.622777697,35.343923127],[139.622843596,35.343736798],[139.623048064,35.343206541],[139.623126903,35.343044732],[139.62336016,35.342438196],[139.623522509,35.342034598],[139.623625558,35.34179821],[139.623693237,35.341659881],[139.623778506,35.341383342],[139.623809024,35.341023185],[139.623852503,35.340693767],[139.62389678,35.34017456],[139.62390231,35.340084401],[139.623928027,35.339414915],[139.623940616,35.339263426],[139.623944756,35.339172767],[139.623941933,35.338716009],[139.623954742,35.338392251],[139.623956202,35.338347252],[139.62396191,35.338129523],[139.62396289,35.338084543],[139.623982245,35.3370191],[139.623984025,35.336929161],[139.623990813,35.336613953],[139.624009291,35.336282035],[139.624009461,35.336237065],[139.623987189,35.335764918],[139.623957478,35.33553453],[139.623951657,35.3354894],[139.623893035,35.335034923],[139.623868794,35.334864024],[139.623855904,35.334774194],[139.623825612,35.334565616],[139.623773301,35.334321877],[139.62372599,35.334171478],[139.623693859,35.334055869],[139.623594438,35.333773211],[139.623454046,35.333563892],[139.623292295,35.333334094],[139.622953712,35.332884786],[139.62277029,35.332699948],[139.622626069,35.332565768],[139.622326067,35.33229882],[139.622065225,35.332077721],[139.621842144,35.331938202],[139.621506212,35.331682944],[139.621432171,35.331611334],[139.621370481,35.331542015],[139.6212643,35.331414546],[139.621232999,35.331368826],[139.621150478,35.331200157],[139.621109388,35.331064948],[139.621074946,35.33080565],[139.621054383,35.330152174],[139.621045983,35.330110304],[139.621039943,35.330065505],[139.621033832,35.329926626],[139.620951329,35.32934079],[139.620889378,35.329121071],[139.620731606,35.328726904],[139.620594104,35.328490245],[139.620449933,35.328253567],[139.620305481,35.328022468],[139.62020798,35.327880529],[139.620139639,35.327675511],[139.620111398,35.327403303],[139.620100727,35.327263204],[139.620079536,35.327083915],[139.620072146,35.327053305],[139.620076865,35.326832757],[139.620085014,35.326580448],[139.620085754,35.326535459],[139.620085753,35.32625331],[139.62012718,35.325678244],[139.620149949,35.325470596],[139.620167968,35.325268867],[139.620197667,35.324991659],[139.620211846,35.324728121],[139.620292133,35.323960276],[139.620319632,35.323650278],[139.620347121,35.323453329],[139.62037602,35.323171661],[139.620404888,35.322827553],[139.620408598,35.322781354],[139.620436296,35.322358887],[139.620482595,35.321944969],[139.620487134,35.32190008],[139.620510453,35.321633342],[139.620538473,35.321460733],[139.620580731,35.321103905],[139.620614901,35.320963066],[139.62070434,35.320799737],[139.620834939,35.320591068],[139.620951569,35.320456119],[139.621005609,35.32037085],[139.621061979,35.32028924],[139.621263948,35.320041062],[139.621297608,35.319998442],[139.621519337,35.319718354],[139.621604617,35.319598905],[139.621789616,35.319359186],[139.622041285,35.318973359],[139.622204685,35.31873715],[139.622466354,35.318428592],[139.622689324,35.318226083],[139.62271025,35.318209137]]},"properties":{"任意ID":"16","区分":"第１次緊急輸送道路","枝ID":"2","行政区域":"14100","資料名称":"神奈川県緊急輸送道路ネットワーク計画図","資料年月":"2018 03","路線名称":"国道16号","道路種別":"一般国道"}},{"type":"Feature","geometry":{"type":"LineString","coordinates":[[139.494026992,35.497445043],[139.494255212,35.497421153],[139.494461952,35.497399503],[139.494690762,35.497381213],[139.495291052,35.497319694],[139.495732622,35.497266504],[139.496232622,35.497214485],[139.496372852,35.497199735],[139.496799472,35.497171976],[139.497057522,35.497126696],[139.497266392,35.497107246],[139.497645842,35.497049477],[139.497974042,35.496993117],[139.498568622,35.496901418],[139.499551061,35.496751489],[139.500001961,35.496689439],[139.500261771,35.49665364],[139.500612871,35.49661419],[139.500956962,35.4965692],[139.501122241,35.496529761],[139.501432081,35.496422761],[139.501808201,35.496277662],[139.50204298,35.496187082],[139.50242333,35.496045223],[139.502767239,35.495910043],[139.502877519,35.495876143],[139.503716958,35.495560865],[139.504254497,35.495363425],[139.504400767,35.495308756],[139.504804526,35.495166396],[139.505190146,35.495036927],[139.505569716,35.494901387],[139.506084835,35.494715948],[139.506573624,35.494552539],[139.507433773,35.49423014],[139.508335282,35.493903911],[139.508880481,35.493706592],[139.509271851,35.493561092],[139.51006334,35.493256993],[139.510597079,35.493048884],[139.511114298,35.492865675],[139.511233618,35.492823375],[139.511426327,35.492716195],[139.511914726,35.492383656],[139.512019115,35.492315476],[139.512523104,35.491990637],[139.512892223,35.491752558],[139.513027802,35.491666998],[139.5136145,35.491296759],[139.514089999,35.49099228],[139.515017906,35.490396041],[139.515348984,35.490181342],[139.515657953,35.489984892],[139.516141242,35.489673853],[139.51666859,35.489323924],[139.516938509,35.489144824],[139.517544307,35.488737365],[139.518020275,35.488417286],[139.518410324,35.488151976],[139.518589383,35.488031017],[139.518996651,35.487738937],[139.519497459,35.487376338],[139.520057477,35.486958119],[139.520670245,35.48651311],[139.520935254,35.48631839],[139.521041913,35.486242841],[139.521314822,35.486035751],[139.521427012,35.485961361],[139.52197108,35.485600612],[139.522494408,35.485211733],[139.522829726,35.484989843],[139.523389135,35.484637014],[139.523801973,35.484411685],[139.524086513,35.484279815],[139.524504132,35.484107286],[139.524806862,35.484000636],[139.524940302,35.483965876],[139.525092881,35.483920806],[139.525585041,35.483807497],[139.526020861,35.483708177],[139.526521081,35.483594797],[139.52725718,35.483420068],[139.52760643,35.483333678],[139.52778051,35.483290619],[139.52811106,35.483205839],[139.529132369,35.48295745],[139.529537009,35.48286304],[139.530272718,35.482670851],[139.530500328,35.482623121],[139.531056788,35.482460592],[139.531194398,35.482411462],[139.531345787,35.482349532],[139.531717717,35.482174802],[139.531951786,35.482062213],[139.532295755,35.481881763],[139.532846334,35.481572024],[139.533280522,35.481329484],[139.533651431,35.481138515],[139.53409184,35.480890536],[139.534677159,35.480580356],[139.534993838,35.480417017],[139.536293345,35.479725438],[139.536373774,35.479682138],[139.537044662,35.479317019],[139.53810219,35.47876111],[139.538466099,35.478575201],[139.538641558,35.478473581],[139.538876048,35.478343701],[139.539151317,35.478214251],[139.539970205,35.477774532],[139.540740303,35.477369523],[139.540878813,35.477295643],[139.541106042,35.477171753],[139.541668541,35.476878754],[139.54186329,35.476777304],[139.54206298,35.476687314],[139.542393219,35.476563414],[139.542627429,35.476507034],[139.542771869,35.476467584],[139.543150459,35.476405644],[139.543239929,35.476400094],[139.543446569,35.476400094],[139.54366687,35.476394254],[139.54396932,35.476411184],[139.544527181,35.476472514],[139.545201714,35.476782924],[139.545511296,35.476946183],[139.546710762,35.477576192],[139.546887723,35.477690082],[139.547748217,35.478152001],[139.547920228,35.478219811],[139.548215619,35.478281591],[139.548463639,35.478332491],[139.54875004,35.478386771],[139.549854393,35.478557861],[139.550001893,35.478581031],[139.551003836,35.47872119],[139.551890848,35.47884521],[139.552304809,35.4788959],[139.55275244,35.47896374],[139.553238751,35.47903091],[139.553853573,35.47911563],[139.553991073,35.47913814],[139.554346444,35.47917979],[139.554886106,35.4792676],[139.555023496,35.47928451],[139.555484967,35.479352029],[139.555849378,35.479397309],[139.556042139,35.479430899],[139.55663352,35.479509719],[139.55680135,35.479535299],[139.557127801,35.479595209],[139.557522192,35.479650629],[139.557728343,35.479649089],[139.557983303,35.479639529],[139.558210543,35.479605629],[139.558279993,35.479586749],[139.558416913,35.479549529],[139.558596043,35.479498979],[139.558944133,35.479372029],[139.559277472,35.47926231],[139.559581082,35.47915869],[139.559690522,35.47912147],[139.560090661,35.47896281],[139.56099375,35.478638281],[139.56123914,35.478558131],[139.56183107,35.478372301],[139.56198246,35.478343971],[139.5622577,35.478321471],[139.562615801,35.478338411],[139.563049412,35.478349521],[139.563992473,35.478377841],[139.564116994,35.478383441],[139.564893055,35.478412031],[139.566229737,35.47844008],[139.566668588,35.4784333],[139.566966359,35.47842869],[139.567260059,35.4783995],[139.567583179,35.47831043],[139.568156919,35.478169531],[139.568487439,35.478096431],[139.568703309,35.478054351],[139.569382349,35.477921731],[139.569643589,35.477865641],[139.569806499,35.477839101],[139.569924289,35.477798661],[139.570221918,35.477696471],[139.570387198,35.477612031],[139.570490198,35.477561501],[139.570738307,35.477403701],[139.570832607,35.477326451],[139.570965206,35.477228982],[139.571178775,35.477037392],[139.571269364,35.476942332],[139.571605522,35.476575362],[139.571984129,35.476118983],[139.572077648,35.475975393],[139.572133078,35.475880113],[139.572376345,35.475442864],[139.572655622,35.475000364],[139.57281025,35.474755365],[139.573064958,35.474355365],[139.573291705,35.474034526],[139.573631853,35.473604487],[139.574538591,35.473162847],[139.57469896,35.473070437],[139.57480255,35.472995267],[139.575001889,35.472851647],[139.575321508,35.472572168],[139.575499946,35.472301198],[139.575604665,35.472169268],[139.575731694,35.471996929],[139.575893833,35.471769269],[139.576056051,35.471520649],[139.576287989,35.4711637],[139.576338298,35.47108089],[139.576547156,35.47073704],[139.576811874,35.470426201],[139.577090203,35.470168151],[139.577320482,35.470003191],[139.577565471,35.469822432],[139.578414408,35.469188992],[139.578903246,35.468785743],[139.579204644,35.468541213],[139.579488503,35.468331223],[139.579632773,35.468274903],[139.579847313,35.468208183],[139.579984643,35.468158983],[139.580182143,35.468090373],[139.580381863,35.468011483],[139.580533372,35.467932513],[139.580715242,35.467812024],[139.581360519,35.467270304],[139.581606868,35.467064824],[139.582100246,35.466667035],[139.582554174,35.466301055],[139.582742693,35.466180375],[139.582866573,35.466101495],[139.583320882,35.465836685],[139.583575121,35.465703866],[139.583828211,35.465634016],[139.585014072,35.465468795],[139.585402193,35.465451895],[139.586367715,35.465431555],[139.586422915,35.465430615],[139.587271856,35.465419824],[139.587502927,35.465409994],[139.587601867,35.465413984],[139.588046778,35.465392234],[139.588432528,35.465322894],[139.588751778,35.465226904],[139.589157697,35.465025645],[139.589380667,35.464899735],[139.589694636,35.464727045],[139.590349804,35.464349375],[139.590432134,35.464300115],[139.590645534,35.464172445],[139.591449362,35.463749416],[139.591668522,35.463633126],[139.592156311,35.463373646],[139.59266143,35.463113687],[139.593042079,35.462909457],[139.593267349,35.462800667],[139.593452688,35.462687327],[139.593851827,35.462473157],[139.594161577,35.462309817],[139.594437436,35.462163117],[139.595096095,35.461826798],[139.595940093,35.461395558],[139.596219623,35.461239548],[139.596673782,35.461002878],[139.597217111,35.460704428],[139.597885189,35.460350569],[139.598096939,35.460223829],[139.598297908,35.460118339],[139.598800797,35.459864499],[139.599014147,35.459746169],[139.599261386,35.459627959],[139.599915695,35.459290129],[139.600018775,35.459216769],[139.600142554,35.459104389],[139.600486832,35.45874343],[139.600744891,35.45852674],[139.600878771,35.45846592],[139.601010711,35.45840788],[139.601187861,35.45835983],[139.601302581,35.45833371],[139.601550741,35.45828813],[139.601739612,35.458281489],[139.601808222,35.458270399],[139.602210292,35.458245309],[139.602648223,35.458180109],[139.602744583,35.458140669],[139.603770141,35.457588449],[139.60413489,35.457419269],[139.60450643,35.457256269],[139.60503856,35.457047099],[139.605793769,35.456805379],[139.605911299,35.456771609],[139.606075999,35.456720929],[139.606385579,35.456602669],[139.606626559,35.456506769],[139.607032699,35.456377229],[139.607314609,35.456287049],[139.607658779,35.456163159],[139.607934327,35.455825099],[139.608085716,35.455644829],[139.608175035,35.455526649],[139.608255984,35.45543052],[139.608338194,35.45533288],[139.608413063,35.45524299],[139.608657732,35.45498968],[139.608879051,35.45476371],[139.60903989,35.45461877],[139.609117119,35.45454919],[139.609208349,35.454469631],[139.609269379,35.454417001],[139.609472658,35.454280381],[139.609554288,35.454233971],[139.609689278,35.454157351],[139.609930148,35.454055931],[139.610239858,35.453960101],[139.610397378,35.453935381],[139.610831819,35.453892601],[139.610969589,35.45394314],[139.611733054,35.454294429],[139.612424845,35.454252879],[139.612626406,35.454240769]]},"properties":{"任意ID":"16","区分":"第１次緊急輸送道路","枝ID":"3","行政区域":"14100","資料名称":"神奈川県緊急輸送道路ネットワーク計画図","資料年月":"2018 03","路線名称":"国道16号","道路種別":"一般国道"}},{"type":"Feature","geometry":{"type":"LineString","coordinates":[[139.480808452,35.50599031],[139.480871761,35.505964631],[139.481992008,35.505510274],[139.484507002,35.504488279],[139.487024687,35.503464815],[139.487749995,35.503162287],[139.488516994,35.502823288],[139.489545991,35.50236829],[139.490250989,35.501918291],[139.490819986,35.501425292],[139.491461982,35.500683294],[139.493964963,35.497510302],[139.494026992,35.497445043],[139.494694958,35.496742305],[139.495362955,35.496212306],[139.496691951,35.495516309],[139.498897946,35.494498313],[139.50097794,35.493384317],[139.502654935,35.49234332],[139.504397928,35.490993323],[139.505638922,35.489836326],[139.507768909,35.487634331],[139.509449897,35.485659336],[139.510752888,35.484281339],[139.512652881,35.482899343],[139.513509878,35.482340344],[139.513554818,35.482314234],[139.514731874,35.481630346],[139.516208871,35.480923348],[139.521427862,35.478862355],[139.523908858,35.477893358],[139.525301855,35.47719536],[139.52698285,35.476260362],[139.528498844,35.475142364],[139.530117836,35.473761368],[139.531320828,35.47250037],[139.53226082,35.471279373],[139.533307809,35.469524377],[139.534046801,35.468349379],[139.534819795,35.467393381],[139.535576031,35.466769113],[139.53575379,35.466622383],[139.537709783,35.465447385],[139.540168774,35.463912388],[139.542229396,35.46247326],[139.542343765,35.46239339],[139.54324876,35.461616392],[139.544666752,35.460399394],[139.546264742,35.458785396],[139.547764733,35.457403399],[139.548971727,35.456511401],[139.550510721,35.455563403],[139.552246717,35.454782404],[139.553775715,35.454273405],[139.555612714,35.453812405],[139.557789714,35.453471405],[139.559965714,35.453178405],[139.561078714,35.452941406],[139.561794763,35.452788216],[139.562485713,35.452640406],[139.564369711,35.452151406],[139.566477709,35.451522406],[139.567502598,35.451157507]]},"properties":{"任意ID":"17","区分":"第１次緊急輸送道路","枝ID":"1","行政区域":"14100","資料名称":"神奈川県緊急輸送道路ネットワーク計画図","資料年月":"2018 03","路線名称":"国道16号（保土ヶ谷バイパス）","道路種別":"一般国道"}},{"type":"Feature","geometry":{"type":"LineString","coordinates":[[139.567502598,35.451157507],[139.567842707,35.451036407],[139.569677704,35.450335407],[139.571690699,35.449410408],[139.572620696,35.448860409],[139.57360369,35.44798341],[139.574469683,35.447047411],[139.576042667,35.444785414],[139.576857661,35.443912415],[139.577042793,35.44376507],[139.578317654,35.442750416],[139.580467235,35.441289378],[139.580916643,35.440932418],[139.581434639,35.440348419],[139.581617636,35.43997442],[139.58179363,35.439348421],[139.581867623,35.438489422],[139.581847615,35.437624424],[139.581648608,35.436858425],[139.581531596,35.435494428],[139.581620586,35.43440443],[139.581692582,35.433934431],[139.582262558,35.431122436],[139.582739541,35.429137439],[139.582787534,35.428413441],[139.582777527,35.427611442],[139.582557519,35.426720444],[139.581263491,35.423898451],[139.580517473,35.422048455],[139.580252463,35.421040457],[139.580155452,35.41983146],[139.580269441,35.418702462],[139.580610424,35.416742466],[139.580721417,35.416075467],[139.580772412,35.415539468],[139.580768407,35.414981469],[139.580699404,35.41463447],[139.580600401,35.41434147],[139.580275965,35.413766562],[139.579826389,35.413139473],[139.579207384,35.412674475],[139.576426367,35.41114548],[139.575745361,35.410574481],[139.575158353,35.409864483],[139.574896348,35.409269484],[139.574825342,35.408665486],[139.574842333,35.407683488],[139.574975327,35.407007489],[139.575876297,35.403813496],[139.576322285,35.402439499],[139.576378276,35.401535501],[139.576345403,35.401200002],[139.576286267,35.400596503],[139.576148261,35.399925505],[139.57570525,35.398781508],[139.574891233,35.397125513],[139.57420622,35.395777518],[139.57374921,35.394689521],[139.573599203,35.393917523],[139.573541197,35.393335525],[139.57362119,35.392630526],[139.573770184,35.391917528],[139.574167175,35.39100653],[139.574785164,35.389987532],[139.575381158,35.389283534],[139.57634815,35.388458535],[139.578390136,35.387030536],[139.580444021,35.385556577],[139.580777119,35.385317537],[139.582763103,35.383800539],[139.584174091,35.38259454],[139.584929083,35.381849541],[139.585735074,35.380966542],[139.586433063,35.379969544],[139.587569043,35.378106547],[139.589380011,35.374919554],[139.590124998,35.373577557],[139.590539994,35.373191558],[139.59105199,35.372762559],[139.592508982,35.37190156],[139.593074977,35.37142756],[139.593616971,35.370808561],[139.59440448,35.369769113],[139.59441096,35.369760563],[139.595377945,35.368410566],[139.596239932,35.367204568],[139.597175919,35.36592357],[139.597801908,35.364985571],[139.598092903,35.364495572],[139.598364895,35.363812573],[139.598519888,35.363184575],[139.598588882,35.362578576],[139.598537851,35.359665584],[139.598283829,35.356325601],[139.598123826,35.355522607],[139.597705823,35.354542614],[139.59690982,35.353629622],[139.595924817,35.35269063],[139.594439812,35.35141764],[139.593727809,35.350684646],[139.593290805,35.349930651],[139.593144802,35.349179656],[139.593085799,35.348418662],[139.593073794,35.347395669],[139.59303579,35.346265676],[139.592861786,35.345431682],[139.592412782,35.344570688],[139.591371774,35.342727701],[139.590884769,35.34155671],[139.590708766,35.340841715],[139.590595762,35.339836722],[139.590677756,35.338458732],[139.590885751,35.33733174],[139.59169282,35.334778507],[139.591851738,35.334275761],[139.592258734,35.333188768],[139.593193703,35.330636376],[139.593217723,35.330570787],[139.593233358,35.33054171],[139.593823719,35.329443795],[139.594757714,35.328235803],[139.59556671,35.327329809],[139.596200709,35.326845813],[139.597755706,35.325922819],[139.600374701,35.324384829],[139.6020357,35.323302837],[139.602323699,35.323055839],[139.602882698,35.322410843],[139.604183694,35.321003853],[139.605052691,35.319772862],[139.605791687,35.318466871],[139.606403682,35.316930881],[139.606707678,35.315928889],[139.607004674,35.314574898],[139.60717567,35.313703905],[139.607311551,35.313007506]]},"properties":{"任意ID":"18","区分":"第１次緊急輸送道路","枝ID":"1","行政区域":"14100","資料名称":"神奈川県緊急輸送道路ネットワーク計画図","資料年月":"2018 03","路線名称":"国道16号（横浜横須賀道路）","道路種別":"一般国道"}},{"type":"Feature","geometry":{"type":"LineString","coordinates":[[139.59169282,35.334778507],[139.59189321,35.334736478],[139.59207268,35.334686428],[139.5922113,35.334641868],[139.59240963,35.334568258],[139.592560489,35.334503619],[139.592717459,35.334425229],[139.592827749,35.33436043],[139.592920519,35.33429379],[139.593210978,35.334069002],[139.593394517,35.333893793],[139.593595162,35.332728741],[139.593575291,35.332419923],[139.593593519,35.332085106],[139.593593258,35.331677949],[139.593584337,35.331546],[139.593581837,35.33150913],[139.593561286,35.331251612],[139.593540715,35.331115953],[139.593499845,35.330970104],[139.593458874,35.330871504],[139.593422374,35.330789935],[139.593372144,35.330702396],[139.593355614,35.330674046],[139.593298173,35.330602036],[139.593291092,35.330595352]]},"properties":{"任意ID":"18","区分":"第１次緊急輸送道路","枝ID":"3","行政区域":"14100","資料名称":"神奈川県緊急輸送道路ネットワーク計画図","資料年月":"2018 03","路線名称":"国道16号（横浜横須賀道路）","道路種別":"一般国道"}},{"type":"Feature","geometry":{"type":"LineString","coordinates":[[139.580610424,35.416742466],[139.581317953,35.416535286],[139.581795277,35.416230325],[139.581904826,35.416066116],[139.581967423,35.415737697],[139.581975244,35.415284166],[139.58206914,35.414814996],[139.582163035,35.414291089],[139.582324556,35.413658511]]},"properties":{"任意ID":"18","区分":"第１次緊急輸送道路","枝ID":"4","行政区域":"14100","資料名称":"神奈川県緊急輸送道路ネットワーク計画図","資料年月":"2018 03","路線名称":"国道16号（横浜横須賀道路）","道路種別":"一般国道"}},{"type":"Feature","geometry":{"type":"LineString","coordinates":[[139.596239932,35.367204568],[139.595692039,35.367546125],[139.595246018,35.368038753],[139.594776523,35.368664314],[139.594127056,35.369696488]]},"properties":{"任意ID":"18","区分":"第１次緊急輸送道路","枝ID":"5","行政区域":"14100","資料名称":"神奈川県緊急輸送道路ネットワーク計画図","資料年月":"2018 03","路線名称":"国道16号（横浜横須賀道路）","道路種別":"一般国道"}},{"type":"Feature","geometry":{"type":"LineString","coordinates":[[139.593073794,35.347395669],[139.593398803,35.349451654],[139.593812806,35.350156649],[139.594449809,35.350773644],[139.595398813,35.351676637],[139.596106814,35.352159633],[139.597240815,35.352646628],[139.599769817,35.353805615],[139.601677827,35.35484061],[139.602881834,35.355328608],[139.60381384,35.355621608],[139.605267847,35.355954608],[139.606862855,35.356153609],[139.607002656,35.356155019],[139.608250861,35.356167611],[139.613280882,35.356022619],[139.621240916,35.355774629],[139.623679926,35.355723632],[139.624279929,35.355725633],[139.625029932,35.355727633],[139.625470934,35.355743634],[139.62658294,35.355971633],[139.627417945,35.356251633],[139.628183951,35.356599631],[139.628214671,35.356619341],[139.628864957,35.35703663],[139.629436962,35.357448628],[139.630483972,35.358240625],[139.63220799,35.35958862],[139.632848996,35.359968619],[139.633831003,35.360346618],[139.634955011,35.360675618],[139.635764016,35.360899617],[139.63650602,35.360997617],[139.636991492,35.361027368],[139.637224023,35.361041618],[139.637787026,35.361100618],[139.63887903,35.361135618],[139.640633037,35.361276618],[139.64117504,35.361311618],[139.641785032,35.361318279],[139.642274044,35.361323619],[139.643230817,35.361354529],[139.643543049,35.361364619],[139.643540795,35.361445255],[139.643408071,35.364211606],[139.643415082,35.365647599],[139.643393093,35.366988593]]},"properties":{"任意ID":"19","区分":"第１次緊急輸送道路","枝ID":"1","行政区域":"14100","資料名称":"神奈川県緊急輸送道路ネットワーク計画図","資料年月":"2018 03","路線名称":"国道16号（金沢支線）","道路種別":"一般国道"}},{"type":"Feature","geometry":{"type":"LineString","coordinates":[[139.645013498,35.447881368],[139.644417905,35.447635499],[139.644318414,35.447618729],[139.644227694,35.447664819],[139.643851035,35.447850369],[139.643633095,35.447957779],[139.64324075,35.44742926],[139.642700174,35.446782321],[139.642130194,35.447103431],[139.641970705,35.447192931],[139.641648295,35.447373941],[139.641456575,35.447474501],[139.640557176,35.447946931],[139.640099327,35.448185091],[139.639473128,35.448517941],[139.638461319,35.44904703],[139.63809658,35.44924425],[139.63761464,35.44949232],[139.637320151,35.44965301],[139.636894601,35.44982482],[139.636148289,35.449824821],[139.635578657,35.449812601],[139.635066295,35.449812601],[139.634406883,35.449797322],[139.633823391,35.449769532],[139.63333561,35.449769533],[139.633103559,35.449769533],[139.632970538,35.449701983],[139.632654924,35.449293644],[139.632379401,35.449031144]]},"properties":{"任意ID":"23","区分":"第１次緊急輸送道路","枝ID":"1","行政区域":"14100","資料名称":"神奈川県緊急輸送道路ネットワーク計画図","資料年月":"2018 03","路線名称":"国道133号","道路種別":"一般国道"}},{"type":"Feature","geometry":{"type":"LineString","coordinates":[[139.486159056,35.520897746],[139.486939368,35.52150722],[139.487442271,35.521901541],[139.487683512,35.522070521],[139.488110185,35.52239275],[139.488287456,35.52252628],[139.488603808,35.52276838],[139.489556853,35.52350886],[139.489920505,35.52377689],[139.490296687,35.52407007],[139.49076909,35.52442895],[139.491024182,35.52463374],[139.491518394,35.52500025],[139.491668805,35.52511181],[139.491872706,35.52526303],[139.492065757,35.52540886],[139.492225208,35.52552192],[139.492343609,35.52561419],[139.49249607,35.52573268],[139.492830481,35.5259672],[139.493285213,35.526232201],[139.493752435,35.526482201],[139.494049466,35.526611631],[139.494076046,35.526622751],[139.494661598,35.526814422],[139.494737478,35.526831102],[139.495245079,35.526981952],[139.49545267,35.527035773],[139.496798833,35.527390524],[139.497293534,35.527486644],[139.497369594,35.527509274],[139.497687245,35.527595565],[139.497901605,35.527662755],[139.498173826,35.527736635],[139.498462167,35.527815255],[139.498639127,35.527866726],[139.498803288,35.527912206],[139.498925778,35.527948026],[139.499318559,35.528054976],[139.49978715,35.528212737],[139.49985854,35.528252207],[139.499999081,35.528339467],[139.500118122,35.528415857],[139.500463294,35.528681887],[139.500740935,35.528882517],[139.501280408,35.529272257],[139.501396349,35.529366647],[139.501857792,35.529712637],[139.502020583,35.529835277],[139.502808298,35.530445527],[139.50326219,35.530793587],[139.503935024,35.531326727],[139.504329027,35.531608077],[139.505121742,35.532254507],[139.506025847,35.532960547],[139.50646162,35.533318377],[139.506880932,35.533661257],[139.507228695,35.533946027],[139.507705257,35.534336077],[139.508289721,35.534824707],[139.508558333,35.535059137],[139.509026086,35.535430597],[139.509163816,35.535544877],[139.50968922,35.535977187],[139.509946401,35.536187477],[139.510470834,35.536627647],[139.511220579,35.537240807],[139.51148398,35.537461897],[139.511781132,35.537738027],[139.512380306,35.538239427],[139.513228721,35.538895617],[139.513504483,35.539097347],[139.513746414,35.539274987],[139.514127816,35.539500537],[139.514480317,35.539672487],[139.515583852,35.540178117],[139.515884483,35.540320807],[139.516408435,35.540563628],[139.516493655,35.540602628],[139.516595976,35.540649468],[139.516749547,35.540719768],[139.51766344,35.541144158],[139.517750611,35.541174428],[139.517948461,35.541268058],[139.518098132,35.541338888],[139.518641794,35.541581708],[139.518813715,35.54166043],[139.519512018,35.541980179],[139.519858119,35.542144429],[139.52009228,35.542251379],[139.520822843,35.542578039],[139.521160345,35.54273581],[139.521511716,35.54290498],[139.521882168,35.54308604],[139.522164789,35.54320443],[139.522564521,35.54340164],[139.523439514,35.54381859],[139.523942576,35.544043881],[139.524575799,35.544342171],[139.5248794,35.544490321],[139.526273126,35.545170461],[139.52709425,35.545569071],[139.527631122,35.545831661],[139.528418156,35.546208591],[139.529011518,35.546493361],[139.529791762,35.546870261],[139.531176498,35.547546371],[139.531941501,35.547923871],[139.532515284,35.548194111],[139.534500733,35.549173191],[139.535139396,35.549492061],[139.535594648,35.549717911],[139.536300741,35.550056021],[139.536857254,35.55032725],[139.538141479,35.55096008],[139.538931853,35.55134362],[139.539885667,35.55180784],[139.541340713,35.55251359],[139.541753755,35.55271665],[139.542105156,35.55289693],[139.542408388,35.55304636],[139.542745999,35.5532122],[139.543435162,35.55355581],[139.544387876,35.55403318],[139.544824618,35.55426137],[139.545705452,35.55471887],[139.546009603,35.5548614],[139.546112074,35.55491141],[139.546457675,35.55508971],[139.546694626,35.55519026],[139.547169898,35.55542137],[139.547399099,35.55553745],[139.547817681,35.55574831],[139.548612694,35.55613598],[139.548988116,35.55632405],[139.550238881,35.55693032],[139.550690743,35.55715081],[139.551414227,35.55749322],[139.552043289,35.55776239],[139.552559851,35.55798328],[139.552827152,35.55810998],[139.553126854,35.55822139],[139.553388155,35.5583196],[139.5546854,35.55885404],[139.555198302,35.55908725],[139.555475763,35.55921303],[139.556240117,35.55960626],[139.556777999,35.55987137],[139.557646883,35.5603261],[139.558048245,35.56055101],[139.558136436,35.56060871],[139.558321537,35.56072982],[139.558366337,35.56075915],[139.559047041,35.561238709],[139.559119181,35.561292129],[139.559229722,35.561373979],[139.559735515,35.561780539],[139.560138848,35.562195539],[139.560549181,35.562601239],[139.560819963,35.562869429],[139.561549679,35.563602238],[139.56161919,35.563673368],[139.562328655,35.564429558],[139.562375866,35.564479848],[139.562610447,35.564729778],[139.562662058,35.564785218],[139.56286021,35.565032207],[139.563122482,35.565358587],[139.563385545,35.565785537],[139.563657478,35.566236346],[139.563870081,35.566666926],[139.563930272,35.566788876],[139.564017423,35.566960966],[139.564105554,35.567134416],[139.564343057,35.567569145],[139.564480648,35.567826895],[139.564557499,35.567961285],[139.564689241,35.568147285],[139.565322226,35.568870524],[139.566027231,35.569691083],[139.566518765,35.570262153],[139.566616376,35.570375612],[139.566669186,35.570437002],[139.56710475,35.570943302],[139.567563893,35.571491771],[139.567710872,35.571667171]]},"properties":{"任意ID":"28","区分":"第１次緊急輸送道路","枝ID":"2","行政区域":"14100","資料名称":"神奈川県緊急輸送道路ネットワーク計画図","資料年月":"2018 03","路線名称":"国道246号","道路種別":"一般国道"}},{"type":"Feature","geometry":{"type":"LineString","coordinates":[[139.465562216,35.49595832],[139.465679158,35.49621424],[139.465777699,35.49643027],[139.466037213,35.496999268],[139.466207506,35.497329718],[139.466330528,35.497604727],[139.466773625,35.498583876],[139.466966688,35.499015815],[139.467201131,35.499529434],[139.467374464,35.499895533],[139.467446975,35.500032483],[139.467527726,35.500169603],[139.467619787,35.500301493],[139.467651077,35.500333233],[139.467979309,35.500666183],[139.468699475,35.501456922],[139.468918717,35.501724452],[139.469098643,35.501930249]]},"properties":{"任意ID":"28","区分":"第１次緊急輸送道路","枝ID":"3","行政区域":"14100","資料名称":"神奈川県緊急輸送道路ネットワーク計画図","資料年月":"2018 03","路線名称":"国道246号","道路種別":"一般国道"}},{"type":"Feature","geometry":{"type":"LineString","coordinates":[[139.477060775,35.511117604],[139.478377496,35.512613413],[139.47912887,35.513207023],[139.479373181,35.513400033],[139.479600823,35.513594673],[139.479821504,35.513783303],[139.479952065,35.513907483],[139.480449419,35.514510853],[139.480606801,35.514701643],[139.480882423,35.515056743],[139.481047635,35.515264982],[139.481234637,35.515511452],[139.481348498,35.515661282],[139.481830422,35.516295482],[139.482118285,35.516666922],[139.482391657,35.517019651],[139.483017863,35.517800011],[139.48385706,35.51887091],[139.484003191,35.51905356],[139.484485435,35.51956387],[139.484609606,35.51968247],[139.484841497,35.51987747]]},"properties":{"任意ID":"28","区分":"第１次緊急輸送道路","枝ID":"4","行政区域":"14100","資料名称":"神奈川県緊急輸送道路ネットワーク計画図","資料年月":"2018 03","路線名称":"国道246号","道路種別":"一般国道"}},{"type":"Feature","geometry":{"type":"MultiLineString","coordinates":[[[139.616532916,35.396463951],[139.616303035,35.395944712],[139.616222893,35.395575821],[139.616139884,35.394772267],[139.61614846,35.393771399],[139.61617421,35.392936389],[139.616245757,35.392361605],[139.616351648,35.391826856],[139.616534816,35.391280668],[139.616769502,35.390785953],[139.61703281,35.390339852],[139.617253187,35.390025294],[139.617493599,35.389687858],[139.617756908,35.389336125],[139.618086044,35.388947216],[139.618475283,35.388486817],[139.618936074,35.387929191],[139.619376831,35.387471651],[139.619803277,35.386976937],[139.620158172,35.386553713],[139.620584619,35.386164804],[139.62143179,35.385481355],[139.622112963,35.385052411],[139.623152022,35.384383032],[139.624625861,35.383456743],[139.625192552,35.383162202],[139.625842243,35.382821908],[139.626443279,35.382510209],[139.627296178,35.382167055],[139.628163388,35.381878234],[139.628469631,35.381789586],[139.629042047,35.381583694],[139.629708912,35.381383521],[139.630289914,35.381197646],[139.63138323,35.380891667],[139.631818266,35.380783002],[139.633280791,35.38042841],[139.634462831,35.380136729],[139.634594487,35.380062379],[139.636171495,35.379727805],[139.637396467,35.379481878],[139.638255092,35.379293143],[139.638609991,35.379204495],[139.638982061,35.379101549],[139.639345546,35.378987165],[139.63970903,35.378867061],[139.64006679,35.37872122],[139.640275722,35.378638291],[139.640624895,35.378455276],[139.640954034,35.378283699],[139.641371896,35.378003456],[139.641469207,35.377946264],[139.641678138,35.377768967],[139.642024447,35.377420094],[139.642462339,35.376579366],[139.642571096,35.37625337],[139.642659817,35.375907356],[139.642759984,35.375186732],[139.642874459,35.374188725],[139.642937414,35.372939072],[139.642974613,35.37205545],[139.642994641,35.37130051],[139.643043286,35.370042278],[139.64306045,35.369041412],[139.643046131,35.368017668],[139.643006053,35.367039679],[139.642954531,35.366490632],[139.642968834,35.365566976],[139.643028927,35.364251553],[139.643077572,35.362878937],[139.6430976,35.362135437],[139.643222812,35.361499173],[139.643375933,35.361436261],[139.643543049,35.361364619],[139.64362778,35.360278464],[139.643664818,35.359940946],[139.643738893,35.358121624],[139.643743009,35.357549477],[139.643780047,35.357257229],[139.643961154,35.356643932],[139.644099021,35.356226924],[139.644185232,35.35496218],[139.64420348,35.354650661],[139.644245182,35.353429997],[139.64426155,35.353185378],[139.644261549,35.353033429],[139.644309862,35.352036224],[139.644357994,35.350918849],[139.644393278,35.350000674],[139.644412904,35.349489286],[139.644440399,35.348689291],[139.644481795,35.347928734],[139.644509303,35.347646396],[139.644550389,35.346993459],[139.64461705,35.345624296],[139.644620739,35.345486817],[139.644624308,35.345353728],[139.644626265,35.3449237],[139.644522102,35.344468872],[139.64446767,35.344228583],[139.644427798,35.343957485],[139.644407867,35.343726256],[139.644419825,35.343459157],[139.64451281,35.342648522],[139.644527149,35.342457303],[139.644531218,35.342367433],[139.644562854,35.341667387],[139.644632805,35.340119805],[139.644640994,35.339939766],[139.644653602,35.339678085]],[[139.644597903,35.338690384],[139.644581146,35.338567734],[139.644545185,35.338361295],[139.644528184,35.338269556],[139.644485053,35.338065187],[139.644332279,35.337448521],[139.643994772,35.336614635],[139.643938941,35.336472696],[139.643451153,35.335387972]]]},"properties":{"任意ID":"31","区分":"第１次緊急輸送道路","枝ID":"1","行政区域":"14100","資料名称":"神奈川県緊急輸送道路ネットワーク計画図","資料年月":"2018 03","路線名称":"国道357号","道路種別":"一般国道"}},{"type":"Feature","geometry":{"type":"MultiLineString","coordinates":[[[139.663274436,35.43998603],[139.665087979,35.441359256],[139.665485661,35.441667025],[139.665686433,35.441822424],[139.665894985,35.442092884],[139.665963296,35.442204613],[139.666001777,35.442305953],[139.666014608,35.442438753],[139.666009421,35.442929112],[139.666060565,35.443459141],[139.666104416,35.443585021],[139.666250169,35.44389696],[139.666668533,35.444430659],[139.667592603,35.445609476],[139.668412712,35.446645534],[139.669151258,35.447379575],[139.669524245,35.447955958],[139.670066319,35.448780783],[139.670911755,35.450072676],[139.671440963,35.450881643]],[[139.676532854,35.458546096],[139.677212742,35.45955319],[139.677923904,35.4606513],[139.678222293,35.461083587],[139.678609918,35.461570112],[139.678861586,35.461881221],[139.679465578,35.46250467],[139.680092192,35.463076085],[139.680261279,35.463294713],[139.680465179,35.463717063],[139.680688971,35.464015192],[139.681111687,35.464323259],[139.681753218,35.464631325],[139.682514104,35.464874797],[139.683170555,35.465172926],[139.68367284,35.465485961],[139.684254695,35.465828809],[139.684732115,35.466097125],[139.685070286,35.466186564],[139.685308995,35.466231283],[139.685488026,35.466226314],[139.685791384,35.466022591],[139.68598036,35.465868558],[139.686054955,35.46564496],[139.686069873,35.465510802],[139.686030087,35.465376644],[139.68594057,35.46518286],[139.68576651,35.4649692],[139.685632235,35.464835042],[139.685189626,35.464452443],[139.684364087,35.463776684],[139.683657903,35.463175457]]]},"properties":{"任意ID":"31","区分":"第１次緊急輸送道路","枝ID":"2","行政区域":"14100","資料名称":"神奈川県緊急輸送道路ネットワーク計画図","資料年月":"2018 03","路線名称":"国道357号","道路種別":"一般国道"}},{"type":"Feature","geometry":{"type":"LineString","coordinates":[[139.596261982,35.479180353],[139.595000994,35.481143351],[139.593761011,35.483736348],[139.592863025,35.485922345],[139.59264948,35.486642424],[139.592344037,35.487672343],[139.592301044,35.488691342],[139.592335057,35.490415339],[139.592357069,35.492087337],[139.592219078,35.493378336],[139.591954086,35.494584335],[139.5915321,35.496682333],[139.591368108,35.497973332],[139.591366114,35.498793331],[139.591629123,35.49993133],[139.592038136,35.501735327],[139.592394147,35.503231326],[139.592669156,35.504369324],[139.592849167,35.505864322],[139.592916181,35.50792532],[139.592919734,35.508321809],[139.592979229,35.514956313],[139.593025238,35.516399311],[139.593052516,35.51755948],[139.593069251,35.51827131],[139.593297262,35.519913308],[139.593355265,35.520314307],[139.593533271,35.521125307],[139.593644513,35.521454256],[139.594022282,35.522571305],[139.594773295,35.524390303],[139.595503308,35.526049302],[139.596510322,35.527885301],[139.597325331,35.5290723],[139.598794347,35.531054299],[139.599459355,35.532121298],[139.599979362,35.533030297],[139.60047537,35.534076296],[139.601216382,35.535798295],[139.601591391,35.537159293],[139.601754397,35.538117292],[139.601816093,35.539163471],[139.601924415,35.54100029],[139.601986424,35.542483288],[139.602079432,35.543819287],[139.602279439,35.544893287],[139.602590448,35.546232286],[139.602747451,35.546788285],[139.60326546,35.548076285],[139.603862468,35.549141284],[139.604751478,35.550528283],[139.605709486,35.551612282],[139.607078499,35.553301281],[139.607585414,35.55409744],[139.607779506,35.55440228],[139.608473516,35.555882279],[139.608908526,35.557527278],[139.609203539,35.559801276],[139.609275271,35.560280286],[139.60950155,35.561791275],[139.60990956,35.563520274],[139.61035735,35.56456177]]},"properties":{"任意ID":"36","区分":"第１次緊急輸送道路","枝ID":"1","行政区域":"14100","資料名称":"神奈川県緊急輸送道路ネットワーク計画図","資料年月":"2018 03","路線名称":"国道466号（第三京浜道路）","道路種別":"一般国道"}},{"type":"Feature","geometry":{"type":"LineString","coordinates":[[139.650880444,35.557947772],[139.649996579,35.55726004],[139.649823208,35.55710277],[139.649493545,35.55683704],[139.648997641,35.556425821],[139.648570418,35.556048321],[139.648294855,35.555755541],[139.648019022,35.555366941],[139.647812359,35.554904722],[139.647647345,35.554403322],[139.647266198,35.553253462],[139.647027053,35.552634163],[139.646930722,35.552375133],[139.646682607,35.551704443],[139.646586525,35.551490953],[139.64623899,35.550705004],[139.646014536,35.550205824],[139.645933485,35.550000274],[139.645751131,35.549537834],[139.645599418,35.549113065],[139.645525056,35.548861735],[139.645393343,35.548439625],[139.64524952,35.548019726],[139.645208219,35.547912756],[139.645070356,35.547625546],[139.644870633,35.547247776],[139.644705071,35.547005557],[139.644505349,35.546740837],[139.644343177,35.546556217],[139.643947293,35.546103888],[139.643630339,35.545732228],[139.643478938,35.545568888],[139.642906712,35.544892429],[139.642472797,35.544391089],[139.642279775,35.54417723],[139.641714779,35.54352884],[139.641521977,35.54329806],[139.641163643,35.542886671],[139.640123692,35.541666952],[139.639801019,35.541288493],[139.639192212,35.540581173],[139.638297503,35.539528894],[139.638172152,35.539392335],[139.637730567,35.538875665],[139.636631016,35.537573326],[139.63612737,35.536977197],[139.635665256,35.536452507],[139.635548145,35.536317027],[139.635307202,35.536046698],[139.634969689,35.535669458],[139.634933159,35.535615128],[139.634893868,35.535556698],[139.634845527,35.535398898],[139.634783575,35.535173618],[139.634742224,35.534892198],[139.634719402,35.534664739],[139.63472163,35.534322789],[139.634752864,35.53331696],[139.634762122,35.53301929],[139.63475611,35.53277561],[139.634753469,35.53262607],[139.634744866,35.53214708],[139.634735242,35.53160696],[139.63472161,35.53129724],[139.634721608,35.53104362],[139.634700775,35.530508621],[139.634687154,35.530350841],[139.634649252,35.530079771],[139.63454236,35.529809621],[139.634295906,35.529333541],[139.634221365,35.529190861],[139.63391958,35.528612092],[139.633846589,35.528491402],[139.633619356,35.528057522],[139.633481573,35.527798342],[139.633361021,35.527541162],[139.633150618,35.527076013],[139.633006015,35.526710563],[139.632916463,35.526463193],[139.632858262,35.526325373],[139.6327855,35.526051533],[139.632723469,35.525871033],[139.632599296,35.525471054],[139.632578785,35.525392244],[139.632585734,35.525171864],[139.632585723,35.525091014],[139.632612222,35.524986904],[139.632685121,35.524724744],[139.63275221,35.524555494],[139.63276944,35.524512244],[139.632895728,35.524191964],[139.633116275,35.523684745],[139.633157664,35.523532795],[139.633247113,35.523301685],[139.633281552,35.523126965],[139.633309039,35.522704465],[139.633303237,35.522469166],[139.633300417,35.522422976],[139.633247105,35.522118626],[139.633212654,35.521994466],[139.633193303,35.521881446],[139.633157652,35.521769186],[139.633095431,35.521600026],[139.63307488,35.521498726],[139.632969958,35.521218227],[139.632847366,35.520884467],[139.632826805,35.520850567],[139.632702373,35.520523207],[139.632633752,35.520343358],[139.632620151,35.520275848],[139.632551249,35.520044748],[139.632523469,35.519937798],[139.632440966,35.519554468],[139.632358182,35.519081409],[139.632275489,35.518591659],[139.632181907,35.518302669]]},"properties":{"任意ID":"39","区分":"第１次緊急輸送道路","枝ID":"1","行政区域":"14100","資料名称":"神奈川県緊急輸送道路ネットワーク計画図","資料年月":"2018 03","路線名称":"県道2号","道路種別":"主要地方道（都道府県道）"}},{"type":"Feature","geometry":{"type":"LineString","coordinates":[[139.632181907,35.518302669],[139.632152392,35.51762501],[139.632148952,35.51758006],[139.632130661,35.51740197],[139.632096226,35.516776691],[139.632092616,35.516666961],[139.632090965,35.516616941],[139.632086615,35.516526281],[139.632030148,35.515611012],[139.632024678,35.515520662],[139.632001465,35.515130802],[139.631998474,35.515085622],[139.631969832,35.514710793],[139.631963221,35.514619863],[139.63195149,35.514449473],[139.63192424,35.513889329],[139.631912214,35.513642144],[139.631908054,35.513551294],[139.631896622,35.513291224],[139.63188259,35.513006974],[139.631851356,35.512511315],[139.631848106,35.512459995],[139.631820643,35.512066145],[139.63180762,35.511527475],[139.631806329,35.511435635],[139.631802896,35.510974766],[139.631846025,35.510825556],[139.631887724,35.510723726],[139.631959794,35.510638776],[139.632130633,35.510415036],[139.632337572,35.510172806],[139.632524601,35.510043356],[139.632709521,35.509919196],[139.632957571,35.509800856],[139.633233391,35.509716416],[139.633274341,35.509713806],[139.633393181,35.509706266],[139.633645962,35.509694906],[139.634142433,35.509716406],[139.634604234,35.509733086],[139.634962485,35.509727535],[139.635362306,35.509716415],[139.635424226,35.509727525],[139.635541467,35.509738915],[139.635699787,35.509789465],[139.635974799,35.509922675],[139.6361548,35.510009195],[139.636334001,35.510065584],[139.636563592,35.510116364],[139.636616742,35.510128744],[139.636774773,35.510167254],[139.637250344,35.510229184],[139.637333674,35.510226804],[139.637477585,35.510223354],[139.637649805,35.510172804],[139.637752305,35.510119714],[139.637799085,35.510095344],[139.637877035,35.510054454],[139.638070034,35.509891174],[139.638283693,35.509654474],[139.638407862,35.509496694],[139.638635081,35.509254474],[139.63886989,35.509056654],[139.63889608,35.509041124],[139.639368719,35.508735294],[139.639489426,35.508302594],[139.639523966,35.508189474],[139.639579234,35.507941414],[139.639586181,35.507496344],[139.639551769,35.507310514],[139.639510347,35.507011695],[139.639489517,35.506932805],[139.639434505,35.506780585],[139.639344824,35.506611775],[139.639255413,35.506454325],[139.63900758,35.506116266],[139.638869518,35.505918636],[139.638807277,35.505839756],[139.638771667,35.505766626],[139.638693245,35.505619626],[139.638639215,35.505499337],[139.638600603,35.505355307],[139.638559232,35.505112947],[139.638555041,35.505045877],[139.638524768,35.504560587],[139.638497266,35.504391707],[139.638400873,35.504008358],[139.638318102,35.503861978],[139.63813198,35.503591418],[139.637873367,35.503258919],[139.637620314,35.502943359],[139.637475582,35.502729199],[139.637413641,35.502571419],[139.637340239,35.50234941],[139.637301459,35.50223819],[139.637253357,35.50209309],[139.637225587,35.50199976],[139.637193356,35.50190086],[139.637124464,35.50170364],[139.637063593,35.50151246],[139.636987071,35.501270911],[139.63696085,35.501187111],[139.63694299,35.501107111],[139.636849176,35.500644481],[139.636821675,35.500458361],[139.636799962,35.500000312],[139.63679564,35.499835512],[139.636827914,35.498901313],[139.636842232,35.498661073],[139.636863057,35.498046983],[139.636876657,35.497951144],[139.636876655,35.497663924],[139.636890274,35.497601984],[139.636904811,35.497109764],[139.63691123,35.496979294],[139.636925958,35.496688715],[139.636930876,35.496464215],[139.636932296,35.496413125],[139.636962479,35.495492266],[139.636959978,35.495352816],[139.636958617,35.495254606],[139.636945256,35.495077546],[139.636890254,35.494891427],[139.636814423,35.494761987],[139.636731922,35.494688647],[139.636475071,35.494546157],[139.63634829,35.494474887],[139.635995298,35.494294228],[139.635836917,35.494187268],[139.635671625,35.494051988],[139.635554724,35.493927878],[139.635458293,35.493775888],[139.635403292,35.493668638],[139.635376031,35.493580619],[139.6353619,35.493465869],[139.635368849,35.493274209],[139.635383548,35.493216579],[139.635437717,35.493048999],[139.635534076,35.492868689],[139.635664675,35.492710879],[139.635760885,35.492605869],[139.635802815,35.492574629],[139.636002174,35.492440319],[139.636394384,35.492271429],[139.636814283,35.491995669],[139.637155272,35.491770859],[139.637378562,35.49162365],[139.637592171,35.49148282],[139.637688281,35.49140947],[139.63788794,35.491284589],[139.63806717,35.491161429],[139.638707168,35.490733369],[139.638824387,35.490620599],[139.638941327,35.490451419],[139.639057945,35.49019882],[139.639139804,35.49000513],[139.639168543,35.48989365],[139.639209662,35.48978115],[139.63929939,35.48946004],[139.639340289,35.48924837],[139.639361898,35.48912789],[139.639443825,35.488671151],[139.639484463,35.488439021],[139.639499512,35.488348881],[139.63954636,35.488054971],[139.63956257,35.487965701],[139.639601468,35.487778631],[139.639622708,35.487679492],[139.639677976,35.487487822],[139.639829364,35.487087822],[139.640057111,35.486650472],[139.640078931,35.486608972],[139.640304368,35.486186432],[139.640739143,35.485366813],[139.640786243,35.485277303],[139.641350926,35.484202993]]},"properties":{"任意ID":"39","区分":"第２次緊急輸送道路","枝ID":"2","行政区域":"14100","資料名称":"神奈川県緊急輸送道路ネットワーク計画図","資料年月":"2018 03","路線名称":"県道2号","道路種別":"主要地方道（都道府県道）"}},{"type":"Feature","geometry":{"type":"LineString","coordinates":[[139.66867893,35.495039738],[139.669037366,35.494475538],[139.669353253,35.494002978],[139.669415312,35.493890008],[139.669532281,35.493709678],[139.66966301,35.493507348],[139.670028486,35.492926328],[139.67068138,35.491911868],[139.670811393,35.491708829],[139.670878458,35.49160583],[139.670940357,35.491511858],[139.671009848,35.491398679],[139.67184387,35.491728823],[139.672306056,35.491912274],[139.672908237,35.49215057],[139.67337339,35.492325222],[139.674623675,35.492778132],[139.675459173,35.493080072],[139.677035361,35.493669152],[139.678596736,35.494270072],[139.681038051,35.495211415],[139.682359442,35.495690966],[139.683538938,35.496146847],[139.684122284,35.496359971],[139.685494042,35.496875045],[139.686397684,35.497200667],[139.687049492,35.497443403],[139.687754628,35.497632855],[139.688486429,35.497789745],[139.689979658,35.498142007],[139.690803305,35.498352181],[139.691594362,35.498654121],[139.692500967,35.499074469],[139.694287512,35.499873722],[139.695146713,35.500255587],[139.695943696,35.50060193],[139.69685919,35.501013398],[139.697635433,35.501359741],[139.698020593,35.501569915],[139.698568704,35.50193402],[139.698876832,35.502161955],[139.69939828,35.502540861],[139.699863434,35.502869443],[139.700242669,35.503129941],[139.700627828,35.503331234],[139.700916853,35.503474399]]},"properties":{"任意ID":"41","区分":"第１次緊急輸送道路","枝ID":"1","行政区域":"14100","資料名称":"神奈川県緊急輸送道路ネットワーク計画図","資料年月":"2018 03","路線名称":"県道6号","道路種別":"主要地方道（都道府県道）"}},{"type":"Feature","geometry":{"type":"LineString","coordinates":[[139.513903591,35.567111404],[139.513881766,35.567237524]]},"properties":{"任意ID":"43","区分":"第１次緊急輸送道路","枝ID":"1","行政区域":"14100","資料名称":"神奈川県緊急輸送道路ネットワーク計画図","資料年月":"2018 03","路線名称":"県道12号","道路種別":"主要地方道（都道府県道）"}},{"type":"Feature","geometry":{"type":"LineString","coordinates":[[139.542052441,35.545541978],[139.541992322,35.545629117],[139.541848413,35.545837697],[139.541791693,35.545919907],[139.541616774,35.546180757],[139.541188168,35.546836936],[139.541100639,35.546966406],[139.541010419,35.547099846],[139.540892,35.547274125],[139.540675832,35.547592285],[139.540580403,35.547732765],[139.540531713,35.547808985],[139.540138106,35.548347064],[139.53959949,35.549068093],[139.53949929,35.549201373],[139.539243202,35.549513582],[139.539113753,35.549699992],[139.539003564,35.549842742],[139.538883795,35.549997972],[139.538141479,35.55096008]]},"properties":{"任意ID":"43","区分":"第１次緊急輸送道路","枝ID":"2","行政区域":"14100","資料名称":"神奈川県緊急輸送道路ネットワーク計画図","資料年月":"2018 03","路線名称":"県道12号","道路種別":"主要地方道（都道府県道）"}},{"type":"Feature","geometry":{"type":"LineString","coordinates":[[139.632995424,35.478394006],[139.632831918,35.479034425],[139.632752239,35.479212385],[139.63261538,35.479383765],[139.632477741,35.479534885],[139.632335152,35.479691445],[139.632200683,35.479857005],[139.632062804,35.480027415],[139.631906264,35.480119295],[139.631757045,35.480287505],[139.631605556,35.480458085],[139.631536346,35.480536765],[139.631193068,35.480971474],[139.6309916,35.481227944],[139.630494283,35.481865834],[139.630248145,35.482182634],[139.630063476,35.482406394],[139.629974257,35.482491044],[139.629799927,35.482656034],[139.629452469,35.483010083],[139.629126641,35.483333663],[139.628946822,35.483512283],[139.628737103,35.483720463],[139.628498614,35.483958553],[139.628119985,35.484328333],[139.627617458,35.484847532],[139.627322319,35.485123952],[139.626830062,35.485637762],[139.626717663,35.485754782],[139.626421914,35.486062422],[139.626287895,35.486212682],[139.626188805,35.486318101],[139.625973816,35.486544291],[139.625834787,35.486690161],[139.625734008,35.486796161],[139.62535397,35.487199691],[139.625102411,35.487466171],[139.624713173,35.48787261],[139.624331135,35.48827029],[139.623590179,35.489073749],[139.623325691,35.489346949],[139.623289541,35.489381319],[139.623041292,35.489584229],[139.622834902,35.489713939],[139.622742592,35.489758659],[139.622621562,35.489820879],[139.622435732,35.489905609],[139.622345113,35.489956579],[139.622274413,35.489984119],[139.621788793,35.490208659],[139.621517124,35.490359779],[139.621458834,35.490393779],[139.621360734,35.490461999],[139.621249734,35.490569849],[139.621179205,35.490671469],[139.620983237,35.491022558],[139.620845739,35.491331158],[139.620725881,35.491666998],[139.620618523,35.491967828],[139.620539815,35.492182338],[139.620369558,35.492677787],[139.620355068,35.492721317],[139.620152172,35.493344097],[139.620138092,35.493387717],[139.620055174,35.493648187],[139.619985475,35.493860877],[139.619847988,35.494306146],[139.61977215,35.494520056],[139.619619182,35.494845966],[139.619565383,35.494965926],[139.619487013,35.495070506],[139.619367993,35.495137316],[139.619182324,35.495241536],[139.618739086,35.495641966],[139.618064798,35.496193486],[139.617677879,35.496475356],[139.61728302,35.496695316],[139.616723009,35.496830046],[139.616579089,35.496866956],[139.616423069,35.496906986],[139.616275499,35.496942826],[139.616193049,35.496971136],[139.615697719,35.497100606],[139.615169889,35.497297006],[139.615009379,35.497359776],[139.614823719,35.497449966],[139.614596359,35.497562806],[139.61424522,35.497737266],[139.613707101,35.498051716],[139.613559831,35.498143176],[139.613233552,35.498348916],[139.613143082,35.498407546],[139.612754433,35.498667146],[139.612558804,35.498802516],[139.612347874,35.498953776],[139.612288954,35.498997276],[139.611863516,35.499327346],[139.610987139,35.500022205],[139.610270681,35.500596505],[139.610005612,35.500825235],[139.609721962,35.501029915],[139.609568563,35.501148655],[139.609472733,35.501220874],[139.609352453,35.501305324],[139.609159204,35.501478594],[139.608659866,35.501902104],[139.608659366,35.501902534],[139.608335527,35.502156824],[139.608043888,35.502385854],[139.607623519,35.502735323],[139.60729107,35.503000593],[139.607123,35.503139683],[139.606974961,35.503259203],[139.606702461,35.503435603],[139.606493022,35.503563103],[139.606365502,35.503648373],[139.606224402,35.503732263],[139.605493824,35.504194232],[139.604990795,35.504521162],[139.604770595,35.504650562],[139.604620436,35.504758372],[139.604452106,35.504883992],[139.604371076,35.504954762],[139.604311387,35.505033932],[139.604276327,35.505082642],[139.60386955,35.505644821],[139.60382141,35.505709051],[139.603743861,35.505827821],[139.603650712,35.505950871],[139.603521852,35.506103171],[139.603495803,35.506126701],[139.603364973,35.506194211],[139.603265143,35.506253151],[139.603219273,35.506278301],[139.603116923,35.506329491],[139.602896353,35.506447821],[139.602174964,35.50681843],[139.602117744,35.50684783],[139.601376195,35.50722609],[139.600836486,35.50750136],[139.600567476,35.50762532],[139.600499756,35.50765314],[139.600305806,35.50773227],[139.600071896,35.50780628],[139.600000476,35.5078273],[139.599538586,35.5079565],[139.599444436,35.50798586],[139.599196626,35.50802505],[139.598088694,35.50808432],[139.597650993,35.50810307],[139.597190332,35.50812227],[139.596983842,35.50812865],[139.596874542,35.50813228],[139.596455181,35.50814946],[139.595026288,35.50823611],[139.593105745,35.508314239],[139.592919734,35.508321809],[139.592632964,35.508333479],[139.592442543,35.508341179],[139.592216113,35.508350479],[139.591901262,35.508373859],[139.591658452,35.508391439],[139.591287021,35.508413889],[139.590997211,35.508429529],[139.59083184,35.508435679],[139.590197139,35.508458979],[139.589686878,35.508480069],[139.589460588,35.508504209],[139.588191616,35.508611149],[139.587776675,35.508726619],[139.587356256,35.508908169],[139.586964557,35.509157139],[139.58615079,35.509880048],[139.585893041,35.510123538],[139.585794681,35.510216148],[139.585418263,35.510586457],[139.585173115,35.510907267],[139.585004966,35.511191707],[139.584879968,35.511499196],[139.58477413,35.511845316],[139.584726191,35.512037136],[139.584612264,35.512418195],[139.584414978,35.513077265],[139.584271641,35.513556144],[139.584152762,35.513796704],[139.584024703,35.513964204],[139.583646655,35.514372063],[139.583341696,35.514625023],[139.582970266,35.514810583],[139.582623317,35.514940043],[139.582288316,35.515028643],[139.582122626,35.515085293],[139.581943567,35.515146693],[139.581638316,35.515215523],[139.581361936,35.515274753],[139.580977316,35.515333992],[139.580731366,35.515373082],[139.580604286,35.515441772],[139.580087177,35.515711172],[139.579574707,35.515907812],[139.579377427,35.515986462],[139.578904457,35.516203202],[139.578483188,35.516386211],[139.578173238,35.516520311],[139.577999088,35.516598251],[139.577673049,35.516744481],[139.577402929,35.516858571],[139.576999709,35.517041421],[139.57653639,35.517248091],[139.57597471,35.5174942],[139.57557133,35.51768379],[139.575202921,35.51785694],[139.575002211,35.51794642],[139.574622391,35.51811455],[139.572992573,35.518858168],[139.572274193,35.519168998],[139.571562864,35.519502208],[139.570767725,35.519849527],[139.569921176,35.520228776],[139.569714035,35.520255226],[139.569389725,35.520251136],[139.569174324,35.520234266],[139.569015814,35.520222276],[139.568851654,35.520221146],[139.568593163,35.520246576]]},"properties":{"任意ID":"43","区分":"第１次緊急輸送道路","枝ID":"3","行政区域":"14100","資料名称":"神奈川県緊急輸送道路ネットワーク計画図","資料年月":"2018 03","路線名称":"県道12号","道路種別":"主要地方道（都道府県道）"}},{"type":"Feature","geometry":{"type":"LineString","coordinates":[[139.514305379,35.564891735],[139.514615722,35.565274175],[139.514651032,35.565312185],[139.514933521,35.565030506],[139.51518044,35.564839926],[139.51529884,35.564748806],[139.51546412,35.564652996],[139.516139899,35.564376807],[139.516594349,35.564191067],[139.516669079,35.564160187],[139.517193798,35.563943288],[139.517441648,35.563847548],[139.517667968,35.563754128],[139.517979348,35.563639128],[139.518048228,35.563622188],[139.518661068,35.563588339],[139.518785478,35.563582739],[139.519033139,35.563565219],[139.519281569,35.563549129],[139.519440209,35.563521069],[139.519917749,35.563385159],[139.521224519,35.56302527],[139.521486579,35.562963291],[139.521865489,35.562856061]]},"properties":{"任意ID":"43","区分":"第２次緊急輸送道路","枝ID":"4","行政区域":"14100","資料名称":"神奈川県緊急輸送道路ネットワーク計画図","資料年月":"2018 03","路線名称":"県道12号","道路種別":"主要地方道（都道府県道）"}},{"type":"Feature","geometry":{"type":"LineString","coordinates":[[139.568593163,35.520246576],[139.568162773,35.520288906],[139.567866372,35.520328356],[139.567494032,35.520345316],[139.567191121,35.520351136],[139.566950011,35.520334196],[139.56661865,35.520275956],[139.566054438,35.520114476],[139.565963977,35.520082776],[139.565709706,35.520001696],[139.565316924,35.519860856],[139.565220554,35.519821426],[139.564827762,35.519680586],[139.56403526,35.519517256],[139.563656368,35.519410026],[139.563490808,35.519342526],[139.563242736,35.519218646],[139.562967475,35.519083356],[139.562822744,35.519015586],[139.562423032,35.518840866],[139.562345532,35.518809296],[139.562082441,35.518790306],[139.561741041,35.518790306],[139.56156858,35.518784756],[139.56147915,35.518812786],[139.5613,35.518846686],[139.561056901,35.518924686],[139.560865801,35.519038085],[139.560493582,35.519195855],[139.560267152,35.519302675],[139.559935532,35.519471975],[139.559646363,35.519590305],[139.559530803,35.519631254],[139.559446743,35.519663614],[139.559164183,35.519759454],[139.558998583,35.519798924],[139.558729953,35.519821424],[139.558335522,35.519821424],[139.558185532,35.519821424],[139.557623651,35.519797374],[139.557348831,35.519791274],[139.556690469,35.519725584],[139.556344528,35.519697963],[139.556287088,35.519694763],[139.556179428,35.519700853],[139.556000818,35.519678633],[139.555820567,35.519636703],[139.555690517,35.519586413],[139.555556356,35.519494193],[139.555363575,35.519376974],[139.555176244,35.519314994],[139.555108604,35.519303594],[139.554873023,35.519301413],[139.554729964,35.519352523],[139.554565444,35.519435623],[139.554414234,35.519527253],[139.554364424,35.519564823],[139.554258295,35.519646693],[139.554089606,35.519828073],[139.554003226,35.519934272],[139.553886067,35.520114472],[139.553803579,35.520339752],[139.55376913,35.520463632],[139.553686702,35.520845361],[139.553667752,35.520929761],[139.553631413,35.521066061],[139.553616594,35.521138301],[139.553486637,35.52172558],[139.553403858,35.52188891],[139.553300539,35.5220353],[139.55316276,35.522210029],[139.552930332,35.522553329],[139.552903332,35.522592799],[139.552707554,35.522875278],[139.552506385,35.523145798],[139.552478506,35.523184728],[139.55195148,35.523941677],[139.55190781,35.524003037],[139.551523053,35.524531126],[139.551365634,35.524749375],[139.551185136,35.525000295],[139.550873498,35.525441864],[139.550792499,35.525556404],[139.550703059,35.525675014],[139.55061019,35.525814144],[139.550475551,35.525978904],[139.550351201,35.526057894],[139.550082822,35.526215543],[139.550044912,35.526243943],[139.549921862,35.526336193],[139.549793833,35.526492043],[139.549502385,35.526851602],[139.549356246,35.527037612],[139.549125287,35.527330842],[139.548897859,35.527623821],[139.548835829,35.527725311],[139.54881895,35.527769911],[139.548715611,35.528055061],[139.548533894,35.52858279],[139.548450086,35.52884062],[139.548219179,35.529478059],[139.548082169,35.529888567],[139.548009833,35.530105298],[139.547824186,35.530545568],[139.547626528,35.531000337],[139.54749892,35.531274457],[139.547402531,35.531426677],[139.547333641,35.531556127],[139.546981724,35.532142856],[139.546755036,35.532519455],[139.546513859,35.532925115],[139.5464242,35.533094165],[139.546343791,35.533333614],[139.546155604,35.533893894],[139.546128105,35.533995284],[139.545917709,35.534643453],[139.54572143,35.534913892],[139.545363382,35.535296391],[139.545221523,35.535440321],[139.545100573,35.535588421],[139.545021204,35.535783391],[139.544988355,35.53592528],[139.544857078,35.53643955],[139.54480756,35.536673889],[139.544756721,35.536926949],[139.544655342,35.537129719],[139.544553864,35.537370448],[139.544473785,35.537545418],[139.544364036,35.537825838],[139.544289208,35.538040557],[139.544253698,35.538164437],[139.544226139,35.538249037],[139.544074542,35.538778186],[139.543993684,35.539200996],[139.543944846,35.539481945],[139.543745479,35.539920385],[139.543484591,35.540427134],[139.543100376,35.541282582],[139.542927849,35.541694732],[139.54273084,35.541961771],[139.542551751,35.542231951],[139.542503422,35.542423321],[139.542475924,35.542682561],[139.542457526,35.54295907],[139.54239038,35.54368869],[139.542330931,35.543905269],[139.542248163,35.544113599],[139.542112255,35.544527769],[139.542077216,35.544666318],[139.542067247,35.544831738],[139.542052441,35.545541978]]},"properties":{"任意ID":"43","区分":"第２次緊急輸送道路","枝ID":"5","行政区域":"14100","資料名称":"神奈川県緊急輸送道路ネットワーク計画図","資料年月":"2018 03","路線名称":"県道12号","道路種別":"主要地方道（都道府県道）"}},{"type":"Feature","geometry":{"type":"LineString","coordinates":[[139.593791787,35.487179493],[139.593939006,35.486989254],[139.594140004,35.486729834],[139.594292752,35.486417764],[139.594789805,35.485256126],[139.594958162,35.484862726],[139.595036051,35.484682907],[139.595204349,35.484333707],[139.595277318,35.484225817],[139.595386188,35.484131167],[139.595614487,35.483980897],[139.596274576,35.483630988],[139.596703535,35.483401388],[139.597255015,35.483136878],[139.597760404,35.482878648],[139.598905542,35.482256969],[139.599984589,35.481655209],[139.600029549,35.481622359],[139.600282868,35.481437209],[139.600373778,35.481357919],[139.600487057,35.481259119],[139.600924584,35.480720439],[139.601131173,35.48055108],[139.601071342,35.48038624],[139.601029,35.48019031],[139.600997289,35.47997522],[139.600994358,35.47989467],[139.601005766,35.479589311],[139.60125116,35.478697851],[139.601449434,35.477891982],[139.601511802,35.477607492],[139.601610588,35.477096463],[139.601705315,35.476693693],[139.601756944,35.476538953],[139.601807664,35.476420213],[139.601859023,35.476320883],[139.601870223,35.476299213],[139.601923452,35.476221363],[139.601991192,35.476122364],[139.60217935,35.475880534],[139.602304659,35.475701134],[139.602376079,35.475576464],[139.602448748,35.475426104],[139.602541696,35.475211744],[139.602624875,35.475000354],[139.602684454,35.474848995],[139.602730042,35.474670635],[139.602841957,35.473924906],[139.602897844,35.473557717],[139.602930872,35.473203967],[139.60295367,35.473012937],[139.6029625,35.472938898],[139.602970179,35.472874518],[139.602989199,35.472795798],[139.603001948,35.472743008],[139.603003868,35.472735048],[139.603013778,35.472694038],[139.603026798,35.472640148],[139.603037657,35.472612808],[139.603059707,35.472567088],[139.603138087,35.472480968],[139.603268696,35.472395978],[139.603425866,35.472317578],[139.603644166,35.472224248],[139.603793426,35.472158898],[139.603964806,35.472073778],[139.604132555,35.471978518],[139.604335115,35.471821539],[139.604482084,35.471691149],[139.604574563,35.471603479],[139.604900371,35.471153969],[139.60498,35.471062289],[139.60512739,35.470951069],[139.60529353,35.47086736],[139.60549869,35.470805859],[139.60566919,35.470772419],[139.606208531,35.470717699],[139.606427961,35.470683999],[139.606607691,35.470623359],[139.606700931,35.470582569],[139.60693744,35.470436509],[139.607610826,35.46968509],[139.607998614,35.46927477],[139.608147943,35.46909906],[139.608395012,35.468829291],[139.608531621,35.468682911],[139.608863371,35.468547011],[139.60913856,35.468451211],[139.609365831,35.468400631],[139.609881201,35.468330141],[139.610005691,35.46829917],[139.610108241,35.46825295],[139.610168151,35.468185451],[139.61022637,35.468107581],[139.61028137,35.467972321],[139.610285868,35.467829341],[139.610267048,35.467724521],[139.610238407,35.467602001],[139.610124134,35.467241432],[139.610100733,35.467114892],[139.610143592,35.467003412],[139.610295252,35.466918982],[139.610419152,35.466896192],[139.610701392,35.466868142],[139.610825262,35.466828692],[139.610914712,35.466755352],[139.610982521,35.466644362],[139.61110053,35.466439812],[139.611262048,35.466124083],[139.611381056,35.465922123],[139.611468386,35.465807693],[139.612023703,35.465356333],[139.612754662,35.464945433],[139.613238701,35.464679523],[139.61366775,35.464445364],[139.614482949,35.463997194],[139.614830788,35.463797314],[139.615214708,35.463568904],[139.616648835,35.462786414],[139.617635574,35.462248195],[139.62018121,35.460858385],[139.62039077,35.460747605],[139.621196259,35.460299156],[139.621789398,35.460005916],[139.622286477,35.459732566],[139.622459807,35.459642646],[139.623359016,35.459143986]]},"properties":{"任意ID":"44","区分":"第１次緊急輸送道路","枝ID":"1","行政区域":"14100","資料名称":"神奈川県緊急輸送道路ネットワーク計画図","資料年月":"2018 03","路線名称":"県道13号","道路種別":"主要地方道（都道府県道）"}},{"type":"Feature","geometry":{"type":"LineString","coordinates":[[139.543142029,35.586822372],[139.543236468,35.586580222],[139.543263687,35.586384392],[139.543274797,35.586328272],[139.543319245,35.586119673],[139.543378134,35.585852723],[139.543417853,35.585689943],[139.543448742,35.585563663],[139.543469932,35.585470603],[139.543592039,35.584970574],[139.543720526,35.584445955],[139.543777635,35.584212395],[139.543854223,35.583927996],[139.543937292,35.583674956],[139.54413861,35.583352046],[139.544290249,35.583085147],[139.544679477,35.582757627],[139.544882297,35.582611098],[139.545050766,35.582498798],[139.545206966,35.582390918],[139.546027704,35.581852199],[139.546120273,35.581793339],[139.546327973,35.581642879],[139.546518852,35.581489419],[139.546780691,35.58125002],[139.54697808,35.5810401],[139.54702661,35.58098134],[139.547086379,35.58090543],[139.547187099,35.58075598],[139.547370357,35.580435231],[139.547437317,35.580320231],[139.547566415,35.580012441],[139.547654244,35.579747032],[139.547905189,35.578864063],[139.547929338,35.578775893],[139.548196333,35.577827194],[139.548562138,35.576902076],[139.548592054,35.576822073],[139.548798675,35.576269507],[139.548967333,35.575823637],[139.5491622,35.575356778],[139.549409557,35.574776159]]},"properties":{"任意ID":"44","区分":"第１次緊急輸送道路","枝ID":"3","行政区域":"14100","資料名称":"神奈川県緊急輸送道路ネットワーク計画図","資料年月":"2018 03","路線名称":"県道13号","道路種別":"主要地方道（都道府県道）"}},{"type":"Feature","geometry":{"type":"LineString","coordinates":[[139.545187325,35.589814669],[139.545101079,35.589729238],[139.544983988,35.589599668],[139.544686966,35.589265099],[139.544571755,35.589183839],[139.544356214,35.589109659],[139.543779394,35.589120789],[139.543493963,35.589126329],[139.543438723,35.589120889],[139.543252872,35.588901049],[139.542676016,35.58812251],[139.542377204,35.58772145],[139.542342723,35.58760661],[139.542436773,35.58753269],[139.542541622,35.587451631],[139.542582022,35.587421051],[139.542758692,35.587284391],[139.542868411,35.587199101],[139.542972131,35.587082281],[139.54306509,35.586963121],[139.543142029,35.586822372]]},"properties":{"任意ID":"44","区分":"第２次緊急輸送道路","枝ID":"4","行政区域":"14100","資料名称":"神奈川県緊急輸送道路ネットワーク計画図","資料年月":"2018 03","路線名称":"県道13号","道路種別":"主要地方道（都道府県道）"}},{"type":"Feature","geometry":{"type":"LineString","coordinates":[[139.600280289,35.512519765],[139.600278066,35.512171706],[139.600326395,35.512030866],[139.600416115,35.511873086],[139.600601883,35.511619556],[139.601044001,35.511129566],[139.60128117,35.510873957],[139.601559439,35.510627817],[139.601981868,35.510302117],[139.602538046,35.509873097],[139.602820555,35.509670317],[139.603020555,35.509557548],[139.603358055,35.509388648],[139.603502774,35.509287268],[139.603592494,35.509180028],[139.603640553,35.509078648],[139.603668052,35.508960358],[139.603638671,35.508719288],[139.60359919,35.508633788],[139.603390508,35.508333649],[139.603199705,35.508059209],[139.603118864,35.507944169],[139.603074624,35.507886359],[139.603048043,35.507856429],[139.602937912,35.507698879],[139.602813491,35.50753519],[139.6027268,35.50743652],[139.602673569,35.5073819],[139.602117744,35.50684783]]},"properties":{"任意ID":"44","区分":"第２次緊急輸送道路","枝ID":"5","行政区域":"14100","資料名称":"神奈川県緊急輸送道路ネットワーク計画図","資料年月":"2018 03","路線名称":"県道13号","道路種別":"主要地方道（都道府県道）"}},{"type":"Feature","geometry":{"type":"LineString","coordinates":[[139.559119181,35.561292129],[139.558466892,35.561533039],[139.558280792,35.561606389],[139.558198293,35.561859978],[139.558198295,35.562124708],[139.558239396,35.562254428],[139.558335797,35.562399788],[139.558459678,35.562586648],[139.558480519,35.562699148],[139.55839632,35.562871168],[139.55833581,35.562953457],[139.55830719,35.562990527],[139.558179601,35.563142217],[139.558022142,35.563329427],[139.557828133,35.563560097],[139.557716074,35.563693306],[139.557564964,35.563825806],[139.557439965,35.563938866],[139.557352455,35.564024196],[139.557257015,35.564118976],[139.557213486,35.564186296],[139.557143606,35.564304666],[139.557102197,35.564496365],[139.55708858,35.564901925],[139.557106502,35.565216375],[139.557102212,35.565308035],[139.557128675,35.565764244],[139.557133455,35.565809044],[139.557178017,35.566096024],[139.557260819,35.566321614],[139.557266869,35.566374424],[139.557296399,35.566442363],[139.557428041,35.566666923],[139.557446901,35.566699113],[139.557515812,35.566868033],[139.557550263,35.567025803],[139.557557694,35.567130383],[139.557567275,35.567324182],[139.557574146,35.567539962],[139.557568867,35.567627482],[139.557564167,35.567747132],[139.557488339,35.568079141],[139.556585559,35.568265231],[139.556516659,35.568293301],[139.556454429,35.568344141],[139.5563236,35.56842858],[139.55612388,35.56856386],[139.555979161,35.56868775],[139.555755812,35.56892009],[139.555627772,35.569025799],[139.555551992,35.569070779],[139.555345273,35.569245529],[139.555255553,35.569352719],[139.555166105,35.569611918],[139.555159165,35.569673578],[139.555069436,35.569927198],[139.555000557,35.570017198],[139.554931667,35.570073578],[139.554800827,35.570141078],[139.554614728,35.570225817]]},"properties":{"任意ID":"44","区分":"第２次緊急輸送道路","枝ID":"6","行政区域":"14100","資料名称":"神奈川県緊急輸送道路ネットワーク計画図","資料年月":"2018 03","路線名称":"県道13号","道路種別":"主要地方道（都道府県道）"}},{"type":"Feature","geometry":{"type":"LineString","coordinates":[[139.561544756,35.559782142],[139.561629666,35.559747212],[139.561843266,35.559628872],[139.561994735,35.559538822],[139.562462184,35.559204513],[139.562931883,35.558868604],[139.563461611,35.558480154],[139.563656991,35.558333594],[139.56402597,35.558052975],[139.564316609,35.557831935],[139.564498108,35.557660865],[139.564792157,35.557375536],[139.564998646,35.557139346],[139.565226325,35.556902497],[139.565446874,35.556648877],[139.565915492,35.556124988],[139.566115021,35.555899628],[139.56617382,35.555837528],[139.566669098,35.555290739],[139.567245205,35.55465472],[139.567399315,35.55449066],[139.567803813,35.5541286],[139.568210482,35.553878051],[139.568685482,35.553623881],[139.569136032,35.553488122],[139.569394922,35.553415272],[139.569746372,35.553364702],[139.570078412,35.553309742],[139.570252212,35.553272722],[139.570976643,35.553153703],[139.571393833,35.553085133],[139.571986094,35.552987223],[139.572144424,35.552953594],[139.572778134,35.552846634],[139.573614915,35.552717734],[139.573811595,35.552671945],[139.574104765,35.552560135],[139.574322695,35.552455985],[139.574420375,35.552406725],[139.574491094,35.552363565],[139.574542144,35.552328055],[139.574672984,35.552204165],[139.574993102,35.551835256],[139.575109802,35.551700776],[139.575209271,35.551594336],[139.575310641,35.551485856],[139.57557576,35.551224167],[139.575835839,35.551031907],[139.576485478,35.550587498],[139.576643627,35.550491768],[139.577074357,35.550251948],[139.577522076,35.550000278],[139.577897066,35.549789489],[139.578540715,35.549494279],[139.578786485,35.549387609],[139.578924355,35.549331109],[139.579109195,35.549264949],[139.579264735,35.54921021],[139.579358525,35.54918501],[139.579772155,35.54904973],[139.580075295,35.5489597],[139.580267025,35.5489112],[139.580666655,35.54881026],[139.580874625,35.54876806],[139.581039646,35.54872306],[139.581305676,35.548678271],[139.581367476,35.548674141],[139.581948807,35.548627511],[139.582445898,35.548607751],[139.582851849,35.548661111],[139.58316215,35.548734171],[139.583335751,35.548787421],[139.583547871,35.548852491],[139.583699642,35.548891951],[139.583974923,35.548965281],[139.584098833,35.548970831],[139.584353833,35.548942771],[139.584870664,35.548881131],[139.585049894,35.548847231],[139.585594365,35.548779731],[139.586627966,35.548638612],[139.587006667,35.548582502],[139.587785208,35.548464162],[139.588694889,35.548356962],[139.58905948,35.548324003],[139.58925207,35.548296893],[139.58952858,35.548272783],[139.589845491,35.548233333],[139.590065751,35.548216393],[139.590348282,35.548188333],[139.590679032,35.548143073],[139.590920212,35.548109453],[139.591234352,35.547993073],[139.591478842,35.547840283]]},"properties":{"任意ID":"44","区分":"第２次緊急輸送道路","枝ID":"7","行政区域":"14100","資料名称":"神奈川県緊急輸送道路ネットワーク計画図","資料年月":"2018 03","路線名称":"県道13号","道路種別":"主要地方道（都道府県道）"}},{"type":"Feature","geometry":{"type":"LineString","coordinates":[[139.605468666,35.511849245],[139.605928081,35.512470314],[139.606272525,35.512909753],[139.607131178,35.513993691],[139.607960592,35.514819761],[139.608146434,35.515024201],[139.608266035,35.515116891],[139.608335596,35.515175951],[139.608553017,35.515360521],[139.608737144,35.515494528],[139.609052151,35.51572379],[139.609217632,35.51581805],[139.609503944,35.51598004],[139.609655615,35.51608726],[139.609800336,35.516216699],[139.609876167,35.516340589],[139.610000059,35.516588649],[139.61004288,35.516678269],[139.610123481,35.516846949],[139.610160673,35.517089699],[139.610043935,35.517475778],[139.610029776,35.517520158],[139.610000066,35.517602808],[139.609793401,35.518323918],[139.609793402,35.518558578],[139.609794502,35.518603698],[139.609804234,35.518836697],[139.609774255,35.519017257],[139.609653687,35.519273077],[139.609542748,35.519582457],[139.609527299,35.519626737],[139.609503969,35.519698647],[139.609497031,35.520002807],[139.609512242,35.520092726],[139.609558973,35.520284466],[139.609639154,35.520446056],[139.609680715,35.520501776],[139.609703695,35.520532526],[139.609807306,35.520628086],[139.609958697,35.520718356],[139.610096178,35.520763356],[139.610392139,35.520835356],[139.61049842,35.520934756],[139.61056814,35.521001126],[139.610668142,35.521195916],[139.610668143,35.521366135],[139.610602364,35.521569395],[139.610589574,35.521596885],[139.610340097,35.522073355],[139.610282038,35.522224475],[139.610254819,35.522430305],[139.610266491,35.522686414],[139.610333753,35.522976884],[139.610358164,35.523147534],[139.610403435,35.523335304],[139.610488999,35.523777254],[139.61051677,35.523923914],[139.61054427,35.524019493],[139.610592612,35.524243913],[139.610584003,35.524406463],[139.610489834,35.524620303],[139.610296056,35.524966403],[139.610231826,35.525060413],[139.609703451,35.525918352],[139.609530952,35.526227522],[139.609496084,35.526568321],[139.609365962,35.52787334],[139.609310639,35.529000739],[139.609290142,35.529467499],[139.609275784,35.529751508],[139.609269605,35.529928748],[139.609255709,35.530543628],[139.60925571,35.530741458],[139.609688232,35.530826177],[139.609981293,35.530915557],[139.610687117,35.531217387],[139.610567087,35.531396407],[139.610422378,35.531580577],[139.610257939,35.531731686],[139.610047379,35.531850016],[139.609744699,35.531968876],[139.609041379,35.532211386],[139.608414369,35.532403046],[139.607952848,35.532549286],[139.607305458,35.532735366],[139.607119498,35.532785876],[139.606809598,35.532881686],[139.606602938,35.532971966],[139.606465178,35.533067766],[139.606410158,35.533135016],[139.606316409,35.533281926],[139.606279049,35.533360296],[139.60625155,35.533490056],[139.606255161,35.533559186],[139.606248492,35.533849455],[139.606265454,35.534154985],[139.606279046,35.534504185],[139.606258497,35.534678905],[139.606203288,35.534887005],[139.606044971,35.535377294],[139.605927673,35.535799724],[139.605886614,35.535954354],[139.605721006,35.536318063],[139.605610727,35.536611143],[139.605576288,35.536808343],[139.605486841,35.537208353],[139.605438511,35.537349193],[139.605376562,35.537478912],[139.605245463,35.537653622],[139.605100743,35.537777242],[139.604921563,35.537890012],[139.604734853,35.537978632],[139.604611563,35.538041962],[139.604315183,35.538149182],[139.604087963,35.538216682],[139.604012303,35.538252742],[139.603911403,35.538302352],[139.603836623,35.538347202],[139.603516014,35.538532242],[139.603256824,35.538697642],[139.603212044,35.538724062],[139.602971644,35.538853321],[139.602751014,35.538943621],[139.602425994,35.539036951],[139.602144904,35.539097791],[139.602035134,35.539119721],[139.601816093,35.539163471],[139.601626663,35.539201301],[139.601517613,35.539223081],[139.601140462,35.539285841],[139.600841842,35.539364181],[139.600480462,35.539474181],[139.600189622,35.539576121],[139.600002402,35.539649761],[139.599566012,35.539821401],[139.599222962,35.539949041],[139.598835462,35.54008834],[139.598621802,35.5401526],[139.598216401,35.54025244],[139.597656831,35.54038371],[139.597355541,35.54045194],[139.59671184,35.54059084],[139.59646015,35.54065595],[139.59624076,35.54067724],[139.595879339,35.54068502],[139.595394558,35.54064402],[139.595284427,35.54063616],[139.594902346,35.54061446],[139.594572405,35.54060084],[139.594344325,35.54063029],[139.594076835,35.54073612],[139.593909665,35.54083414],[139.593793596,35.54092138],[139.593587396,35.541096579],[139.593477517,35.541188289],[139.592895868,35.541648759],[139.592845958,35.541687889],[139.592584029,35.541892039],[139.592529609,35.541929679],[139.592336129,35.542065839],[139.592228509,35.542143618],[139.592032409,35.542188058],[139.591672519,35.542217948],[139.591604319,35.542223628],[139.591292398,35.542277238],[139.591088788,35.542343898],[139.591055538,35.542372328],[139.591013078,35.542420198],[139.59089994,35.542642428],[139.591003221,35.542864458],[139.591175463,35.543162788],[139.591231294,35.543255847],[139.591304075,35.543373057],[139.591430456,35.543574167],[139.591554588,35.543731927],[139.591669068,35.543820147],[139.59191297,35.544008057],[139.592023251,35.544137787],[139.592091852,35.544250287],[139.592139913,35.544374177],[139.592153804,35.544509456],[139.592139935,35.544774376],[139.591974647,35.545168626],[139.591939088,35.545268336],[139.591864369,35.545450566],[139.591719651,35.545838905],[139.591669081,35.545968985],[139.591534033,35.546316555],[139.591333815,35.546808054],[139.591071069,35.547491064]]},"properties":{"任意ID":"44","区分":"第２次緊急輸送道路","枝ID":"8","行政区域":"14100","資料名称":"神奈川県緊急輸送道路ネットワーク計画図","資料年月":"2018 03","路線名称":"県道13号","道路種別":"主要地方道（都道府県道）"}},{"type":"Feature","geometry":{"type":"LineString","coordinates":[[139.674457493,35.513746306],[139.674698742,35.513559756],[139.67500241,35.513320686],[139.675443179,35.512973666],[139.675518858,35.512906056],[139.676111436,35.512444255],[139.676720683,35.512002265],[139.676867113,35.511896094],[139.67747962,35.511452214],[139.67763068,35.511342694],[139.677672289,35.511306614],[139.678323476,35.510749253],[139.679110933,35.510130963],[139.6797887,35.509712942],[139.67987656,35.509657392],[139.680162459,35.509468572],[139.680248239,35.509411652],[139.680455858,35.509273291],[139.680541308,35.509216071],[139.680965886,35.508929991],[139.681050646,35.508871991],[139.681403914,35.508625791],[139.681606714,35.508489151]]},"properties":{"任意ID":"45","区分":"第１次緊急輸送道路","枝ID":"1","行政区域":"14100","資料名称":"神奈川県緊急輸送道路ネットワーク計画図","資料年月":"2018 03","路線名称":"県道14号","道路種別":"主要地方道（都道府県道）"}},{"type":"Feature","geometry":{"type":"LineString","coordinates":[[139.66611143,35.533480265],[139.665878089,35.533317826],[139.665700617,35.533190696],[139.665241934,35.532851887],[139.665190113,35.532784627],[139.665041702,35.532590267],[139.664728088,35.532224708],[139.664660097,35.532147928],[139.663702108,35.53111708]]},"properties":{"任意ID":"45","区分":"第１次緊急輸送道路","枝ID":"2","行政区域":"14100","資料名称":"神奈川県緊急輸送道路ネットワーク計画図","資料年月":"2018 03","路線名称":"県道14号","道路種別":"主要地方道（都道府県道）"}},{"type":"Feature","geometry":{"type":"LineString","coordinates":[[139.548947074,35.360437874],[139.548948102,35.360438319],[139.549186563,35.360541318],[139.549277213,35.360580588],[139.549747014,35.360805867],[139.549796804,35.360828887],[139.550000954,35.360922216],[139.550769815,35.361273674],[139.551504056,35.361600412],[139.551700836,35.361687562],[139.551745677,35.361707321],[139.552151237,35.36189898],[139.552692028,35.362141289],[139.552741598,35.362163879],[139.553505689,35.362529816],[139.554040231,35.362777872],[139.554324021,35.362912874],[139.554706921,35.363087163],[139.554766051,35.363113563],[139.554888721,35.363162442],[139.554952851,35.363188312],[139.555142352,35.363256472],[139.555308182,35.363333141],[139.555519022,35.363416761],[139.555680402,35.36349286],[139.555809543,35.36354191],[139.555960173,35.36358131],[139.556157963,35.363632779],[139.556307103,35.363657219],[139.556307643,35.363657309],[139.556586842,35.363670369],[139.556954672,35.363674968],[139.557088701,35.363671558],[139.558422828,35.363584567],[139.558692878,35.363556457],[139.559026249,35.36352815],[139.559941739,35.366136728],[139.560333087,35.366940713],[139.561399024,35.367549158],[139.561532764,35.367625477],[139.562056726,35.367931546],[139.562602337,35.368250864],[139.562863768,35.368405613],[139.563640921,35.368851001],[139.563785151,35.36892394],[139.563902061,35.3690028],[139.563971822,35.369078929],[139.564032652,35.369149469],[139.564162664,35.369421718],[139.564250136,35.369704607],[139.564273017,35.369769447],[139.564528912,35.370478894],[139.564802258,35.371235731],[139.56489873,35.37145385],[139.564974621,35.37157782],[139.565160172,35.371808929],[139.565346014,35.372011428],[139.565374684,35.372037778],[139.565516835,35.372177367],[139.565669056,35.372326986],[139.565765457,35.372479206],[139.565794717,35.372551245],[139.565813518,35.372613095],[139.565825549,35.372793765],[139.565813521,35.372958094],[139.565772132,35.373160913],[139.565643776,35.373606422],[139.565598488,35.373809202],[139.565596018,35.373854121],[139.565607159,35.373955371],[139.56566909,35.37410726],[139.565710471,35.37417476],[139.565882142,35.374417259],[139.566192145,35.374758228],[139.566564358,35.375196836],[139.566653428,35.375273545],[139.567025481,35.375650854],[139.567084552,35.375708863],[139.567174112,35.375796833],[139.567262123,35.375883272],[139.567344343,35.375964032],[139.567564645,35.376180291],[139.568150459,35.376756099],[139.568405221,35.377020307],[139.569046056,35.377632235],[139.569270908,35.377881884],[139.569440499,35.378111053],[139.569543421,35.378243492],[139.569754233,35.378515911],[139.569954125,35.37878362],[139.57047208,35.379456037],[139.570546861,35.379526787],[139.570893303,35.379823345],[139.571125054,35.379994265],[139.571496266,35.380267543],[139.571727467,35.380438063],[139.571794138,35.380489172],[139.572046919,35.380683191],[139.572087219,35.380714141],[139.572732203,35.381210009],[139.573542758,35.381869446],[139.573694849,35.381993236],[139.573735729,35.382026485],[139.573919701,35.382176105],[139.574078592,35.382301104],[139.574287373,35.382465623],[139.574327983,35.382496133],[139.574458314,35.382590283],[139.574663035,35.382708882],[139.574905265,35.382778602],[139.575015795,35.382799012],[139.575110075,35.382816401],[139.575346656,35.382854161],[139.575696656,35.38288638],[139.577055206,35.382997238],[139.577227166,35.382998688],[139.577403106,35.383000168],[139.577540817,35.383042777],[139.577729167,35.383111387],[139.577979688,35.383218936],[139.578193989,35.383330066],[139.57834804,35.383420815],[139.578696482,35.383653464],[139.578738063,35.383683034],[139.579021955,35.383899723],[139.579118045,35.383978323],[139.579333887,35.384168042],[139.57958592,35.384406751],[139.579778792,35.384619],[139.579844142,35.38469344],[139.580025855,35.384919429],[139.580112236,35.385050609],[139.580139706,35.385092419],[139.580349459,35.385411648],[139.58037657,35.385453197],[139.580444021,35.385556577],[139.580522472,35.385676877],[139.580928748,35.386300135],[139.580981409,35.386395534],[139.581239464,35.386826083],[139.581327805,35.386961643],[139.581414476,35.387082762],[139.581517797,35.387212472],[139.581723921,35.387556081],[139.581788483,35.38774813],[139.581803023,35.3877926],[139.58200588,35.388474698],[139.582253499,35.389381315],[139.582315321,35.389590245],[139.582370233,35.389775774],[139.582417535,35.389935614],[139.582474867,35.390170673],[139.582776178,35.39122413],[139.58283667,35.39139264],[139.582886561,35.391523729],[139.582937312,35.391652309],[139.582951703,35.391688729],[139.583041115,35.391912408],[139.583127047,35.392120498],[139.583161178,35.392198837],[139.583243689,35.392368017],[139.583334521,35.392496986],[139.583434162,35.392634696],[139.583539523,35.392750926],[139.583683695,35.392914125],[139.583952508,35.393188224],[139.584027318,35.393246624],[139.584817716,35.393990381],[139.585011428,35.394162961],[139.585051938,35.394201381],[139.585144579,35.39430048],[139.58526596,35.3944245],[139.585382051,35.394542729],[139.585930947,35.395122487],[139.585965878,35.395160577],[139.58615205,35.395376627],[139.586300592,35.395577866],[139.586430474,35.395779395],[139.586501645,35.395916035],[139.586660369,35.396309324],[139.586795193,35.396639683],[139.586873875,35.396835452],[139.586956517,35.397021602],[139.587018449,35.397207161],[139.587300415,35.39779939],[139.587393956,35.397957149],[139.587445357,35.398036759],[139.587582359,35.398233269],[139.587712921,35.398385498],[139.587788752,35.398486888],[139.588311259,35.399089666],[139.588931946,35.399757024],[139.588965507,35.399792804],[139.589162109,35.400000493],[139.589521273,35.400379942],[139.589741045,35.400565282],[139.589860776,35.400628882],[139.590057667,35.400734931],[139.590318709,35.400849261],[139.590367739,35.400870791],[139.590789342,35.40105716],[139.591220174,35.401239099],[139.591603356,35.401411999],[139.591696427,35.401452849],[139.591872658,35.401528918],[139.591922848,35.401549108],[139.59218915,35.401653308],[139.592498512,35.401794098],[139.592691063,35.401906907],[139.592856025,35.402042157],[139.592952406,35.402143547],[139.593089908,35.402335216],[139.59322546,35.402567675],[139.593296762,35.402681705],[139.593485905,35.402978474],[139.593559056,35.403110834],[139.593892132,35.403622263],[139.59431367,35.404301821],[139.594445282,35.404494391],[139.594489102,35.404558531],[139.594541613,35.40463538],[139.594884389,35.405112709],[139.595138193,35.405512148],[139.595177124,35.405560728],[139.595274145,35.405713528],[139.595317446,35.405800198],[139.595489402,35.406324366],[139.595606347,35.406814095],[139.595624058,35.406897695],[139.595643999,35.406992685],[139.595688851,35.407208525],[139.595743854,35.407518524],[139.595764756,35.407688114],[139.595840251,35.408189083],[139.595857693,35.408333802],[139.595895376,35.408646572],[139.59593859,35.409058801],[139.595977753,35.4093552],[139.595991375,35.40947909],[139.596012263,35.410342878],[139.596017755,35.410525618],[139.596046667,35.410712967],[139.596129169,35.410927137],[139.596280281,35.411124356],[139.596538055,35.411425186],[139.596698067,35.411656575],[139.59685113,35.411884914],[139.597030012,35.412127414],[139.597098344,35.412256854],[139.597153346,35.412420183],[139.597160276,35.412448503],[139.597208348,35.412642083],[139.59720835,35.412882382],[139.597208011,35.412928182],[139.597201413,35.413163802],[139.597173915,35.413411851],[139.597167527,35.413609071],[139.59724281,35.41389073],[139.597277261,35.41394712],[139.597588249,35.414679568],[139.59762403,35.414765148],[139.597827275,35.415259627],[139.59805052,35.415755816],[139.598090621,35.415839726],[139.598449509,35.416554064],[139.59850617,35.416667124],[139.598562471,35.416779454],[139.598755195,35.417112403],[139.598817576,35.417220182],[139.599092571,35.417699341],[139.599250634,35.417958501],[139.599319135,35.4180938],[139.599493819,35.41839109],[139.599771334,35.418866139],[139.600003638,35.419283948],[139.600204542,35.419644897],[139.600396005,35.419936086],[139.600540978,35.420126266],[139.600647569,35.420278755],[139.60070705,35.420352675],[139.600803432,35.420504895],[139.601023716,35.420826004],[139.601168439,35.421096553],[139.601546866,35.421726812],[139.601713179,35.422026401],[139.60176008,35.422150011],[139.601823183,35.422371551],[139.601876504,35.42252906],[139.601925406,35.42269099],[139.601998688,35.422886139],[139.602252894,35.423416128],[139.602433688,35.423786477],[139.602480249,35.423882277],[139.602544861,35.424020717],[139.602627372,35.424167107],[139.602730705,35.424386826],[139.602893208,35.424709025],[139.602935539,35.424792955],[139.603265446,35.425446654],[139.603647011,35.425829153],[139.603718052,35.425898803],[139.604165147,35.426328322],[139.604243408,35.426392532],[139.604375729,35.426488482],[139.604667811,35.426682791],[139.605099055,35.42693743],[139.605189186,35.42698954],[139.605477128,35.42715321],[139.60577296,35.427327649],[139.606000202,35.427451819],[139.606340675,35.427651798],[139.606808399,35.427916658],[139.60690881,35.427981258],[139.607287653,35.428201517],[139.607617695,35.428387096],[139.60821353,35.428750015],[139.608808535,35.429114034],[139.60936523,35.429460183],[139.609706793,35.429699263],[139.610516261,35.430281451],[139.61152689,35.431008819],[139.612333308,35.431592147],[139.612828033,35.431959296],[139.613186956,35.432229736],[139.613791642,35.432691524],[139.613943314,35.432787364],[139.614266167,35.433057503],[139.614383879,35.433159303],[139.614714013,35.433471872],[139.615211499,35.434000791],[139.61528448,35.434088521],[139.615333811,35.434147831],[139.615350881,35.434168351],[139.615380361,35.434203781],[139.615426702,35.43425952],[139.615455302,35.43429392],[139.615519723,35.43437141],[139.615567484,35.43443261],[139.615657565,35.4345202],[139.615801396,35.43459596],[139.615967517,35.434654159],[139.616124898,35.434700099],[139.616372759,35.434759289],[139.616668341,35.434839939],[139.617323685,35.435018718],[139.617783897,35.435153737],[139.618114179,35.435255137],[139.618450511,35.435343057]]},"properties":{"任意ID":"46","区分":"第１次緊急輸送道路","枝ID":"1","行政区域":"14100","資料名称":"神奈川県緊急輸送道路ネットワーク計画図","資料年月":"2018 03","路線名称":"県道21号","道路種別":"主要地方道（都道府県道）"}},{"type":"Feature","geometry":{"type":"LineString","coordinates":[[139.527563107,35.400968328],[139.527802247,35.400962778],[139.528044367,35.400931088],[139.528298747,35.400919718],[139.528745716,35.400885808],[139.529006776,35.400874708],[139.529570775,35.400829428],[139.529934915,35.400784427],[139.530168774,35.400744987],[139.530349194,35.400689728],[139.530583323,35.400603018],[139.530828772,35.400469148],[139.531426068,35.400095149]]},"properties":{"任意ID":"47","区分":"第２次緊急輸送道路","枝ID":"2","行政区域":"14100","資料名称":"神奈川県緊急輸送道路ネットワーク計画図","資料年月":"2018 03","路線名称":"県道22号","道路種別":"主要地方道（都道府県道）"}},{"type":"Feature","geometry":{"type":"LineString","coordinates":[[139.559614463,35.413534667],[139.559143903,35.413551578],[139.558861965,35.413788227],[139.558635277,35.414069937],[139.558571688,35.414129067],[139.558435829,35.414199657],[139.558353329,35.414216327],[139.558334719,35.414216327],[139.558078039,35.414216327],[139.557856778,35.414176037],[139.557803398,35.414164567],[139.557585658,35.414111007],[139.557423887,35.414074098],[139.557246457,35.414024948],[139.557028616,35.413950228],[139.556919996,35.413898288],[139.556820555,35.413805769],[139.556718884,35.413694939],[139.556581103,35.413557159],[139.556479442,35.41347315],[139.556435782,35.41344485],[139.556070551,35.41334299],[139.55593972,35.413286871],[139.55583666,35.413207991],[139.555699158,35.413027711],[139.555623597,35.412909382],[139.555568717,35.412846752],[139.555547726,35.412819342],[139.555121653,35.412436033],[139.555066182,35.412309954],[139.555025261,35.412221884],[139.554928868,35.411883825],[139.554880807,35.411771325],[139.554832757,35.411675496],[139.554818866,35.411636046],[139.554659095,35.411449156],[139.554626684,35.411412566],[139.554471683,35.411246127],[139.554405962,35.411173527],[139.554256921,35.411004948],[139.5541387,35.410868918],[139.553987208,35.410667179],[139.553952747,35.410514949],[139.553952743,35.41004161],[139.553939132,35.409928831],[139.55389774,35.409788001],[139.553801629,35.409607722],[139.553670857,35.409416162],[139.553485155,35.409190693],[139.553196383,35.408903314],[139.553101833,35.408847534],[139.553017772,35.408807464],[139.552845822,35.408751335],[139.552515492,35.408717455],[139.552195142,35.408727795],[139.551993042,35.408734396],[139.551759102,35.408756896],[139.551315503,35.408865706],[139.551202454,35.408999116],[139.55070746,35.409641614],[139.550446071,35.409816334],[139.550001353,35.410056754],[139.549758574,35.410188004],[139.549658125,35.410221884],[139.549518295,35.410280063],[139.549414686,35.410312163],[139.549070796,35.410312164],[139.547763665,35.410194985],[139.547434425,35.410165505],[139.546911715,35.410109106],[139.546549335,35.410075506],[139.546002465,35.410075506],[139.545449486,35.410160506],[139.545158316,35.410216337],[139.544833657,35.410288207],[139.544573858,35.410345777],[139.544388288,35.410357177],[139.544350478,35.410353617],[139.544008588,35.410321887],[139.543929458,35.410322057],[139.543853548,35.410324977],[139.543720688,35.410358757],[139.543640609,35.410403477],[139.543596529,35.410437287],[139.54333624,35.410610597],[139.543136921,35.410728837],[139.542978882,35.410796326],[139.542508723,35.410902526],[139.542346084,35.410993546],[139.541851087,35.411303556],[139.541720547,35.411309106],[139.541668027,35.411297146],[139.541473136,35.411252736],[139.540965336,35.411183407],[139.540585916,35.411145777],[139.539971546,35.411089788]]},"properties":{"任意ID":"47","区分":"第２次緊急輸送道路","枝ID":"3","行政区域":"14100","資料名称":"神奈川県緊急輸送道路ネットワーク計画図","資料年月":"2018 03","路線名称":"県道22号","道路種別":"主要地方道（都道府県道）"}},{"type":"Feature","geometry":{"type":"LineString","coordinates":[[139.607951747,35.378820745],[139.60773928,35.379125574],[139.607639141,35.379269144],[139.607419354,35.379646343],[139.607358946,35.379784852],[139.607286648,35.379977752],[139.607205819,35.380142461],[139.607055361,35.380356251],[139.606853033,35.3806022],[139.606668995,35.3808429],[139.606639566,35.38088103],[139.605768805,35.382001367],[139.605648027,35.382167957],[139.605425,35.382469136],[139.604881676,35.383201914],[139.604757777,35.383325804],[139.604588278,35.383470194],[139.604544858,35.383494774],[139.604286829,35.383639173],[139.604241,35.383664213],[139.60414612,35.383714693],[139.603850561,35.383872193],[139.603472232,35.384080522],[139.603272793,35.384176362],[139.602935844,35.384373572],[139.602812165,35.384463632],[139.602695296,35.384565242],[139.602571407,35.384711631],[139.602445239,35.384944341],[139.60242421,35.384985901],[139.602083247,35.385713349],[139.602062767,35.385756019],[139.60190448,35.386069688],[139.601732564,35.386432407],[139.601703285,35.386512427],[139.601671886,35.386621897],[139.601622539,35.386920246],[139.601608655,35.387449955],[139.601636438,35.387714694],[139.60167763,35.387951784],[139.601702822,35.388074514],[139.601739225,35.388365513],[139.601753108,35.388621902],[139.601753109,35.388696232],[139.601750439,35.388741342],[139.601719501,35.388949402],[139.601674283,35.389130861],[139.601628675,35.389274121],[139.601583076,35.389404],[139.601511588,35.3895633],[139.60139345,35.38980172],[139.60137178,35.389846209],[139.601216744,35.390193849],[139.601161746,35.390379678],[139.601120627,35.390548838],[139.601093329,35.390735017],[139.60107925,35.390830507],[139.601017564,35.391157227],[139.600941756,35.391343266],[139.600793169,35.391651185],[139.600563703,35.392126614],[139.600420096,35.392419294],[139.600274569,35.392722603],[139.60021768,35.392844443],[139.600169711,35.392946233],[139.600047883,35.393202452],[139.600001214,35.393315222],[139.599897647,35.393565461],[139.599789359,35.393828091],[139.59975123,35.39392835],[139.599663163,35.3941605],[139.599642393,35.39422268],[139.599610574,35.39431246],[139.599583405,35.39438052],[139.599498167,35.394594389],[139.599422338,35.394718279],[139.599291789,35.394819669],[139.59901692,35.394967819],[139.598718461,35.395119318],[139.598452812,35.395253318],[139.598341163,35.395299138],[139.598143344,35.395397448],[139.598033454,35.395461608],[139.597820195,35.395602678],[139.597538177,35.395839387],[139.597489908,35.395904287],[139.597380129,35.396059107],[139.597235622,35.396290077],[139.597057085,35.396633546],[139.596843749,35.397095495],[139.596767731,35.397277495],[139.596749552,35.397321305],[139.596667374,35.397522714],[139.596571816,35.397778274],[139.59641376,35.398165493],[139.596270433,35.398502142],[139.595929611,35.39932103],[139.595737115,35.399788819],[139.595706877,35.399892689],[139.595672488,35.400010819],[139.59564072,35.400224029],[139.595640722,35.400397378],[139.595626844,35.400622428],[139.595565158,35.401011357],[139.595516849,35.401174657],[139.595400182,35.401478816],[139.595262605,35.401765896],[139.595104358,35.402121315],[139.594973792,35.402481895],[139.594891304,35.402706874],[139.594815457,35.403011414],[139.59476742,35.403264923],[139.594739923,35.403591592],[139.594739928,35.404098811],[139.59469185,35.404296111],[139.594650851,35.404384881],[139.594604571,35.404445161],[139.594489102,35.404558531]]},"properties":{"任意ID":"47","区分":"第２次緊急輸送道路","枝ID":"4","行政区域":"14100","資料名称":"神奈川県緊急輸送道路ネットワーク計画図","資料年月":"2018 03","路線名称":"県道22号","道路種別":"主要地方道（都道府県道）"}},{"type":"Feature","geometry":{"type":"LineString","coordinates":[[139.543305696,35.36107983],[139.542550968,35.36129538],[139.54213181,35.36141523],[139.541667642,35.361551689],[139.541060114,35.361717509],[139.540877844,35.361763529],[139.540386806,35.361893719],[139.539740338,35.362085399],[139.539630509,35.362113408],[139.53934854,35.362198148],[139.539097811,35.362259428],[139.538956621,35.362293978],[139.538709092,35.362344548],[139.538385613,35.362389558],[139.536556996,35.362507899],[139.536068797,35.362547329],[139.534981219,35.362611389],[139.534810499,35.362620919],[139.5346121,35.362641499],[139.534149331,35.362694099],[139.533792932,35.362734619],[139.533681532,35.362747279],[139.533599322,35.362756629],[139.532832914,35.362845869],[139.532369625,35.362874269],[139.532320425,35.362872039],[139.531961785,35.362855379],[139.531670805,35.362834199],[139.531266886,35.362767809],[139.531122046,35.36274421],[139.530527616,35.3626769],[139.530162097,35.3626826],[139.529829347,35.36273675],[139.529746098,35.3627503],[139.529365069,35.3628123],[139.52873042,35.36291507],[139.528514041,35.36295018],[139.527799923,35.363066269],[139.527373564,35.363148199],[139.526904345,35.363244549],[139.526512666,35.363357609],[139.526160448,35.363544268],[139.525912949,35.363696488],[139.52579601,35.363758428],[139.525520711,35.363865397],[139.525369762,35.363896317],[139.525044962,35.363955567],[139.525001013,35.363962127],[139.524757953,35.364012047],[139.524297304,35.364090907],[139.524022015,35.364134627],[139.523300217,35.364248696],[139.523163487,35.364264226],[139.522809698,35.364317566],[139.522613238,35.364347326],[139.522510719,35.364361246],[139.521547803,35.364862524],[139.521202685,35.365025933],[139.520419088,35.365420102],[139.51999213,35.365654951],[139.519927961,35.365689871],[139.519724642,35.36580898],[139.519621552,35.36587652],[139.519552693,35.36593842],[139.519439094,35.366050039],[139.519270755,35.366237039],[139.519140197,35.366445648],[139.519035979,35.366667317],[139.518756883,35.367260945],[139.518737583,35.367303175],[139.518617435,35.367572314],[139.518383829,35.368057033],[139.518293521,35.368248062],[139.518153553,35.368549251],[139.517964386,35.36895814],[139.517620421,35.369656917],[139.517386704,35.370062176],[139.517235156,35.370282135],[139.517001628,35.370563964],[139.51680224,35.370760854],[139.516667741,35.370867523],[139.516588851,35.370930083],[139.516518391,35.370973773],[139.516252183,35.371138412],[139.515984134,35.371262302],[139.515702275,35.371358092],[139.515317176,35.371471001],[139.515076357,35.371538411],[139.514935387,35.371574741],[139.514615808,35.371656741],[139.513439932,35.37198313],[139.513002533,35.372104139],[139.512779224,35.372165729],[139.512438375,35.372259479],[139.511824146,35.372428398],[139.511177758,35.372608677],[139.511117218,35.372622267],[139.511025218,35.372651827],[139.510758799,35.372729657],[139.51049694,35.372805906],[139.51032498,35.372867846],[139.510201371,35.372935346],[139.509812153,35.373197545],[139.509728074,35.373256125],[139.509507065,35.373414134],[139.509341656,35.373521174],[139.50865528,35.373997822],[139.50851489,35.374086182],[139.508334441,35.374210601],[139.507002029,35.375129058],[139.50681162,35.375267867],[139.506502222,35.375543956],[139.506371393,35.375673386],[139.506178895,35.375904505],[139.505876398,35.376332834],[139.505484463,35.376924222],[139.505310135,35.377167691]]},"properties":{"任意ID":"49","区分":"第１次緊急輸送道路","枝ID":"1","行政区域":"14100","資料名称":"神奈川県緊急輸送道路ネットワーク計画図","資料年月":"2018 03","路線名称":"県道23号","道路種別":"主要地方道（都道府県道）"}},{"type":"Feature","geometry":{"type":"MultiLineString","coordinates":[[[139.559026249,35.36352815],[139.560499093,35.363408346],[139.561014212,35.363357865],[139.561206772,35.363335085],[139.561330621,35.363329525],[139.561605681,35.363301465],[139.56188736,35.363278965],[139.562301199,35.363266264],[139.562303679,35.363266464],[139.562705679,35.363318134],[139.562922059,35.363347583],[139.563462098,35.363430632],[139.563778168,35.363464522],[139.564281218,35.363532131],[139.564694727,35.36358869],[139.564988747,35.363627929],[139.565724437,35.363723748],[139.566363436,35.363797016],[139.566474436,35.363815156],[139.567415035,35.363937794],[139.567951725,35.364016723],[139.568529285,35.364129512],[139.569024555,35.364264501],[139.569216955,35.36431797],[139.569486965,35.36438795],[139.569892275,35.364408949],[139.570251524,35.364432568],[139.570459554,35.364432568],[139.570539894,35.364423118],[139.570686213,35.364399508],[139.570949702,35.364309458],[139.57127962,35.364185318],[139.571793998,35.363957288],[139.572166766,35.363774228],[139.572686272,35.363461709],[139.57298888,35.363270409],[139.57308093,35.363227839],[139.573266769,35.363137569],[139.573602307,35.362994509],[139.573851206,35.362912289],[139.574387594,35.362743119],[139.574731203,35.362664229],[139.575000812,35.362600599],[139.57539855,35.362519359],[139.575638979,35.362444509],[139.575735359,35.362399509],[139.575893147,35.362275619],[139.576127025,35.362027569],[139.576815947,35.361185641],[139.576974515,35.360991732],[139.577265062,35.360641733],[139.578423408,35.359238996],[139.578975892,35.358559508],[139.57916049,35.358333969],[139.579310318,35.358128679],[139.579577775,35.357789441],[139.579661124,35.357683721],[139.579791713,35.357463962],[139.579901711,35.357227303],[139.579998088,35.356911755],[139.580018648,35.356798965],[139.580040586,35.356596206],[139.580032535,35.356398967],[139.580011703,35.356049529],[139.5799842,35.355542862],[139.579950028,35.355238443],[139.579943087,35.355075084],[139.579895022,35.354314538],[139.57986752,35.354038429],[139.579840017,35.353508702],[139.579833064,35.353153984],[139.579846914,35.353039285],[139.580027128,35.352297648],[139.58034861,35.351198713],[139.580444438,35.350913165],[139.580548046,35.350624286],[139.580733883,35.350190398],[139.580842632,35.350000669],[139.5809536,35.34980706],[139.581214988,35.349407072],[139.581455505,35.349029614],[139.581675543,35.348562066],[139.581826919,35.347981789],[139.581874978,35.347700131],[139.581943863,35.346736797],[139.58195746,35.346286049],[139.581971359,35.345981791],[139.582026287,35.345587564],[139.582079406,35.345430694],[139.582150365,35.345259455],[139.582301353,35.344888467],[139.582376911,35.344657369],[139.58238385,35.34441543],[139.58235618,35.344296351],[139.582074397,35.343592936],[139.582046896,35.343474596],[139.582046895,35.343265988],[139.582088014,35.343029309],[139.582122453,35.34289961],[139.582122452,35.34277573],[139.582087172,35.342671261],[139.582027461,35.342510722],[139.58198606,35.342350433],[139.581943839,35.342156284],[139.581929938,35.341953496],[139.581964387,35.341750437],[139.581994187,35.341667377],[139.582067446,35.341463218],[139.582177445,35.34126017],[139.582431843,35.341006871],[139.582810211,35.340707953],[139.58300849,35.340583413],[139.583292059,35.340362864],[139.583476828,35.340195505],[139.583621297,35.340026616],[139.583910294,35.339558659],[139.584054373,35.33936156],[139.584171613,35.339259621],[139.584255152,35.339195981],[139.584387982,35.339094902],[139.584513511,35.339002282],[139.584682691,35.338901033],[139.58480411,35.338815083],[139.584955199,35.338691014],[139.585285477,35.338342126],[139.585629365,35.337949069],[139.586117122,35.337418792],[139.586329911,35.337244353],[139.586875749,35.336851855],[139.587167038,35.336623607],[139.587333207,35.336520967],[139.587333524,35.336520748]],[[139.589195723,35.33519882],[139.589196012,35.335198616],[139.589432391,35.335031027],[139.58978239,35.334772428],[139.590014069,35.334616309],[139.590378238,35.334285761],[139.590622677,35.334012983],[139.590891016,35.333692435],[139.591175394,35.333373068],[139.591288524,35.333216869],[139.591450173,35.33296716],[139.591528232,35.332821631],[139.591657671,35.332576323],[139.59174022,35.332427934],[139.591982009,35.331959357],[139.592281427,35.33150004],[139.592485496,35.331239842],[139.592654975,35.331082623],[139.592765835,35.330963194],[139.592945404,35.330753595],[139.593119893,35.330667456],[139.593193703,35.330636376],[139.593291092,35.330595352],[139.593321563,35.330582517],[139.593483903,35.330514217],[139.594455461,35.33009761],[139.59571544,35.329620793],[139.596210159,35.329446344],[139.596674139,35.329280205],[139.597075709,35.329192745],[139.597384889,35.329153295],[139.597474068,35.329136346],[139.597872008,35.329102756],[139.598105708,35.329085796],[139.599582639,35.329085795],[139.600000719,35.329066515],[139.60055794,35.329040795],[139.601017941,35.329018295],[139.601921922,35.328974765],[139.602285543,35.328953796],[139.602631703,35.328925556],[139.602790164,35.328905796],[139.603177434,35.328882426],[139.603604205,35.328869946],[139.603816985,35.328865156],[139.604350076,35.328854986],[139.604747397,35.328855496],[139.604958788,35.328854136],[139.605228228,35.328845516],[139.605498078,35.328844466],[139.605610539,35.328841736],[139.606077839,35.328822026],[139.60613403,35.328817936],[139.60642352,35.328793296],[139.60656413,35.328773286],[139.60678741,35.328736896],[139.607296291,35.328578957],[139.607442401,35.328532467],[139.607775961,35.328407748],[139.607920731,35.328353849],[139.608264491,35.32822407],[139.608470461,35.3281344],[139.609157391,35.327863852],[139.609527911,35.327711663],[139.610201651,35.327418435],[139.610599621,35.327249976],[139.610915431,35.327137197],[139.610991001,35.327125807],[139.611097662,35.327105257],[139.611329292,35.327101367],[139.611508922,35.327109947],[139.611684183,35.327118567],[139.612042123,35.327142757],[139.612316884,35.327188046],[139.612584895,35.327255536],[139.612811476,35.327336515],[139.613340418,35.327537183],[139.61358082,35.327621953],[139.613896861,35.327751352],[139.614329643,35.327869681],[139.614627644,35.32791951],[139.614877025,35.32796854],[139.615218526,35.32800969],[139.615604357,35.328039679],[139.615865908,35.328044029],[139.616163849,35.328050249],[139.616667421,35.328050249],[139.617108432,35.328050029],[139.617564113,35.328044459],[139.618062895,35.328010869],[139.618469795,35.327949329],[139.618674286,35.327923959],[139.619037867,35.32786076],[139.619363337,35.32779676],[139.619628368,35.32774925],[139.620139639,35.327675511]]]},"properties":{"任意ID":"49","区分":"第１次緊急輸送道路","枝ID":"2","行政区域":"14100","資料名称":"神奈川県緊急輸送道路ネットワーク計画図","資料年月":"2018 03","路線名称":"県道23号","道路種別":"主要地方道（都道府県道）"}},{"type":"Feature","geometry":{"type":"LineString","coordinates":[[139.493406573,35.358384559],[139.493506575,35.358630398],[139.493643976,35.358928807],[139.493912499,35.359475886],[139.494015981,35.359696485],[139.494235913,35.360155774],[139.494416925,35.360533832],[139.494554137,35.360856121],[139.494700399,35.36119971]]},"properties":{"任意ID":"54","区分":"第１次緊急輸送道路","枝ID":"1","行政区域":"14100","資料名称":"神奈川県緊急輸送道路ネットワーク計画図","資料年月":"2018 03","路線名称":"県道30号","道路種別":"主要地方道（都道府県道）"}},{"type":"Feature","geometry":{"type":"LineString","coordinates":[[139.544527181,35.476472514],[139.544458504,35.475439596],[139.544444363,35.475323696],[139.54443367,35.475000367],[139.544411576,35.474331748],[139.544384354,35.474057869],[139.544364653,35.473973849],[139.544306851,35.473695639],[139.544210458,35.47337454],[139.544100456,35.47312092],[139.543949064,35.472861761],[139.543769902,35.472619541],[139.543618511,35.472456202],[139.543157397,35.471971483],[139.542689433,35.471497954],[139.542174418,35.470936415],[139.541786845,35.470546436],[139.541682424,35.470434126],[139.54121653,35.469954807],[139.540968498,35.469712337],[139.540727926,35.469509548],[139.540252923,35.469210928],[139.539770991,35.468957329],[139.53951654,35.468822049],[139.539322519,35.468719999],[139.538903897,35.46849545],[139.538649195,35.46837158],[139.538339864,35.46820802],[139.537028218,35.467530102],[139.536369184,35.467188962],[139.535990803,35.466988712],[139.535576031,35.466769113],[139.535563751,35.466762613],[139.535019047,35.466324363],[139.534753455,35.466055934],[139.534650144,35.465926244],[139.53429214,35.465514615],[139.534010108,35.465222055],[139.533858717,35.465097885],[139.533652386,35.464979565],[139.533433205,35.464884486],[139.532895103,35.464658436],[139.532461211,35.464502246],[139.532395881,35.464461996],[139.5322981,35.464334226],[139.532215289,35.464226057],[139.532007047,35.463999557],[139.531821215,35.463779847],[139.531491202,35.463390938],[139.531327801,35.463200918],[139.530967867,35.462782329],[139.530871476,35.462658439],[139.530603144,35.46238789],[139.530382843,35.46221317],[139.529883931,35.46199359],[139.529283669,35.461785941],[139.528935098,35.461694741],[139.528514797,35.461605901],[139.528228646,35.461565391],[139.527898166,35.461537341],[139.527111275,35.461511431],[139.526530774,35.461481051],[139.525853883,35.461446581],[139.525399563,35.461452881],[139.525001712,35.461474221],[139.524772632,35.461486531],[139.524016182,35.461525941],[139.523878682,35.46152594],[139.522880502,35.46158817],[139.522178381,35.46161622],[139.521971731,35.46163289],[139.521545081,35.46163844],[139.520519939,35.461525689],[139.520278679,35.461508999],[139.519831449,35.461475109],[139.519693948,35.461452639],[139.519136198,35.461396219],[139.518796817,35.461379179],[139.518537557,35.461351219],[139.518449467,35.461343589],[139.517876596,35.461294819],[139.517222275,35.461228419],[139.516947474,35.461193459],[139.516782294,35.461170669],[139.516668394,35.461158719],[139.516300853,35.461120169],[139.516169463,35.461103149],[139.515791163,35.461075109],[139.515695633,35.461080249],[139.515505013,35.461108319],[139.514676333,35.461243968],[139.513733044,35.461413178],[139.512989514,35.461525657],[139.512858974,35.461559547],[139.512163674,35.461672337],[139.512039774,35.461694826],[139.511317015,35.461818716],[139.511028125,35.461875116],[139.510862845,35.461920105],[139.510539235,35.461993435],[139.510463405,35.462004835],[139.510312015,35.462049835],[139.509940346,35.462173714],[139.509720347,35.462275114],[139.509472577,35.462404834],[139.509457917,35.462413244],[139.509148968,35.462590663],[139.508998679,35.462692323],[139.508577581,35.463007332],[139.508292792,35.463286361],[139.508092194,35.46351642],[139.507916815,35.46372309],[139.507779306,35.463930809],[139.507622498,35.464167659],[139.507538419,35.464320378],[139.50747619,35.464506208],[139.507451231,35.464567958],[139.507421192,35.464799267],[139.507421198,35.465610375],[139.507421199,35.465810975],[139.507420933,35.466337094],[139.507389235,35.466667043],[139.507358217,35.466989642],[139.507317878,35.467058702],[139.507235098,35.467160102],[139.507097589,35.467266791],[139.506945939,35.467340101],[139.506760119,35.467379541],[139.506675229,35.467388851],[139.506520009,35.467388851],[139.506329379,35.467366571],[139.506156758,35.467314431],[139.506100708,35.467266941],[139.506020027,35.467161591],[139.505683543,35.466667042],[139.505414421,35.466317883],[139.505159109,35.466077063],[139.505078279,35.466101723],[139.504874259,35.466179553],[139.50479176,35.466218983],[139.50460593,35.466359822],[139.504426761,35.466523422],[139.504290742,35.466667031],[139.504048154,35.466923151],[139.503938984,35.46701768],[139.503847895,35.46706734],[139.503728105,35.46711765],[139.503575365,35.4671676],[139.503394365,35.46721616],[139.502547877,35.467537319],[139.502029238,35.467743888],[139.501632808,35.467903238],[139.501363999,35.468005087],[139.501235149,35.468044577],[139.500971529,35.468123407],[139.500778709,35.468145917],[139.500599829,35.468145917],[139.500116838,35.468052767],[139.500001768,35.468030527],[139.499870108,35.468005097],[139.499594687,35.467931717],[139.499457127,35.467892397],[139.499233556,35.467844417],[139.498954545,35.467785086],[139.498529134,35.467680046],[139.4974062,35.467176757],[139.49727882,35.467119037],[139.497075649,35.467024537],[139.496800368,35.466906757],[139.496127486,35.466657387],[139.496083326,35.466641007],[139.495767865,35.466551197],[139.495561474,35.466523147],[139.495017634,35.466517316],[139.494603434,35.466499956],[139.494578784,35.466498526],[139.494419093,35.466489246],[139.493455363,35.466455366],[139.493159572,35.466449815],[139.492850142,35.466432865],[139.492601722,35.466432865],[139.491982311,35.466404815],[139.491768971,35.466404815],[139.491621851,35.466398104],[139.491397391,35.466387874],[139.491112721,35.466386714],[139.49091177,35.466383714],[139.49042587,35.466376454],[139.489573449,35.466353983],[139.489419959,35.466342343],[139.489046869,35.466335803],[139.488651188,35.466314533],[139.487838798,35.466292032],[139.487438377,35.466277082],[139.487205587,35.466269252],[139.486902867,35.466247032],[139.486490856,35.466188131],[139.486093866,35.466143511],[139.485782045,35.466106751],[139.485635765,35.466083341],[139.485203415,35.466020951],[139.484308133,35.46588619],[139.484212363,35.46586935],[139.483624262,35.46577775],[139.483117212,35.465750909],[139.482394521,35.465700359],[139.481929601,35.465659809],[139.48169924,35.465638409],[139.479914909,35.465501387],[139.479119688,35.465440757],[139.478739977,35.465411247],[139.478616017,35.465401756],[139.478127307,35.465367856],[139.476807046,35.465266585],[139.476179685,35.465219825],[139.475855565,35.465193125],[139.475208674,35.465103134],[139.474884523,35.465019774],[139.474375712,35.464888924],[139.474169231,35.464832574],[139.473983741,35.464793144],[139.47371563,35.464725694],[139.47346062,35.464674804],[139.473096199,35.464584604],[139.472882398,35.464533984],[139.472485247,35.464428944],[139.472353297,35.464400524],[139.472187118,35.464356706]]},"properties":{"任意ID":"55","区分":"第２次緊急輸送道路","枝ID":"2","行政区域":"14100","資料名称":"神奈川県緊急輸送道路ネットワーク計画図","資料年月":"2018 03","路線名称":"県道40号","道路種別":"主要地方道（都道府県道）"}},{"type":"Feature","geometry":{"type":"LineString","coordinates":[[139.475581954,35.454939553],[139.475715645,35.455060181],[139.475793205,35.455131251],[139.476018057,35.455340931],[139.476097227,35.455412331],[139.476163218,35.455465671],[139.476264378,35.455540381],[139.47656997,35.45575573],[139.4766541,35.45581465],[139.477773066,35.456592049],[139.477791346,35.456609949],[139.477865927,35.456668139],[139.479128494,35.457557737],[139.479657966,35.457930796],[139.480066129,35.458218426],[139.48039011,35.458447186],[139.480712602,35.458674235],[139.480872223,35.458786625],[139.481411136,35.459167874],[139.482435592,35.459891483],[139.482969475,35.460260913],[139.483335046,35.460517732],[139.484207541,35.461144822],[139.484429772,35.461301481],[139.484731424,35.461513991],[139.485354597,35.46194761],[139.485703869,35.46219912],[139.48593005,35.46236398],[139.486245962,35.46261802],[139.486975887,35.463200899],[139.487679351,35.463762668],[139.487912292,35.463955648],[139.489660633,35.465381196],[139.490059825,35.465701155],[139.490138816,35.465764445],[139.49079729,35.466292004],[139.49091177,35.466383714],[139.491025421,35.466474754],[139.491180212,35.466598754],[139.491283093,35.466670894],[139.491687685,35.466958263],[139.491848696,35.467042313],[139.493013992,35.467873972],[139.493145103,35.467970502],[139.493570325,35.468274982],[139.494194269,35.468766751],[139.49435634,35.468894731],[139.494793163,35.46924981],[139.495177055,35.46955925],[139.49590152,35.470134539],[139.496284532,35.470434739],[139.496370253,35.470501929],[139.496513924,35.470614529],[139.496800395,35.470820909],[139.49756699,35.471416668],[139.497714521,35.471528468],[139.497980962,35.471730888],[139.498704047,35.472282077],[139.498744517,35.472312947],[139.498959578,35.472477027],[139.499062509,35.472562607],[139.49920013,35.472676747],[139.500001805,35.473285966],[139.500393187,35.473583406],[139.500986621,35.474103285],[139.501275663,35.474356925],[139.501592376,35.474636184],[139.501853898,35.474917704],[139.501938018,35.475000354],[139.502956826,35.476001182],[139.503661831,35.476657571],[139.504292115,35.47715369],[139.504682287,35.477442369],[139.504792578,35.477521559],[139.504835078,35.477550919],[139.505065729,35.477703399],[139.506161845,35.478375618],[139.507067109,35.478863228],[139.507729272,35.479216807],[139.507841572,35.479275077],[139.508335184,35.479536377],[139.508498535,35.479622847],[139.508685376,35.479731697],[139.508715886,35.479746187],[139.508822106,35.479796667],[139.509167468,35.479986016],[139.5094927,35.480165896],[139.509822331,35.480328446],[139.509893691,35.480362296],[139.510659744,35.480747236],[139.510800145,35.480825386],[139.511981871,35.481478395],[139.513148156,35.482098204],[139.513342087,35.482201244],[139.513554818,35.482314234],[139.513663948,35.482372204],[139.513847149,35.482469524],[139.513902529,35.482490434],[139.514279391,35.482621524],[139.514871463,35.482828084],[139.516006327,35.483283113],[139.516188298,35.483350993],[139.516668559,35.483540843],[139.517532233,35.483882253],[139.517570393,35.483900023],[139.517758934,35.483967303],[139.517794674,35.483978673],[139.518605777,35.484305343],[139.518656317,35.484328943],[139.518873808,35.484430583],[139.518946338,35.484464513],[139.519291,35.484645022],[139.519769602,35.484915712],[139.520225795,35.485174792],[139.520552467,35.485368392],[139.520741448,35.485493482],[139.521343171,35.485901341],[139.521427012,35.485961361],[139.521510832,35.486021371],[139.521841264,35.486271281],[139.522005245,35.486393591],[139.52275918,35.48694803],[139.522845311,35.48700961],[139.523900377,35.487741939],[139.52434581,35.488085339],[139.524710542,35.488395079],[139.524889714,35.488558678],[139.525001935,35.488678478],[139.525206106,35.488896448],[139.525289047,35.488998248],[139.525383638,35.489127908],[139.525733092,35.489626977],[139.525756002,35.489654907],[139.525952744,35.489918847],[139.526249796,35.490124526],[139.526718198,35.490344616],[139.527054899,35.490460866],[139.52917912,35.491665655],[139.529265921,35.491712415],[139.529715073,35.491999695],[139.529908774,35.492123265],[139.530134185,35.492277005],[139.530326966,35.492400884],[139.530423897,35.492465334],[139.530491967,35.492508104],[139.530759469,35.492681374],[139.531283652,35.493020884],[139.532070296,35.493504873],[139.532209647,35.493601693],[139.532391978,35.493719223],[139.532601709,35.493832833],[139.53289427,35.493978433],[139.533291622,35.494141053],[139.533326232,35.494155573],[139.533623923,35.494299503],[139.533919765,35.494446163],[139.534070335,35.494537303],[139.534158086,35.494600813],[139.534284767,35.494693942],[139.53465643,35.495026452],[139.535008202,35.495370692],[139.535261204,35.495616371],[139.535468376,35.495826441],[139.53593666,35.496282541],[139.536052141,35.49639375],[139.536122911,35.4964609],[139.536159772,35.4964946],[139.536469604,35.49676497],[139.536563224,35.49684112],[139.537864214,35.497911099],[139.538467858,35.498380878],[139.53881756,35.498663728],[139.539054522,35.498851997],[139.539485125,35.499183627],[139.539565235,35.499246027],[139.539922028,35.499527826],[139.540355651,35.499871716],[139.540496512,35.500000326],[139.540728484,35.500212115],[139.540780274,35.500258635],[139.540834704,35.500307695],[139.541112596,35.500558925],[139.541332718,35.500756005],[139.541668711,35.501083484],[139.541711871,35.501126844],[139.541748431,35.501164214],[139.542062605,35.501573094],[139.54252371,35.502277273],[139.542709552,35.502587273],[139.542838594,35.502824992],[139.543017627,35.503257842],[139.543074568,35.503393652],[139.54314284,35.503652351],[139.543160312,35.503903821],[139.543146345,35.504292461],[139.54308041,35.505071139],[139.543019573,35.505600729],[139.543055966,35.505917268],[139.543117068,35.506245878],[139.543244861,35.506720867],[139.543355144,35.507107267],[139.543405385,35.507205247],[139.543440425,35.507271707],[139.543623198,35.507655316],[139.543855701,35.508011316],[139.544038133,35.508324575],[139.544395618,35.508896135],[139.544471539,35.509017544],[139.544721272,35.509437534],[139.544880714,35.509701864],[139.544970995,35.509851423],[139.545211968,35.510198703],[139.545322039,35.510300583],[139.54544918,35.510418273],[139.546080724,35.510967542],[139.546297976,35.511162682],[139.54687611,35.511677701],[139.547100122,35.511873201],[139.547377234,35.512089101],[139.547643795,35.512283091],[139.547901317,35.51244504],[139.548129338,35.51258669],[139.548631961,35.51284455],[139.548729911,35.51288281],[139.549130742,35.51298977],[139.549778714,35.51304141],[139.550002134,35.51305551],[139.550549665,35.51309003],[139.551512717,35.513188561],[139.551570858,35.513194411],[139.552071719,35.513243671],[139.55271046,35.513306661],[139.552901381,35.513326241],[139.554161583,35.513460581],[139.554684705,35.513511411],[139.554936365,35.513534251],[139.555119066,35.513556421],[139.555566847,35.513601421],[139.555773787,35.513612811],[139.556234838,35.513663091],[139.55702606,35.513730861],[139.557434431,35.513810031],[139.557621601,35.513839391],[139.557675191,35.513838081],[139.557992157,35.51453114],[139.558074938,35.51470588],[139.55818522,35.51496476],[139.558274941,35.515145039],[139.558316062,35.515246429],[139.558357453,35.515415629],[139.558395195,35.515664849],[139.558419636,35.515826829],[139.558509558,35.516193738],[139.558601061,35.516590588],[139.558617502,35.516666977],[139.558670233,35.516911697],[139.558758565,35.517144477],[139.558833286,35.517331147],[139.558929678,35.517494757],[139.559019409,35.517646696],[139.559280792,35.518091696],[139.559480794,35.518378916],[139.560142191,35.519139755],[139.560209211,35.519227915],[139.560267152,35.519302675],[139.560376633,35.519443915],[139.561232761,35.520449754],[139.561298582,35.520540574],[139.561360612,35.520628534],[139.561816657,35.521184774],[139.561984709,35.521444193],[139.56210915,35.521615033],[139.562249142,35.521811973],[139.562404663,35.521946643],[139.562603194,35.522078333],[139.562685545,35.522126973],[139.563246658,35.522525393],[139.563344979,35.522595303],[139.563505,35.522694753],[139.563655281,35.522810442],[139.563938893,35.523004472],[139.564482296,35.523384692],[139.564719788,35.523550542],[139.564938139,35.523703442],[139.5650483,35.523793322],[139.565144741,35.523900302],[139.565172231,35.523962532],[139.565186122,35.524057802],[139.565200014,35.524367831],[139.565213626,35.524677801],[139.565261937,35.524779121],[139.565310297,35.524846691],[139.565433209,35.525000301],[139.56555831,35.52515662],[139.565875302,35.52546085],[139.565922823,35.52550122],[139.566565777,35.52604721],[139.566668918,35.52612775],[139.5669957,35.526375249],[139.567103031,35.526461269],[139.567197101,35.526536659],[139.567425313,35.526728649],[139.567709355,35.526989319],[139.568011147,35.527246679],[139.568238649,35.527421408],[139.568789792,35.527832818],[139.568845043,35.527889188],[139.569001224,35.527994458],[139.569244496,35.528187798],[139.569802549,35.528615848],[139.570498384,35.529179457],[139.571001447,35.529556967],[139.571126188,35.529663997],[139.571366,35.529822297],[139.571559781,35.529956967],[139.572007564,35.530289186],[139.572434517,35.530610296],[139.572961801,35.531102706],[139.573082292,35.531235566],[139.573550915,35.531652516],[139.573688686,35.531742796],[139.574115879,35.532113685],[139.575002305,35.532871155],[139.5755455,35.533333624],[139.576107034,35.533827244],[139.576295955,35.533993024],[139.577060241,35.534676873],[139.577207223,35.534825023],[139.577428854,35.535049913],[139.577698717,35.535337243],[139.577784138,35.535421463],[139.578256882,35.535917632],[139.578646625,35.536307092],[139.578813845,35.536288062],[139.579091866,35.536240172],[139.579400816,35.536186982],[139.579815156,35.536105342],[139.580020416,35.536054222],[139.580233177,35.536004462],[139.580538727,35.535937792],[139.581114587,35.535806682],[139.581521518,35.535731122],[139.583356479,35.535307943],[139.583399259,35.535298083],[139.583564459,35.535251543]]},"properties":{"任意ID":"59","区分":"第１次緊急輸送道路","枝ID":"1","行政区域":"14100","資料名称":"神奈川県緊急輸送道路ネットワーク計画図","資料年月":"2018 03","路線名称":"県道45号","道路種別":"主要地方道（都道府県道）"}},{"type":"Feature","geometry":{"type":"LineString","coordinates":[[139.583564459,35.535251543],[139.583968454,35.535908902],[139.584303478,35.536485022],[139.58444319,35.536710032],[139.584510171,35.536820072],[139.584696653,35.537204722],[139.584792135,35.537386401],[139.585027088,35.537865021],[139.585196801,35.538228901],[139.585832371,35.53965279],[139.58643431,35.540958899],[139.586575092,35.541273219],[139.586752995,35.541666949],[139.586848496,35.541878349],[139.587020548,35.542196388],[139.587065139,35.542278808],[139.5871974,35.542484128],[139.587316832,35.542666958],[139.587427123,35.542808058],[139.587812856,35.543266047],[139.588274611,35.543816397],[139.588522963,35.544137786],[139.588660735,35.544351666],[139.588832967,35.544678336],[139.588916849,35.544949746],[139.589037951,35.545327075],[139.589111713,35.545568605],[139.589673248,35.546131955],[139.589846829,35.546295315],[139.590121581,35.546554734],[139.590745706,35.547173414],[139.591071069,35.547491064],[139.591393382,35.547798763],[139.591478842,35.547840283],[139.591714253,35.547954663],[139.592094935,35.548117233],[139.592331876,35.548211393],[139.592528268,35.548395843],[139.59271633,35.548663883],[139.592998163,35.549059013],[139.593194115,35.549320562],[139.593270245,35.549415572],[139.593426827,35.549592432],[139.5938172,35.550000282],[139.593910781,35.550098052],[139.593988091,35.550168612],[139.594089952,35.550261402],[139.594287504,35.550451682],[139.594363444,35.550520042],[139.594799397,35.550886951],[139.595118699,35.551094821],[139.595162529,35.551122451],[139.595639962,35.551416391],[139.595784013,35.551493321],[139.595830923,35.551518511],[139.596537896,35.551898851],[139.596732017,35.551999671],[139.596898668,35.552087291],[139.596959869,35.552121461],[139.597334961,35.55232888],[139.597603602,35.55251503],[139.597745283,35.55264008],[139.597866834,35.55271656],[139.598474567,35.5531394],[139.599284882,35.55364322],[139.600032176,35.554129039],[139.600957291,35.554691339],[139.601802626,35.555271558]]},"properties":{"任意ID":"59","区分":"第２次緊急輸送道路","枝ID":"2","行政区域":"14100","資料名称":"神奈川県緊急輸送道路ネットワーク計画図","資料年月":"2018 03","路線名称":"県道45号","道路種別":"主要地方道（都道府県道）"}},{"type":"Feature","geometry":{"type":"LineString","coordinates":[[139.611626457,35.563870273],[139.611557256,35.563780254],[139.611528135,35.563742504],[139.611314503,35.563393034],[139.611169031,35.563092864],[139.610997839,35.562790544],[139.610949778,35.562700275],[139.610873947,35.562441105],[139.610825616,35.562221395],[139.610777275,35.562080555],[139.610709654,35.561979515],[139.610048108,35.561094515],[139.609985047,35.561010275],[139.609730105,35.560689236],[139.609585254,35.560558956],[139.609275271,35.560280286],[139.609249401,35.560257026],[139.608827538,35.559877776],[139.608509856,35.559622966],[139.608251054,35.559435536],[139.607443859,35.558870386],[139.606634245,35.558333606],[139.605658089,35.557686397],[139.605602798,35.557647217],[139.604770063,35.557113317]]},"properties":{"任意ID":"59","区分":"第１次緊急輸送道路","枝ID":"3","行政区域":"14100","資料名称":"神奈川県緊急輸送道路ネットワーク計画図","資料年月":"2018 03","路線名称":"県道45号","道路種別":"主要地方道（都道府県道）"}},{"type":"Feature","geometry":{"type":"LineString","coordinates":[[139.564017423,35.566960966],[139.564275403,35.566856326],[139.564760412,35.566666927],[139.564812932,35.566646407],[139.565325552,35.566464697],[139.565691092,35.566428587],[139.565913863,35.566429427],[139.566430694,35.566517497],[139.566670035,35.566548858],[139.567127836,35.566628938],[139.568491079,35.566900978],[139.568895691,35.566977598],[139.569002111,35.566997718],[139.569415002,35.567075808],[139.570280574,35.567212478],[139.571060846,35.567348878],[139.571596927,35.567443559],[139.571720728,35.567465439],[139.571826678,35.567484149],[139.572177259,35.567529159],[139.572433619,35.567561929],[139.57269472,35.567584149],[139.57294732,35.567556359],[139.57301336,35.567553029],[139.57332195,35.567508039],[139.57357581,35.567467219],[139.57367982,35.567438479],[139.57378455,35.56740954],[139.57386341,35.56738774],[139.57416334,35.56728359],[139.57442223,35.56718054],[139.57462945,35.56708332],[139.57484585,35.566974151],[139.57492733,35.566920301],[139.575017699,35.566852651],[139.575067789,35.566809151],[139.575150839,35.566743201],[139.575268919,35.566651951],[139.575393618,35.566551641],[139.575793347,35.566234432],[139.576216106,35.565888312],[139.576694444,35.565507483],[139.576875614,35.565369713],[139.577080683,35.565213123],[139.577186073,35.565138423],[139.577631392,35.564865263],[139.577891392,35.564726934],[139.578343892,35.564518324],[139.578611391,35.564415814],[139.579035631,35.564303574],[139.579360932,35.564232465],[139.579571392,35.564192215],[139.579866752,35.564147515],[139.580193342,35.564101655],[139.580343142,35.564087735],[139.580484313,35.564073815],[139.580724603,35.564050135],[139.581013743,35.564021335],[139.581702204,35.563957205],[139.582118064,35.563894715],[139.582360855,35.563873876],[139.582811325,35.563804726],[139.583360585,35.563736116],[139.583642726,35.563700906],[139.583844176,35.563673036],[139.584291546,35.563617736],[139.584696677,35.563576096],[139.585101667,35.563504437],[139.585309447,35.563469717],[139.585542867,35.563408837],[139.585648067,35.563381127],[139.585732447,35.563358887],[139.585884877,35.563303937],[139.586162227,35.563213877],[139.586529757,35.563075247],[139.586806937,35.562971377],[139.587091137,35.562853598],[139.587403007,35.562735858],[139.587832786,35.562541938],[139.587931226,35.562492908],[139.588301116,35.562330268],[139.588543796,35.562212549],[139.588883626,35.562046659],[139.589114316,35.561940769],[139.589162716,35.561918539],[139.589396396,35.561811099],[139.589840286,35.56165889],[139.590221426,35.56153415],[139.590392206,35.5614975],[139.590593386,35.56143387],[139.590809706,35.56139223],[139.590939266,35.56136715],[139.591047276,35.56134624],[139.591183017,35.56131997],[139.591430457,35.56127196],[139.591485907,35.56125991],[139.591622217,35.561230531],[139.591686907,35.561216671],[139.592678068,35.561057491],[139.592822958,35.561030181],[139.592876848,35.561020021],[139.592934448,35.561009161],[139.593406069,35.560912181],[139.593493769,35.560895261],[139.593601529,35.560874521],[139.593672669,35.560860861],[139.593866649,35.560819212],[139.59413751,35.560763882],[139.59423955,35.560742442],[139.59429329,35.560731162],[139.59440081,35.560708612],[139.59472667,35.560618322],[139.59513546,35.560528372],[139.595502791,35.560438322],[139.595605161,35.560393922],[139.595662231,35.560369162],[139.59591875,35.560265233],[139.59608501,35.560189163],[139.59634862,35.560085563],[139.59661195,35.559953883],[139.59689612,35.559801663],[139.59705729,35.559723343],[139.59724259,35.559624273],[139.59740473,35.559529164],[139.597605849,35.559404444],[139.597890009,35.559259154],[139.598132579,35.559106624],[139.598423898,35.558954444],[139.598466488,35.558926074],[139.598529448,35.558884134],[139.598590288,35.558843604],[139.598874448,35.558670565],[139.599000828,35.558577225],[139.599227237,35.558416945],[139.599339587,35.558333605],[139.599450847,35.558251115],[139.599676396,35.558065825],[139.599771676,35.557961935],[139.599979795,35.557782586],[139.600017805,35.557740766],[139.600102505,35.557627776],[139.600213624,35.557475546],[139.600345284,35.557309166],[139.600435283,35.557170826],[139.600501933,35.557059746],[139.600535913,35.557009926],[139.600606142,35.556919407],[139.600730002,35.556759447],[139.60094264,35.556397767],[139.60099203,35.556313207],[139.60103839,35.556233847],[139.601153609,35.556035557],[139.601335268,35.555787778],[139.601518607,35.555545838],[139.601768126,35.555300748],[139.601802626,35.555271558],[139.601988486,35.555114318],[139.602221066,35.554939469],[139.602417776,35.554835839],[139.602814466,35.554658779],[139.603092706,35.554536879],[139.603203666,35.554500989],[139.603387446,35.554467019],[139.603560876,35.554453169],[139.603621366,35.554448509],[139.603841257,35.554420759],[139.604068337,35.554391949],[139.604737658,35.55431247],[139.60552222,35.55421917],[139.60582666,35.55419112],[139.606210561,35.5541425],[139.606453992,35.55411512],[139.606642782,35.55409389],[139.607064923,35.55404502],[139.607302183,35.55401177],[139.607448923,35.55399121],[139.607585414,35.55409744],[139.607790825,35.55406647],[139.608366676,35.55397965],[139.608671296,35.5539486],[139.608870577,35.55392889],[139.609029237,35.55390945],[139.609461328,35.55385557],[139.610088049,35.553776741],[139.61061207,35.553712161],[139.61095496,35.553670161],[139.61123911,35.553540031],[139.61165974,35.553297781],[139.61169138,35.553279661],[139.61236199,35.552909301],[139.612768879,35.552666662],[139.612885859,35.552605002],[139.613223619,35.552424732],[139.613393399,35.552323962],[139.613564389,35.552226542],[139.61454731,35.551811252],[139.61485633,35.551692372],[139.61549028,35.551438902],[139.616240081,35.551159643],[139.616489451,35.551072503],[139.616755121,35.550967473],[139.617495471,35.550674693],[139.617595772,35.550635993],[139.618667242,35.550231503],[139.618766992,35.550192403],[139.618942512,35.550120583],[139.619107792,35.550041673],[139.619212152,35.550000283],[139.619501992,35.549885343],[139.619653372,35.549828253],[139.620164853,35.549645023],[139.620214723,35.549625614],[139.620434793,35.549533224],[139.620807333,35.549422214],[139.621023473,35.549359464],[139.621383583,35.549206944],[139.621674333,35.549079354],[139.621820743,35.549027064],[139.622036494,35.548967304],[139.622895865,35.548842994],[139.623863187,35.548709714],[139.624103357,35.548667504],[139.624633718,35.548605544],[139.624824299,35.548579524],[139.62557086,35.548487234],[139.625905791,35.548443043],[139.626018031,35.548430213],[139.626439162,35.548380283],[139.627649526,35.548277093],[139.628003136,35.548211103],[139.628243747,35.548160653],[139.628776828,35.548040893],[139.628989738,35.547966122],[139.629260638,35.547828752],[139.629463918,35.547704172],[139.630069577,35.547276352],[139.630904276,35.546673002],[139.631737505,35.546092792],[139.632075305,35.545935012],[139.632256795,35.545882612],[139.632287585,35.545951042],[139.633088787,35.545748782],[139.633295017,35.545698332],[139.633212246,35.545540842],[139.633335866,35.545511062],[139.633867067,35.545383032],[139.634191307,35.545294602],[139.634244007,35.545280972],[139.634935028,35.545112522],[139.635161668,35.545053882],[139.635451529,35.544982762],[139.635651419,35.544926392],[139.635912759,35.544863552],[139.63631281,35.544768612],[139.63651274,35.544712242],[139.636849661,35.544633492],[139.637099231,35.544571172],[139.637498092,35.544470011],[139.637732452,35.544419191],[139.637884412,35.544379611],[139.638855524,35.544143281],[139.639496185,35.543996941],[139.639668285,35.543951961],[139.639813095,35.543912511],[139.639978596,35.543878631],[139.640206916,35.543821961],[139.640293106,35.543800281],[139.640524967,35.543737261],[139.641521977,35.54329806]]},"properties":{"任意ID":"77","区分":"第１次緊急輸送道路","枝ID":"1","行政区域":"14100","資料名称":"神奈川県緊急輸送道路ネットワーク計画図","資料年月":"2018 03","路線名称":"県道102号","道路種別":"一般都道府県道"}},{"type":"Feature","geometry":{"type":"LineString","coordinates":[[139.627809549,35.562556389],[139.627575661,35.561998045],[139.62752542,35.561740965],[139.627513709,35.561615005],[139.627451506,35.561090925],[139.627396485,35.560798056],[139.627382595,35.560769986],[139.627368984,35.560691116],[139.627334483,35.560561186],[139.627272312,35.560335826],[139.627231201,35.560223326],[139.62719677,35.559992436],[139.627175929,35.559749996],[139.627141477,35.559479727],[139.627127586,35.559231597],[139.627127586,35.559169727],[139.627086474,35.558910547],[139.627058654,35.558786507],[139.626989812,35.558482227],[139.62690729,35.558251097],[139.626798279,35.558004948],[139.626762578,35.557941668],[139.626707297,35.557761108],[139.626652546,35.557676638],[139.626555866,35.557592198],[139.626321744,35.557445548],[139.626252854,35.557411948],[139.626135633,35.557304728],[139.626087572,35.557214728],[139.626041311,35.557101078],[139.62595646,35.556893328],[139.625874119,35.556718939],[139.625818678,35.556611669],[139.625729237,35.556498889],[139.625639446,35.556425799],[139.625494415,35.556332929],[139.625391455,35.556268059],[139.625058672,35.556091749],[139.624949992,35.556034169],[139.624853741,35.555981289],[139.624426739,35.55573862],[139.624134937,35.55556941],[139.624049446,35.55551067],[139.623827555,35.55533833],[139.623737834,35.55528195],[139.623524223,35.55518056],[139.623448663,35.55513556],[139.623390282,35.55507483],[139.623358682,35.5550379],[139.623317551,35.55498333],[139.62324171,35.55482581],[139.62316588,35.5547639],[139.623007539,35.55469054],[139.622753368,35.55463029],[139.622743647,35.55458627],[139.622531985,35.55426806],[139.622449214,35.554183331],[139.622422054,35.554164031],[139.622242053,35.554004471],[139.622104902,35.553911431],[139.621788099,35.553603051],[139.621436706,35.553235831],[139.621375706,35.553159551],[139.620891381,35.552610832],[139.620816421,35.552525832],[139.62072588,35.552400942],[139.620584178,35.552200562],[139.620541138,35.552115552],[139.620524467,35.552012762],[139.620522806,35.551904172],[139.620523586,35.551824502],[139.620532485,35.551646022],[139.620533915,35.551624732],[139.620536003,35.551262812],[139.620547441,35.550874243],[139.62056058,35.550775283],[139.62057921,35.550693573],[139.620688379,35.550421913],[139.620858908,35.550187503],[139.621048687,35.550000283],[139.621126737,35.549923283],[139.621432786,35.549593054],[139.621470576,35.549547094],[139.621690955,35.549287404],[139.621794284,35.549187074],[139.622036494,35.548967304]]},"properties":{"任意ID":"78","区分":"第１次緊急輸送道路","枝ID":"1","行政区域":"14100","資料名称":"神奈川県緊急輸送道路ネットワーク計画図","資料年月":"2018 03","路線名称":"県道106号","道路種別":"一般都道府県道"}},{"type":"Feature","geometry":{"type":"LineString","coordinates":[[139.622036494,35.548967304],[139.622295123,35.548703794],[139.622490652,35.548498844],[139.62311254,35.547861124],[139.623315079,35.547660414],[139.623476399,35.547495564],[139.623654838,35.547317744],[139.623825838,35.547151004],[139.624125496,35.546840924],[139.624544445,35.546425285],[139.624856434,35.546084935],[139.624894744,35.546043315],[139.624991793,35.545922165],[139.625034853,35.545867065],[139.625111933,35.545758085],[139.625145222,35.545701615],[139.625398891,35.545287235],[139.62550106,35.545089195],[139.625747848,35.544665015],[139.626294724,35.543726395],[139.626412113,35.543556265],[139.62692252,35.542715615],[139.627461706,35.541833045],[139.627535595,35.541709186],[139.627838273,35.541170496],[139.628055161,35.540773016],[139.62814109,35.540610566],[139.628589597,35.539893826],[139.628885306,35.539517437],[139.629029975,35.539376677],[139.629136015,35.539289417],[139.629713734,35.538823057],[139.630319623,35.538327567],[139.630888031,35.537859067],[139.63148375,35.537388378],[139.631833379,35.537135358],[139.631885149,35.537100788],[139.632092109,35.537006488],[139.632201409,35.536967818],[139.632415009,35.536846538],[139.632599149,35.536756958],[139.633179099,35.536454888],[139.633820979,35.536126158],[139.634262468,35.535892508],[139.634694138,35.535669458],[139.634893868,35.535556698]]},"properties":{"任意ID":"78","区分":"第２次緊急輸送道路","枝ID":"2","行政区域":"14100","資料名称":"神奈川県緊急輸送道路ネットワーク計画図","資料年月":"2018 03","路線名称":"県道106号","道路種別":"一般都道府県道"}},{"type":"Feature","geometry":{"type":"LineString","coordinates":[[139.600274569,35.392722603],[139.600389159,35.392730063],[139.602610658,35.393113592],[139.602775659,35.393143551],[139.60319007,35.393217741],[139.603388671,35.393255031],[139.603546062,35.393284371],[139.603601852,35.393294631],[139.604757907,35.3935125],[139.605771201,35.393719439],[139.606633364,35.393877323],[139.606822776,35.393912009],[139.607175917,35.393985569],[139.607299238,35.394007018],[139.607477238,35.394047588],[139.608203352,35.394189058],[139.608330132,35.394230258],[139.608500043,35.394278028],[139.608888426,35.394457957],[139.60946724,35.394725836],[139.609576351,35.394775686],[139.609866383,35.394898296],[139.610081584,35.394968696],[139.611083516,35.395017155],[139.611544608,35.395034105],[139.6125281,35.395067975],[139.613875425,35.395141045],[139.614247516,35.395141045]]},"properties":{"任意ID":"90","区分":"第１次緊急輸送道路","枝ID":"1","行政区域":"14100","資料名称":"神奈川県緊急輸送道路ネットワーク計画図","資料年月":"2018 03","路線名称":"横浜市道環状2号線","道路種別":"主要地方道（指定市市道）"}},{"type":"Feature","geometry":{"type":"LineString","coordinates":[[139.66589727,35.532116476],[139.665286697,35.531849147],[139.665266137,35.531832197],[139.665030185,35.531723968],[139.664933615,35.531679748],[139.663702108,35.53111708],[139.663377475,35.53074466],[139.66298597,35.530295471],[139.662804728,35.530068051],[139.662317683,35.529501362],[139.662131681,35.529252552],[139.661976059,35.529033433],[139.661826387,35.528780543],[139.661730736,35.528631553],[139.661582183,35.528381834],[139.66137105,35.528019524],[139.660314415,35.526230546],[139.660215604,35.526055386],[139.660097202,35.525876387],[139.659979111,35.525725527],[139.659856639,35.525570017],[139.659714408,35.525394167],[139.659539966,35.525229447],[139.659403305,35.525111668],[139.659263304,35.525021668],[139.659109403,35.524933888],[139.658978792,35.524880808],[139.658790591,35.524819558],[139.65857414,35.524747449],[139.658321889,35.524689739],[139.658255049,35.524680469],[139.658078528,35.524665819],[139.657941348,35.524654449],[139.657611067,35.524681099],[139.657287466,35.52471361],[139.656981616,35.52473833],[139.655384282,35.524887241],[139.654966522,35.524917782],[139.653855839,35.525000283],[139.653520528,35.525025203],[139.653181088,35.525055823],[139.652251376,35.525133054],[139.651680234,35.525138115],[139.651569694,35.525139175],[139.650586461,35.525149395],[139.650475911,35.525151296],[139.64996856,35.525163906],[139.649454319,35.525176676],[139.649343788,35.525178336],[139.648323266,35.525183627],[139.648212735,35.525183597],[139.647326793,35.525178737],[139.647105562,35.525172317],[139.643720152,35.525002789],[139.643558212,35.524990639],[139.643200191,35.524963769],[139.64308463,35.524951299],[139.642536308,35.52486168],[139.642146936,35.52476502],[139.641739704,35.52464032],[139.641669064,35.52461415],[139.641440803,35.52452962],[139.641328252,35.52448251],[139.641054081,35.52434557],[139.640667978,35.524130241],[139.640430926,35.523974101],[139.640101114,35.523733421],[139.63961074,35.523305842],[139.638966564,35.522637522],[139.638441279,35.522082513],[139.637636461,35.521326834],[139.637586451,35.521282714],[139.636837114,35.520467445],[139.636767803,35.520390085],[139.636678222,35.520267795],[139.636316528,35.519852796],[139.636042365,35.519570296],[139.635671522,35.519201687],[139.635600141,35.519144467],[139.63542514,35.519025297],[139.635238419,35.518945317],[139.635186279,35.518923457],[139.635049788,35.518876007],[139.634997168,35.518862257],[139.634934578,35.518850847],[139.634710417,35.518776128],[139.634319855,35.518659748],[139.634251265,35.518643298],[139.634094074,35.518600908],[139.633487432,35.518506138],[139.633357461,35.518488639],[139.63311985,35.518456689],[139.632449848,35.518377519],[139.632181907,35.518302669],[139.631878735,35.51812863],[139.631486502,35.51784943],[139.630669266,35.517257841],[139.62985805,35.516666972],[139.629441206,35.516363353],[139.629234575,35.516260033],[139.628845813,35.516133063],[139.628734233,35.516132103],[139.628018142,35.516240584],[139.627754261,35.516255854],[139.627683911,35.516262414],[139.627571981,35.516268264],[139.627520931,35.516268914],[139.62730787,35.516268914],[139.62714982,35.516261974],[139.627005399,35.516245025],[139.626874819,35.516217525],[139.626706748,35.516159195],[139.626662078,35.516142275],[139.626497317,35.516069755],[139.626334476,35.515980325],[139.626060923,35.515757805],[139.625929252,35.515652806],[139.62561675,35.515395306],[139.625399128,35.515225606],[139.625073886,35.514973237],[139.625034775,35.514942497],[139.624886744,35.514826417],[139.624619352,35.514612617],[139.624192859,35.514270577],[139.623655624,35.513836138],[139.622875618,35.513228639],[139.622802478,35.513171689],[139.622538396,35.512966699],[139.622035762,35.512564386],[139.621578828,35.51220064],[139.621539638,35.51216406],[139.620845222,35.51161289],[139.620196317,35.511098301],[139.619807914,35.510782171],[139.619211429,35.510324762],[139.619076718,35.510231702],[139.618479484,35.509780983],[139.618094411,35.509489943],[139.617704748,35.509195864],[139.617537516,35.509082534],[139.617406035,35.508931314],[139.61548223,35.507527536],[139.614568643,35.506819127],[139.614499863,35.506766487],[139.614019219,35.506381488],[139.613564245,35.506012549],[139.612064704,35.50485449],[139.611398869,35.504337551],[139.610708324,35.503827622],[139.610116869,35.503348592],[139.609514684,35.502764773],[139.609078119,35.502304593],[139.608894398,35.502117004],[139.608858527,35.502083014],[139.608775047,35.502006314],[139.608659866,35.501902104],[139.608513284,35.501769484],[139.608428484,35.501680274],[139.608335513,35.501575214],[139.608145781,35.501360875],[139.608013529,35.501185925],[139.607698886,35.500769115],[139.607607495,35.500648625],[139.607347042,35.500305246],[139.607124519,35.499975246],[139.607001627,35.499794886],[139.606551322,35.499182277],[139.606053606,35.498515868],[139.605904084,35.498319498],[139.605813663,35.498217108],[139.605687142,35.498085328],[139.605550711,35.497957979],[139.605245198,35.497676709],[139.604789634,35.497268659],[139.60431019,35.49684228],[139.603646694,35.496261611],[139.603395972,35.496037291],[139.60314768,35.495825051],[139.602681256,35.495438602],[139.602339613,35.495155882],[139.601780149,35.494778083],[139.601484587,35.494587593],[139.600776742,35.494127173],[139.600590901,35.494007104],[139.600126778,35.493703954],[139.599862636,35.493529234],[139.599610904,35.493348295],[139.599571904,35.493317415],[139.599531784,35.493277305],[139.599417022,35.493154155],[139.599387522,35.493122405],[139.59924043,35.492901705],[139.599089018,35.492633445],[139.598957356,35.492335566],[139.598826793,35.492033086],[139.59864204,35.491628446],[139.598434397,35.491219437],[139.598332535,35.491064817],[139.598231754,35.490932737],[139.598029782,35.490702548],[139.59784507,35.490528448],[139.597134424,35.489877529],[139.596356297,35.48916361],[139.596203296,35.48902377],[139.595676851,35.488541781],[139.594873454,35.487863942],[139.594474751,35.487555473],[139.594168009,35.487381773],[139.593885417,35.487227243],[139.593791787,35.487179493],[139.593698166,35.487131754],[139.59264948,35.486642424],[139.591540014,35.486124735],[139.591233592,35.485987596],[139.591000881,35.485876986],[139.5908505,35.485797916],[139.590708739,35.485722596],[139.590598348,35.485663736],[139.590373897,35.485529176],[139.590171945,35.485394027],[139.590027084,35.485279757],[139.589956364,35.485213517],[139.589773102,35.485036837],[139.589693711,35.484959847],[139.589198657,35.484490428],[139.588585541,35.483911509],[139.587749883,35.4831291],[139.5873456,35.482732851],[139.586769764,35.482210622],[139.58624976,35.481795902],[139.585369754,35.481214243],[139.58473974,35.480869454],[139.584584689,35.480792744],[139.584126667,35.480594524],[139.583813425,35.480475415],[139.583294993,35.480293495],[139.582902241,35.480162585],[139.582451549,35.480029766],[139.582127318,35.479948836],[139.581217164,35.479716666],[139.580575812,35.479555987],[139.580022849,35.479411707],[139.579361907,35.479231337],[139.578594673,35.478902278],[139.578379651,35.478798698],[139.57811138,35.478668408],[139.577682777,35.478425089],[139.577365194,35.478159179],[139.577151102,35.477937859],[139.576832488,35.47744175],[139.576657065,35.477097901],[139.576602754,35.476963501],[139.576124884,35.475824203],[139.575992872,35.475523053],[139.575761127,35.475000364],[139.575568843,35.474566704],[139.575483472,35.474385755],[139.5753983,35.474205225],[139.575079675,35.473587586],[139.575001894,35.473471836],[139.574775761,35.473156487],[139.57469896,35.473070437],[139.574597639,35.472956927],[139.574523639,35.472886488],[139.574460228,35.472839898],[139.573536442,35.472160659],[139.573417351,35.472084849],[139.57325924,35.471984199],[139.570446402,35.470291593],[139.570329832,35.470214013],[139.570194831,35.470129613],[139.569521036,35.469703114],[139.569291055,35.469564644],[139.568999493,35.469372205],[139.568343739,35.468950075],[139.567827216,35.468628866],[139.567558404,35.468451226],[139.56687586,35.468058527],[139.566366287,35.467752318],[139.566167595,35.467621418],[139.566046054,35.467527918],[139.565936643,35.467432849],[139.565771982,35.467254849],[139.56561675,35.467025869],[139.565436977,35.46666705],[139.565250014,35.466303501],[139.564631723,35.465068073],[139.564591013,35.464984023],[139.564193006,35.464229664],[139.563904881,35.463652045],[139.563729488,35.463200916],[139.563507183,35.462694367],[139.563256829,35.462157148],[139.563064346,35.461796689],[139.563043175,35.461757049],[139.562926214,35.461565369],[139.562747382,35.461357129],[139.56264605,35.46113182],[139.562594708,35.46084487],[139.562555296,35.460579541],[139.562525244,35.460348981],[139.562520109,35.459723162],[139.562564546,35.459334763],[139.562598644,35.459024743],[139.562660821,35.458668254],[139.562719149,35.458333724],[139.562839323,35.457644586],[139.562874722,35.457447526],[139.562888161,35.457372716],[139.56291834,35.457216507],[139.562988357,35.456854287],[139.563031553,35.456355398],[139.563020739,35.455852029],[139.562968895,35.45538149],[139.562950345,35.45529128],[139.562814401,35.454831851],[139.56278063,35.454745972],[139.562658268,35.454493512],[139.562573966,35.454319612],[139.562531036,35.454236433],[139.562262821,35.453743334],[139.56218263,35.453580044],[139.561905045,35.453010945],[139.561838104,35.452875756],[139.561794763,35.452788216],[139.561717822,35.452632816],[139.561657181,35.452510336],[139.56159784,35.452391987],[139.561544319,35.452291487],[139.561341256,35.451909858],[139.561289395,35.451812398],[139.561210903,35.451664908],[139.561042481,35.451348379],[139.56098086,35.451233779],[139.560886358,35.451062499],[139.560827467,35.45095022],[139.560744196,35.45079319],[139.560441421,35.450145131],[139.560337538,35.449877472],[139.560244356,35.449637492],[139.560224416,35.449569052],[139.560199375,35.449474023],[139.560181634,35.449337813],[139.56017765,35.448839594],[139.560176008,35.448636784],[139.560174317,35.448426134],[139.560172235,35.448167635],[139.560175892,35.447832865],[139.56017995,35.447570526],[139.560180569,35.447525526],[139.560182898,35.447338156],[139.560184007,35.447248176],[139.560187775,35.446944337],[139.560192942,35.446565138],[139.56020134,35.446298168],[139.560204469,35.446198998],[139.560213547,35.445910399],[139.560205743,35.44542301],[139.560212369,35.44494118],[139.560228716,35.444543841],[139.560223395,35.444416001],[139.560225903,35.444242722],[139.56023184,35.443850572],[139.560234369,35.443685803],[139.560236118,35.443571823],[139.560238027,35.443447093],[139.560236184,35.443067464],[139.560237873,35.442935144],[139.560240162,35.442791394],[139.560241451,35.442710714],[139.560245369,35.442464675],[139.560255694,35.441818866],[139.560260512,35.441518486],[139.560268888,35.441044677],[139.560272546,35.440837908],[139.560279932,35.440418919],[139.56028439,35.440167659],[139.560299377,35.439839],[139.560307296,35.43966521],[139.560324663,35.439285151],[139.560337441,35.439097101],[139.56034384,35.439009281],[139.560354659,35.438872652],[139.560392997,35.438594882],[139.560425485,35.438409323],[139.560472984,35.438267933],[139.560535483,35.438102113],[139.560591302,35.437978223],[139.56069195,35.437806434],[139.560839929,35.437599604],[139.560939648,35.437478204],[139.561174546,35.437211635],[139.561540473,35.436852935],[139.56192797,35.436515166],[139.562651875,35.435904356],[139.562922723,35.435620507],[139.562944573,35.435586987],[139.563067961,35.435393757],[139.563174629,35.435171828],[139.563254628,35.434964328],[139.563309906,35.434736829],[139.563349904,35.434487939],[139.563360452,35.434244219],[139.56335212,35.43401572],[139.563266476,35.433572021],[139.563211584,35.433333771],[139.563087519,35.432795283],[139.562940023,35.432132354],[139.562880711,35.431874335],[139.562648193,35.430936557],[139.562598601,35.430745188],[139.562343552,35.42968997],[139.562202377,35.429116152],[139.562098254,35.428659453],[139.561914728,35.427964845],[139.560997467,35.424326123],[139.560547028,35.422191168],[139.56034256,35.42126713],[139.560165904,35.420512191],[139.560139983,35.420401422],[139.560114112,35.420290862],[139.560030879,35.419935203],[139.559915894,35.419419234],[139.559677815,35.418351586],[139.55954575,35.417817367],[139.55953586,35.417772357],[139.559467247,35.417444928],[139.559406675,35.417191049],[139.559336713,35.416920859],[139.55930225,35.41666715],[139.559274748,35.416340481],[139.559261674,35.415963992],[139.559260844,35.415919022],[139.55926084,35.415478533],[139.559288336,35.415078534],[139.559350282,35.414599655],[139.55938998,35.414381115],[139.55939833,35.414334655],[139.559501666,35.413912156],[139.559587514,35.413621877],[139.559614463,35.413534667],[139.559643942,35.413439257],[139.55972861,35.413179938],[139.559854057,35.412871479],[139.559893376,35.412786769],[139.56025109,35.4120641],[139.560409577,35.411795881],[139.560447767,35.411733891],[139.560560525,35.411557161],[139.560773592,35.411241602],[139.561587993,35.410222704],[139.561771581,35.410018184],[139.562348017,35.409517445],[139.562898383,35.409078205],[139.563496339,35.408666886],[139.563745948,35.408513596],[139.564039896,35.408333826],[139.564424664,35.408103546],[139.564818082,35.407847756],[139.565089001,35.407691107],[139.566127854,35.406951788],[139.566731741,35.406619278],[139.568574331,35.405450569],[139.56876255,35.405331539],[139.572653239,35.402960911],[139.574247101,35.402097791],[139.574929848,35.401773871],[139.576215603,35.401244562],[139.576345403,35.401200002],[139.576859792,35.401023402],[139.578216437,35.400511752],[139.578412937,35.400412282],[139.578741545,35.400246342],[139.579254873,35.400003002],[139.579361723,35.399946282],[139.579607371,35.399816332],[139.579939319,35.399603832],[139.580209038,35.399417452],[139.580350627,35.399295443],[139.580669793,35.398955283],[139.580742653,35.398864813],[139.581226627,35.398284504],[139.58174151,35.397557726],[139.582087066,35.397105486],[139.582213454,35.396941347],[139.582981133,35.395814159],[139.583334558,35.39531348],[139.583427117,35.39518239],[139.583733934,35.39486256],[139.583955932,35.394679961],[139.584269821,35.394485511],[139.584746768,35.394247181],[139.585011428,35.394162961],[139.585149957,35.394122021],[139.585446767,35.39405024],[139.585613976,35.39402051],[139.585845636,35.39399967],[139.586435646,35.39399913],[139.586897107,35.394013279],[139.587698057,35.394005378],[139.589402438,35.393953397],[139.59096191,35.393891066],[139.59199904,35.393816016],[139.59370561,35.393624095],[139.5941342,35.393561985],[139.594657319,35.393439335],[139.594978239,35.393346885],[139.595416208,35.393257165],[139.595902578,35.393152165],[139.596473587,35.393050895],[139.597152237,35.392940924],[139.597459237,35.392898734],[139.597692237,35.392868574],[139.598362577,35.392792724],[139.599083547,35.392748004],[139.599573718,35.392725773],[139.600001208,35.392704803],[139.600274569,35.392722603]]},"properties":{"任意ID":"90","区分":"第１次緊急輸送道路","枝ID":"2","行政区域":"14100","資料名称":"神奈川県緊急輸送道路ネットワーク計画図","資料年月":"2018 03","路線名称":"横浜市道環状2号線","道路種別":"主要地方道（指定市市道）"}},{"type":"Feature","geometry":{"type":"LineString","coordinates":[[139.616532916,35.396463951],[139.616335336,35.396491151],[139.615180144,35.396650121],[139.615116324,35.396658911],[139.614899404,35.396685211],[139.614322043,35.396755211],[139.614179093,35.396774901],[139.614041062,35.396793911],[139.612900831,35.3969521],[139.61264118,35.39698166],[139.61229158,35.3970018],[139.612027029,35.39700943],[139.611962589,35.39700943],[139.611706668,35.396995041],[139.611279657,35.396970251],[139.610963676,35.396956391],[139.610727705,35.396927211],[139.610619945,35.396898321],[139.610417944,35.396842881],[139.610227453,35.396783921],[139.609926551,35.396683992],[139.60979,35.396608102],[139.609655409,35.396522512],[139.609327276,35.396278883],[139.609100833,35.396100343],[139.609067523,35.396069273],[139.608911931,35.395902494],[139.608650397,35.395562175],[139.608473034,35.395339375],[139.608281701,35.395129556],[139.608131459,35.394958226],[139.607949667,35.394766737],[139.607757134,35.394566037],[139.60739562,35.394238088],[139.607128348,35.394047048],[139.607074797,35.394018018],[139.606893766,35.393954839],[139.606633364,35.393877323]]},"properties":{"任意ID":"91","区分":"第１次緊急輸送道路","枝ID":"1","行政区域":"14100","資料名称":"神奈川県緊急輸送道路ネットワーク計画図","資料年月":"2018 03","路線名称":"横浜市道環状2号線（屏風ヶ浦バイパス）","道路種別":"主要地方道（指定市市道）"}},{"type":"Feature","geometry":{"type":"LineString","coordinates":[[139.645013498,35.447881368],[139.645902427,35.447407588],[139.646558666,35.447034058],[139.647898464,35.446264019],[139.648125754,35.446117589],[139.648455813,35.445926049],[139.648859362,35.445675919],[139.649318602,35.445392809],[139.649798531,35.445103419],[139.650353949,35.44475381],[139.650714078,35.4445287],[139.651607745,35.44396037],[139.651904914,35.4437737],[139.652131753,35.44362757],[139.652317692,35.44350342],[139.652773521,35.443223401],[139.652805741,35.443205161],[139.65298246,35.443136231],[139.653584499,35.442918951],[139.653704549,35.442862541],[139.654046838,35.442701701],[139.654162378,35.442630501],[139.654531096,35.442367351],[139.654832205,35.442126081],[139.655119053,35.441881151],[139.655367402,35.441683141],[139.655505471,35.441559002],[139.655876789,35.441249582],[139.656110638,35.441052382],[139.656303647,35.440905812],[139.657019333,35.440303153],[139.657390971,35.439993183],[139.65763851,35.439787643],[139.658203217,35.439312594],[139.658335166,35.439204344],[139.658815993,35.438809825],[139.659015712,35.438629815],[139.659669598,35.438077595],[139.660144155,35.437688946],[139.660474873,35.437395656],[139.661158549,35.436830557],[139.661858025,35.436252148],[139.66251242,35.435697979],[139.662760124,35.43495953],[139.662836572,35.43472399],[139.662994799,35.434317251],[139.663669061,35.433333713],[139.663891778,35.433011224],[139.664642699,35.431950556],[139.664501764,35.431479837],[139.664150624,35.43039227],[139.6639994,35.429929762],[139.663958208,35.429811972],[139.663848185,35.429451383],[139.663785713,35.429228064],[139.66428259,35.428927894],[139.664448399,35.428809004],[139.664739238,35.428595685],[139.665001176,35.428402065],[139.665220344,35.428169846],[139.665603089,35.427654057],[139.665816445,35.427176028],[139.665896722,35.426865128],[139.666005058,35.42642445],[139.666036992,35.425783371],[139.666036991,35.425659572],[139.666036986,35.425076233],[139.666036985,35.424977603],[139.666043638,35.424279525],[139.666053925,35.423950696],[139.666045304,35.423835136],[139.666033913,35.423734016],[139.66599723,35.423471887],[139.665913078,35.423282077],[139.665805246,35.423072508],[139.665628453,35.422805249],[139.665568622,35.422730689],[139.665451681,35.422623189],[139.66532066,35.42252845],[139.665123349,35.42243819],[139.665013909,35.42238765],[139.664929298,35.42236],[139.664810348,35.42233561],[139.664736118,35.42231874],[139.663792455,35.422141481],[139.663612745,35.422107192],[139.663378504,35.422061242],[139.663122213,35.422012082],[139.662804453,35.421962082],[139.662609622,35.421926493],[139.662272751,35.421856813],[139.662219091,35.421846283],[139.66192105,35.421791213],[139.6618667,35.421781163],[139.661390828,35.421693194],[139.660861406,35.421598614],[139.660685066,35.421565844],[139.660137224,35.421463405],[139.659804103,35.421408235],[139.65897178,35.421264135],[139.658579609,35.421197436],[139.658338208,35.421153546],[139.657865116,35.421065376],[139.657384155,35.420976247],[139.656787053,35.420874157],[139.656296651,35.420780687],[139.655786929,35.420686798],[139.655362388,35.420606278],[139.654808936,35.420505229],[139.654567735,35.420461249],[139.654376374,35.420434589],[139.654259604,35.420414339],[139.653598772,35.42029018],[139.653378321,35.42024544],[139.65327276,35.42021875],[139.65315136,35.42018653],[139.653035529,35.42014737],[139.652944489,35.42011045],[139.652830528,35.420054581],[139.652736077,35.420018751],[139.652568706,35.419935751],[139.652272744,35.419772371],[139.652038872,35.419642642],[139.65180496,35.419507372],[139.651674879,35.419423203],[139.651474978,35.419304593],[139.651385517,35.419270693],[139.651281907,35.419234593],[139.651148296,35.419195423],[139.651051066,35.419176533],[139.650924945,35.419157924],[139.650853275,35.419152924],[139.650780475,35.419157924],[139.650698895,35.419165684],[139.650563635,35.419189064],[139.650409975,35.419217364],[139.650237155,35.419242654],[139.650174425,35.419247094],[139.650097475,35.419250424],[139.649990785,35.419247094],[139.649879674,35.419236804],[139.649767734,35.419215704],[139.649632663,35.419182904],[139.649503702,35.419143254],[139.648829556,35.418788365],[139.648482526,35.418806736],[139.648113035,35.418819296],[139.647776623,35.418797096],[139.647001081,35.418746517],[139.646183388,35.418713207],[139.644976804,35.418651248],[139.644468002,35.418611818],[139.6440416,35.418555428],[139.643292797,35.418476889],[139.642968535,35.418437339],[139.642559093,35.41836265],[139.642202982,35.41828905],[139.642031591,35.4182496],[139.64183938,35.4182101],[139.641660269,35.418173441],[139.641600759,35.418161271],[139.641125806,35.418093471],[139.640919866,35.418076531],[139.640713525,35.418059881],[139.639922602,35.417969602],[139.639744721,35.417945082],[139.639427789,35.417896272],[139.638649496,35.417755713],[139.638306854,35.417699053],[139.637641571,35.417572664],[139.6374613,35.417536054],[139.636690736,35.417366825],[139.636131443,35.417223725],[139.635881561,35.417168486],[139.635550449,35.417094326],[139.634904096,35.416934997],[139.634584014,35.416851497],[139.634292292,35.416775497],[139.633660819,35.416617998],[139.633334887,35.416537438],[139.632480002,35.416326189],[139.631582657,35.41610516],[139.63023709,35.415799111],[139.630000138,35.415732942],[139.629443195,35.415580722],[139.629119863,35.415468503],[139.629016912,35.415434663],[139.628225957,35.415158494],[139.627799324,35.415006184],[139.627455191,35.414876925],[139.626909017,35.414648206]]},"properties":{"任意ID":"92","区分":"第１次緊急輸送道路","枝ID":"1","行政区域":"14100","資料名称":"神奈川県緊急輸送道路ネットワーク計画図","資料年月":"2018 03","路線名称":"横浜市道山下本牧磯子線","道路種別":"主要地方道（指定市市道）"}},{"type":"Feature","geometry":{"type":"LineString","coordinates":[[139.672088577,35.521498704],[139.672145195,35.521269584],[139.672220393,35.520966204],[139.672231853,35.520922184],[139.67235907,35.520451695],[139.672483666,35.519966475],[139.672605953,35.519478775],[139.672629492,35.519387285],[139.672749549,35.518936185],[139.672892945,35.518426515],[139.672907415,35.518382965],[139.673042163,35.518056385],[139.673638103,35.516666935],[139.673819461,35.516244535],[139.673967308,35.515899646],[139.674125885,35.515494716],[139.674138335,35.515446696],[139.674190204,35.515240816],[139.67427602,35.514804016],[139.67428988,35.514745706],[139.674329907,35.514348026],[139.674335517,35.514301266],[139.674457493,35.513746306]]},"properties":{"任意ID":"93","区分":"第１次緊急輸送道路","枝ID":"1","行政区域":"14100","資料名称":"神奈川県緊急輸送道路ネットワーク計画図","資料年月":"2018 03","路線名称":"横浜市道下末吉第161号線","道路種別":"市町村道（認定道路）"}},{"type":"Feature","geometry":{"type":"LineString","coordinates":[[139.665190113,35.532784627],[139.66589727,35.532116476],[139.666509977,35.531485226],[139.666543917,35.531448986],[139.666669196,35.531303966],[139.667036494,35.530878736],[139.667099404,35.530801936],[139.667422802,35.530390536],[139.6676078,35.530126095],[139.667728519,35.529918545],[139.667858648,35.529683205],[139.668240723,35.528983365],[139.668791228,35.528051355],[139.669404432,35.527006125],[139.669706139,35.526489935],[139.669953716,35.526062405],[139.670308623,35.525449554],[139.67054501,35.525039154],[139.670694919,35.524770104],[139.670810367,35.524557394],[139.670996625,35.524256644],[139.671135584,35.524002224],[139.671265872,35.523754504],[139.671513229,35.523306464],[139.671731126,35.522853364],[139.671748056,35.522810394],[139.671895852,35.522274864],[139.671907352,35.522230864],[139.672017319,35.521787144],[139.672028219,35.521743034],[139.672055038,35.521634444],[139.672088577,35.521498704]]},"properties":{"任意ID":"94","区分":"第１次緊急輸送道路","枝ID":"1","行政区域":"14100","資料名称":"神奈川県緊急輸送道路ネットワーク計画図","資料年月":"2018 03","路線名称":"横浜市道末吉線","道路種別":"市町村道（認定道路）"}},{"type":"Feature","geometry":{"type":"LineString","coordinates":[[139.593109536,35.533004296],[139.593131319,35.533345786],[139.593158181,35.533762235],[139.593185414,35.534253075],[139.593204965,35.534361475],[139.593338078,35.534857864],[139.593516421,35.535285324],[139.593636523,35.535482794],[139.594051547,35.536067794],[139.594553753,35.536870563],[139.594631264,35.537011953],[139.595582385,35.538425292],[139.595688226,35.538606122],[139.596000629,35.539030931],[139.596454613,35.539544741],[139.597015738,35.54012002],[139.597020038,35.54012454],[139.597355541,35.54045194],[139.598272788,35.541347059],[139.598463209,35.541504419],[139.598620551,35.541666959],[139.599314357,35.542383628],[139.599462478,35.542528788],[139.599535588,35.542600468],[139.599948792,35.543005828],[139.600299094,35.543311958],[139.600528447,35.543563898],[139.600607947,35.543652748],[139.600812829,35.543882887],[139.600996041,35.544105547],[139.601150403,35.544408087],[139.601232154,35.544558337],[139.601346606,35.544786677],[139.601403827,35.545003317],[139.60150661,35.545397516],[139.601615223,35.545796956],[139.601638393,35.545869856],[139.601723835,35.546137786],[139.601792267,35.546423736],[139.60193548,35.546944435],[139.602049023,35.547346735],[139.602135515,35.547580005],[139.602284127,35.547985285],[139.6025051,35.548399034],[139.602712743,35.548813064],[139.602815525,35.548976394],[139.603181169,35.549522974],[139.603496072,35.549992223],[139.603924687,35.550573153],[139.604152799,35.550882353],[139.604605823,35.551513052],[139.604794715,35.551781672],[139.605064118,35.552159821],[139.605129198,35.552253021],[139.605408491,35.552656151],[139.605561663,35.552899171],[139.605748815,35.553139341],[139.605916106,35.553355561],[139.606453992,35.55411512]]},"properties":{"任意ID":"95","区分":"第１次緊急輸送道路","枝ID":"1","行政区域":"14100","資料名称":"神奈川県緊急輸送道路ネットワーク計画図","資料年月":"2018 03","路線名称":"横浜市道大熊東山田線","道路種別":"市町村道（認定道路）"}},{"type":"Feature","geometry":{"type":"LineString","coordinates":[[139.554800833,35.571127186],[139.554967883,35.571113576],[139.555763454,35.571058317],[139.555819954,35.571053637],[139.555946504,35.571048007],[139.556457525,35.571017197],[139.556679445,35.570998857],[139.556907435,35.570949697],[139.557111375,35.570894068],[139.557239175,35.570857588],[139.557435895,35.570752308],[139.557653414,35.570635498],[139.558334423,35.570150649],[139.558915221,35.5697526],[139.559045821,35.5696288],[139.560004728,35.568941071],[139.560251387,35.568756362],[139.560736426,35.568456292],[139.561035556,35.568261083],[139.561672365,35.567924874],[139.561913964,35.567800804],[139.562630134,35.567518944],[139.562884744,35.567418405],[139.562973884,35.567383035],[139.563410683,35.567206395],[139.564017423,35.566960966]]},"properties":{"任意ID":"96","区分":"第１次緊急輸送道路","枝ID":"1","行政区域":"14100","資料名称":"神奈川県緊急輸送道路ネットワーク計画図","資料年月":"2018 03","路線名称":"横浜市道新石川第230号線","道路種別":"市町村道（認定道路）"}},{"type":"Feature","geometry":{"type":"LineString","coordinates":[[139.549409557,35.574776159],[139.549582986,35.574493549],[139.549611006,35.574459169],[139.549855244,35.57414335],[139.550091363,35.57387535],[139.550405191,35.573531951],[139.55070759,35.573191692],[139.551361316,35.572474923],[139.551575125,35.572239063],[139.551626855,35.572177413],[139.551954663,35.571874074],[139.552039863,35.571807084],[139.552350842,35.571602254],[139.552837192,35.571337185],[139.552968171,35.571279565],[139.553105791,35.571240745],[139.554325143,35.571150956],[139.554800833,35.571127186]]},"properties":{"任意ID":"97","区分":"第１次緊急輸送道路","枝ID":"1","行政区域":"14100","資料名称":"神奈川県緊急輸送道路ネットワーク計画図","資料年月":"2018 03","路線名称":"横浜市道新石川第116/118/173/174号線","道路種別":"市町村道（認定道路）"}},{"type":"Feature","geometry":{"type":"LineString","coordinates":[[139.614809594,35.511204563],[139.614955313,35.511082533],[139.61584725,35.510299483],[139.61606586,35.510106143],[139.616448918,35.509752534],[139.616555068,35.509662174],[139.616694467,35.509543094],[139.616922247,35.509357264],[139.617406035,35.508931314]]},"properties":{"任意ID":"98","区分":"第１次緊急輸送道路","枝ID":"1","行政区域":"14100","資料名称":"神奈川県緊急輸送道路ネットワーク計画図","資料年月":"2018 03","路線名称":"横浜市道菊名第5号線","道路種別":"市町村道（認定道路）"}},{"type":"Feature","geometry":{"type":"LineString","coordinates":[[139.614809594,35.511204563],[139.614719474,35.511280033],[139.614573385,35.511415003],[139.614156416,35.511800583],[139.613940447,35.511993553],[139.613571989,35.512340592],[139.613208319,35.512558562],[139.61320548,35.512646742]]},"properties":{"任意ID":"99","区分":"第１次緊急輸送道路","枝ID":"1","行政区域":"14100","資料名称":"神奈川県緊急輸送道路ネットワーク計画図","資料年月":"2018 03","路線名称":"横浜市道宮内新横浜線","道路種別":"市町村道（認定道路）"}},{"type":"Feature","geometry":{"type":"LineString","coordinates":[[139.583564459,35.535251543],[139.586213031,35.534638404],[139.587888453,35.534264744],[139.588185053,35.534182534],[139.588669563,35.534076124],[139.588910123,35.534008624],[139.589334664,35.533917104],[139.589518174,35.533898904],[139.590399025,35.533672945],[139.590837855,35.533560445],[139.591325405,35.533435565],[139.591669015,35.533352465],[139.592098106,35.533248706],[139.592631786,35.533119746],[139.593109536,35.533004296],[139.593059845,35.532819746],[139.593011211,35.532239747],[139.592981139,35.531934037],[139.592887613,35.530913638],[139.592874882,35.530804048],[139.592862651,35.530610318],[139.592816598,35.530261398],[139.592730544,35.529646699],[139.592725934,35.529614189],[139.592612878,35.52860612],[139.592564255,35.52827502],[139.592527874,35.52800252],[139.592518983,35.52793698],[139.592498421,35.527621691],[139.59247425,35.527388631],[139.59229689,35.526001692],[139.59227973,35.525882532],[139.592257999,35.525731702],[139.592202296,35.525385572],[139.592170685,35.525274713],[139.592136185,35.525155523],[139.591912339,35.524437413],[139.591668946,35.523985084],[139.591578854,35.523775654],[139.591255058,35.522885305],[139.591084214,35.522356135],[139.590995331,35.521927256],[139.590980329,35.521692806],[139.591009095,35.521083337],[139.591026434,35.520953027],[139.591043633,35.520823697],[139.591067822,35.520543907],[139.591093928,35.520062808],[139.591158366,35.519666698],[139.591248643,35.519252809],[139.591323652,35.519058069],[139.591480021,35.518862259],[139.591668921,35.518722429],[139.59176125,35.518654059],[139.59198965,35.518474069],[139.592176389,35.518318519],[139.592263469,35.51825185],[139.592676277,35.5178972],[139.592857177,35.51773536],[139.593052516,35.51755948],[139.593218215,35.51741028],[139.593470574,35.517171981],[139.593984143,35.516760541],[139.594207912,35.516562741],[139.594495011,35.516316741],[139.594938119,35.515936942],[139.595222348,35.515697852],[139.595664467,35.515314482],[139.596038906,35.515015313],[139.596312795,35.514780033],[139.596521164,35.514614883],[139.596704454,35.514500043],[139.597079173,35.514208924],[139.597271202,35.514092414],[139.597401732,35.514006804],[139.597687511,35.513827814],[139.597915561,35.513683084],[139.59824553,35.513480274],[139.59843139,35.513374554],[139.5986689,35.513221985],[139.599105289,35.512970045],[139.599318619,35.512852265],[139.599605008,35.512734485],[139.599956938,35.512608085],[139.600087288,35.512575555],[139.600280289,35.512519765],[139.600572789,35.512420035],[139.601038059,35.512282815],[139.601451119,35.512201145],[139.6020825,35.512096975],[139.602698551,35.512041995],[139.603238932,35.511983085],[139.603797873,35.511946705],[139.604478954,35.511910295],[139.605019415,35.511874205],[139.605349446,35.511864765],[139.605468666,35.511849245],[139.606125127,35.511807385],[139.606532798,35.511781425],[139.60724045,35.511750054],[139.608042791,35.511710864],[139.608306102,35.511720664],[139.608789173,35.511738644],[139.609142804,35.511774204],[139.609811926,35.511861144],[139.610247518,35.511944204],[139.611138091,35.512141983],[139.612134815,35.512379563],[139.612914469,35.512573352],[139.61320548,35.512646742]]},"properties":{"任意ID":"100","区分":"第１次緊急輸送道路","枝ID":"1","行政区域":"14100","資料名称":"神奈川県緊急輸送道路ネットワーク計画図","資料年月":"2018 03","路線名称":"横浜市道新横浜元石川線","道路種別":"市町村道（認定道路）"}},{"type":"Feature","geometry":{"type":"LineString","coordinates":[[139.553126854,35.55822139],[139.553358102,35.55793817],[139.553505191,35.55776084],[139.553602891,35.557645001],[139.55375805,35.557440581],[139.553973289,35.557189201],[139.554284507,35.556755362],[139.554423146,35.556548862],[139.554588804,35.556259982],[139.554652413,35.556099433],[139.554778531,35.555718873],[139.554849909,35.555417483],[139.554901028,35.555135814],[139.554949156,35.554740654],[139.554992793,35.554295745],[139.555070229,35.553615315],[139.555241278,35.551808877],[139.555261557,35.551502158],[139.555341284,35.550960288],[139.555408351,35.550581308],[139.5554977,35.550255709],[139.555602128,35.550000269],[139.555729317,35.549731939],[139.555893215,35.54943138],[139.556185433,35.54902638],[139.557112928,35.547938972],[139.557362097,35.547643892],[139.558335692,35.546553244],[139.55861712,35.546226994],[139.558759299,35.546051945],[139.559577085,35.545163606],[139.559707915,35.544998056],[139.560292631,35.544320277],[139.561109646,35.543267368],[139.561385675,35.542908609],[139.561937899,35.54184556],[139.562181957,35.541379171],[139.563118757,35.539591273],[139.563199266,35.539437513],[139.563308955,35.539251783],[139.563427044,35.539053614],[139.563602322,35.538762514],[139.563758431,35.538524734],[139.56390066,35.538334735],[139.564302308,35.537843865],[139.564431207,35.537708615],[139.564620646,35.537523616],[139.564800446,35.537394816],[139.565102655,35.537185246],[139.565383045,35.537014896],[139.565816314,35.536832777],[139.565817924,35.536832137],[139.566125644,35.536737517],[139.566392594,35.536656957],[139.566668984,35.536601257],[139.566886764,35.536558718],[139.566887324,35.536558648],[139.567152855,35.536526958],[139.567283985,35.536511678],[139.567503435,35.536493898],[139.568482107,35.536473628],[139.569525428,35.536464289],[139.57035621,35.536456679],[139.570882201,35.536451139],[139.571931813,35.53643562],[139.572473493,35.53642762],[139.572995664,35.53641999],[139.574487257,35.536410291],[139.575217938,35.536392501],[139.576949182,35.536368352],[139.577979264,35.536362512],[139.578269554,35.536350002],[139.578646625,35.536307092]]},"properties":{"任意ID":"100","区分":"第１次緊急輸送道路","枝ID":"2","行政区域":"14100","資料名称":"神奈川県緊急輸送道路ネットワーク計画図","資料年月":"2018 03","路線名称":"横浜市道新横浜元石川線","道路種別":"市町村道（認定道路）"}},{"type":"Feature","geometry":{"type":"LineString","coordinates":[[139.553126854,35.55822139],[139.552898965,35.558485479],[139.552783095,35.558619739],[139.552567127,35.558869999]]},"properties":{"任意ID":"101","区分":"第１次緊急輸送道路","枝ID":"1","行政区域":"14100","資料名称":"神奈川県緊急輸送道路ネットワーク計画図","資料年月":"2018 03","路線名称":"横浜市道荏田北部第201号線","道路種別":"市町村道（認定道路）"}},{"type":"Feature","geometry":{"type":"LineString","coordinates":[[139.552567127,35.558869999],[139.55257966,35.559386368],[139.552679063,35.559882288],[139.552806217,35.560606657],[139.552844709,35.560828497],[139.552955503,35.561466907],[139.553106067,35.562203616],[139.553200231,35.562814425],[139.553294414,35.563255855],[139.55348534,35.564142124],[139.553712917,35.565354413],[139.553959306,35.566666922],[139.554049819,35.567149191],[139.554118871,35.567499141],[139.554160273,35.56782593],[139.554187763,35.56794414],[139.554254085,35.56825861],[139.554311667,35.568569499],[139.554339418,35.568653849],[139.554366829,35.568811669]]},"properties":{"任意ID":"102","区分":"第１次緊急輸送道路","枝ID":"1","行政区域":"14100","資料名称":"神奈川県緊急輸送道路ネットワーク計画図","資料年月":"2018 03","路線名称":"横浜市道荏田北部第23号線","道路種別":"市町村道（認定道路）"}},{"type":"Feature","geometry":{"type":"LineString","coordinates":[[139.554366829,35.568811669],[139.55438722,35.569003299],[139.554525274,35.569729978],[139.554566366,35.569955198],[139.554614728,35.570225817],[139.554635468,35.570328167],[139.554800833,35.571127186]]},"properties":{"任意ID":"103","区分":"第１次緊急輸送道路","枝ID":"1","行政区域":"14100","資料名称":"神奈川県緊急輸送道路ネットワーク計画図","資料年月":"2018 03","路線名称":"横浜市道新石川第233号線","道路種別":"市町村道（認定道路）"}},{"type":"Feature","geometry":{"type":"LineString","coordinates":[[139.518813715,35.54166043],[139.518588999,35.54168664],[139.518428476,35.54172163],[139.518232931,35.541730378],[139.518119105,35.541715798],[139.51800528,35.541712882],[139.517786385,35.541669143],[139.517736769,35.541654564],[139.517599595,35.541596245],[139.517471176,35.541529179],[139.517374692,35.541465177]]},"properties":{"任意ID":"104","区分":"第１次緊急輸送道路","枝ID":"1","行政区域":"14100","資料名称":"神奈川県緊急輸送道路ネットワーク計画図","資料年月":"2018 03","路線名称":"横浜市道青葉台第364/365号線","道路種別":"市町村道（認定道路）"}},{"type":"Feature","geometry":{"type":"LineString","coordinates":[[139.518813715,35.54166043],[139.518853742,35.541530476],[139.518795861,35.541371918],[139.5186952,35.541110401]]},"properties":{"任意ID":"104","区分":"第１次緊急輸送道路","枝ID":"2","行政区域":"14100","資料名称":"神奈川県緊急輸送道路ネットワーク計画図","資料年月":"2018 03","路線名称":"横浜市道青葉台第364/365号線","道路種別":"市町村道（認定道路）"}},{"type":"Feature","geometry":{"type":"LineString","coordinates":[[139.517948461,35.541268058],[139.517374692,35.541465177],[139.517105612,35.541566647],[139.516885332,35.541628587],[139.516733782,35.541662107],[139.516532572,35.541706606],[139.516493222,35.541702016]]},"properties":{"任意ID":"105","区分":"第１次緊急輸送道路","枝ID":"1","行政区域":"14100","資料名称":"神奈川県緊急輸送道路ネットワーク計画図","資料年月":"2018 03","路線名称":"横浜市道奈良西八朔線","道路種別":"市町村道（認定道路）"}},{"type":"Feature","geometry":{"type":"LineString","coordinates":[[139.491739803,35.555055815],[139.491657642,35.554974985],[139.4912651,35.554710224],[139.490872669,35.554545704],[139.490459147,35.554406114],[139.489759885,35.554150483]]},"properties":{"任意ID":"105","区分":"第２次緊急輸送道路","枝ID":"2","行政区域":"14100","資料名称":"神奈川県緊急輸送道路ネットワーク計画図","資料年月":"2018 03","路線名称":"横浜市道奈良西八朔線","道路種別":"市町村道（認定道路）"}},{"type":"Feature","geometry":{"type":"LineString","coordinates":[[139.516493222,35.541702016],[139.516489483,35.541779606],[139.516466256,35.542370466],[139.516463697,35.542479736],[139.51645784,35.542946915],[139.516463802,35.543334385],[139.516464733,35.543461355],[139.516512886,35.543871075],[139.51661616,35.544473524],[139.516668961,35.544676034],[139.516740353,35.545003034],[139.516843776,35.545403424],[139.516891647,35.545616794],[139.516917678,35.545752993],[139.516932339,35.545842153],[139.51697424,35.546146643],[139.517057025,35.546924143],[139.517050709,35.547447022],[139.517036179,35.547538682],[139.5169812,35.547695802],[139.516903551,35.547863062],[139.516810542,35.548053582],[139.516668983,35.548292171],[139.516615924,35.548383301],[139.516439766,35.548735111],[139.516407126,35.548793151],[139.516176019,35.54925607],[139.5160811,35.54941872],[139.51602343,35.54950414],[139.515905001,35.54963042],[139.515569833,35.549956559],[139.515382403,35.550116959],[139.514851875,35.550512368],[139.514631496,35.550698308],[139.514376487,35.550974417],[139.514273168,35.551070247],[139.514176219,35.551194137],[139.514162929,35.551216057],[139.514117029,35.551299607],[139.51401094,35.551520797],[139.513990391,35.551644687],[139.513990395,35.552275796],[139.514003047,35.552605796],[139.514005007,35.552650786],[139.514017899,35.552906915],[139.514012939,35.553019405],[139.514045642,35.553515645],[139.514052345,35.554010994],[139.514027708,35.554424974],[139.514018268,35.554523694],[139.513997069,35.554686914],[139.513721664,35.555571082],[139.513693575,35.555669932],[139.513528468,35.556253012],[139.51345264,35.556484131],[139.513400031,35.556677541],[139.512975559,35.558164709],[139.5129348,35.558323989],[139.512894311,35.558489399],[139.512858572,35.558693919],[139.512850852,35.558738609],[139.512825433,35.558889409],[139.512797934,35.559069689],[139.512770436,35.559345788],[139.512779646,35.559490788],[139.512804877,35.559672738],[139.512791279,35.559992438],[139.51278974,35.560040658],[139.512763204,35.560918047],[139.512760427,35.561329667]]},"properties":{"任意ID":"106","区分":"第１次緊急輸送道路","枝ID":"1","行政区域":"14100","資料名称":"神奈川県緊急輸送道路ネットワーク計画図","資料年月":"2018 03","路線名称":"横浜市道環状4号鴨志田線","道路種別":"市町村道（認定道路）"}},{"type":"Feature","geometry":{"type":"LineString","coordinates":[[139.480333318,35.495896199],[139.480784923,35.496660701],[139.48214458,35.498093368],[139.482991427,35.499053108],[139.483335309,35.499443537],[139.483796653,35.499967327],[139.484044205,35.500237507],[139.485572876,35.501900116],[139.486778685,35.503209235],[139.486924926,35.503361155],[139.487024687,35.503464815],[139.487130458,35.503574725],[139.487789842,35.504257635],[139.488093394,35.504534735],[139.488757569,35.505143064],[139.4889799,35.505350814],[139.489282012,35.505621394],[139.489412993,35.505750964],[139.489647595,35.505959744],[139.490359839,35.506622543],[139.490701192,35.506939733],[139.490997564,35.507210283],[139.491080064,35.507294733],[139.491534807,35.507711672],[139.49190841,35.508026952],[139.492228422,35.508333612],[139.492507724,35.508601272],[139.492783126,35.508871661],[139.493582872,35.509638351],[139.494154276,35.51017917],[139.494294947,35.51032058],[139.494740111,35.51074278],[139.494836491,35.51083861],[139.495239314,35.511230599],[139.495403066,35.511385999],[139.496167901,35.512113059],[139.497213379,35.513112968],[139.49737187,35.513262338],[139.498208846,35.514051367],[139.498366337,35.514174357],[139.499574585,35.515310277],[139.499838477,35.515546667],[139.500002088,35.515684747],[139.50027987,35.515919166],[139.500736533,35.516261386],[139.501311646,35.516647676],[139.50200821,35.517092776],[139.503159986,35.517799636],[139.503360167,35.517926666],[139.504759114,35.518830106],[139.50580851,35.519487226],[139.506647404,35.520006666],[139.506977906,35.520210506],[139.507621399,35.520588856],[139.50789213,35.520748056],[139.508252973,35.521013886],[139.508335473,35.521091416],[139.508496714,35.521242936],[139.508756577,35.521557776],[139.50902658,35.521933616],[139.50986993,35.523334724],[139.509953311,35.523459234],[139.510070482,35.523589444],[139.510340685,35.523979954],[139.510497156,35.524165274],[139.510682997,35.524285544],[139.511032729,35.524442224],[139.511227799,35.524513974],[139.511645221,35.524667774],[139.511853112,35.524750885],[139.512089842,35.524845525],[139.512453484,35.524983875],[139.512512154,35.525006205],[139.512971386,35.525180885],[139.513438297,35.525358555],[139.513490357,35.525378495],[139.51431902,35.525700485],[139.514368991,35.525719925],[139.514677172,35.525839725],[139.515116263,35.525997275],[139.515441154,35.526113805],[139.515611225,35.526175796],[139.515882566,35.526278066],[139.516367117,35.526460436],[139.516635958,35.526553406],[139.516879679,35.526634446],[139.517241901,35.526824446],[139.517506073,35.527076106],[139.517591383,35.527185545],[139.517693294,35.527316095],[139.517838606,35.527558095],[139.517881627,35.527681665],[139.517907188,35.527844035],[139.517913859,35.527978295],[139.517913859,35.528081944],[139.517879371,35.528304704],[139.517838872,35.528537284],[139.517691135,35.528977763],[139.517602936,35.529242423],[139.517550727,35.529418642],[139.517528498,35.529493392],[139.517478869,35.529660262],[139.51744276,35.529781662],[139.517393003,35.530317361],[139.517391354,35.530475451],[139.517388875,35.530672311],[139.517384149,35.53119527],[139.517378959,35.53131606],[139.51737774,35.53150009],[139.517388923,35.531820589],[139.517428332,35.533333597],[139.517431223,35.533409747],[139.517474647,35.534071036],[139.517484978,35.534208886],[139.517512509,35.534423316],[139.517568061,35.534714146],[139.517664174,35.535291095],[139.517659445,35.535383225],[139.517634856,35.535486875],[139.517588347,35.535741654],[139.517415122,35.536570723],[139.517379063,35.536749393],[139.517236967,35.537482482],[139.51717475,35.537955551],[139.517168091,35.538056931],[139.517123602,35.538265241],[139.517091983,35.538445811],[139.517017365,35.53882662],[139.516998046,35.53891526],[139.516682554,35.540244388],[139.516660674,35.540340298],[139.516595976,35.540649468],[139.516556997,35.540835867],[139.516533658,35.540946917],[139.516498242,35.541597676],[139.516493222,35.541702016]]},"properties":{"任意ID":"106","区分":"第２次緊急輸送道路","枝ID":"2","行政区域":"14100","資料名称":"神奈川県緊急輸送道路ネットワーク計画図","資料年月":"2018 03","路線名称":"横浜市道環状4号鴨志田線","道路種別":"市町村道（認定道路）"}},{"type":"Feature","geometry":{"type":"LineString","coordinates":[[139.512760427,35.561329667],[139.512755171,35.562108467],[139.513084935,35.562706856],[139.513169896,35.562861066],[139.513270177,35.563022166],[139.513417979,35.563301676],[139.513573341,35.563596006],[139.513734903,35.563898006],[139.513817314,35.564113816],[139.513921016,35.564348566],[139.514024077,35.564506346],[139.514305379,35.564891735]]},"properties":{"任意ID":"107","区分":"第１次緊急輸送道路","枝ID":"1","行政区域":"14100","資料名称":"神奈川県緊急輸送道路ネットワーク計画図","資料年月":"2018 03","路線名称":"横浜市道鉄鴨志田線","道路種別":"市町村道（認定道路）"}},{"type":"Feature","geometry":{"type":"LineString","coordinates":[[139.512760427,35.561329667],[139.512355746,35.561346637],[139.511612663,35.560968287],[139.511295712,35.560804956],[139.511123491,35.560686626],[139.51100627,35.560573856],[139.510613487,35.560139956],[139.510510157,35.560061066],[139.510248206,35.559942736],[139.510077655,35.559877736],[139.509855434,35.559818846],[139.509284874,35.559807856],[139.509034923,35.559786116],[139.508637222,35.559768365],[139.508144592,35.559734685],[139.507527101,35.559703855],[139.506644579,35.559655234],[139.506506819,35.559642754],[139.505252637,35.559581623],[139.504465896,35.559544403],[139.503879425,35.559514022],[139.503440424,35.559497182],[139.502909863,35.559446352],[139.502716803,35.559412732],[139.502255141,35.559299671],[139.502206551,35.559282431],[139.501648699,35.559059871],[139.501038467,35.558817731],[139.49929569,35.55799023],[139.498338506,35.55753886],[139.498175955,35.55735578],[139.497948732,35.55705162],[139.497679829,35.55661773],[139.497237615,35.55596357],[139.497154834,35.55583051],[139.497093174,35.555746909],[139.497010773,35.555683149],[139.496901733,35.555661019],[139.496874823,35.555655549],[139.496797892,35.555627179],[139.496667052,35.555544949],[139.496549831,35.555499949],[139.496370671,35.555460509],[139.496102041,35.555443279],[139.49577122,35.555409398],[139.49568526,35.555383628],[139.495570439,35.555342148]]},"properties":{"任意ID":"107","区分":"第２次緊急輸送道路","枝ID":"2","行政区域":"14100","資料名称":"神奈川県緊急輸送道路ネットワーク計画図","資料年月":"2018 03","路線名称":"横浜市道鉄鴨志田線","道路種別":"市町村道（認定道路）"}},{"type":"Feature","geometry":{"type":"LineString","coordinates":[[139.638994022,35.444046468],[139.639473308,35.444653007],[139.63961794,35.444815927],[139.639783032,35.445035766],[139.640092936,35.445407575],[139.640207257,35.445562155],[139.640295038,35.445669905],[139.640783755,35.446292703],[139.64121457,35.446844182],[139.641648295,35.447373941]]},"properties":{"任意ID":"108","区分":"第１次緊急輸送道路","枝ID":"1","行政区域":"14100","資料名称":"神奈川県緊急輸送道路ネットワーク計画図","資料年月":"2018 03","路線名称":"横浜市道新港第78号線","道路種別":"市町村道（認定道路）"}},{"type":"Feature","geometry":{"type":"LineString","coordinates":[[139.640465311,35.441978321],[139.638144882,35.442990681],[139.638316954,35.44318773],[139.638618378,35.443571089],[139.638994022,35.444046468]]},"properties":{"任意ID":"109","区分":"第１次緊急輸送道路","枝ID":"1","行政区域":"14100","資料名称":"神奈川県緊急輸送道路ネットワーク計画図","資料年月":"2018 03","路線名称":"横浜市道関内本牧線","道路種別":"市町村道（認定道路）"}},{"type":"Feature","geometry":{"type":"LineString","coordinates":[[139.644919365,35.439561142],[139.644739296,35.439756502],[139.644381157,35.440027121],[139.644012958,35.440272771],[139.643679308,35.440398721],[139.643383448,35.440489001],[139.643190598,35.440573491],[139.642392109,35.440979251],[139.641841249,35.441266491],[139.64155886,35.441410031],[139.64106431,35.441667041],[139.640465311,35.441978321]]},"properties":{"任意ID":"109","区分":"第２次緊急輸送道路","枝ID":"2","行政区域":"14100","資料名称":"神奈川県緊急輸送道路ネットワーク計画図","資料年月":"2018 03","路線名称":"横浜市道関内本牧線","道路種別":"市町村道（認定道路）"}},{"type":"Feature","geometry":{"type":"LineString","coordinates":[[139.639260108,35.440866483],[139.639087909,35.441007333],[139.63874669,35.441281523],[139.638685171,35.441325773],[139.638234062,35.441689453],[139.638034863,35.441852613],[139.637869583,35.441976493],[139.637459745,35.442300192],[139.637764557,35.442540772],[139.637930319,35.442671611],[139.638144882,35.442990681]]},"properties":{"任意ID":"110","区分":"第１次緊急輸送道路","枝ID":"1","行政区域":"14100","資料名称":"神奈川県緊急輸送道路ネットワーク計画図","資料年月":"2018 03","路線名称":"横浜市道伊勢佐木町第82号線","道路種別":"市町村道（認定道路）"}},{"type":"Feature","geometry":{"type":"LineString","coordinates":[[139.640465311,35.441978321],[139.640178587,35.441553022],[139.640084016,35.441439892],[139.640031535,35.441402562],[139.639883444,35.441297222],[139.639666642,35.441142873],[139.639260108,35.440866483]]},"properties":{"任意ID":"111","区分":"第１次緊急輸送道路","枝ID":"1","行政区域":"14100","資料名称":"神奈川県緊急輸送道路ネットワーク計画図","資料年月":"2018 03","路線名称":"横浜市道山下高砂線","道路種別":"市町村道（認定道路）"}},{"type":"Feature","geometry":{"type":"LineString","coordinates":[[139.688890506,35.480582779],[139.687039688,35.483494768],[139.686971679,35.483602308],[139.686563313,35.484246378],[139.686225467,35.484842567],[139.68606527,35.485243327],[139.685886933,35.485681657],[139.685703226,35.486143296],[139.685583828,35.486427646],[139.685200185,35.487392185],[139.684670375,35.488756284],[139.684521368,35.489127844],[139.68441335,35.489397224],[139.684286962,35.489738884],[139.684220024,35.490013593],[139.684197805,35.490169713],[139.684112241,35.490878052],[139.684022646,35.491666941],[139.68368035,35.494680209],[139.683549789,35.495825818],[139.683538938,35.496146847],[139.683535232,35.496256488]]},"properties":{"任意ID":"112","区分":"第２次緊急輸送道路","枝ID":"1","行政区域":"14100","資料名称":"神奈川県緊急輸送道路ネットワーク計画図","資料年月":"2018 03","路線名称":"横浜市道小野末広線","道路種別":"市町村道（認定道路）"}},{"type":"Feature","geometry":{"type":"LineString","coordinates":[[139.636432432,35.466127949],[139.636179931,35.466634734],[139.636152802,35.466697979],[139.635320825,35.468288147],[139.635094745,35.468794109],[139.634081895,35.469571123],[139.63349408,35.470004806],[139.6333313,35.470131296],[139.633060001,35.470339102],[139.632996698,35.470402348],[139.632897222,35.470474628],[139.632716356,35.470592084],[139.632653052,35.470637259],[139.6324541,35.470808925],[139.632191844,35.470989626],[139.632038108,35.471107082],[139.63152546,35.471512455],[139.631407337,35.471604009]]},"properties":{"任意ID":"113","区分":"第１次緊急輸送道路","枝ID":"1","行政区域":"14100","資料名称":"神奈川県緊急輸送道路ネットワーク計画図","資料年月":"2018 03","路線名称":"横浜市道高島台第51号線","道路種別":"市町村道（認定道路）"}},{"type":"Feature","geometry":{"type":"LineString","coordinates":[[139.636894601,35.44982482],[139.636388411,35.45009314],[139.636274612,35.45015212],[139.633709903,35.45135594],[139.632412616,35.45210737],[139.632193917,35.45233052],[139.631737429,35.45279676],[139.631489831,35.453074519],[139.631379801,35.453197949],[139.630973254,35.453680759],[139.63013491,35.454725968],[139.629721374,35.455236631],[139.629590894,35.455397758],[139.629172637,35.455929557],[139.628832729,35.456355087],[139.628188393,35.457140386],[139.628187194,35.457142026],[139.628067564,35.457305336],[139.627566608,35.457934065],[139.62728702,35.458285295],[139.627145061,35.458479975],[139.627015502,35.458667075],[139.626836764,35.458971365],[139.626714856,35.459205364],[139.626619068,35.459498034],[139.62656358,35.459823834],[139.626523303,35.460263973],[139.626504295,35.460549893],[139.626488357,35.460789812],[139.626466394,35.461633691],[139.626482875,35.461862611],[139.626554598,35.46221333],[139.626627211,35.46252258],[139.626656242,35.46270793],[139.626729935,35.463016189],[139.626784096,35.463200889],[139.627074335,35.464190717],[139.627511656,35.465571075],[139.627546207,35.465686855],[139.627769053,35.466412804],[139.627848335,35.466667024],[139.627984939,35.467105213],[139.628185632,35.467471742],[139.628763088,35.468137851],[139.629473627,35.469055209],[139.629649209,35.469283679],[139.630063624,35.469823498],[139.630259997,35.470161347]]},"properties":{"任意ID":"114","区分":"第１次緊急輸送道路","枝ID":"1","行政区域":"14100","資料名称":"神奈川県緊急輸送道路ネットワーク計画図","資料年月":"2018 03","路線名称":"横浜市道栄本町線","道路種別":"市町村道（認定道路）"}},{"type":"Feature","geometry":{"type":"LineString","coordinates":[[139.63371409,35.460022609],[139.633530859,35.459926739],[139.633404158,35.459860639],[139.633303238,35.459807729],[139.632540763,35.45940797],[139.631537196,35.458879132],[139.630476019,35.458324373],[139.629299761,35.457712505],[139.628187194,35.457142026],[139.627137716,35.456585488],[139.626999415,35.456507508],[139.626865214,35.456431868],[139.626825334,35.456409388],[139.626635493,35.456302728],[139.62621867,35.456068659]]},"properties":{"任意ID":"115","区分":"第１次緊急輸送道路","枝ID":"1","行政区域":"14100","資料名称":"神奈川県緊急輸送道路ネットワーク計画図","資料年月":"2018 03","路線名称":"横浜市道西戸部第65号線","道路種別":"市町村道（認定道路）"}},{"type":"Feature","geometry":{"type":"LineString","coordinates":[[139.669162921,35.431997094],[139.669154273,35.432227603],[139.669099304,35.43334623],[139.669076727,35.433805689],[139.668561031,35.434258589],[139.668224733,35.434543908],[139.667960524,35.434644918],[139.667427028,35.435129217],[139.66706882,35.435454557],[139.666626943,35.435855826],[139.666222086,35.436220656],[139.66549115,35.436693745],[139.664429385,35.437351054],[139.663904818,35.437745374],[139.663559133,35.438157527],[139.663244382,35.438452354],[139.662961107,35.438684286],[139.662355212,35.439246423],[139.661977511,35.439572699],[139.661584073,35.439887182],[139.661127684,35.440276355],[139.660679164,35.440653734],[139.660305398,35.440983941],[139.659908025,35.441329872],[139.658822134,35.44226939],[139.658578202,35.442493459],[139.658117879,35.442894424],[139.657748046,35.443094907],[139.657290671,35.443244287],[139.656911001,35.443322908],[139.656733953,35.443362218],[139.656586556,35.443394478],[139.656583836,35.443395408],[139.656296867,35.443482308],[139.656175487,35.443516388],[139.655905727,35.443580808],[139.655560487,35.443651548],[139.655071867,35.443736488],[139.654380787,35.443833088],[139.654008516,35.443802079],[139.653277092,35.44337024],[139.65298246,35.443136231]]},"properties":{"任意ID":"116","区分":"第１次緊急輸送道路","枝ID":"1","行政区域":"14100","資料名称":"神奈川県緊急輸送道路ネットワーク計画図","資料年月":"2018 03","路線名称":"横浜市道山下町第39号線","道路種別":"市町村道（認定道路）"}},{"type":"Feature","geometry":{"type":"LineString","coordinates":[[139.648829556,35.418788365],[139.649202597,35.418716155],[139.649515507,35.418622756],[139.649854686,35.418505246],[139.651647383,35.417924917],[139.652307302,35.417707737],[139.652541052,35.417630977],[139.65355388,35.417248177],[139.653813619,35.417124468],[139.653868159,35.417094218],[139.654002998,35.417021538],[139.654193547,35.416909318],[139.654377206,35.416787628],[139.654547595,35.416675749],[139.654569665,35.416661259],[139.654737434,35.416539309],[139.655083069,35.416246598],[139.655609954,35.415824048],[139.656231467,35.415305783],[139.656883356,35.414785183],[139.657722166,35.414131516],[139.658308633,35.413711301],[139.658932484,35.413288752],[139.659390443,35.413059968],[139.659752605,35.412931569],[139.660159162,35.412833519],[139.660729276,35.412730799],[139.661432574,35.412684109],[139.662437285,35.412681774],[139.663042448,35.412742471],[139.663670978,35.412887211],[139.664234085,35.413064635],[139.665072904,35.413363454],[139.665516849,35.413678615],[139.665879014,35.413865377],[139.666615027,35.414241235],[139.667098692,35.414523712],[139.667402444,35.414705805],[139.667734234,35.414901905],[139.668066024,35.415119016],[139.668337064,35.415308112],[139.668615115,35.415560241],[139.668851107,35.415779686],[139.66914785,35.416125196],[139.66954273,35.416641126],[139.669771714,35.417002978],[139.670028738,35.417518908],[139.670227348,35.417983479],[139.670341847,35.418959311],[139.670458688,35.420411386],[139.670526459,35.421573981],[139.670615262,35.423166128],[139.670625069,35.423570035],[139.670639806,35.424176978],[139.67062579,35.424508481],[139.670604977,35.424845891],[139.670535929,35.42506038],[139.670510879,35.42513818],[139.670417511,35.425333619],[139.670255394,35.425645679],[139.670133106,35.425853178],[139.669885878,35.426160948],[139.669800689,35.426267008],[139.669597151,35.426471877],[139.669290254,35.426828116],[139.668947048,35.427250546],[139.668556052,35.427704385],[139.667406182,35.428931222],[139.666941027,35.429436181],[139.667120078,35.429596781],[139.667443172,35.42995987],[139.668022058,35.430650138],[139.66815815,35.430814557],[139.668304822,35.430982877],[139.668704806,35.431443985],[139.668737276,35.431483215],[139.669162921,35.431997094]]},"properties":{"任意ID":"117","区分":"第１次緊急輸送道路","枝ID":"1","行政区域":"14100","資料名称":"神奈川県緊急輸送道路ネットワーク計画図","資料年月":"2018 03","路線名称":"横浜市道本牧第28号線","道路種別":"市町村道（認定道路）"}},{"type":"Feature","geometry":{"type":"LineString","coordinates":[[139.666941027,35.429436181],[139.666668419,35.429717191],[139.664963155,35.431529557],[139.664784667,35.431723927],[139.664642699,35.431950556]]},"properties":{"任意ID":"118","区分":"第１次緊急輸送道路","枝ID":"1","行政区域":"14100","資料名称":"神奈川県緊急輸送道路ネットワーク計画図","資料年月":"2018 03","路線名称":"横浜市道本牧第22号線","道路種別":"市町村道（認定道路）"}},{"type":"Feature","geometry":{"type":"LineString","coordinates":[[139.67823752,35.428121878],[139.678001471,35.428221217],[139.677550903,35.428412887],[139.676715635,35.428729277],[139.675883678,35.429083167],[139.675588689,35.429205937],[139.675001751,35.429449497],[139.674356893,35.429717117],[139.673251687,35.430174606],[139.672960538,35.430300466],[139.671830172,35.430788745],[139.670884075,35.431195015],[139.670415466,35.431396245],[139.669981768,35.431579834],[139.66939427,35.431828434],[139.669162921,35.431997094]]},"properties":{"任意ID":"119","区分":"第１次緊急輸送道路","枝ID":"1","行政区域":"14100","資料名称":"神奈川県緊急輸送道路ネットワーク計画図","資料年月":"2018 03","路線名称":"横浜市道新山下第34号線","道路種別":"市町村道（認定道路）"}},{"type":"Feature","geometry":{"type":"LineString","coordinates":[[139.622315171,35.3815798],[139.622566434,35.381763029],[139.622697265,35.381875799],[139.622751056,35.381945589],[139.622762017,35.382006189],[139.622724768,35.382123578],[139.622655889,35.382258858],[139.621941166,35.383166075],[139.621807597,35.383333694],[139.621537079,35.383646213]]},"properties":{"任意ID":"120","区分":"第１次緊急輸送道路","枝ID":"1","行政区域":"14100","資料名称":"神奈川県緊急輸送道路ネットワーク計画図","資料年月":"2018 03","路線名称":"横浜市道磯子第245号線","道路種別":"市町村道（認定道路）"}},{"type":"Feature","geometry":{"type":"LineString","coordinates":[[139.621537079,35.383646213],[139.621789871,35.383736943],[139.622036733,35.383841353],[139.622650928,35.384132342],[139.623152022,35.384383032]]},"properties":{"任意ID":"121","区分":"第１次緊急輸送道路","枝ID":"1","行政区域":"14100","資料名称":"神奈川県緊急輸送道路ネットワーク計画図","資料年月":"2018 03","路線名称":"横浜市道新杉田第117/118号線","道路種別":"市町村道（認定道路）"}},{"type":"Feature","geometry":{"type":"LineString","coordinates":[[139.635764016,35.360899617],[139.636083152,35.361140214],[139.636730659,35.361254185],[139.637160093,35.361274297],[139.637703596,35.361287706],[139.63816658,35.361314522],[139.63889125,35.361361451],[139.639277069,35.3613581],[139.639800442,35.36137486],[139.640075548,35.361364804],[139.640629115,35.361391621],[139.640920996,35.361388269],[139.64174967,35.361411734]]},"properties":{"任意ID":"122","区分":"第１次緊急輸送道路","枝ID":"1","行政区域":"14100","資料名称":"神奈川県緊急輸送道路ネットワーク計画図","資料年月":"2018 03","路線名称":"横浜市道長浜第9号線","道路種別":"市町村道（認定道路）"}},{"type":"Feature","geometry":{"type":"LineString","coordinates":[[139.64174967,35.361411734],[139.642873579,35.36140503],[139.643375933,35.361436261],[139.643540795,35.361445255]]},"properties":{"任意ID":"123","区分":"第１次緊急輸送道路","枝ID":"1","行政区域":"14100","資料名称":"神奈川県緊急輸送道路ネットワーク計画図","資料年月":"2018 03","路線名称":"横浜市道長浜第12号線","道路種別":"市町村道（認定道路）"}},{"type":"Feature","geometry":{"type":"LineString","coordinates":[[139.538850915,35.590472336],[139.539893662,35.589628007],[139.540033761,35.589508997],[139.540110131,35.589443857],[139.54036259,35.589227718],[139.540937448,35.588758469],[139.541015278,35.588694569],[139.541605505,35.588207249],[139.541669255,35.588155189],[139.542342723,35.58760661],[139.542308562,35.587492851],[139.542238422,35.587391331],[139.542081219,35.587058461],[139.542151439,35.586978681],[139.542229919,35.586913181],[139.542332579,35.586862451],[139.542430359,35.586835781],[139.542528379,35.586827721],[139.542781179,35.586822172],[139.542963589,35.586817792],[139.543142029,35.586822372]]},"properties":{"任意ID":"124","区分":"第１次緊急輸送道路","枝ID":"1","行政区域":"14100","資料名称":"神奈川県緊急輸送道路ネットワーク計画図","資料年月":"2018 03","路線名称":"横浜市道美しが丘西第14/115号線","道路種別":"市町村道（認定道路）"}},{"type":"Feature","geometry":{"type":"LineString","coordinates":[[139.604770063,35.557113317],[139.604034359,35.556641627],[139.603674267,35.556412698],[139.602954423,35.555975078],[139.602226399,35.555534108],[139.601802626,35.555271558]]},"properties":{"任意ID":"125","区分":"第１次緊急輸送道路","枝ID":"1","行政区域":"14100","資料名称":"神奈川県緊急輸送道路ネットワーク計画図","資料年月":"2018 03","路線名称":"横浜市道東山田第125号線","道路種別":"市町村道（認定道路）"}},{"type":"Feature","geometry":{"type":"LineString","coordinates":[[139.513903591,35.567111404],[139.51396155,35.566776474],[139.514077955,35.565865625],[139.514163802,35.565321065],[139.514305379,35.564891735],[139.514455738,35.564637186],[139.514633247,35.564351626],[139.514798296,35.564153226],[139.515109755,35.563846997],[139.515414274,35.563634697],[139.515604823,35.563521867],[139.515777963,35.563425517],[139.516591112,35.563065028],[139.516769762,35.562991798],[139.517946061,35.562491669],[139.519678499,35.561769141],[139.520277359,35.561518241],[139.521236877,35.561115052],[139.522222857,35.560715043],[139.523601785,35.560153915],[139.524547534,35.559767186],[139.525002394,35.559594666],[139.525350063,35.559462806],[139.528376061,35.558333579],[139.52870511,35.558204279],[139.529785959,35.55779491],[139.530233499,35.5576283],[139.531585727,35.557103061],[139.532876246,35.556620702],[139.533311196,35.556422303],[139.533412585,35.556376043],[139.533506545,35.556328263],[139.533937384,35.556031923],[139.534206253,35.555801104],[139.534691221,35.555286505],[139.535550931,35.554285052],[139.53597305,35.55363679],[139.536801657,35.55262925],[139.537372301,35.551848211],[139.538141479,35.55096008]]},"properties":{"任意ID":"126","区分":"第１次緊急輸送道路","枝ID":"1","行政区域":"14100","資料名称":"神奈川県緊急輸送道路ネットワーク計画図","資料年月":"2018 03","路線名称":"横浜市道寺家第105号線","道路種別":"市町村道（認定道路）"}},{"type":"Feature","geometry":{"type":"LineString","coordinates":[[139.568593163,35.520246576],[139.568747596,35.522199224],[139.568765362,35.523124113],[139.568736215,35.523584313],[139.568700297,35.523877533],[139.568639739,35.524169192],[139.568538351,35.524465042],[139.568403072,35.524751972],[139.568245494,35.525000301],[139.568141684,35.525163911],[139.567913356,35.525461691],[139.567792817,35.5256328],[139.56724228,35.526319719],[139.567103031,35.526461269],[139.566963251,35.526603349],[139.56537351,35.528413466],[139.564939332,35.528907926],[139.564876763,35.528988555],[139.564448615,35.529487275],[139.563962258,35.530052804],[139.563030153,35.531132692],[139.562967043,35.531206782],[139.562582796,35.531665531],[139.562328537,35.531969171],[139.562043229,35.53230553],[139.561956719,35.53240057],[139.561205863,35.533127479],[139.560972284,35.533353619],[139.559945618,35.534323337],[139.559738679,35.534508897],[139.559072852,35.535149176],[139.558476465,35.535731955],[139.557775118,35.536432604],[139.557690929,35.536516704],[139.5575323,35.536681054],[139.557072582,35.537149173],[139.556305085,35.537915832],[139.556032027,35.538182232],[139.555522589,35.538646951],[139.554989541,35.53914083],[139.554904192,35.53923032],[139.554565843,35.53955063],[139.554385864,35.539728299],[139.554152315,35.539939449],[139.553827496,35.540247328],[139.553516478,35.540564448],[139.55304538,35.541014157],[139.552780661,35.541261107],[139.552504823,35.541541706],[139.551519856,35.542446595],[139.551326527,35.542614875],[139.551273187,35.542654665],[139.550951498,35.542894724],[139.550726939,35.543049874],[139.550539269,35.543179724],[139.55024604,35.543332763],[139.54997456,35.543473473],[139.54984773,35.543523973],[139.54971261,35.543565003],[139.549310681,35.543700823],[139.548904821,35.543833882],[139.548352891,35.543966932],[139.54792048,35.544021582],[139.5477568,35.544043052],[139.54726199,35.544087211],[139.546592689,35.544150861],[139.545917939,35.544214211],[139.545662328,35.544220551],[139.544674967,35.54431287],[139.544271647,35.54435077],[139.543828107,35.54438833],[139.543497356,35.544429999],[139.543231496,35.544487769],[139.543059097,35.544564359],[139.542884727,35.544653379],[139.542650148,35.544831619],[139.542440109,35.545041658],[139.542263699,35.545217228],[139.542052441,35.545541978]]},"properties":{"任意ID":"127","区分":"第１次緊急輸送道路","枝ID":"1","行政区域":"14100","資料名称":"神奈川県緊急輸送道路ネットワーク計画図","資料年月":"2018 03","路線名称":"横浜市道池辺市ヶ尾線","道路種別":"市町村道（認定道路）"}},{"type":"Feature","geometry":{"type":"MultiLineString","coordinates":[[[139.671009848,35.491398679],[139.671187234,35.491100288],[139.671756178,35.490162799],[139.672354672,35.489244429],[139.672425831,35.489127859],[139.672966385,35.48824239],[139.672966475,35.48824225],[139.673791847,35.486947441],[139.674923024,35.485137512],[139.675002193,35.485013572],[139.675614687,35.484054743],[139.675689416,35.483861673],[139.675714404,35.483650013],[139.675710593,35.483511853],[139.675692941,35.483333314],[139.675690681,35.483310184],[139.675296892,35.480819747],[139.675248799,35.480418777],[139.675014918,35.479037239],[139.675002147,35.478946909],[139.674947704,35.478561969],[139.674897981,35.47824447],[139.67489798,35.47810474],[139.674899099,35.47790502],[139.674972648,35.476522271],[139.675002124,35.475940492],[139.675049757,35.475000303],[139.675059895,35.474799873],[139.675096053,35.474496384],[139.675108782,35.474389474],[139.675177389,35.473954474],[139.675371983,35.473122275],[139.675570276,35.472217037],[139.675674722,35.471635218],[139.67574562,35.471294042]],[[139.676664498,35.466877956],[139.676708754,35.466666984],[139.676893878,35.465784295],[139.677181987,35.464382507],[139.677329263,35.463789768],[139.67740009,35.463451428],[139.677467348,35.463200848],[139.677509477,35.463054958],[139.677613445,35.462782249],[139.677675814,35.462627449],[139.677697294,35.462576989],[139.677778132,35.462417269],[139.677890121,35.462238039],[139.67803449,35.462067749],[139.67805312,35.462048389],[139.678164519,35.461932819],[139.678308408,35.461802819],[139.678517927,35.461644029],[139.678609918,35.461570112],[139.678728196,35.461476489],[139.678761806,35.461449489],[139.678845615,35.461378859],[139.679001804,35.461247249],[139.679316172,35.460981989],[139.679855149,35.460526809]]]},"properties":{"任意ID":"128","区分":"第１次緊急輸送道路","枝ID":"1","行政区域":"14100","資料名称":"神奈川県緊急輸送道路ネットワーク計画図","資料年月":"2018 03","路線名称":"横浜市道大黒橋通","道路種別":"市町村道（認定道路）"}},{"type":"Feature","geometry":{"type":"MultiLineString","coordinates":[[[139.642556896,35.448539159],[139.642616837,35.448616938],[139.642712708,35.448755368],[139.642885201,35.449004538],[139.642892431,35.449093697],[139.642887982,35.449162317],[139.642872983,35.449252867],[139.642573927,35.450000366],[139.642536008,35.450095216],[139.64245355,35.450377036],[139.642347443,35.450802035],[139.642254946,35.451226755],[139.642158997,35.451456794],[139.64198695,35.451966474],[139.641854603,35.452301403],[139.641740394,35.452516243],[139.641539666,35.452850443],[139.641515226,35.452881763],[139.641393987,35.453029783],[139.641309817,35.453127083],[139.640991529,35.453452333],[139.64068961,35.453719132],[139.640584011,35.453794012],[139.640478421,35.453868892],[139.638224925,35.455132642],[139.638008526,35.455274982],[139.637224598,35.455875802],[139.637133719,35.455963752],[139.637070598,35.456040654]],[[139.636620022,35.456604869],[139.636574062,35.456663501],[139.636332504,35.456939421],[139.635835787,35.457516391],[139.635704438,35.45766896],[139.635701078,35.45767286],[139.635276571,35.45816895],[139.635136591,35.45833369],[139.635024982,35.45846508],[139.634735534,35.45879813],[139.634334746,35.459264969],[139.63381721,35.459894519],[139.63375154,35.459972939],[139.63371409,35.460022609],[139.633487052,35.460344948],[139.633455522,35.460393668],[139.633386733,35.460501108],[139.633332403,35.460594078],[139.633318064,35.460625088],[139.633245635,35.460805138],[139.633231345,35.460855708],[139.633149987,35.461143707],[139.633120058,35.461244657],[139.633090128,35.461345607],[139.633063379,35.461431627],[139.633014111,35.461662187],[139.632973053,35.461982306],[139.632970304,35.462107636],[139.632988165,35.462306936],[139.633011057,35.462510136],[139.633034899,35.462721695]]]},"properties":{"任意ID":"129","区分":"第１次緊急輸送道路","枝ID":"1","行政区域":"14100","資料名称":"神奈川県緊急輸送道路ネットワーク計画図","資料年月":"2018 03","路線名称":"横浜市道高島台第295号線","道路種別":"市町村道（認定道路）"}},{"type":"Feature","geometry":{"type":"LineString","coordinates":[[139.642158997,35.451456794],[139.642100991,35.451960284],[139.642006003,35.452352923],[139.641718567,35.452940363],[139.641902988,35.453043072],[139.642028069,35.453161772],[139.642593596,35.453859861],[139.641668578,35.454378691],[139.641509938,35.454467671],[139.641209098,35.454637881]]},"properties":{"任意ID":"130","区分":"第１次緊急輸送道路","枝ID":"1","行政区域":"14100","資料名称":"神奈川県緊急輸送道路ネットワーク計画図","資料年月":"2018 03","路線名称":"横浜市道新港第1号線","道路種別":"市町村道（認定道路）"}},{"type":"Feature","geometry":{"type":"LineString","coordinates":[[139.641209098,35.454637881],[139.641018926,35.454374171],[139.640584011,35.453794012]]},"properties":{"任意ID":"131","区分":"第１次緊急輸送道路","枝ID":"1","行政区域":"14100","資料名称":"神奈川県緊急輸送道路ネットワーク計画図","資料年月":"2018 03","路線名称":"横浜市道新港第3号線","道路種別":"市町村道（認定道路）"}},{"type":"Feature","geometry":{"type":"LineString","coordinates":[[139.641648295,35.447373941],[139.641805467,35.447574261],[139.641916048,35.44771512],[139.64204075,35.44788092],[139.642330154,35.448252649],[139.642360274,35.448290379],[139.642451865,35.448402869],[139.642556896,35.448539159]]},"properties":{"任意ID":"132","区分":"第１次緊急輸送道路","枝ID":"1","行政区域":"14100","資料名称":"神奈川県緊急輸送道路ネットワーク計画図","資料年月":"2018 03","路線名称":"横浜市道新港第44号線","道路種別":"市町村道（認定道路）"}},{"type":"Feature","geometry":{"type":"LineString","coordinates":[[139.633120058,35.461244657],[139.632892937,35.461243738],[139.631144843,35.461224429],[139.629766948,35.46109323],[139.629090035,35.4609805],[139.628017121,35.460801751],[139.626912497,35.460617782],[139.626641026,35.460572623],[139.626504295,35.460549893]]},"properties":{"任意ID":"133","区分":"第１次緊急輸送道路","枝ID":"1","行政区域":"14100","資料名称":"神奈川県緊急輸送道路ネットワーク計画図","資料年月":"2018 03","路線名称":"横浜市道高島台第292号線","道路種別":"市町村道（認定道路）"}},{"type":"Feature","geometry":{"type":"LineString","coordinates":[[139.623312175,35.459074826],[139.623855221,35.458345097],[139.623873141,35.458323027],[139.624286058,35.457814258],[139.624376158,35.457702538],[139.624871884,35.457081758],[139.624996843,35.456919329],[139.625001883,35.456913169],[139.62537215,35.456461759],[139.62548021,35.456325369],[139.625838657,35.455875959],[139.625943266,35.455739819],[139.626320484,35.45527592],[139.626422443,35.45514676],[139.626653071,35.45485714],[139.62680741,35.45467864],[139.62689908,35.45457684],[139.627089651,35.45465898],[139.627273822,35.4547487]]},"properties":{"任意ID":"134","区分":"第１次緊急輸送道路","枝ID":"1","行政区域":"14100","資料名称":"神奈川県緊急輸送道路ネットワーク計画図","資料年月":"2018 03","路線名称":"横浜市道高島関内線","道路種別":"市町村道（認定道路）"}},{"type":"Feature","geometry":{"type":"LineString","coordinates":[[139.537878793,35.591770774],[139.537879961,35.591768384],[139.537928451,35.591693204],[139.53806138,35.591494774],[139.538127879,35.591391324],[139.538279538,35.591160215],[139.538555377,35.590811055],[139.538850915,35.590472336]]},"properties":{"任意ID":"141","区分":"第１次緊急輸送道路","枝ID":"1","行政区域":"14100","資料名称":"神奈川県緊急輸送道路ネットワーク計画図","資料年月":"2018 03","路線名称":"川崎市道稗原線","道路種別":"市町村道（認定道路）"}},{"type":"Feature","geometry":{"type":"LineString","coordinates":[[139.633034899,35.462721695],[139.633274989,35.462716485],[139.633400309,35.462716795],[139.635243404,35.462721394]]},"properties":{"任意ID":"146","区分":"第１次緊急輸送道路","枝ID":"1","行政区域":"14100","資料名称":"神奈川県緊急輸送道路ネットワーク計画図","資料年月":"2018 03","路線名称":"臨港道路（港湾1号線）","道路種別":"その他道路"}},{"type":"Feature","geometry":{"type":"LineString","coordinates":[[139.67823752,35.428121878],[139.67882045,35.429165005],[139.67887589,35.429187414],[139.67895481,35.429200654],[139.67904064,35.429197054],[139.679383689,35.429096774],[139.679693429,35.429029274],[139.679872309,35.429017884],[139.68120099,35.429108173],[139.681813601,35.429141762],[139.682268541,35.429173742],[139.683095452,35.429223811],[139.683335082,35.429238261],[139.684456983,35.42930565],[139.684745923,35.429339269],[139.684876754,35.429373139],[139.684964655,35.429471039],[139.6852001,35.430037877],[139.685846773,35.431602873],[139.685991776,35.431919832],[139.68614317,35.432297031],[139.686579369,35.433333697],[139.686852074,35.433981766],[139.687257953,35.434950353],[139.687156235,35.435162613],[139.687086335,35.435222793],[139.686330698,35.435549813],[139.686272638,35.435613702],[139.686238199,35.435702862],[139.68623237,35.435780622],[139.68625266,35.435843742],[139.686642256,35.4365062],[139.688301841,35.439328122],[139.688825459,35.440199239]]},"properties":{"任意ID":"148","区分":"第１次緊急輸送道路","枝ID":"1","行政区域":"14100","資料名称":"神奈川県緊急輸送道路ネットワーク計画図","資料年月":"2018 03","路線名称":"臨港道路（本牧ふ頭D突堤基部道路・本牧ふ頭D突堤1号線）","道路種別":"その他道路"}},{"type":"Feature","geometry":{"type":"MultiLineString","coordinates":[[[139.633034899,35.462721695],[139.63308617,35.462918915],[139.633120561,35.463051315],[139.633182063,35.463271375],[139.633307455,35.463555114],[139.633323976,35.463592444],[139.633339106,35.463626714],[139.633374037,35.463693514],[139.633669241,35.464168553],[139.633688711,35.464207103],[139.633699629,35.464226357]],[[139.63470416,35.465291697],[139.634772192,35.465343451],[139.634992894,35.46548018],[139.635219505,35.46560672],[139.635766678,35.465832649],[139.636432432,35.466127949]]]},"properties":{"任意ID":"149","区分":"第１次緊急輸送道路","枝ID":"1","行政区域":"14100","資料名称":"神奈川県緊急輸送道路ネットワーク計画図","資料年月":"2018 03","路線名称":"臨港道路（臨港幹線（臨港パーク入口～山内地区））","道路種別":"その他道路"}},{"type":"Feature","geometry":{"type":"LineString","coordinates":[[139.642974613,35.37205545],[139.643272137,35.372039574],[139.644228208,35.372018275],[139.645893945,35.372029714],[139.647296369,35.371995399],[139.648567137,35.372001119],[139.649922672,35.371990609],[139.651371766,35.37199061],[139.653378204,35.371978233],[139.655706663,35.371953481]]},"properties":{"任意ID":"150","区分":"第１次緊急輸送道路","枝ID":"1","行政区域":"14100","資料名称":"神奈川県緊急輸送道路ネットワーク計画図","資料年月":"2018 03","路線名称":"臨港道路（金沢木材ふ頭1号幹線道路）","道路種別":"その他道路"}},{"type":"Feature","geometry":{"type":"LineString","coordinates":[[139.642593596,35.453859861],[139.643033961,35.45437278],[139.644417126,35.456008527]]},"properties":{"任意ID":"151","区分":"第１次緊急輸送道路","枝ID":"1","行政区域":"14100","資料名称":"神奈川県緊急輸送道路ネットワーク計画図","資料年月":"2018 03","路線名称":"臨港道路（新港2号線）","道路種別":"その他道路"}},{"type":"Feature","geometry":{"type":"LineString","coordinates":[[139.662261679,35.439175392],[139.662355212,35.439246423],[139.663274436,35.43998603]]},"properties":{"任意ID":"152","区分":"第１次緊急輸送道路","枝ID":"1","行政区域":"14100","資料名称":"神奈川県緊急輸送道路ネットワーク計画図","資料年月":"2018 03","路線名称":"臨港道路（国道357号本牧接続道路1）","道路種別":"その他道路"}},{"type":"Feature","geometry":{"type":"LineString","coordinates":[[139.663904818,35.437745374],[139.664063779,35.43796068],[139.664387758,35.438288937],[139.664520088,35.438402915],[139.664574845,35.438480421],[139.66461135,35.438571603],[139.66462504,35.438703818],[139.664583974,35.438840592],[139.664520092,35.438940893],[139.664296504,35.439141495],[139.663274436,35.43998603]]},"properties":{"任意ID":"153","区分":"第１次緊急輸送道路","枝ID":"1","行政区域":"14100","資料名称":"神奈川県緊急輸送道路ネットワーク計画図","資料年月":"2018 03","路線名称":"臨港道路（国道357号本牧接続道路2）","道路種別":"その他道路"}},{"type":"Feature","geometry":{"type":"LineString","coordinates":[[139.679855149,35.460526809],[139.680742409,35.461151285],[139.681319291,35.461528915],[139.682045367,35.46201089],[139.682577491,35.462383552],[139.683657903,35.463175457]]},"properties":{"任意ID":"154","区分":"第１次緊急輸送道路","枝ID":"1","行政区域":"14100","資料名称":"神奈川県緊急輸送道路ネットワーク計画図","資料年月":"2018 03","路線名称":"臨港道路（国道357号大黒接続道路）","道路種別":"その他道路"}},{"type":"Feature","geometry":{"type":"LineString","coordinates":[[139.679855149,35.460526809],[139.679979508,35.460411989],[139.68151088,35.459171569],[139.681757278,35.458960949],[139.682434394,35.458363319],[139.682497134,35.458333649],[139.683335331,35.457937269],[139.691061407,35.454283368],[139.691696865,35.453989318],[139.692023904,35.453844768],[139.692739462,35.453520868],[139.69313529,35.453334908],[139.694346316,35.452792567],[139.694443346,35.452749217]]},"properties":{"任意ID":"155","区分":"第１次緊急輸送道路","枝ID":"1","行政区域":"14100","資料名称":"神奈川県緊急輸送道路ネットワーク計画図","資料年月":"2018 03","路線名称":"臨港道路（大黒ふ頭1号線）","道路種別":"その他道路"}},{"type":"Feature","geometry":{"type":"LineString","coordinates":[[139.676209214,35.44514386],[139.675410943,35.443771444],[139.675315631,35.443609144],[139.675001867,35.443080326],[139.674441469,35.442135788],[139.674345158,35.441973868],[139.674162195,35.441667029],[139.673466265,35.440499842],[139.673223812,35.440080043],[139.672518011,35.438894416],[139.672321318,35.438552567],[139.671506157,35.437182321],[139.670814797,35.436041574],[139.670304579,35.435156326],[139.670149097,35.434859687],[139.669926644,35.434512077],[139.669866823,35.434418598],[139.669736521,35.434215068],[139.66963873,35.434061769],[139.669099304,35.43334623]]},"properties":{"任意ID":"156","区分":"第１次緊急輸送道路","枝ID":"1","行政区域":"14100","資料名称":"神奈川県緊急輸送道路ネットワーク計画図","資料年月":"2018 03","路線名称":"臨港道路（本牧B突堤中央道路）","道路種別":"その他道路"}},{"type":"Feature","geometry":{"type":"MultiLineString","coordinates":[[[139.67538393,35.411089476],[139.676479145,35.410440027],[139.676855843,35.410256498],[139.677734189,35.409741429],[139.677921799,35.409627712]],[[139.678815251,35.4090869],[139.679394411,35.408736451],[139.680059668,35.408333772],[139.680266277,35.408209163],[139.680919225,35.407808024],[139.681677091,35.407318855],[139.683334871,35.406043728],[139.684033957,35.405506],[139.683334861,35.404937482],[139.683110699,35.404755173],[139.682961248,35.404680173],[139.682781538,35.404680173],[139.682676808,35.404695173],[139.682512089,35.404829893],[139.679997624,35.406803637],[139.678476833,35.407966834],[139.677210712,35.406955178],[139.676057093,35.406034342],[139.675001524,35.405200405],[139.672488971,35.403215392]]]},"properties":{"任意ID":"157","区分":"第１次緊急輸送道路","枝ID":"1","行政区域":"14100","資料名称":"神奈川県緊急輸送道路ネットワーク計画図","資料年月":"2018 03","路線名称":"臨港道路（南本牧ふ頭構内道路）","道路種別":"その他道路"}},{"type":"Feature","geometry":{"type":"LineString","coordinates":[[139.542295629,35.511013741],[139.542484039,35.510974481],[139.543705469,35.510701422],[139.543980719,35.510636142],[139.545088059,35.510385183],[139.545322039,35.510300583],[139.546251429,35.510135063],[139.546479399,35.510083493],[139.546591749,35.510064703],[139.546993199,35.509991954],[139.547408719,35.509944214],[139.54814933,35.509802264],[139.54828541,35.509760134],[139.54841604,35.509719704],[139.548683779,35.509636975],[139.549069339,35.509483085],[139.549197819,35.509385945],[139.549579848,35.509235055],[139.549951278,35.509088926],[139.550022398,35.509059466],[139.550479367,35.508870226],[139.550837057,35.508723766],[139.551032936,35.508643646],[139.551274336,35.508553647],[139.551835626,35.508333647],[139.552424605,35.508102818],[139.552514565,35.508077558],[139.552844435,35.507985098],[139.552898845,35.507969958],[139.553510625,35.507803258],[139.553564135,35.507788858],[139.554044044,35.507663368],[139.554188754,35.507629489],[139.554471275,35.507601429],[139.554512645,35.507590039],[139.554942005,35.507558279],[139.554996685,35.507551569],[139.555070465,35.507539489],[139.555297935,35.507522549],[139.555614886,35.507483099],[139.555829866,35.507446979],[139.556070466,35.507422269],[139.556235166,35.507387269],[139.556331276,35.507344229],[139.556442386,35.507290319],[139.556527646,35.50724589],[139.556578275,35.50721946],[139.556676175,35.50716745],[139.557041265,35.50698727],[139.557264694,35.50687474],[139.557315674,35.5068491],[139.557502664,35.50675615],[139.557834853,35.506610381],[139.557887053,35.506589401],[139.558095433,35.506530881],[139.558315733,35.506519491],[139.558405454,35.506553371],[139.558680995,35.506728101],[139.558929397,35.506905801],[139.559073778,35.50700421],[139.559252949,35.50711115],[139.55934267,35.50720143],[139.55941155,35.50730282],[139.559468641,35.50744277],[139.559486932,35.50748585],[139.559604344,35.50774227],[139.559749126,35.507990179],[139.559824897,35.508136419],[139.559884358,35.508240049],[139.559915608,35.508271299],[139.559946018,35.508302359],[139.560025149,35.508390279],[139.56015575,35.508519479],[139.560314061,35.508643379],[139.560485722,35.508731758],[139.560555502,35.508767558],[139.560782643,35.508857528],[139.560810443,35.508874488],[139.561168825,35.509032268],[139.561320205,35.509071718],[139.561563796,35.509093368],[139.561884367,35.509161808],[139.562450458,35.509280588],[139.56298769,35.509342548],[139.563270161,35.509387538],[139.563431681,35.509398668],[139.563487931,35.509411438],[139.563690202,35.509426978],[139.564200473,35.509460868],[139.564455194,35.509449488],[139.564482973,35.509331148],[139.564524362,35.509212818],[139.564558801,35.509055029],[139.564551849,35.508807269],[139.564482958,35.508610049],[139.564315516,35.508298639],[139.564282965,35.5082381],[139.564166013,35.50794504],[139.564110731,35.50774227],[139.564090181,35.50764087],[139.564076278,35.507274491],[139.564090177,35.507060591],[139.564130526,35.506913761],[139.564179615,35.506762282],[139.564200453,35.506474772],[139.564193502,35.506255042],[139.56417267,35.506057822],[139.564069327,35.505669213],[139.563951605,35.505304963],[139.563936484,35.505261614],[139.563924604,35.505229494],[139.563814322,35.504908374],[139.563697379,35.504451995],[139.563628766,35.504046445],[139.563611174,35.503847235],[139.563608204,35.503813655],[139.563607373,35.503640616],[139.563874031,35.503257556],[139.564052369,35.502962557],[139.564159318,35.502771717],[139.564294637,35.502570267],[139.564632085,35.502204218],[139.564810974,35.501950598],[139.565107081,35.501460329],[139.56516208,35.501268659],[139.565169019,35.501178659],[139.565251517,35.5007845],[139.565368463,35.500187],[139.565464891,35.499841791],[139.565540689,35.499640611],[139.565665657,35.499248262],[139.565815954,35.498772832],[139.565850402,35.498592562],[139.565836501,35.498462833],[139.56579543,35.498305443],[139.565753939,35.498198183],[139.565602335,35.497595334],[139.565567882,35.497274224],[139.565719361,35.497043014],[139.565980739,35.496710865],[139.566069879,35.496623475],[139.566188808,35.496494475],[139.566338717,35.496355615],[139.566668716,35.496074976],[139.566855475,35.495916126],[139.567054824,35.495753116],[139.567371483,35.495465617],[139.567550371,35.495234767],[139.567591781,35.495150027],[139.567612319,35.494924787],[139.567619248,35.494751148],[139.567632875,35.494372838],[139.567646754,35.494254508],[139.567646754,35.494187008],[139.567708973,35.493983939],[139.567832872,35.493832009],[139.568087551,35.493623699],[139.56819502,35.493501659],[139.56825286,35.493443389],[139.568369809,35.49326868],[139.568535088,35.49306034],[139.568628617,35.49299641],[139.568737957,35.49293153],[139.568952417,35.49283498],[139.569104527,35.49278034],[139.569422877,35.49268867],[139.569615637,35.49264339],[139.569712027,35.49260979],[139.569812267,35.49256131],[139.569927916,35.492504911],[139.569955016,35.492487081],[139.569979946,35.492465121],[139.570056196,35.492356171],[139.570104525,35.492249231],[139.570159523,35.491905611],[139.570174712,35.491833961],[139.570212761,35.491730472],[139.570235891,35.491694002],[139.57036523,35.491541272],[139.57040036,35.491499792],[139.570480509,35.491346772],[139.570531189,35.491240622],[139.570696455,35.490722563],[139.570813383,35.490362013],[139.570889232,35.490198674],[139.570958141,35.490108384],[139.57133701,35.489815624],[139.571466379,35.489676714],[139.571606388,35.489506545],[139.571744697,35.489315795],[139.571928135,35.489057145],[139.571949505,35.489027015],[139.572045814,35.488846855],[139.572335061,35.488356466],[139.572500339,35.487990347],[139.572575887,35.487697297],[139.572610335,35.487483397],[139.572630883,35.487111458],[139.572410601,35.486953668],[139.57217672,35.486790348],[139.571977168,35.486666578],[139.571694196,35.486474419],[139.571391244,35.486263449],[139.571288642,35.486006999],[139.571082257,35.48534785],[139.571047816,35.48514507],[139.571054753,35.484790351],[139.571068362,35.484672021],[139.571061411,35.484452301],[139.571020309,35.484283122],[139.570848076,35.483843682],[139.570779464,35.483635082],[139.570731403,35.483443403],[139.570715852,35.483330553],[139.570731451,35.483178323],[139.57073835,35.483099803],[139.570765849,35.482992853],[139.570834737,35.482660354],[139.570841395,35.482395354],[139.570813894,35.482271464],[139.57067639,35.481787015],[139.570376802,35.480774697],[139.57031837,35.480547717],[139.570155546,35.479991468],[139.570149715,35.479854528],[139.570146093,35.479606368],[139.57016693,35.479223409],[139.570201367,35.478890909],[139.570201363,35.4783498],[139.570173862,35.47822036],[139.570104581,35.47808154],[139.569924289,35.477798661]]},"properties":{"任意ID":"177","区分":"第２次緊急輸送道路","枝ID":"1","行政区域":"14100","資料名称":"神奈川県緊急輸送道路ネットワーク計画図","資料年月":"2018 03","路線名称":"県道109号","道路種別":"一般都道府県道"}},{"type":"Feature","geometry":{"type":"LineString","coordinates":[[139.652251376,35.525133054],[139.652243267,35.525242004],[139.652216059,35.525651394],[139.65221606,35.525798064],[139.652195513,35.526130563],[139.652195514,35.526316113],[139.652284888,35.526805923],[139.652312459,35.526941673],[139.65232634,35.527093893],[139.652395243,35.527482782],[139.652429684,35.527696952],[139.652512468,35.528170282],[139.652557039,35.528365742],[139.652629142,35.528744731],[139.652691745,35.529118881],[139.652714296,35.529248741],[139.652722116,35.529293271],[139.652780819,35.529623891],[139.652863592,35.53001833],[139.652870542,35.53011973],[139.652860253,35.53021149],[139.652853393,35.53025693],[139.652780825,35.53055333],[139.652584149,35.53113802],[139.652548779,35.5312503],[139.652431932,35.53162118],[139.652353663,35.531840849],[139.652339713,35.531871949],[139.652267155,35.532088269],[139.652251345,35.532133529],[139.652133077,35.532468769],[139.65202279,35.532919639],[139.652009171,35.533083329],[139.652016113,35.533331139],[139.652036674,35.533511389],[139.652140006,35.533748059],[139.652293498,35.533988978],[139.652321208,35.534027908],[139.652546341,35.534316548],[139.652861334,35.534703268],[139.652891585,35.534740918],[139.653319769,35.535281737],[139.653464041,35.535462947],[139.653738644,35.535810276],[139.653978697,35.536118136],[139.654007937,35.536156286],[139.654103728,35.536283446],[139.65421392,35.536407496],[139.654475873,35.536773615],[139.654577534,35.536918605],[139.654620595,35.536993615],[139.654744287,35.537223745],[139.654770467,35.537272675],[139.654865769,35.537436005],[139.654918139,35.537527555],[139.655185604,35.538052504],[139.65557754,35.538805014],[139.655581441,35.538812505]]},"properties":{"任意ID":"178","区分":"第２次緊急輸送道路","枝ID":"2","行政区域":"14100","資料名称":"神奈川県緊急輸送道路ネットワーク計画図","資料年月":"2018 03","路線名称":"県道111号","道路種別":"一般都道府県道"}},{"type":"Feature","geometry":{"type":"LineString","coordinates":[[139.642514427,35.503117845],[139.64226617,35.503747955],[139.641915941,35.504407318],[139.641594218,35.504910164],[139.64128267,35.505308113],[139.640969087,35.505714386]]},"properties":{"任意ID":"178","区分":"第２次緊急輸送道路","枝ID":"3","行政区域":"14100","資料名称":"神奈川県緊急輸送道路ネットワーク計画図","資料年月":"2018 03","路線名称":"県道111号","道路種別":"一般都道府県道"}},{"type":"Feature","geometry":{"type":"LineString","coordinates":[[139.482964448,35.571074934],[139.483030459,35.571172714],[139.483072569,35.571240874],[139.483072679,35.571241051]]},"properties":{"任意ID":"181","区分":"第２次緊急輸送道路","枝ID":"1","行政区域":"14100","資料名称":"神奈川県緊急輸送道路ネットワーク計画図","資料年月":"2018 03","路線名称":"県道139号","道路種別":"一般都道府県道"}},{"type":"Feature","geometry":{"type":"LineString","coordinates":[[139.49630448,35.53013786],[139.49678809,35.53014075],[139.496909061,35.530163841],[139.497758492,35.530227511],[139.497813812,35.530230562],[139.498177932,35.530244322],[139.498289672,35.530248912],[139.499389493,35.530297213],[139.499603053,35.530319704],[139.499830444,35.530331074],[139.500085524,35.530353574],[139.500374855,35.530398574],[139.500559135,35.530418615],[139.500760745,35.530455255],[139.501139706,35.530506085],[139.501332725,35.530348325],[139.501449605,35.530263856],[139.502020583,35.529835277]]},"properties":{"任意ID":"181","区分":"第２次緊急輸送道路","枝ID":"2","行政区域":"14100","資料名称":"神奈川県緊急輸送道路ネットワーク計画図","資料年月":"2018 03","路線名称":"県道139号","道路種別":"一般都道府県道"}},{"type":"Feature","geometry":{"type":"LineString","coordinates":[[139.634735242,35.53160696],[139.635437904,35.53159586],[139.636976268,35.53155637],[139.638715832,35.531516539],[139.641129679,35.531460557],[139.64172678,35.531435867],[139.641950741,35.531426617],[139.643872416,35.531364706],[139.647150285,35.531281934],[139.647398585,35.531281404],[139.647881707,35.531280283],[139.648309938,35.531280283],[139.649493351,35.531268902],[139.649955733,35.531261802],[139.650596784,35.531251941],[139.650771355,35.531251941],[139.651768377,35.5312464],[139.652548779,35.5312503],[139.65260185,35.53125056],[139.65288329,35.531251939],[139.654338324,35.531251938],[139.654629565,35.531263428],[139.654827626,35.531274738],[139.655199167,35.531325277],[139.655634199,35.531441947],[139.656035831,35.531622496],[139.656274113,35.531776906],[139.656466525,35.531950186],[139.657197091,35.532626285],[139.657625655,35.533009554],[139.657990418,35.533308183],[139.65819946,35.533476933],[139.658365541,35.533573263],[139.658978635,35.533934722],[139.659178637,35.534022222],[139.659363368,35.534088882],[139.659526888,35.534119802],[139.661152765,35.53442976],[139.662076878,35.534559969],[139.662202549,35.534573319],[139.66245393,35.534577769],[139.66267922,35.534559989],[139.66295698,35.534498329],[139.66325286,35.534410238],[139.66338562,35.534359148],[139.66353075,35.534286728],[139.66370282,35.534154438],[139.663905589,35.533991388],[139.664266967,35.533680277],[139.664713495,35.533259597],[139.665190113,35.532784627]]},"properties":{"任意ID":"182","区分":"第２次緊急輸送道路","枝ID":"1","行政区域":"14100","資料名称":"神奈川県緊急輸送道路ネットワーク計画図","資料年月":"2018 03","路線名称":"県道140号","道路種別":"一般都道府県道"}},{"type":"Feature","geometry":{"type":"LineString","coordinates":[[139.582120843,35.519190439],[139.582699255,35.519313618],[139.583098487,35.519394668],[139.583287447,35.519432528],[139.585373955,35.519850458],[139.586625849,35.520091668],[139.587777943,35.520317677],[139.588928427,35.520544767],[139.590863964,35.520922227],[139.591026434,35.520953027],[139.591189595,35.520983957],[139.591668916,35.521086367],[139.591917547,35.521139477],[139.59259132,35.521260257],[139.593067771,35.521353676],[139.593411803,35.521413796],[139.593644513,35.521454256],[139.594041875,35.521523336],[139.595205709,35.521749586],[139.596414373,35.521985456],[139.597428197,35.522185026],[139.597832348,35.522256476],[139.59826918,35.522336965],[139.5985355,35.522395905],[139.598707011,35.522430855],[139.599099793,35.522509745],[139.599375643,35.522555035],[139.599776564,35.522581795],[139.600002355,35.522577995],[139.600257306,35.522571695],[139.600629506,35.522498635],[139.601008406,35.522436685],[139.601218887,35.522441885],[139.601387278,35.522464755],[139.601669819,35.522583095],[139.601725079,35.522622525],[139.602069462,35.522903865],[139.602190183,35.523024685],[139.602361745,35.523177524],[139.602695767,35.523455774],[139.602794048,35.523536404],[139.603500374,35.524113634],[139.603804416,35.524362153],[139.603968598,35.524505573],[139.604102039,35.524633643],[139.604524962,35.525000303],[139.604908165,35.525332523],[139.605707332,35.526047802],[139.605831503,35.526137802],[139.606072614,35.526273082],[139.606470066,35.526468892],[139.606712798,35.526588451],[139.60714022,35.526791331],[139.607457342,35.526954751],[139.607946804,35.527191411],[139.608099005,35.527268631],[139.608395017,35.527418491],[139.60892491,35.52768727],[139.609365962,35.52787334]]},"properties":{"任意ID":"182","区分":"第２次緊急輸送道路","枝ID":"2","行政区域":"14100","資料名称":"神奈川県緊急輸送道路ネットワーク計画図","資料年月":"2018 03","路線名称":"県道140号","道路種別":"一般都道府県道"}},{"type":"Feature","geometry":{"type":"LineString","coordinates":[[139.6674753,35.533768843],[139.667508405,35.533658014],[139.667597274,35.533533874],[139.667830014,35.533333594],[139.667939853,35.533239083],[139.668272422,35.532995333],[139.66913146,35.532440803],[139.671222576,35.531164111],[139.672070594,35.53064387],[139.672483373,35.53036026],[139.672758362,35.530134149],[139.672953642,35.529969979],[139.673153321,35.529770569],[139.67327753,35.529686359],[139.67341035,35.529629159],[139.674064101,35.529584188],[139.674712503,35.529544707],[139.675002503,35.529534667],[139.675250544,35.529526086],[139.675658645,35.529539406],[139.676001806,35.529600915],[139.676717588,35.529721654],[139.677643401,35.529930283],[139.678883656,35.530206081],[139.680296711,35.530513859],[139.680936513,35.530653658],[139.681127314,35.530693867],[139.682007147,35.530900006],[139.68286591,35.531072645],[139.683270521,35.531133864],[139.683662002,35.531204123]]},"properties":{"任意ID":"182","区分":"第２次緊急輸送道路","枝ID":"3","行政区域":"14100","資料名称":"神奈川県緊急輸送道路ネットワーク計画図","資料年月":"2018 03","路線名称":"県道140号","道路種別":"一般都道府県道"}},{"type":"Feature","geometry":{"type":"LineString","coordinates":[[139.54026303,35.374800882],[139.540317251,35.375000881],[139.540484335,35.375537629],[139.540545067,35.375730639],[139.540620519,35.376011998],[139.54064672,35.376183937],[139.540648021,35.376333377],[139.540586085,35.376761435],[139.540534216,35.376984985],[139.540489978,35.377161714],[139.540434699,35.377358934],[139.540304172,35.377730273],[139.540254853,35.377811152],[139.540161464,35.377937742],[139.540063595,35.378017822],[139.539417199,35.378389771],[139.538823712,35.37875718],[139.538529994,35.37893643],[139.538206926,35.379212539],[139.538087387,35.379318689],[139.537994948,35.379427309],[139.53782878,35.379657118],[139.537719152,35.379808728],[139.537197228,35.380568825],[139.536921941,35.380963454],[139.536690784,35.381288883],[139.536550017,35.381600872],[139.536481129,35.381837532],[139.536433032,35.3822212],[139.536402914,35.382580989],[139.536350579,35.383206697],[139.53633308,35.383333917],[139.536302522,35.383556316],[139.536281705,35.383916695],[139.536219652,35.384789652],[139.536192544,35.384992532],[139.536192545,35.385150301],[139.536165047,35.385381411],[139.536082275,35.386395298],[139.53602034,35.386992776],[139.535972003,35.387392795],[139.535944514,35.387584444],[139.535882986,35.387820313],[139.535703971,35.388440532],[139.535669523,35.388586961],[139.535600905,35.388812531],[139.535532028,35.389218069],[139.53553203,35.389432239],[139.535552583,35.389871407],[139.535635118,35.390570525],[139.535724545,35.391448893],[139.535737167,35.391669332],[139.535738427,35.391691382],[139.535786491,35.39214778],[139.535813994,35.392513899],[139.535862048,35.392947778],[139.536013454,35.393781385],[139.536054565,35.393922505],[139.536130398,35.394277494],[139.536202072,35.394701663],[139.536144028,35.39546028],[139.536123469,35.39553916],[139.536034025,35.396277498],[139.536020417,35.396531097],[139.536034032,35.397178595],[139.536068475,35.397454714],[139.536074225,35.397478514],[139.53619929,35.398087042],[139.536273203,35.398428311],[139.536310425,35.398686091],[139.536352108,35.399088859],[139.536379331,35.399438308],[139.536366552,35.399568588],[139.536339043,35.399709748],[139.536304524,35.399814607],[139.535678778,35.400288276],[139.53541517,35.400480536],[139.535090982,35.400741825],[139.535037113,35.400841085],[139.535023224,35.400964985],[139.535017126,35.401215264],[139.53507824,35.401697283],[139.535147303,35.401991062],[139.535230196,35.402408601]]},"properties":{"任意ID":"183","区分":"第２次緊急輸送道路","枝ID":"1","行政区域":"14100","資料名称":"神奈川県緊急輸送道路ネットワーク計画図","資料年月":"2018 03","路線名称":"県道203号","道路種別":"一般都道府県道"}},{"type":"Feature","geometry":{"type":"LineString","coordinates":[[139.612422187,35.43586699],[139.612202776,35.43580565],[139.611815044,35.43575607],[139.611375343,35.435700061],[139.610818371,35.435627091],[139.610477809,35.435550461]]},"properties":{"任意ID":"187","区分":"第２次緊急輸送道路","枝ID":"1","行政区域":"14100","資料名称":"神奈川県緊急輸送道路ネットワーク計画図","資料年月":"2018 03","路線名称":"県道218号","道路種別":"一般都道府県道"}},{"type":"Feature","geometry":{"type":"LineString","coordinates":[[139.480667296,35.472442952],[139.481359636,35.472323632],[139.481933516,35.472224173],[139.483335115,35.471963035],[139.483476005,35.471936785],[139.484141804,35.471801896],[139.485092688,35.472353986],[139.48556076,35.472601776],[139.485604561,35.472623316],[139.486318452,35.472765566],[139.486704543,35.472838706],[139.486988383,35.472892016],[139.487161004,35.472923346],[139.487501444,35.472928687],[139.487590934,35.472917287],[139.487667024,35.472894787],[139.487827593,35.472820597],[139.488072723,35.472686408],[139.488382452,35.472538568],[139.488666571,35.472437399],[139.488788461,35.472331739],[139.48898811,35.472196489],[139.489113789,35.47213084],[139.489245789,35.47206157],[139.489731507,35.471807561],[139.489915527,35.471720441],[139.490020887,35.471667721],[139.490247896,35.471537022],[139.490392345,35.471458412],[139.490812344,35.471204803],[139.491004843,35.471069804],[139.491115122,35.470962584],[139.491184021,35.470816154],[139.491239,35.470641465],[139.491287059,35.470444245],[139.491383448,35.470247026],[139.491493767,35.470083616],[139.491687545,35.469908487],[139.491907414,35.469718257],[139.492188992,35.469430358],[139.492684539,35.46888925],[139.492870378,35.46874841],[139.493055517,35.468625001],[139.493570325,35.468274982],[139.493682324,35.468139802],[139.493731904,35.468056532],[139.494519895,35.466703226],[139.494570094,35.466630086],[139.494583594,35.466587796],[139.494578784,35.466498526],[139.494563692,35.466218697],[139.494522305,35.465283699],[139.494501734,35.46502991],[139.494453406,35.463863702],[139.494480775,35.463729043],[139.494563674,35.463565373],[139.494731602,35.463309924],[139.495051261,35.463070315],[139.495843297,35.462455906],[139.495970607,35.462352997],[139.496139786,35.462150927],[139.496261444,35.461935158],[139.496333714,35.461810538],[139.496483942,35.461508989],[139.496726528,35.46101081],[139.496800248,35.460903681],[139.497275571,35.459852414],[139.49737466,35.459634654],[139.497614208,35.459394555],[139.497716328,35.459311345],[139.498292945,35.458806037],[139.498855172,35.458323148],[139.498951931,35.458221048],[139.49914087,35.458021229],[139.499697727,35.457537411],[139.500001695,35.457277361],[139.500294404,35.457026962],[139.500449363,35.456883082],[139.500606942,35.456753763],[139.500751421,35.456534003],[139.500875299,35.456269004],[139.501047506,35.455885945],[139.50145362,35.454967617],[139.501791205,35.454279349],[139.501942233,35.45395901],[139.502032022,35.45379001],[139.50221779,35.453423731],[139.502369167,35.453097072],[139.502417226,35.452961792],[139.502522945,35.452724263],[139.502596453,35.452409544],[139.502623882,35.452263184],[139.502761377,35.451660406],[139.502844156,35.451395406],[139.50307865,35.450632928],[139.503174428,35.450324859],[139.503287706,35.45000041],[139.503325935,35.44989091],[139.503863396,35.448492074],[139.50417296,35.447707786],[139.504232479,35.447564946],[139.504323838,35.447344557],[139.504364967,35.447215137],[139.504616773,35.446650729],[139.504778851,35.44628903],[139.5048125,35.44614998],[139.504957657,35.445722851],[139.505017176,35.445564022],[139.505080965,35.445423442],[139.505280502,35.445034313],[139.505376891,35.444916254],[139.50557661,35.444668474],[139.506024106,35.444144316],[139.506266454,35.443881986],[139.506967159,35.443130158],[139.507194098,35.442882099],[139.507280977,35.44270083],[139.507324925,35.44253876],[139.507331875,35.44246541],[139.507367273,35.442186531],[139.507386871,35.441845712],[139.507413839,35.441667102],[139.507455747,35.441389323],[139.507442144,35.440831264],[139.507359358,35.440025986],[139.507352397,35.439856827],[139.507386855,35.439654047],[139.507464554,35.439479528],[139.507615433,35.439320578],[139.507696563,35.439253768],[139.507861562,35.439141469],[139.507970842,35.439080159],[139.50824018,35.438904609],[139.50833491,35.43884807],[139.509219067,35.438320531],[139.509871564,35.437924332],[139.510036844,35.437884893],[139.510108814,35.437861553],[139.510347404,35.437814053],[139.510380964,35.437807403],[139.510506203,35.437759433],[139.510615193,35.437710163],[139.510938502,35.437524334],[139.511267341,35.437345874],[139.51147766,35.437213085],[139.511737119,35.437062115],[139.512283997,35.436794946],[139.512610786,35.436582787],[139.512982664,35.436296278],[139.513175443,35.436104608],[139.513335022,35.435901129],[139.513450761,35.435755089],[139.513632829,35.43545731],[139.513675248,35.43537861],[139.513726517,35.43526888],[139.513747537,35.435222981],[139.513795156,35.435056841],[139.513783594,35.434805812],[139.513731823,35.434606562],[139.513609601,35.434364903],[139.51355404,35.434256563],[139.513175436,35.433636865],[139.512914033,35.433214346],[139.512741811,35.432943786],[139.512585259,35.432687587],[139.512569878,35.432628597],[139.512562748,35.432557647],[139.512580656,35.432357668],[139.512728104,35.432061869],[139.513044579,35.43133241],[139.513128128,35.431185821],[139.513464575,35.430729632],[139.514146169,35.429895474],[139.514366687,35.429641874],[139.514586266,35.429422865],[139.515206072,35.428949236],[139.515825389,35.428425467],[139.516146457,35.428187398],[139.516644567,35.428149358],[139.517147057,35.428132418],[139.517619137,35.428129498],[139.518041508,35.428126848],[139.518289548,35.428194358],[139.518502898,35.428200198],[139.518681708,35.428160758],[139.518805688,35.428126859],[139.519287627,35.427918249],[139.519390936,35.427861859],[139.519870275,35.42764102],[139.519989965,35.42758596],[139.520533433,35.427366021],[139.520857053,35.427287141],[139.521562622,35.427182251],[139.521794492,35.427151942],[139.522047492,35.427124092],[139.522233432,35.427096022],[139.522515652,35.427062142],[139.523121492,35.426994642],[139.524022051,35.426881993],[139.524367461,35.426842403],[139.524753411,35.426802173],[139.525037381,35.426773363],[139.525414011,35.426735133],[139.52550983,35.426724083],[139.52571935,35.426701753],[139.527379859,35.426531963],[139.527712599,35.426498523],[139.528239308,35.426437753],[139.528279988,35.426429263],[139.528490118,35.426386013],[139.528676017,35.426301283],[139.528917046,35.426166304],[139.528958156,35.426126864],[139.529088985,35.425991584],[139.529192324,35.425817145],[139.529295652,35.425569085],[139.529336741,35.425428286],[139.529433149,35.425202976],[139.529493248,35.425092187],[139.529568178,35.425000477],[139.529729256,35.424819647],[139.529942585,35.424622428],[139.530356452,35.424306268],[139.531683955,35.42332687],[139.532585619,35.422616872],[139.533040107,35.422280863],[139.533334795,35.422062843],[139.533726903,35.421772694],[139.53416587,35.421451444],[139.534337369,35.421331205],[139.534553958,35.421163245],[139.534760736,35.420999835],[139.535607811,35.420402316],[139.53590311,35.420182987],[139.536145608,35.419934937],[139.536281716,35.419771598],[139.537220408,35.41874028],[139.537443646,35.41851693],[139.537478056,35.41847991],[139.537554225,35.41839735],[139.537573365,35.4183766],[139.537682684,35.418243411],[139.537858882,35.418027661],[139.538193079,35.417619382],[139.538434837,35.417402432],[139.538614736,35.417291062],[139.538711975,35.417230492],[139.539487891,35.416762103],[139.539644941,35.416667163],[139.540164678,35.416352954],[139.540815975,35.415958094],[139.541016014,35.415842184],[139.541115293,35.415776874],[139.541252792,35.415669945],[139.541359431,35.415565025],[139.54155541,35.415388135],[139.541823618,35.415140216],[139.541903057,35.415059666],[139.542032506,35.414932156],[139.542386633,35.414630087]]},"properties":{"任意ID":"188","区分":"第２次緊急輸送道路","枝ID":"1","行政区域":"14100","資料名称":"神奈川県緊急輸送道路ネットワーク計画図","資料年月":"2018 03","路線名称":"県道401号","道路種別":"一般都道府県道"}},{"type":"Feature","geometry":{"type":"LineString","coordinates":[[139.501538916,35.382597064],[139.502204868,35.382913133],[139.502782279,35.383206143],[139.50306599,35.383361332],[139.503758642,35.383707521],[139.504113093,35.383883471],[139.504384244,35.383998091],[139.504590904,35.38406254],[139.504893405,35.38418642],[139.505048806,35.38427172],[139.505205827,35.384444039],[139.505223118,35.384575309],[139.505237571,35.385100037],[139.505253685,35.385545246],[139.505340056,35.385780855],[139.505477579,35.386152804],[139.505628972,35.386586693],[139.505780084,35.386936122],[139.505880365,35.387100311],[139.506014816,35.387241971],[139.506252908,35.38746505],[139.50665342,35.387843079],[139.506756741,35.388006398],[139.506875473,35.388275767],[139.506914814,35.388443787],[139.506928426,35.388660016],[139.506894268,35.388986965],[139.50684592,35.389223354],[139.506653434,35.389786683],[139.506529827,35.390113622],[139.506289001,35.3907053],[139.505966047,35.391533087],[139.505920888,35.391667227],[139.505787141,35.392064776],[139.505745962,35.392186955],[139.505697623,35.392327785],[139.50545834,35.393302582],[139.505353713,35.393730721],[139.505344743,35.393785431],[139.505305785,35.39402027],[139.505264147,35.394271529],[139.505223189,35.394525008],[139.505134973,35.395105817],[139.505051287,35.395656995],[139.505029138,35.395802575],[139.505010149,35.395927784],[139.50494823,35.396091054],[139.504762642,35.396373053],[139.504150948,35.397234771],[139.50402711,35.39740944],[139.503923731,35.39757286],[139.503779783,35.397882409],[139.503559226,35.398339367],[139.503334059,35.398739716],[139.503159891,35.399009995],[139.502651857,35.399809713],[139.502570708,35.399948572],[139.502501229,35.400067472],[139.502060465,35.40082943],[139.501964076,35.401049429],[139.501847139,35.401398588],[139.50181112,35.401528848],[139.501650655,35.402191216],[139.501613536,35.402344986],[139.50146909,35.402953584],[139.501439851,35.403104714],[139.501366214,35.403486423],[139.501337605,35.403639242],[139.50121455,35.40429499],[139.501191681,35.40442625],[139.501166602,35.40457053],[139.501084076,35.405076268],[139.500871895,35.406310255],[139.500807248,35.406649284],[139.500771623,35.407368852],[139.500760684,35.407547322],[139.50072101,35.40833386],[139.500698853,35.408773568],[139.500686664,35.408915188],[139.500609688,35.409427196],[139.50054803,35.409748295],[139.500464882,35.410105734],[139.500156082,35.41140477],[139.500052764,35.411737179],[139.500001375,35.411944179],[139.499936777,35.412204408],[139.499805271,35.412734126],[139.499750272,35.412908836],[139.499640276,35.413421614],[139.49957871,35.414009822],[139.499482236,35.41489772]]},"properties":{"任意ID":"189","区分":"第２次緊急輸送道路","枝ID":"1","行政区域":"14100","資料名称":"神奈川県緊急輸送道路ネットワーク計画図","資料年月":"2018 03","路線名称":"県道402号","道路種別":"一般都道府県道"}},{"type":"Feature","geometry":{"type":"LineString","coordinates":[[139.479914909,35.465501387],[139.480052279,35.464153191],[139.480130814,35.463364203],[139.480150963,35.463200893],[139.480228539,35.462571955],[139.480411427,35.460885649],[139.480533639,35.459748712],[139.480669784,35.458873485],[139.480712602,35.458674235]]},"properties":{"任意ID":"203","区分":"第２次緊急輸送道路","枝ID":"1","行政区域":"14100","資料名称":"神奈川県緊急輸送道路ネットワーク計画図","資料年月":"2018 03","路線名称":"横浜市道環状4号線","道路種別":"主要地方道（指定市市道）"}},{"type":"Feature","geometry":{"type":"LineString","coordinates":[[139.480712602,35.458674235],[139.48079475,35.458360656],[139.48131528,35.456772691],[139.481826669,35.455212615],[139.482146383,35.454285388],[139.48231547,35.453795349],[139.482543595,35.453133481],[139.482597594,35.452977032],[139.482916178,35.452053004],[139.483005956,35.451779015],[139.483291811,35.450979727],[139.48332055,35.450889228],[139.483502656,35.450247589],[139.483817738,35.449097623],[139.483923304,35.448510164],[139.483978001,35.448105435],[139.483980821,35.448040485],[139.483998008,35.447644576],[139.484000498,35.447583726],[139.484074423,35.446944238],[139.484122529,35.446304889],[139.484204121,35.445224762],[139.484273585,35.444303524],[139.484338519,35.443458976],[139.484363507,35.443136167],[139.484391074,35.442824368],[139.484466889,35.44196364],[139.484483516,35.441667091],[139.484494375,35.441473711],[139.484521852,35.441051363],[139.484501306,35.440121665],[139.484424623,35.439658206],[139.484410452,35.439503197],[139.48441989,35.439241537],[139.484422118,35.438855428],[139.484417955,35.438485239],[139.484427921,35.437865411],[139.484487655,35.437000713],[139.484496815,35.436886434],[139.484521822,35.436566584],[139.484654315,35.435382388],[139.484725702,35.434925709],[139.484748749,35.43446461],[139.484735177,35.434257051],[139.484699001,35.433333773],[139.484679878,35.432846074],[139.484611976,35.431120559],[139.484590772,35.430536871],[139.484549834,35.429416284],[139.484535918,35.428604646],[139.484479155,35.428199897],[139.484394262,35.427744068],[139.484203678,35.427163109],[139.484081865,35.42675677],[139.484012074,35.426545571],[139.483960912,35.426305192],[139.48393414,35.426018902],[139.48392925,35.425955223],[139.483992858,35.425638243],[139.484061126,35.425364414],[139.484405876,35.424028708],[139.484463395,35.423808799],[139.484528913,35.42355068],[139.484610241,35.423245341],[139.484919503,35.422073524],[139.48500394,35.421727425],[139.485067278,35.421438806],[139.485106065,35.420968177],[139.485112934,35.420859298],[139.485206208,35.419934101],[139.485244484,35.419424932],[139.485255563,35.419234973],[139.485266152,35.419056323],[139.485293917,35.418331875],[139.485302524,35.417968816],[139.485270302,35.417657987],[139.48519391,35.417320488],[139.485093457,35.416899109],[139.485074836,35.41680217],[139.485058715,35.41671825],[139.485051635,35.41666716],[139.485021964,35.416452991],[139.484980689,35.415870282],[139.484978669,35.415820162],[139.484933181,35.414716295],[139.484898329,35.414323266],[139.484832455,35.413850988],[139.484808454,35.413677138],[139.484746941,35.413162449],[139.48472282,35.41301807],[139.484559013,35.412073652],[139.484550243,35.412029112],[139.484429059,35.411505994],[139.484418829,35.411461784],[139.484287695,35.410895615],[139.484257384,35.410763096],[139.48412858,35.410206347],[139.484083028,35.409855238],[139.484062196,35.409586619],[139.48405329,35.408738841],[139.484061628,35.408424682],[139.484064347,35.408333842],[139.484089962,35.407477175],[139.484093839,35.407128296],[139.484114675,35.406508568],[139.484132747,35.403730696],[139.484134696,35.403584006],[139.484135203,35.403145247],[139.484148819,35.402643549],[139.484259084,35.401843571],[139.484314082,35.401578582],[139.48440255,35.401216083],[139.484434499,35.401094054],[139.484862932,35.400000537],[139.4849804,35.399701338],[139.485624079,35.398094943],[139.485782266,35.397730814],[139.485923694,35.397448295],[139.485988413,35.397319005],[139.486421376,35.396332288],[139.486604033,35.395934939],[139.48705966,35.395415801],[139.487215038,35.395238771],[139.487838645,35.394714113],[139.488329122,35.394339474],[139.488644091,35.394166925],[139.489207638,35.393856776],[139.489850906,35.393502777],[139.490024195,35.393406767],[139.490159014,35.393331708],[139.490219594,35.393297978],[139.491667918,35.392491561],[139.492559595,35.391995062],[139.493135432,35.391667234],[139.493454481,35.391485594],[139.494151538,35.391102206],[139.495034394,35.390579788],[139.496326309,35.38988735],[139.496966436,35.389510382],[139.497408354,35.389235933],[139.497635163,35.389089823],[139.497861212,35.388856404],[139.498815424,35.387860798],[139.498850314,35.387824568],[139.499040853,35.387626828],[139.499089442,35.387575099],[139.49941022,35.3872354],[139.499462669,35.38718055],[139.499798137,35.386806411],[139.499937685,35.386633242],[139.499994975,35.386567362],[139.500073164,35.386445802],[139.500121473,35.386321973],[139.500155912,35.386135853],[139.500159091,35.385993614],[139.50016258,35.385837234],[139.500148969,35.385730305],[139.500087077,35.385386646],[139.500001184,35.385022497],[139.499970073,35.384890587],[139.499839519,35.384265309],[139.499846458,35.384101989],[139.499887606,35.38389848],[139.499971865,35.38377096],[139.499999465,35.38373981],[139.500241073,35.383536141],[139.500526652,35.383295432],[139.50084061,35.383068373],[139.501538916,35.382597064],[139.502397351,35.381944156],[139.50245674,35.381887787],[139.50254558,35.381797337],[139.502575879,35.381758087],[139.502610329,35.381685047],[139.502624218,35.381606147],[139.502643226,35.381324528],[139.502646256,35.381278628],[139.502654215,35.381140889],[139.502680034,35.380957549],[139.502707822,35.38075115],[139.502737841,35.38063604],[139.502750911,35.380591071],[139.50278921,35.380507551],[139.502892259,35.380378101],[139.503043649,35.380270882],[139.503261197,35.380144812],[139.503320817,35.380104522],[139.503530366,35.379989862],[139.503621146,35.379944213],[139.503958084,35.379741153],[139.504199483,35.379571154],[139.504341142,35.379434214],[139.50448253,35.379242555],[139.504635278,35.378898596],[139.504651517,35.378855366],[139.504756695,35.378540337],[139.504853493,35.378231438],[139.504867962,35.378185818],[139.50495035,35.377944349],[139.505011409,35.377747],[139.505093357,35.37752311],[139.505310135,35.377167691]]},"properties":{"任意ID":"203","区分":"第１次緊急輸送道路","枝ID":"2","行政区域":"14100","資料名称":"神奈川県緊急輸送道路ネットワーク計画図","資料年月":"2018 03","路線名称":"横浜市道環状4号線","道路種別":"主要地方道（指定市市道）"}},{"type":"Feature","geometry":{"type":"LineString","coordinates":[[139.626504295,35.460549893],[139.626062014,35.460476363],[139.62516509,35.460363194],[139.62482679,35.460394984],[139.624318059,35.460462784],[139.623901358,35.460539144],[139.623773871,35.460560969]]},"properties":{"任意ID":"204","区分":"第１次緊急輸送道路","枝ID":"1","行政区域":"14100","資料名称":"神奈川県緊急輸送道路ネットワーク計画図","資料年月":"2018 03","路線名称":"横浜市道高島台第288号線","道路種別":"市町村道（認定道路）"}},{"type":"Feature","geometry":{"type":"LineString","coordinates":[[139.563758999,35.515042481],[139.564638757,35.510734696],[139.564455194,35.509449488]]},"properties":{"任意ID":"205","区分":"第２次緊急輸送道路","枝ID":"1","行政区域":"14100","資料名称":"神奈川県緊急輸送道路ネットワーク計画図","資料年月":"2018 03","路線名称":"横浜市道鴨居上飯田線","道路種別":"市町村道（認定道路）"}},{"type":"Feature","geometry":{"type":"LineString","coordinates":[[139.554800833,35.571127186],[139.555213866,35.573311123],[139.555393102,35.574242522],[139.555479167,35.575000241],[139.55554476,35.575577461],[139.555544761,35.575690241],[139.555606633,35.57614055],[139.555661977,35.576698719],[139.55573782,35.577228289],[139.555785972,35.577555628],[139.555854715,35.578078508],[139.555937268,35.578692717],[139.55597756,35.578971327],[139.555999211,35.579121067],[139.556054493,35.579431066],[139.556109494,35.579656346],[139.556185335,35.579848016],[139.556316167,35.580073286],[139.556467698,35.580247866],[139.556523408,35.580305766],[139.556592159,35.580377206],[139.556651999,35.580439406],[139.557441552,35.580802666],[139.558329925,35.581155676],[139.559313399,35.581560516],[139.55966427,35.581716656],[139.560402293,35.582033856],[139.561104216,35.582320556],[139.561430077,35.582459126],[139.561876549,35.582630206]]},"properties":{"任意ID":"206","区分":"第２次緊急輸送道路","枝ID":"1","行政区域":"14100","資料名称":"神奈川県緊急輸送道路ネットワーク計画図","資料年月":"2018 03","路線名称":"横浜市道美しが丘第162号線","道路種別":"市町村道（認定道路）"}},{"type":"Feature","geometry":{"type":"LineString","coordinates":[[139.557675191,35.513838081],[139.557902722,35.513832531],[139.558019922,35.513815591],[139.558288402,35.513820871],[139.558336292,35.513826801],[139.558404293,35.513837991],[139.558593523,35.513872571],[139.559211885,35.514012811],[139.559786247,35.514136701],[139.560156038,35.514226981],[139.560569399,35.514322811],[139.56087254,35.514390281],[139.561202231,35.514459931],[139.561423752,35.514514251],[139.561940493,35.514632531],[139.562402155,35.514733531],[139.562870776,35.514841141],[139.563504749,35.514981991],[139.563628869,35.515021431],[139.563758999,35.515042481],[139.5638561,35.515058191],[139.564991924,35.515292451],[139.566090177,35.515534061],[139.566668849,35.51567164],[139.567420932,35.51584673],[139.568658876,35.51612587],[139.568709847,35.51613717],[139.56959001,35.51633215],[139.56969823,35.51635592],[139.570731634,35.51658156],[139.571117885,35.51666698],[139.571739077,35.51680523],[139.571845878,35.51682879],[139.572859741,35.51705011],[139.572966371,35.51707421],[139.575002208,35.5175487],[139.57538273,35.51764203],[139.57557133,35.51768379]]},"properties":{"任意ID":"207","区分":"第２次緊急輸送道路","枝ID":"1","行政区域":"14100","資料名称":"神奈川県緊急輸送道路ネットワーク計画図","資料年月":"2018 03","路線名称":"横浜市道川和第351/363号線","道路種別":"市町村道（認定道路）"}},{"type":"Feature","geometry":{"type":"LineString","coordinates":[[139.57557133,35.51768379],[139.575757211,35.51772495],[139.577760108,35.5181949],[139.578152899,35.518283879],[139.578692051,35.518389829],[139.580309427,35.518787199],[139.58113837,35.518990539],[139.581335121,35.519038729],[139.581743212,35.519117679],[139.582120843,35.519190439]]},"properties":{"任意ID":"208","区分":"第２次緊急輸送道路","枝ID":"1","行政区域":"14100","資料名称":"神奈川県緊急輸送道路ネットワーク計画図","資料年月":"2018 03","路線名称":"横浜市道東方町第216号線","道路種別":"市町村道（認定道路）"}},{"type":"Feature","geometry":{"type":"LineString","coordinates":[[139.644620739,35.345486817],[139.64486595,35.345510147],[139.645350682,35.345521807],[139.645662083,35.345521537],[139.647129429,35.345521537],[139.648281103,35.345529027],[139.648695174,35.345529597],[139.65026753,35.345521287],[139.651728194,35.345528747],[139.653255409,35.345528747],[139.654437773,35.345524177]]},"properties":{"任意ID":"209","区分":"第２次緊急輸送道路","枝ID":"1","行政区域":"14100","資料名称":"神奈川県緊急輸送道路ネットワーク計画図","資料年月":"2018 03","路線名称":"横浜市道柴町第156/158/159号線","道路種別":"市町村道（認定道路）"}},{"type":"Feature","geometry":{"type":"LineString","coordinates":[[139.654437773,35.345524177],[139.654451241,35.342245734]]},"properties":{"任意ID":"210","区分":"第２次緊急輸送道路","枝ID":"1","行政区域":"14100","資料名称":"神奈川県緊急輸送道路ネットワーク計画図","資料年月":"2018 03","路線名称":"横浜市道柴町第160号線","道路種別":"市町村道（認定道路）"}},{"type":"Feature","geometry":{"type":"LineString","coordinates":[[139.588276807,35.460247613],[139.58814598,35.459436494],[139.588029035,35.458771495],[139.587959131,35.458333716],[139.587829324,35.457520897],[139.58778123,35.457098158],[139.587781227,35.456669839],[139.587856785,35.456427609],[139.588050032,35.45598058],[139.58808401,35.45581346],[139.588077059,35.455684],[139.587994557,35.455458441],[139.587822334,35.455159841],[139.587712333,35.455041501],[139.587507671,35.454873992],[139.58723038,35.454754002],[139.586920918,35.454647063],[139.586797088,35.454613203],[139.586728137,35.454585123],[139.586438986,35.454517343],[139.585957285,35.454427323],[139.585833524,35.454410403],[139.585647234,35.454376494],[139.585275652,35.454280674],[139.584958921,35.454179274],[139.5848212,35.454122784],[139.584105646,35.453813465],[139.583734334,35.453644456],[139.583335092,35.453469456],[139.583245382,35.453430116],[139.582680919,35.453199287],[139.582412307,35.453109007],[139.582336747,35.453080947],[139.581876765,35.452923658],[139.581696474,35.452861228],[139.581496743,35.452754008],[139.581366181,35.452620378],[139.58136618,35.452404569],[139.581414287,35.452100119],[139.581477215,35.45176051]]},"properties":{"任意ID":"211","区分":"第２次緊急輸送道路","枝ID":"1","行政区域":"14100","資料名称":"神奈川県緊急輸送道路ネットワーク計画図","資料年月":"2018 03","路線名称":"横浜市道花見台保土ヶ谷公園通","道路種別":"市町村道（認定道路）"}},{"type":"Feature","geometry":{"type":"LineString","coordinates":[[139.674825268,35.50777889],[139.674629837,35.50777889],[139.674313197,35.507790271],[139.673846696,35.507800711],[139.673734306,35.507801391],[139.673527636,35.507829722],[139.673410606,35.507860772],[139.672505697,35.508261502],[139.672372378,35.508333612],[139.672025428,35.508522503],[139.671865909,35.508604993],[139.67144372,35.508845223],[139.67139026,35.508879113],[139.670544372,35.509412744],[139.670296263,35.509531104],[139.669675994,35.509762224],[139.669299624,35.509877645],[139.669146534,35.509918955],[139.668969514,35.509966395],[139.668814294,35.509998945],[139.668342994,35.510095206],[139.668235544,35.510118206],[139.667340473,35.510318077],[139.667286353,35.510330207],[139.667064513,35.510381637],[139.666754583,35.510449717],[139.666648083,35.510465597],[139.666527093,35.510483617],[139.666326593,35.510483618],[139.666294113,35.510472868],[139.666189602,35.510415828],[139.666141242,35.510365278],[139.66604487,35.510230008],[139.665824308,35.509942499],[139.665750837,35.509882479],[139.665709507,35.509850319],[139.665562366,35.509750829],[139.665465985,35.509711389],[139.665183754,35.509626939],[139.664950714,35.50962694],[139.664843794,35.50965064],[139.664804594,35.50967194],[139.664660144,35.50973389],[139.664471545,35.5098552],[139.664383115,35.50992975],[139.664348585,35.50996735],[139.664295056,35.51003474],[139.664273776,35.51006885],[139.664255526,35.51011136],[139.664232647,35.51019056],[139.664124649,35.51047148],[139.664106989,35.51051414],[139.66403471,35.51067539],[139.663970851,35.51078768],[139.663791812,35.5110525],[139.663696083,35.51115368],[139.663661123,35.51118907],[139.663536814,35.51130584],[139.663488414,35.51134335],[139.663415114,35.51138896],[139.663324714,35.51142649],[139.663216844,35.51145478],[139.663069274,35.511491291],[139.662936994,35.511524021],[139.662804714,35.511556741],[139.662628694,35.511600301],[139.662560064,35.511622291],[139.662057992,35.511474752],[139.661883211,35.511430012],[139.661779871,35.511396112],[139.66158709,35.511345282],[139.661218248,35.511238323],[139.661107088,35.511207033],[139.660800847,35.511123643],[139.660612176,35.511064803],[139.660554525,35.511048553],[139.660360955,35.510994493],[139.660191834,35.510946324],[139.660133714,35.510931424],[139.659877923,35.510866394],[139.659761472,35.510842514],[139.659651392,35.510825894],[139.659244031,35.510781955],[139.65896533,35.510767955],[139.65885479,35.510767695],[139.658362359,35.510793055],[139.658314049,35.510804455],[139.658064798,35.510829196],[139.658009568,35.510834016],[139.657376817,35.510877786],[139.657315827,35.510871466],[139.657207246,35.510848296],[139.657025416,35.510793067],[139.656586164,35.510667307],[139.656496943,35.510640367],[139.656261262,35.510587437],[139.656198702,35.510573387],[139.655912791,35.510517578],[139.655857851,35.510505158],[139.65557857,35.510439348],[139.655524339,35.510422958],[139.655258458,35.510338618],[139.654901787,35.510228069],[139.654730076,35.510158599],[139.654496784,35.510026669],[139.654329223,35.5099121],[139.654124841,35.50974502],[139.654068641,35.50968708],[139.65395766,35.50956292],[139.653800948,35.50937307],[139.653559555,35.509040571],[139.653369453,35.508820311],[139.653336133,35.508783121],[139.652967049,35.508409742],[139.652898159,35.508342242],[139.652794068,35.508261002],[139.652677617,35.508161682],[139.652450105,35.508009743],[139.652119563,35.507823623],[139.651843711,35.507665843],[139.65163403,35.507536124],[139.651361718,35.507378614],[139.651232917,35.507287544],[139.651017206,35.507152995],[139.650875995,35.507053955],[139.650679633,35.506916495],[139.650059248,35.506420576],[139.649832047,35.506245847],[139.649749246,35.506189467],[139.649636075,35.506120157],[139.649287583,35.505901967],[139.649117021,35.505793558],[139.64886054,35.505642888],[139.648776939,35.505600738],[139.647950114,35.505192359],[139.647887724,35.505161359],[139.647016159,35.50472462],[139.646968458,35.50470188],[139.646359225,35.504425571],[139.645966453,35.504239762],[139.645827662,35.504178162],[139.645291819,35.503930062],[139.645063668,35.503816973],[139.644780706,35.503692873],[139.644615405,35.503616223],[139.644078382,35.503377534],[139.643776711,35.503259194],[139.643392689,35.503134145],[139.643253908,35.503086735],[139.643099758,35.503090035],[139.642959538,35.503103835],[139.642679777,35.503135305],[139.642583377,35.503135305],[139.642514427,35.503117845],[139.642030545,35.503007936],[139.641969895,35.503120956],[139.641668934,35.503066856],[139.641233933,35.502988636],[139.641144103,35.502971636],[139.64050449,35.502864757],[139.64037365,35.502836697],[139.64029083,35.502825307],[139.639939598,35.502757507],[139.639647077,35.502709398],[139.639444166,35.502610838],[139.638969483,35.502346138],[139.638742282,35.502221989],[139.637638975,35.50161256],[139.637334173,35.50143252],[139.636987071,35.501270911]]},"properties":{"任意ID":"212","区分":"第２次緊急輸送道路","枝ID":"1","行政区域":"14100","資料名称":"神奈川県緊急輸送道路ネットワーク計画図","資料年月":"2018 03","路線名称":"横浜市道鶴見駅三ツ沢線","道路種別":"主要地方道（指定市市道）"}},{"type":"Feature","geometry":{"type":"LineString","coordinates":[[139.60725931,35.491708944],[139.607206556,35.491234315],[139.607197376,35.491151425],[139.607073473,35.490807546],[139.606929321,35.490595056],[139.606670698,35.490261166],[139.60588582,35.489374178],[139.605693047,35.489127908],[139.605382634,35.488730608],[139.605148731,35.488417569],[139.604826227,35.48793506],[139.604417121,35.487235441],[139.603999345,35.486574521],[139.603852163,35.486339492],[139.603549529,35.485849463],[139.603026681,35.485015944],[139.602648816,35.484402555],[139.602269571,35.483782086],[139.602067597,35.483379796],[139.602053337,35.483333686],[139.601848681,35.482671767],[139.601567224,35.481804038],[139.601131173,35.48055108]]},"properties":{"任意ID":"212","区分":"第２次緊急輸送道路","枝ID":"2","行政区域":"14100","資料名称":"神奈川県緊急輸送道路ネットワーク計画図","資料年月":"2018 03","路線名称":"横浜市道鶴見駅三ツ沢線","道路種別":"主要地方道（指定市市道）"}},{"type":"Feature","geometry":{"type":"LineString","coordinates":[[139.612023703,35.465356333],[139.612343937,35.465683813],[139.612559019,35.465913682],[139.612848412,35.466231272],[139.612958864,35.466360911],[139.613055215,35.466490581],[139.613166177,35.466667031],[139.613289009,35.466862361],[139.613489291,35.46716706],[139.613667574,35.46742573],[139.614053048,35.467893419],[139.614321621,35.468175048],[139.614782665,35.468501968],[139.615208548,35.468765537],[139.615357329,35.468837037],[139.615375299,35.468845677],[139.615432062,35.46884868],[139.616321332,35.468895726],[139.616545953,35.468907646],[139.616710953,35.468916966],[139.617143635,35.468941466],[139.617302195,35.468958436],[139.617398345,35.468969526],[139.618602519,35.469037025],[139.618777,35.469058115]]},"properties":{"任意ID":"213","区分":"第２次緊急輸送道路","枝ID":"1","行政区域":"14100","資料名称":"神奈川県緊急輸送道路ネットワーク計画図","資料年月":"2018 03","路線名称":"横浜市道青木浅間線","道路種別":"主要地方道（指定市市道）"}},{"type":"Feature","geometry":{"type":"LineString","coordinates":[[139.640713525,35.418059881],[139.640713528,35.418381041],[139.64069298,35.41851626],[139.640631055,35.419023479],[139.640452045,35.419068519],[139.640149654,35.419135699],[139.639902154,35.419158479],[139.639269412,35.419158479],[139.638299819,35.41910791],[139.637626086,35.4190685],[139.636670192,35.418950161],[139.636528512,35.418940711],[139.636463801,35.418944041],[139.636398801,35.418958211],[139.636362691,35.418978761],[139.636335762,35.419007101],[139.636305752,35.419046551],[139.636271313,35.419119051],[139.636234644,35.419229881],[139.636211885,35.41934929],[139.636381307,35.41947988],[139.63668409,35.419722099],[139.636780221,35.419784049],[139.637009983,35.419936029],[139.637100204,35.419984599],[139.637360488,35.420251548],[139.637498258,35.420251548],[139.63781226,35.420359477],[139.638544664,35.420550156],[139.638764666,35.420623476],[139.638888537,35.420674036],[139.639101889,35.420809316],[139.639315211,35.420961535],[139.639569944,35.421192374],[139.639852178,35.421485144],[139.640210233,35.421868472],[139.640230803,35.421902382],[139.640464967,35.422150152],[139.640547468,35.422240431],[139.64069886,35.422403761],[139.640855793,35.42261074],[139.640985527,35.423014299],[139.641022482,35.423423468],[139.641036371,35.424336246],[139.641057983,35.424490136],[139.641098325,35.424679865],[139.641098328,35.424916204],[139.641052299,35.425045114],[139.6409536,35.425203744],[139.640809161,35.425322064],[139.640643881,35.425417914],[139.640478602,35.425536243],[139.640272223,35.425744583],[139.640131695,35.425983703],[139.640103096,35.426049942],[139.640031438,35.426268622],[139.639990009,35.426460132],[139.63996251,35.426539021],[139.639893702,35.426747361],[139.639859163,35.426826581],[139.639494457,35.42733902],[139.639267239,35.427677079],[139.639026151,35.427964559],[139.638881682,35.428105409],[139.638750853,35.428251798],[139.638619994,35.428432098],[139.638523686,35.428606658],[139.638427247,35.428820957],[139.638386078,35.428894397],[139.638317249,35.429057627],[139.638096322,35.429387286],[139.637964352,35.429429716],[139.637890142,35.429509216],[139.637725024,35.429728185],[139.637642525,35.429910925],[139.637642528,35.430161795],[139.637683949,35.430297144],[139.637766421,35.430488454],[139.637766721,35.430488914],[139.638443494,35.431504781],[139.638547726,35.4316686],[139.638736999,35.43193096],[139.638994782,35.432175949],[139.639119514,35.432294289],[139.639530629,35.432610968],[139.639291372,35.432995507],[139.639028055,35.433418306],[139.638973395,35.433513746],[139.638914776,35.433662676],[139.638593482,35.434476885],[139.638492044,35.434792344],[139.638379457,35.435209354],[139.638146954,35.436083982],[139.638062586,35.436320112],[139.637965227,35.436470842],[139.637581399,35.436856101],[139.63727389,35.437085391],[139.63716335,35.437167811],[139.636413243,35.43781796],[139.636100484,35.43807769],[139.635814505,35.4383002],[139.634965099,35.439052339],[139.634820799,35.439175869],[139.634508491,35.439453319],[139.633838924,35.440047508],[139.633408925,35.440427658],[139.633285386,35.440545668],[139.633008327,35.440777758],[139.632665379,35.441069818],[139.63229998,35.441402637],[139.631932282,35.441724037],[139.631856502,35.441785387],[139.631450274,35.442154877]]},"properties":{"任意ID":"214","区分":"第２次緊急輸送道路","枝ID":"1","行政区域":"14100","資料名称":"神奈川県緊急輸送道路ネットワーク計画図","資料年月":"2018 03","路線名称":"横浜市道横浜駅根岸線","道路種別":"主要地方道（指定市市道）"}},{"type":"Feature","geometry":{"type":"LineString","coordinates":[[139.624667516,35.438139038],[139.624654846,35.438159198],[139.624522637,35.438370837],[139.624364209,35.438579297],[139.62419249,35.438843587],[139.624006002,35.439114827],[139.623777874,35.439430626],[139.623688126,35.439597896],[139.623591487,35.439748046],[139.623090651,35.440402405],[139.622733004,35.440877614],[139.622532036,35.441132944],[139.622319528,35.441407624],[139.621848871,35.441985523],[139.621701131,35.442008763],[139.621548671,35.442032903],[139.62135798,35.442064143],[139.620722859,35.442168174],[139.620337349,35.442247054],[139.620100908,35.442302614],[139.619858689,35.442398164],[139.619589789,35.442520694],[139.619308799,35.442669784],[139.619174809,35.442751494],[139.61889532,35.442893304],[139.6185438,35.443029964],[139.61842256,35.443069854],[139.61789675,35.443232064],[139.617360909,35.443377624],[139.616675089,35.443579574],[139.616540199,35.443623584],[139.616356939,35.443683424],[139.616162029,35.443747064],[139.615578139,35.443997634],[139.61543203,35.444111774],[139.61535271,35.444177294],[139.615137261,35.444397044],[139.614858224,35.444812713],[139.614610646,35.445193443],[139.614568217,35.445249153],[139.614177101,35.445835862],[139.614080642,35.446021782],[139.614033344,35.446266541],[139.613984266,35.446484001],[139.613970656,35.446579561],[139.613879281,35.44708741],[139.613856912,35.44721225],[139.613770945,35.447695109],[139.613750386,35.447796499],[139.613750388,35.447971219],[139.613881222,35.448416218],[139.613881225,35.448720657],[139.613867346,35.448889567],[139.613863787,35.449007717],[139.613854848,35.449149557],[139.613835069,35.449239346],[139.61376401,35.449413436],[139.613432744,35.450000385],[139.613283256,35.450265195],[139.613165371,35.450882864],[139.613059565,35.451524743],[139.612940161,35.452299132],[139.612849986,35.452854041],[139.612800388,35.453132301],[139.612779909,35.45331206],[139.612724422,35.45366816],[139.612626406,35.454240769]]},"properties":{"任意ID":"215","区分":"第２次緊急輸送道路","枝ID":"1","行政区域":"14100","資料名称":"神奈川県緊急輸送道路ネットワーク計画図","資料年月":"2018 03","路線名称":"横浜市道藤棚伊勢佐木線","道路種別":"主要地方道（指定市市道）"}},{"type":"Feature","geometry":{"type":"LineString","coordinates":[[139.596270016,35.443645545],[139.596248084,35.443513735],[139.596245304,35.443484245],[139.59614391,35.443046516],[139.596075017,35.442674856],[139.596061154,35.442365397],[139.59605449,35.441897088],[139.596055788,35.441667078],[139.5960475,35.44071402],[139.596042626,35.440297281],[139.596039345,35.440184931],[139.596024543,35.439986841],[139.59603434,35.439612782],[139.596041863,35.438898023],[139.596044722,35.438750804],[139.59606748,35.438576794],[139.596182068,35.438327954],[139.596262487,35.438192915],[139.596336217,35.438127505],[139.596541756,35.437977505],[139.596695805,35.437887715],[139.596910535,35.437797635],[139.597163055,35.437694295],[139.597410225,35.437626545],[139.597835504,35.437433225],[139.597990233,35.437330135],[139.598070293,35.437270705],[139.598736109,35.436703636],[139.598896918,35.436561806],[139.599289496,35.436235067],[139.599760313,35.435836857],[139.600081791,35.435567188],[139.600679448,35.435057588],[139.601184736,35.434599319],[139.601963306,35.433333751],[139.602210253,35.432942051],[139.602301132,35.432809482],[139.602665918,35.432227732],[139.603103964,35.431678193],[139.603304742,35.431426073],[139.603426031,35.431265974],[139.603611879,35.431040424],[139.603679679,35.430951764],[139.603886917,35.430692204],[139.604169094,35.430353485],[139.604774619,35.429598576],[139.604963657,35.429369456],[139.605280115,35.428986917],[139.605497732,35.428684517],[139.605902549,35.428192258],[139.606083187,35.427964308],[139.606340675,35.427651798]]},"properties":{"任意ID":"216","区分":"第２次緊急輸送道路","枝ID":"1","行政区域":"14100","資料名称":"神奈川県緊急輸送道路ネットワーク計画図","資料年月":"2018 03","路線名称":"横浜市道保土ヶ谷宮元線","道路種別":"主要地方道（指定市市道）"}},{"type":"Feature","geometry":{"type":"LineString","coordinates":[[139.681606714,35.508489151],[139.681825593,35.50834169],[139.682284361,35.50804206],[139.682813709,35.50769644],[139.683335708,35.507357559],[139.683535627,35.507228219],[139.683766026,35.507067229],[139.683826265,35.506964029],[139.683829684,35.506827149],[139.683806533,35.506639739],[139.683750692,35.506516379],[139.683775961,35.506456989],[139.683786801,35.506431399],[139.684098206,35.505705259],[139.684150365,35.505584789],[139.684272594,35.505324029],[139.68451213,35.504813849],[139.684608569,35.504608249],[139.684797036,35.504201049],[139.684973184,35.503876649],[139.685333189,35.503159449],[139.685476237,35.502883869],[139.685636494,35.502552509],[139.685757773,35.502302339],[139.685827342,35.502164139],[139.686152127,35.501492179],[139.686286696,35.501259559],[139.686499713,35.500826089],[139.68665198,35.500516509],[139.686896077,35.500000259],[139.687031215,35.499714429],[139.687092474,35.499549529],[139.687364219,35.49893149],[139.687541756,35.49848665],[139.687569885,35.49839781],[139.687585375,35.49833831],[139.68773517,35.49776417],[139.687754628,35.497632855]]},"properties":{"任意ID":"217","区分":"第２次緊急輸送道路","枝ID":"1","行政区域":"14100","資料名称":"神奈川県緊急輸送道路ネットワーク計画図","資料年月":"2018 03","路線名称":"横浜市道汐入豊岡線","道路種別":"市町村道（認定道路）"}},{"type":"Feature","geometry":{"type":"LineString","coordinates":[[139.674457493,35.513746306],[139.674449731,35.513495017],[139.674512945,35.512731607],[139.674524335,35.512665977],[139.674534344,35.512541947],[139.674554072,35.512314717],[139.674574931,35.512128327],[139.674602408,35.511790428],[139.674629874,35.511328928],[139.674678251,35.510849168],[139.674685169,35.510590268],[139.674705717,35.510336938],[139.674705717,35.510286528],[139.674712645,35.510032849],[139.674726554,35.509936929],[139.674726553,35.509796099],[139.674740162,35.509671879],[139.6747471,35.509407479],[139.674747099,35.509243599],[139.674747096,35.508838039],[139.674802734,35.508644149],[139.674810822,35.5083336],[139.674825268,35.50777889]]},"properties":{"任意ID":"218","区分":"第２次緊急輸送道路","枝ID":"1","行政区域":"14100","資料名称":"神奈川県緊急輸送道路ネットワーク計画図","資料年月":"2018 03","路線名称":"横浜市道下末吉第383号線","道路種別":"市町村道（認定道路）"}},{"type":"Feature","geometry":{"type":"LineString","coordinates":[[139.655324487,35.48568061],[139.655142839,35.486071489],[139.65509383,35.486177009],[139.654999831,35.486377079],[139.654954862,35.486472789],[139.65483608,35.48672527],[139.654751145,35.486905809],[139.654531547,35.487351289],[139.65434732,35.487708378],[139.654202741,35.487973638],[139.654005923,35.488255478],[139.653690954,35.488547068],[139.653066567,35.489001978],[139.653011207,35.489038198],[139.652766088,35.489217758],[139.652496749,35.489421328],[139.651847061,35.489878198]]},"properties":{"任意ID":"219","区分":"第２次緊急輸送道路","枝ID":"1","行政区域":"14100","資料名称":"神奈川県緊急輸送道路ネットワーク計画図","資料年月":"2018 03","路線名称":"横浜市道子安守屋町線","道路種別":"市町村道（認定道路）"}},{"type":"Feature","geometry":{"type":"LineString","coordinates":[[139.65566243,35.486344477],[139.655654951,35.486483875],[139.655640318,35.486537483],[139.655618367,35.486595966],[139.655557393,35.48671293],[139.655503736,35.486805527],[139.655406177,35.486963917],[139.655181788,35.486881067],[139.655033009,35.486817711],[139.65483608,35.48672527]]},"properties":{"任意ID":"220","区分":"第２次緊急輸送道路","枝ID":"1","行政区域":"14100","資料名称":"神奈川県緊急輸送道路ネットワーク計画図","資料年月":"2018 03","路線名称":"横浜市道浦島第82/大口第708号線","道路種別":"市町村道（認定道路）"}},{"type":"Feature","geometry":{"type":"LineString","coordinates":[[139.655324487,35.48568061],[139.655440314,35.485767468],[139.655784214,35.485962408],[139.65601592,35.486098866],[139.656120798,35.486137854],[139.656428112,35.486213394],[139.656720793,35.486284059],[139.656864694,35.4863133],[139.656854939,35.486393714],[139.656845183,35.486410771],[139.656711039,35.486593528],[139.656616507,35.486675157]]},"properties":{"任意ID":"220","区分":"第２次緊急輸送道路","枝ID":"2","行政区域":"14100","資料名称":"神奈川県緊急輸送道路ネットワーク計画図","資料年月":"2018 03","路線名称":"横浜市道浦島第82/大口第708号線","道路種別":"市町村道（認定道路）"}},{"type":"Feature","geometry":{"type":"LineString","coordinates":[[139.580484313,35.564073815],[139.580427231,35.563798875],[139.580356668,35.563361646],[139.580231084,35.562655236],[139.580132131,35.562128827],[139.580109941,35.562009967],[139.579979157,35.561452497],[139.579848314,35.560979718],[139.579761923,35.560795818],[139.579217756,35.559661939],[139.579061164,35.559340739],[139.578935802,35.5590836],[139.578556717,35.5583336],[139.57798315,35.557198871],[139.577847738,35.556923051],[139.577419052,35.556012072],[139.577377621,35.555928672],[139.576719672,35.554672503],[139.57657716,35.554366944],[139.576436728,35.554091904],[139.576164375,35.553557774],[139.575781869,35.552798325],[139.575481405,35.552180936],[139.575440575,35.552097116],[139.575290482,35.551789166],[139.575253812,35.551695436],[139.575209271,35.551594336],[139.57512048,35.551392776],[139.575002418,35.551132227],[139.574736404,35.550545127],[139.57450363,35.550000278],[139.574362848,35.549742288],[139.574167945,35.549292458],[139.573887852,35.548758269],[139.57380381,35.548571139],[139.573128501,35.54722528],[139.572883778,35.54674028],[139.572769046,35.5465208],[139.572589604,35.546176951],[139.572339881,35.545766391],[139.572170159,35.545502231],[139.571950717,35.545198331],[139.571645434,35.544807501],[139.57118129,35.544321742],[139.571011809,35.544144732],[139.569933471,35.543120562],[139.569679889,35.542886273],[139.568689852,35.541962513],[139.568592081,35.541873303],[139.56841402,35.541710833],[139.568309119,35.541625863],[139.567965127,35.541347233],[139.567586234,35.541023063],[139.566694049,35.540500594],[139.566492338,35.540418054],[139.565583464,35.540079824],[139.565354293,35.539998583],[139.565137793,35.539919193],[139.564875951,35.539813333],[139.563508506,35.539325633],[139.563308955,35.539251783],[139.563002884,35.539138333],[139.561518988,35.538600283],[139.561190927,35.538487783],[139.560683914,35.538246103],[139.560508983,35.538139453],[139.560248892,35.538001373],[139.560095961,35.537922353],[139.55984953,35.537788614],[139.559335757,35.537458594],[139.559166746,35.537344454],[139.558335632,35.536801394],[139.55797989,35.536568964],[139.557775118,35.536432604],[139.557596457,35.536294454],[139.55635017,35.535440885],[139.556138129,35.535283335],[139.555903957,35.535123055],[139.555639706,35.534923745],[139.555439214,35.534778616],[139.55477978,35.534306676],[139.554368108,35.533986116],[139.554166046,35.533810016],[139.553627772,35.533333617],[139.553468661,35.533182787],[139.553152029,35.532857537],[139.552956437,35.532643908],[139.552513933,35.532163338],[139.552283091,35.531935568],[139.551253922,35.530668139],[139.55105535,35.530452549],[139.550646957,35.53000967],[139.550331968,35.529674518],[139.549764439,35.52907065],[139.549139224,35.528456191],[139.548715611,35.528055061]]},"properties":{"任意ID":"221","区分":"第２次緊急輸送道路","枝ID":"1","行政区域":"14100","資料名称":"神奈川県緊急輸送道路ネットワーク計画図","資料年月":"2018 03","路線名称":"横浜市道中山北山田線","道路種別":"市町村道（認定道路）"}},{"type":"Feature","geometry":{"type":"LineString","coordinates":[[139.548592054,35.576822073],[139.548067756,35.576654096],[139.547816966,35.576571066],[139.547696925,35.576546626],[139.547361555,35.576512346],[139.547302474,35.576506336],[139.546385063,35.576416946],[139.546320243,35.576410776],[139.545912242,35.576371905],[139.545619801,35.576350605],[139.54496014,35.576297885],[139.54469283,35.576270525],[139.544320579,35.576236905],[139.544182799,35.576219965],[139.543714058,35.576174665],[139.543038937,35.576101635],[139.542801386,35.576054124],[139.542618645,35.575966345],[139.542482264,35.575839885],[139.541965591,35.575312925],[139.541669178,35.575007875],[139.541316396,35.574642186],[139.540985833,35.574248016],[139.540716941,35.573971906],[139.54055235,35.573807556],[139.540516519,35.573772926],[139.539855565,35.573166347],[139.539690274,35.573008567],[139.538911947,35.572017198],[139.538760025,35.571797588]]},"properties":{"任意ID":"222","区分":"第２次緊急輸送道路","枝ID":"1","行政区域":"14100","資料名称":"神奈川県緊急輸送道路ネットワーク計画図","資料年月":"2018 03","路線名称":"横浜市道新石川第56号線","道路種別":"市町村道（認定道路）"}},{"type":"Feature","geometry":{"type":"LineString","coordinates":[[139.538760025,35.571797588],[139.538519155,35.571893288],[139.538408876,35.571932738],[139.538179076,35.572014928],[139.537985596,35.572084067],[139.536814367,35.572525756],[139.536320827,35.572715506],[139.536148648,35.572794376],[139.535932988,35.572873196],[139.535645818,35.572986066],[139.535101378,35.573188845],[139.534798469,35.573307135],[139.534427949,35.573431155],[139.534074659,35.573549424],[139.533847439,35.573616914],[139.533358059,35.573780214],[139.533143499,35.573836884],[139.532887379,35.573908874]]},"properties":{"任意ID":"223","区分":"第２次緊急輸送道路","枝ID":"1","行政区域":"14100","資料名称":"神奈川県緊急輸送道路ネットワーク計画図","資料年月":"2018 03","路線名称":"横浜市道黒須田第133号線","道路種別":"市町村道（認定道路）"}},{"type":"Feature","geometry":{"type":"LineString","coordinates":[[139.532887379,35.573908874],[139.532932147,35.573586874],[139.533013595,35.573138015],[139.533028324,35.573066625],[139.533073403,35.572822055]]},"properties":{"任意ID":"224","区分":"第２次緊急輸送道路","枝ID":"1","行政区域":"14100","資料名称":"神奈川県緊急輸送道路ネットワーク計画図","資料年月":"2018 03","路線名称":"横浜市道美しが丘第西第296号線","道路種別":"市町村道（認定道路）"}},{"type":"Feature","geometry":{"type":"LineString","coordinates":[[139.533073403,35.572822055],[139.531625008,35.572361715],[139.531974379,35.572475235],[139.531215227,35.572231395],[139.530689005,35.572062625],[139.530526365,35.572005515],[139.529962293,35.571816105],[139.529640531,35.571696345],[139.528488858,35.571323285],[139.528156077,35.571222455],[139.527742585,35.571087215],[139.527147223,35.570869025],[139.52636133,35.570499676],[139.525840797,35.570129406],[139.525668846,35.569977186],[139.525628596,35.569938016],[139.525523455,35.569835696],[139.525435234,35.569748006],[139.525296613,35.569565776]]},"properties":{"任意ID":"225","区分":"第２次緊急輸送道路","枝ID":"1","行政区域":"14100","資料名称":"神奈川県緊急輸送道路ネットワーク計画図","資料年月":"2018 03","路線名称":"横浜市道美しが丘第西第345号線","道路種別":"市町村道（認定道路）"}},{"type":"Feature","geometry":{"type":"LineString","coordinates":[[139.525296613,35.569565776],[139.525206892,35.569368566],[139.52511744,35.569138006],[139.525002449,35.568897267],[139.524945178,35.568777367],[139.524814057,35.568563227],[139.524648835,35.568360517],[139.524338833,35.568084407],[139.52386359,35.567695557],[139.523649938,35.567453288],[139.523450216,35.567126358],[139.523359935,35.566992458],[139.523265775,35.566883568],[139.523153674,35.566733418],[139.523010102,35.566569518],[139.522636869,35.566056068],[139.522531708,35.565896359],[139.522333816,35.565611069],[139.522147983,35.565261629],[139.522017131,35.564946299],[139.52196881,35.564675789],[139.521968808,35.56438302],[139.522017117,35.56420285],[139.522120476,35.56394912],[139.522154915,35.56379719],[139.522147973,35.563549131],[139.522078792,35.563368141],[139.52195519,35.563053301],[139.521865489,35.562856061]]},"properties":{"任意ID":"226","区分":"第２次緊急輸送道路","枝ID":"1","行政区域":"14100","資料名称":"神奈川県緊急輸送道路ネットワーク計画図","資料年月":"2018 03","路線名称":"横浜市道黒須田第224号線","道路種別":"市町村道（認定道路）"}},{"type":"Feature","geometry":{"type":"LineString","coordinates":[[139.495570439,35.555342148],[139.495475979,35.555308018],[139.495412889,35.555279948],[139.494992847,35.555127818],[139.494591516,35.554973428],[139.494438215,35.554920977],[139.494133734,35.554826997],[139.493561273,35.554667477],[139.493359562,35.554637176],[139.493187292,35.554626056],[139.492994252,35.554665496],[139.492870602,35.554704436],[139.492767112,35.554736686],[139.492505102,35.554817456],[139.492191113,35.554911395],[139.491988213,35.554977165],[139.491739803,35.555055815]]},"properties":{"任意ID":"227","区分":"第２次緊急輸送道路","枝ID":"1","行政区域":"14100","資料名称":"神奈川県緊急輸送道路ネットワーク計画図","資料年月":"2018 03","路線名称":"横浜市道奈良第172号線","道路種別":"市町村道（認定道路）"}},{"type":"Feature","geometry":{"type":"LineString","coordinates":[[139.483878425,35.553492157],[139.483899261,35.554602677],[139.483892312,35.554833267],[139.483850915,35.555300906],[139.483775007,35.555831076],[139.483629812,35.556754746],[139.483582273,35.556980196],[139.483527165,35.557328385],[139.483487396,35.557507875],[139.483478717,35.557571325],[139.483478717,35.557684105],[139.483464828,35.557774105],[139.48346483,35.558191045],[139.483479361,35.558333555],[139.483533114,35.558860305],[139.483616508,35.559684385],[139.48364949,35.559946525]]},"properties":{"任意ID":"228","区分":"第２次緊急輸送道路","枝ID":"1","行政区域":"14100","資料名称":"神奈川県緊急輸送道路ネットワーク計画図","資料年月":"2018 03","路線名称":"横浜市道奈良第68号線","道路種別":"市町村道（認定道路）"}},{"type":"Feature","geometry":{"type":"LineString","coordinates":[[139.488506763,35.553951752],[139.487957581,35.553864661],[139.487875081,35.553859101],[139.487730371,35.553831061],[139.48737674,35.553785471],[139.486916909,35.55372378],[139.485921248,35.553600009],[139.485699437,35.553577329],[139.485629937,35.553570209],[139.485146446,35.553520768],[139.484395795,35.553486618],[139.483878425,35.553492157]]},"properties":{"任意ID":"229","区分":"第２次緊急輸送道路","枝ID":"1","行政区域":"14100","資料名称":"神奈川県緊急輸送道路ネットワーク計画図","資料年月":"2018 03","路線名称":"横浜市道奈良第142号線","道路種別":"市町村道（認定道路）"}},{"type":"Feature","geometry":{"type":"LineString","coordinates":[[139.489759885,35.554150483],[139.488506763,35.553951752]]},"properties":{"任意ID":"230","区分":"第２次緊急輸送道路","枝ID":"1","行政区域":"14100","資料名称":"神奈川県緊急輸送道路ネットワーク計画図","資料年月":"2018 03","路線名称":"横浜市道奈良第165号線","道路種別":"市町村道（認定道路）"}},{"type":"Feature","geometry":{"type":"LineString","coordinates":[[139.48364949,35.559946525],[139.48366511,35.560070645],[139.483670521,35.560117475],[139.483681271,35.560210375],[139.483772345,35.560997715],[139.483779846,35.561099105],[139.483798736,35.561204115],[139.483832347,35.561264105],[139.483955068,35.561414715]]},"properties":{"任意ID":"231","区分":"第２次緊急輸送道路","枝ID":"1","行政区域":"14100","資料名称":"神奈川県緊急輸送道路ネットワーク計画図","資料年月":"2018 03","路線名称":"横浜市道長津田奈良線","道路種別":"市町村道（認定道路）"}},{"type":"Feature","geometry":{"type":"LineString","coordinates":[[139.483955068,35.561414715],[139.4836784,35.561932555],[139.483580361,35.562092475],[139.483354142,35.562413404],[139.482819415,35.563124214],[139.482367358,35.563734103],[139.482313488,35.563809103]]},"properties":{"任意ID":"232","区分":"第２次緊急輸送道路","枝ID":"1","行政区域":"14100","資料名称":"神奈川県緊急輸送道路ネットワーク計画図","資料年月":"2018 03","路線名称":"横浜市道奈良第21号線","道路種別":"市町村道（認定道路）"}},{"type":"Feature","geometry":{"type":"LineString","coordinates":[[139.482313488,35.563809103],[139.48230736,35.564112443],[139.482267362,35.564471603],[139.482245144,35.564799933],[139.482193207,35.565377713],[139.482171808,35.565594943],[139.48213555,35.566120163],[139.482121261,35.566281603],[139.482094203,35.566666883],[139.482084134,35.566794223],[139.482052375,35.567059383],[139.48199682,35.567994663],[139.481958143,35.568450403],[139.481955724,35.568744103],[139.482016967,35.569256283],[139.482038228,35.569346603],[139.482079618,35.569481883],[139.482160909,35.569646673],[139.482244891,35.569842713],[139.482548234,35.570411603],[139.482858227,35.570918824],[139.482909688,35.570993814],[139.482964448,35.571074934]]},"properties":{"任意ID":"233","区分":"第２次緊急輸送道路","枝ID":"1","行政区域":"14100","資料名称":"神奈川県緊急輸送道路ネットワーク計画図","資料年月":"2018 03","路線名称":"横浜市道緑山第1号線","道路種別":"市町村道（認定道路）"}},{"type":"Feature","geometry":{"type":"LineString","coordinates":[[139.479914909,35.465501387],[139.479946942,35.465926106],[139.480033686,35.466601745],[139.480039857,35.466641025],[139.480095639,35.466996184],[139.48010229,35.467097564],[139.480254207,35.468205241],[139.480353072,35.46889685],[139.480468037,35.469636288],[139.480505159,35.469878387],[139.48052004,35.470028147],[139.480574534,35.470576786],[139.48062761,35.471515284],[139.480661294,35.472100842],[139.480667296,35.472442952],[139.480694019,35.472793071],[139.480673473,35.473457759],[139.480659859,35.474324857],[139.480659861,35.474612466],[139.480650504,35.475000336],[139.480639037,35.475475055],[139.480625421,35.476032553],[139.480618503,35.476335003],[139.480591211,35.47752741],[139.480570816,35.478361678],[139.4805568,35.478929747],[139.480508363,35.480923962],[139.480473515,35.482748518],[139.480455029,35.483333647],[139.480432424,35.484049486]]},"properties":{"任意ID":"234","区分":"第２次緊急輸送道路","枝ID":"1","行政区域":"14100","資料名称":"神奈川県緊急輸送道路ネットワーク計画図","資料年月":"2018 03","路線名称":"横浜市道環状4号上瀬谷線","道路種別":"市町村道（認定道路）"}},{"type":"Feature","geometry":{"type":"LineString","coordinates":[[139.47980888,35.498206395],[139.479128769,35.498211544],[139.478976159,35.498212704],[139.478948209,35.498212914],[139.478853709,35.498213654],[139.478468209,35.498216553],[139.478220209,35.498200953],[139.476973318,35.498217101],[139.476909188,35.498219391]]},"properties":{"任意ID":"235","区分":"第２次緊急輸送道路","枝ID":"1","行政区域":"14100","資料名称":"神奈川県緊急輸送道路ネットワーク計画図","資料年月":"2018 03","路線名称":"横浜市道目黒第28号線","道路種別":"市町村道（認定道路）"}},{"type":"Feature","geometry":{"type":"LineString","coordinates":[[139.494026992,35.497445043],[139.493933882,35.497454782],[139.493712832,35.497477932],[139.493469782,35.497501132],[139.492517713,35.497628751],[139.492209493,35.497673561],[139.491730093,35.4977078],[139.491217582,35.497744369],[139.490538722,35.497792829],[139.490095702,35.497824448],[139.489107082,35.497865017],[139.488537652,35.497886497],[139.487885501,35.497910206],[139.487440341,35.497917526],[139.486743351,35.497948065],[139.485342251,35.497993733],[139.4845961,35.498015562],[139.48425589,35.498032241],[139.48332253,35.49805036],[139.48282696,35.498071399],[139.48236927,35.498082539],[139.48214458,35.498093368],[139.48163565,35.498099738],[139.4810992,35.498110837],[139.480109729,35.498167785],[139.47980888,35.498206395]]},"properties":{"任意ID":"236","区分":"第２次緊急輸送道路","枝ID":"1","行政区域":"14100","資料名称":"神奈川県緊急輸送道路ネットワーク計画図","資料年月":"2018 03","路線名称":"横浜市道五貫目第33号線","道路種別":"市町村道（認定道路）"}},{"type":"Feature","geometry":{"type":"LineString","coordinates":[[139.476909188,35.498219391],[139.476549648,35.498234451],[139.475683878,35.498258459],[139.475488208,35.498266279],[139.475345768,35.498270099],[139.475145898,35.498275459],[139.474896788,35.498282148],[139.474696018,35.498287528],[139.473913377,35.498313047],[139.473486797,35.498341106],[139.473156467,35.498357756],[139.472426637,35.498425294],[139.471794247,35.498504053],[139.471523667,35.498540043],[139.471346117,35.498571942],[139.470988168,35.498644972],[139.470891708,35.498661652],[139.470148709,35.49885884],[139.469900849,35.498943609],[139.469776819,35.498988659],[139.46935166,35.499159618],[139.469088681,35.499286907],[139.468599802,35.499579936],[139.468028635,35.499996654],[139.467781286,35.500207573],[139.467651077,35.500333233]]},"properties":{"任意ID":"236","区分":"第２次緊急輸送道路","枝ID":"2","行政区域":"14100","資料名称":"神奈川県緊急輸送道路ネットワーク計画図","資料年月":"2018 03","路線名称":"横浜市道五貫目第33号線","道路種別":"市町村道（認定道路）"}},{"type":"Feature","geometry":{"type":"LineString","coordinates":[[139.524936277,35.521868037],[139.524706047,35.521994457],[139.523856179,35.522438106],[139.522298433,35.523250594],[139.521799664,35.523511123],[139.521515495,35.523663343],[139.521264776,35.523786532],[139.520939925,35.523797232],[139.520809395,35.523781112],[139.520719925,35.523786672],[139.520292704,35.523758612],[139.519727433,35.523690552],[139.519486053,35.523645521],[139.519085772,35.523566951],[139.518825131,35.523530691],[139.518729661,35.523517231],[139.51819216,35.523462221],[139.51793713,35.523456671],[139.517365499,35.52346778],[139.516751869,35.52348473],[139.516652878,35.52349129],[139.516308198,35.52351418],[139.515732898,35.523545019],[139.515621988,35.523552789],[139.515567368,35.523556619],[139.515403058,35.523568359],[139.515044937,35.523613609],[139.514844937,35.523641658],[139.514128268,35.523816388],[139.513949038,35.523872807],[139.513848398,35.523911157],[139.513723408,35.523958757],[139.513397449,35.524083807],[139.51282605,35.524308886],[139.51266842,35.524380416],[139.511853112,35.524750885],[139.511630758,35.524885614],[139.511525086,35.524938402],[139.511466966,35.524977992],[139.511350727,35.525094125],[139.511078622,35.525318473],[139.510877845,35.525521705],[139.510695562,35.52575925],[139.510563473,35.525983598],[139.510468029,35.526219941],[139.51030722,35.526495638],[139.510087951,35.526712068],[139.509823771,35.526944333],[139.509490905,35.527168681],[139.509165963,35.527340241],[139.508994245,35.527414143],[139.508608542,35.527543473],[139.50832851,35.527622654],[139.507781656,35.527781017],[139.507308773,35.527923543],[139.506600768,35.52810566],[139.506328662,35.528171644],[139.506188646,35.528211235],[139.505972018,35.528266662],[139.50569727,35.528348483],[139.505541403,35.528395991],[139.505435731,35.528438221],[139.504740936,35.528691602],[139.504635264,35.528739111],[139.504001231,35.529010967],[139.503412108,35.529235314],[139.50331172,35.529288102],[139.502928658,35.529449104],[139.502207445,35.529739435],[139.502020583,35.529835277]]},"properties":{"任意ID":"237","区分":"第２次緊急輸送道路","枝ID":"1","行政区域":"14100","資料名称":"神奈川県緊急輸送道路ネットワーク計画図","資料年月":"2018 03","路線名称":"横浜市道山下長津田線","道路種別":"市町村道（認定道路）"}},{"type":"Feature","geometry":{"type":"LineString","coordinates":[[139.542295629,35.511013741],[139.541909798,35.51108164],[139.5413286,35.511240003],[139.540768537,35.511387808],[139.540377549,35.511525056],[139.540113369,35.511641189],[139.539986562,35.511715092],[139.539785785,35.51185234],[139.539553307,35.512000146],[139.539172887,35.512274642],[139.539035514,35.512369659],[139.538602259,35.512760288],[139.538496587,35.512886979],[139.538211273,35.51314036],[139.537999929,35.513298723],[139.537598376,35.513636564],[139.537019822,35.514153883],[139.536782061,35.514386149],[139.536269553,35.514877075],[139.535751761,35.515373279],[139.535350207,35.515732235],[139.535101879,35.515964501],[139.534283865,35.516733408]]},"properties":{"任意ID":"237","区分":"第２次緊急輸送道路","枝ID":"2","行政区域":"14100","資料名称":"神奈川県緊急輸送道路ネットワーク計画図","資料年月":"2018 03","路線名称":"横浜市道山下長津田線","道路種別":"市町村道（認定道路）"}},{"type":"Feature","geometry":{"type":"LineString","coordinates":[[139.557887053,35.506589401],[139.558090871,35.506283239],[139.558497708,35.506003464],[139.558883411,35.505723689],[139.559216278,35.505459751],[139.559681235,35.505127188],[139.560061654,35.504831577],[139.560431506,35.504567638],[139.560848911,35.504272027],[139.561202912,35.50408727],[139.561657303,35.503934186],[139.562053575,35.503855004],[139.56251325,35.503775823],[139.562941224,35.503791659],[139.563268809,35.503818053],[139.563611174,35.503847235]]},"properties":{"任意ID":"237","区分":"第２次緊急輸送道路","枝ID":"3","行政区域":"14100","資料名称":"神奈川県緊急輸送道路ネットワーク計画図","資料年月":"2018 03","路線名称":"横浜市道山下長津田線","道路種別":"市町村道（認定道路）"}},{"type":"Feature","geometry":{"type":"LineString","coordinates":[[139.534283865,35.516733408],[139.533931777,35.517085498],[139.533722418,35.517260848],[139.533577698,35.517365297],[139.533380479,35.517488627],[139.5330248,35.517687177],[139.53263325,35.517868906],[139.532140481,35.518120846],[139.531177263,35.518615615],[139.530748114,35.518850264],[139.529834706,35.519331373],[139.529060368,35.519750692],[139.528699359,35.519936562],[139.52795871,35.520316731],[139.525622245,35.521515908],[139.524936277,35.521868037]]},"properties":{"任意ID":"238","区分":"第２次緊急輸送道路","枝ID":"1","行政区域":"14100","資料名称":"神奈川県緊急輸送道路ネットワーク計画図","資料年月":"2018 03","路線名称":"横浜市道北八朔南部第152号線","道路種別":"市町村道（認定道路）"}},{"type":"Feature","geometry":{"type":"LineString","coordinates":[[139.618777,35.469058115],[139.618767803,35.469476495],[139.618774744,35.469622854],[139.618774045,35.469714684],[139.618773365,35.469804994],[139.618767811,35.470536063],[139.618767816,35.471251182],[139.618754209,35.471634242],[139.618754211,35.471921741],[139.618788373,35.472135901],[139.618897424,35.472314961],[139.618999765,35.472417301],[139.619138956,35.47251305],[139.619325328,35.47264285],[139.619676431,35.47290785],[139.620041484,35.473257329],[139.620412838,35.473572568],[139.620605629,35.473707588],[139.620818941,35.473848388],[139.620979962,35.473959228],[139.621789508,35.474468397],[139.622415732,35.474834576],[139.622530733,35.474903816],[139.622941706,35.475161185]]},"properties":{"任意ID":"239","区分":"第２次緊急輸送道路","枝ID":"1","行政区域":"14100","資料名称":"神奈川県緊急輸送道路ネットワーク計画図","資料年月":"2018 03","路線名称":"横浜市道六角橋第394号線","道路種別":"市町村道（認定道路）"}},{"type":"Feature","geometry":{"type":"LineString","coordinates":[[139.644919365,35.439561142],[139.645049136,35.439619542],[139.645247167,35.439708501],[139.646010343,35.44006852],[139.647742764,35.440854758],[139.648272767,35.441094197],[139.648375398,35.441133877],[139.649780925,35.441667035],[139.650198317,35.441825385],[139.651235522,35.442231863],[139.651720183,35.442399093],[139.652299376,35.442593712],[139.65298246,35.443136231]]},"properties":{"任意ID":"240","区分":"第２次緊急輸送道路","枝ID":"1","行政区域":"14100","資料名称":"神奈川県緊急輸送道路ネットワーク計画図","資料年月":"2018 03","路線名称":"横浜市道山下町第132号線","道路種別":"市町村道（認定道路）"}},{"type":"Feature","geometry":{"type":"LineString","coordinates":[[139.625050421,35.437529779],[139.624667516,35.438139038]]},"properties":{"任意ID":"241","区分":"第１次緊急輸送道路","枝ID":"1","行政区域":"14100","資料名称":"神奈川県緊急輸送道路ネットワーク計画図","資料年月":"2018 03","路線名称":"横浜市道阪東橋浦舟線","道路種別":"市町村道（認定道路）"}},{"type":"Feature","geometry":{"type":"LineString","coordinates":[[139.610477809,35.435550461],[139.610742483,35.434832362],[139.610845951,35.434550323],[139.610999987,35.434102324],[139.611203116,35.433855714],[139.611651032,35.433305735],[139.611974279,35.432934225],[139.612333316,35.432505026],[139.612525045,35.432285936],[139.612587194,35.432212636],[139.612828033,35.431959296]]},"properties":{"任意ID":"242","区分":"第２次緊急輸送道路","枝ID":"1","行政区域":"14100","資料名称":"神奈川県緊急輸送道路ネットワーク計画図","資料年月":"2018 03","路線名称":"横浜市道保土ヶ谷第565号線","道路種別":"市町村道（認定道路）"}},{"type":"Feature","geometry":{"type":"LineString","coordinates":[[139.593226902,35.469554367],[139.593075957,35.468987178],[139.592993985,35.468826758],[139.592873483,35.468601568],[139.592691001,35.468317289],[139.592472418,35.468035479],[139.592356027,35.467919449],[139.592194796,35.46779409],[139.592062755,35.46770869],[139.591742413,35.46753028],[139.591737223,35.46752739],[139.591704952,35.46751091],[139.591473461,35.46741648],[139.59131466,35.46736121],[139.590805198,35.467218421],[139.590786458,35.467215341],[139.590428797,35.467156481],[139.589618595,35.467121481],[139.589224104,35.467123171],[139.588916513,35.467087581],[139.588393541,35.466997592],[139.588302671,35.466970892],[139.58804937,35.466884822],[139.588028909,35.466867912],[139.587787698,35.466783422],[139.587536077,35.466672452],[139.587182405,35.466501463],[139.586065298,35.465976604],[139.585520265,35.465723075],[139.585014072,35.465468795]]},"properties":{"任意ID":"243","区分":"第２次緊急輸送道路","枝ID":"1","行政区域":"14100","資料名称":"神奈川県緊急輸送道路ネットワーク計画図","資料年月":"2018 03","路線名称":"横浜市道常盤台和田町線","道路種別":"市町村道（認定道路）"}},{"type":"Feature","geometry":{"type":"LineString","coordinates":[[139.592764198,35.464096015],[139.592687779,35.464215655],[139.592385751,35.464631204],[139.592234252,35.464817174],[139.591891955,35.465291373],[139.591706307,35.465548433],[139.591668537,35.465596093],[139.591453449,35.465867453]]},"properties":{"任意ID":"244","区分":"第２次緊急輸送道路","枝ID":"1","行政区域":"14100","資料名称":"神奈川県緊急輸送道路ネットワーク計画図","資料年月":"2018 03","路線名称":"横浜市道三ツ沢第42号線","道路種別":"市町村道（認定道路）"}},{"type":"Feature","geometry":{"type":"LineString","coordinates":[[139.593267349,35.462800667],[139.59335629,35.462907057],[139.593363231,35.463070656],[139.593349992,35.463200906],[139.593335743,35.463340926],[139.593273775,35.463594316],[139.593197966,35.463740935],[139.593122437,35.463847845],[139.592915747,35.464011205],[139.592812678,35.464062045],[139.592764198,35.464096015]]},"properties":{"任意ID":"245","区分":"第２次緊急輸送道路","枝ID":"1","行政区域":"14100","資料名称":"神奈川県緊急輸送道路ネットワーク計画図","資料年月":"2018 03","路線名称":"横浜市道三ツ沢第85号線","道路種別":"市町村道（認定道路）"}},{"type":"Feature","geometry":{"type":"LineString","coordinates":[[139.593851827,35.462473157],[139.593057863,35.462173648],[139.592458,35.461950738],[139.591558336,35.461665139],[139.591318484,35.461569969],[139.591156974,35.461540649]]},"properties":{"任意ID":"246","区分":"第２次緊急輸送道路","枝ID":"1","行政区域":"14100","資料名称":"神奈川県緊急輸送道路ネットワーク計画図","資料年月":"2018 03","路線名称":"横浜市道三ツ沢第232号線","道路種別":"市町村道（認定道路）"}},{"type":"Feature","geometry":{"type":"LineString","coordinates":[[139.591156974,35.461540649],[139.590996503,35.46151219],[139.590431,35.46128982],[139.590052398,35.46114342]]},"properties":{"任意ID":"247","区分":"第２次緊急輸送道路","枝ID":"1","行政区域":"14100","資料名称":"神奈川県緊急輸送道路ネットワーク計画図","資料年月":"2018 03","路線名称":"横浜市道三ツ沢第222号線","道路種別":"市町村道（認定道路）"}},{"type":"Feature","geometry":{"type":"LineString","coordinates":[[139.590052398,35.46114342],[139.590066266,35.460929261],[139.589825365,35.460810891],[139.589584324,35.460709551],[139.589391553,35.460658722],[139.589212702,35.460630652],[139.589006172,35.460613702],[139.588882341,35.460591212],[139.58872404,35.460529272],[139.588276807,35.460247613]]},"properties":{"任意ID":"248","区分":"第２次緊急輸送道路","枝ID":"1","行政区域":"14100","資料名称":"神奈川県緊急輸送道路ネットワーク計画図","資料年月":"2018 03","路線名称":"横浜市道上星川第476号線","道路種別":"市町村道（認定道路）"}},{"type":"Feature","geometry":{"type":"LineString","coordinates":[[139.587727187,35.460411023],[139.587856006,35.460256623],[139.587933047,35.460320013],[139.587974997,35.460344893],[139.588071928,35.460371922],[139.588276807,35.460247613]]},"properties":{"任意ID":"249","区分":"第２次緊急輸送道路","枝ID":"1","行政区域":"14100","資料名称":"神奈川県緊急輸送道路ネットワーク計画図","資料年月":"2018 03","路線名称":"横浜市道天王町第46号線","道路種別":"市町村道（認定道路）"}},{"type":"Feature","geometry":{"type":"LineString","coordinates":[[139.562127579,35.458483724],[139.562167058,35.458333725],[139.562267045,35.457953775],[139.562390224,35.457763836],[139.562533333,35.457635776],[139.562874722,35.457447526],[139.563129962,35.457410036],[139.563456292,35.457362606],[139.563621482,35.457334286],[139.563765922,35.457294836],[139.563896751,35.457176506],[139.56402055,35.456985007],[139.564220417,35.456630047],[139.564392306,35.456404848],[139.564502585,35.456292078],[139.564647024,35.456168178],[139.564702284,35.456123168],[139.565108413,35.455897629],[139.565343302,35.455798949],[139.565655222,35.455672769],[139.565840231,35.455603759],[139.565975571,35.455548469],[139.566154521,35.455492059],[139.5664023,35.455373729],[139.56651952,35.455328759],[139.566663699,35.4551651],[139.566681009,35.45513104],[139.566948525,35.45460215],[139.567000904,35.454466511],[139.567118123,35.454337071],[139.567462291,35.454072351],[139.56777906,35.453869512],[139.568012829,35.453694862],[139.568242528,35.453475462],[139.568384507,35.453339852],[139.568515356,35.453232622],[139.568708135,35.453103183],[139.568831365,35.453025513],[139.568976764,35.452934003],[139.569197034,35.452844013],[139.569355354,35.452827073],[139.569892285,35.452849563],[139.570078145,35.452860953],[139.570140075,35.452872073],[139.570903667,35.452939852],[139.571530068,35.452922902],[139.571777478,35.452889102],[139.571884048,35.452875152],[139.572053478,35.452836782],[139.572180448,35.452800322],[139.572441497,35.452708252],[139.572676497,35.452600262],[139.572865176,35.452524132],[139.573209786,35.452393452],[139.573338615,35.452320832],[139.573824503,35.451999903],[139.573978213,35.451884183],[139.574125762,35.451774813],[139.57453411,35.451472123],[139.57474285,35.451479283],[139.575053291,35.451455213],[139.575233421,35.451441233],[139.575790921,35.451373463],[139.576066161,35.451322903],[139.576231441,35.451249563],[139.57643116,35.451131233],[139.57658255,35.451052353],[139.57668561,35.451012903],[139.57696116,35.450990403],[139.577707051,35.451001543],[139.578007042,35.451007353],[139.578337543,35.451035402],[139.578433963,35.451057902],[139.578599204,35.451131202],[139.578729695,35.451238102],[139.578929507,35.451412901],[139.579080889,35.451593181],[139.579260061,35.451863741],[139.579397582,35.45195957],[139.579720994,35.45208338],[139.579913885,35.45216231],[139.580123506,35.45223154],[139.580333677,35.452292069],[139.580560907,35.452303179],[139.580698677,35.452196239],[139.580939516,35.45199901],[139.581043765,35.45192586],[139.581194085,35.45184129],[139.581378294,35.4517799],[139.581477215,35.45176051]]},"properties":{"任意ID":"250","区分":"第２次緊急輸送道路","枝ID":"1","行政区域":"14100","資料名称":"神奈川県緊急輸送道路ネットワーク計画図","資料年月":"2018 03","路線名称":"横浜市道川島岩間線","道路種別":"市町村道（認定道路）"}},{"type":"Feature","geometry":{"type":"LineString","coordinates":[[139.561649067,35.458317385],[139.562127579,35.458483724]]},"properties":{"任意ID":"251","区分":"第２次緊急輸送道路","枝ID":"1","行政区域":"14100","資料名称":"神奈川県緊急輸送道路ネットワーク計画図","資料年月":"2018 03","路線名称":"横浜市道今井第30号線","道路種別":"市町村道（認定道路）"}},{"type":"Feature","geometry":{"type":"LineString","coordinates":[[139.560351999,35.453796234],[139.560403661,35.453927074],[139.560868271,35.455165521],[139.560950903,35.455407621],[139.561005905,35.45560485],[139.561054236,35.45572873],[139.561102297,35.45591457],[139.561178129,35.456117349],[139.56124674,35.456252619],[139.561515364,35.456641228],[139.561597855,35.456872348],[139.561625358,35.457182067],[139.561611739,35.457317507],[139.561584251,35.457565396],[139.561584252,35.457649846],[139.561597863,35.457762626],[139.561618694,35.457903446],[139.561639255,35.457999285],[139.561649067,35.458317385]]},"properties":{"任意ID":"252","区分":"第２次緊急輸送道路","枝ID":"1","行政区域":"14100","資料名称":"神奈川県緊急輸送道路ネットワーク計画図","資料年月":"2018 03","路線名称":"横浜市道今井第37号線","道路種別":"市町村道（認定道路）"}},{"type":"Feature","geometry":{"type":"LineString","coordinates":[[139.556174119,35.454414734],[139.556461719,35.454286524],[139.556834788,35.454134294],[139.557089028,35.454055554],[139.557213377,35.454027384],[139.558073618,35.454021504],[139.558382079,35.454028594],[139.558569509,35.454032914],[139.55898233,35.454015964],[139.55935422,35.453987904],[139.55964979,35.453948464],[139.55994583,35.453892074],[139.560351999,35.453796234]]},"properties":{"任意ID":"253","区分":"第２次緊急輸送道路","枝ID":"1","行政区域":"14100","資料名称":"神奈川県緊急輸送道路ネットワーク計画図","資料年月":"2018 03","路線名称":"横浜市道今井第87号線","道路種別":"市町村道（認定道路）"}},{"type":"Feature","geometry":{"type":"LineString","coordinates":[[139.541768155,35.46245225],[139.542178836,35.46247096],[139.542229396,35.46247326],[139.542331416,35.46247791],[139.542632856,35.46247167],[139.542827366,35.46246704],[139.543116476,35.46239956],[139.543173426,35.46239317],[139.543220636,35.46239678],[139.543467587,35.46242762],[139.543632877,35.46242762],[139.543908157,35.46238817],[139.544031817,35.462354331],[139.544623486,35.462241881],[139.545050966,35.462162891],[139.545271006,35.462123481],[139.545525366,35.462067061],[139.545917866,35.461993721],[139.546351755,35.461909231],[139.546619105,35.461854451],[139.546902405,35.461796491],[139.547191245,35.461745942],[139.547411485,35.461717612],[139.548065655,35.461610662],[139.548808815,35.461492372],[139.549442044,35.461351502],[139.549613984,35.461295122],[139.549765654,35.461233162],[139.549889553,35.461154273],[139.549971783,35.461075673],[139.550061472,35.460973743],[139.550109821,35.460821783],[139.550164817,35.460359844],[139.550171756,35.460224844],[139.550206194,35.459886505],[139.550247312,35.459695125],[139.550274811,35.459525945],[139.550274811,35.459458455],[139.550310499,35.459246136],[139.550350487,35.459029996],[139.550372157,35.458956376],[139.550481686,35.458776566],[139.550612585,35.458641237],[139.550672365,35.458595357],[139.550809954,35.458504237],[139.551157784,35.458449417],[139.551212944,35.458445417],[139.551417574,35.458455667],[139.551479525,35.458472627],[139.551700735,35.458492707],[139.551947586,35.458523166],[139.552209246,35.458523166],[139.552271186,35.458512056],[139.552381186,35.458461226],[139.552518975,35.458371217],[139.552533575,35.458352247],[139.552622304,35.458241507],[139.552770433,35.458049047],[139.552822522,35.457948657],[139.552908061,35.457776598],[139.552945631,35.457700678],[139.553110898,35.457373738],[139.553186738,35.457266789],[139.553324237,35.457137069],[139.553441456,35.457069569],[139.553661736,35.456973729],[139.554040296,35.456866519],[139.554315625,35.456787619],[139.554783675,35.456675119],[139.554928015,35.45661878],[139.555107024,35.45653983],[139.555237844,35.45644401],[139.555389233,35.45627512],[139.555530051,35.456017051],[139.55559562,35.455880951],[139.555712558,35.455615951],[139.556174119,35.454414734]]},"properties":{"任意ID":"254","区分":"第２次緊急輸送道路","枝ID":"1","行政区域":"14100","資料名称":"神奈川県緊急輸送道路ネットワーク計画図","資料年月":"2018 03","路線名称":"横浜市道四季美台第406号線","道路種別":"市町村道（認定道路）"}},{"type":"Feature","geometry":{"type":"LineString","coordinates":[[139.541768155,35.46245225],[139.541668431,35.461951531],[139.541574518,35.461479952]]},"properties":{"任意ID":"255","区分":"第２次緊急輸送道路","枝ID":"1","行政区域":"14100","資料名称":"神奈川県緊急輸送道路ネットワーク計画図","資料年月":"2018 03","路線名称":"横浜市道保土ヶ谷二俣川線","道路種別":"市町村道（認定道路）"}},{"type":"Feature","geometry":{"type":"LineString","coordinates":[[139.529934445,35.461265592],[139.529682957,35.461572731],[139.529616027,35.461578731],[139.529548417,35.461567061],[139.529470087,35.461536231],[139.529377387,35.461493481],[139.529155856,35.461410101],[139.528922805,35.461338712],[139.528825075,35.461317342],[139.528754055,35.461307232],[139.528676905,35.461336112],[139.528618515,35.461381771],[139.528589545,35.461417871],[139.528514797,35.461605901]]},"properties":{"任意ID":"256","区分":"第２次緊急輸送道路","枝ID":"1","行政区域":"14100","資料名称":"神奈川県緊急輸送道路ネットワーク計画図","資料年月":"2018 03","路線名称":"横浜市道四季美台第359号線","道路種別":"市町村道（認定道路）"}},{"type":"Feature","geometry":{"type":"LineString","coordinates":[[139.522529763,35.454950675],[139.522756943,35.454984555],[139.523045864,35.455063454],[139.523238635,35.455147904],[139.523424466,35.455249554],[139.523864758,35.455531234],[139.52424337,35.455711523],[139.524837812,35.455969853],[139.525001703,35.456067903],[139.525234764,35.456207352],[139.525426496,35.456459582],[139.525668109,35.456781721],[139.52577842,35.456900421],[139.526273933,35.4572779],[139.526397784,35.457379229],[139.526500885,35.457486519],[139.526590606,35.457638449],[139.526742,35.458156788],[139.526830581,35.458333737],[139.527056004,35.458753626],[139.527361448,35.459266785],[139.527643673,35.459819004],[139.527836175,35.460151224],[139.528001457,35.460404843],[139.528118438,35.460545683],[139.528221739,35.460624563],[139.52837314,35.460709013],[139.52855896,35.460770943],[139.528668981,35.460793453],[139.528903131,35.460861222],[139.529219802,35.460962622],[139.529934445,35.461265592]]},"properties":{"任意ID":"257","区分":"第２次緊急輸送道路","枝ID":"1","行政区域":"14100","資料名称":"神奈川県緊急輸送道路ネットワーク計画図","資料年月":"2018 03","路線名称":"横浜市道四季美台第367号線","道路種別":"市町村道（認定道路）"}},{"type":"Feature","geometry":{"type":"LineString","coordinates":[[139.504323838,35.447344557],[139.504468328,35.447367087],[139.504970799,35.447412367],[139.505324809,35.447435057],[139.505494129,35.447445967],[139.505996619,35.447445967],[139.506264019,35.447403618],[139.506395799,35.447384038],[139.506443859,35.447372918],[139.506678019,35.447367088],[139.506794969,35.447384028],[139.506905239,35.447417918],[139.507375111,35.447554358],[139.507784182,35.447695887],[139.507992473,35.447829027],[139.508123304,35.447924867],[139.508316094,35.448043207],[139.508398265,35.448086417],[139.508508865,35.448144587],[139.509195587,35.448317506],[139.509297387,35.448343246],[139.509380087,35.448358796],[139.509595267,35.448382656],[139.509954558,35.448454346],[139.511229451,35.448762426],[139.511489481,35.448823036],[139.512184423,35.448989866],[139.512432203,35.449051806],[139.512796924,35.449158746],[139.512996635,35.449226526],[139.513230286,35.449305336],[139.513662257,35.449441735],[139.514435259,35.449688465],[139.515171651,35.449925145],[139.515377902,35.450000415],[139.515619153,35.450088464],[139.516401145,35.450383274],[139.517112848,35.450680183],[139.51755309,35.450887323],[139.51770686,35.450957583],[139.518021392,35.451153472],[139.518468755,35.451469132],[139.518840297,35.451756521],[139.518964168,35.451840961],[139.51932917,35.45215625],[139.519453062,35.45231958],[139.519567193,35.45254118],[139.519872909,35.453283438],[139.51996917,35.453469007],[139.520038071,35.453570687],[139.520161893,35.453756397],[139.520265294,35.453902907],[139.520389185,35.454060676],[139.520486996,35.454166536],[139.520714498,35.454399105],[139.520966969,35.454584855],[139.5211253,35.454674855],[139.521400861,35.454764855],[139.521674531,35.454809585],[139.522529763,35.454950675]]},"properties":{"任意ID":"258","区分":"第２次緊急輸送道路","枝ID":"1","行政区域":"14100","資料名称":"神奈川県緊急輸送道路ネットワーク計画図","資料年月":"2018 03","路線名称":"横浜市道希望ヶ丘第480号線","道路種別":"市町村道（認定道路）"}},{"type":"Feature","geometry":{"type":"LineString","coordinates":[[139.504323838,35.447344557],[139.504124408,35.447339027],[139.503648307,35.447280987],[139.503308516,35.447217347],[139.502926626,35.447164307],[139.502507025,35.447102377],[139.502059405,35.447029027],[139.501936314,35.447006227],[139.501680804,35.446927637],[139.501551793,35.446869017]]},"properties":{"任意ID":"259","区分":"第２次緊急輸送道路","枝ID":"1","行政区域":"14100","資料名称":"神奈川県緊急輸送道路ネットワーク計画図","資料年月":"2018 03","路線名称":"横浜市道下瀬谷第519号線","道路種別":"市町村道（認定道路）"}},{"type":"Feature","geometry":{"type":"LineString","coordinates":[[139.501551793,35.446869017],[139.501494963,35.446843197],[139.501219392,35.446672268],[139.501023331,35.446534238],[139.50094412,35.446471248],[139.500613838,35.446223199],[139.500331927,35.446042939],[139.500062986,35.445930289],[139.499877445,35.445862649],[139.499733025,35.445795139],[139.498803002,35.44544577],[139.49831039,35.44526308],[139.49814272,35.44520375],[139.496961466,35.44481316],[139.496800756,35.44476625],[139.496546065,35.44470792],[139.496408545,35.44466265],[139.496091884,35.444544311],[139.495747732,35.444386531],[139.495444701,35.444240161],[139.49523819,35.444138711],[139.494901039,35.443947091],[139.494343536,35.443626252],[139.493999905,35.443488522],[139.493703254,35.443378192],[139.493311183,35.443265742],[139.492898202,35.443158472],[139.492492161,35.443096532],[139.49177631,35.443040152],[139.49126938,35.443023741],[139.490798829,35.443012091],[139.490363749,35.442994831],[139.489565668,35.44298037],[139.488926908,35.4429557],[139.487764617,35.442935689],[139.487178526,35.442916259],[139.486620366,35.442893729],[139.485889845,35.442871199],[139.485444035,35.442854308],[139.484866025,35.442848758],[139.484391074,35.442824368]]},"properties":{"任意ID":"260","区分":"第２次緊急輸送道路","枝ID":"1","行政区域":"14100","資料名称":"神奈川県緊急輸送道路ネットワーク計画図","資料年月":"2018 03","路線名称":"横浜市道上和田第9号線","道路種別":"市町村道（認定道路）"}},{"type":"Feature","geometry":{"type":"LineString","coordinates":[[139.596935032,35.416109616],[139.597174144,35.416239856],[139.597696727,35.416521565],[139.597946299,35.416664934],[139.598195571,35.416798104],[139.598755195,35.417112403]]},"properties":{"任意ID":"261","区分":"第２次緊急輸送道路","枝ID":"1","行政区域":"14100","資料名称":"神奈川県緊急輸送道路ネットワーク計画図","資料年月":"2018 03","路線名称":"横浜市道上大岡第39号線","道路種別":"市町村道（認定道路）"}},{"type":"Feature","geometry":{"type":"LineString","coordinates":[[139.59529007,35.415180749],[139.595510322,35.415327408],[139.595785334,35.415479358],[139.595961665,35.415573958],[139.596187536,35.415704277],[139.596935032,35.416109616]]},"properties":{"任意ID":"262","区分":"第２次緊急輸送道路","枝ID":"1","行政区域":"14100","資料名称":"神奈川県緊急輸送道路ネットワーク計画図","資料年月":"2018 03","路線名称":"横浜市道上大岡第41号線","道路種別":"市町村道（認定道路）"}},{"type":"Feature","geometry":{"type":"LineString","coordinates":[[139.59240983,35.41570437],[139.59248939,35.41570876],[139.59249406,35.41570902],[139.59250414,35.41570788],[139.59273252,35.41568213],[139.59304207,35.41562252],[139.5931539,35.415600909],[139.59457551,35.415315919],[139.5951703,35.415203289],[139.59529007,35.415180749]]},"properties":{"任意ID":"263","区分":"第２次緊急輸送道路","枝ID":"1","行政区域":"14100","資料名称":"神奈川県緊急輸送道路ネットワーク計画図","資料年月":"2018 03","路線名称":"横浜市道上大岡第119号線","道路種別":"市町村道（認定道路）"}},{"type":"Feature","geometry":{"type":"LineString","coordinates":[[139.561623552,35.419051674],[139.561880651,35.418971574],[139.56205258,35.418898224],[139.562251989,35.418768824],[139.562368929,35.418678544],[139.562506427,35.418554634],[139.562588927,35.418458804],[139.562678365,35.418301024],[139.562870912,35.417918165],[139.562911782,35.417857805],[139.562991821,35.417781405],[139.56309777,35.417709665],[139.563736628,35.417383296],[139.563888357,35.417304086],[139.564156666,35.417174376],[139.564390576,35.417101046],[139.564926695,35.416994086],[139.565524755,35.416915205],[139.565696695,35.416898245],[139.565916694,35.416864355],[139.566068014,35.416864355],[139.566260585,35.416892695],[139.566630356,35.417032904],[139.566851947,35.417117954],[139.567030857,35.417157424],[139.567181808,35.417157424],[139.567395287,35.417134924],[139.567747587,35.417078273],[139.567991847,35.417039283],[139.568866416,35.416898243],[139.569210306,35.416847693],[139.569622765,35.416774373],[139.569781225,35.416757423],[139.569893755,35.416739883],[139.570686695,35.416657882],[139.571014874,35.416615112],[139.571149194,35.416616592],[139.571755544,35.416567312],[139.571864254,35.416557442],[139.572524473,35.416424922],[139.572785853,35.416379922],[139.572875253,35.416362981],[139.573404742,35.416284091],[139.573679752,35.416267131],[139.574153882,35.416244641],[139.574263912,35.416233541],[139.574367492,35.416197401],[139.5746234,35.416007301],[139.575054448,35.415687101],[139.575160797,35.415609521],[139.575680564,35.415247692],[139.576223621,35.414892692],[139.57640946,35.414768522],[139.576677509,35.414622142],[139.576986918,35.414453273],[139.577186118,35.414425202],[139.577362068,35.414425202],[139.577591958,35.414425202],[139.57834828,35.414492692],[139.5786443,35.414510221],[139.578912241,35.414498521],[139.57902219,35.414470211],[139.57921866,35.414396901],[139.579599558,35.414177231],[139.580060566,35.413884362],[139.580160336,35.413829802],[139.580275965,35.413766562],[139.580306395,35.413749922],[139.580392775,35.413706732],[139.580475834,35.413665202],[139.580693584,35.413590292],[139.580954474,35.413596872],[139.581009734,35.413598522],[139.581710555,35.413619361],[139.582324556,35.413658511],[139.582955257,35.41368131],[139.583137817,35.41368131],[139.583379828,35.41369826],[139.583938338,35.413698519],[139.584123898,35.413692969],[139.584192808,35.413676019],[139.584372438,35.413602279],[139.584625837,35.413473239],[139.584976675,35.41328714],[139.585616273,35.4129715],[139.586021422,35.41279129],[139.586475282,35.412819639],[139.586854523,35.412877219],[139.586991164,35.412932439],[139.588173902,35.413625187],[139.588632886,35.413898786],[139.589419401,35.414295105],[139.589878914,35.414577684],[139.590071226,35.414684523],[139.591054753,35.415225462],[139.591419205,35.415411571],[139.591680577,35.415535571],[139.591955348,35.41563686],[139.592120319,35.41568213],[139.592216719,35.41569879],[139.59240983,35.41570437]]},"properties":{"任意ID":"264","区分":"第２次緊急輸送道路","枝ID":"1","行政区域":"14100","資料名称":"神奈川県緊急輸送道路ネットワーク計画図","資料年月":"2018 03","路線名称":"横浜市道平戸第486号線","道路種別":"市町村道（認定道路）"}},{"type":"Feature","geometry":{"type":"LineString","coordinates":[[139.607951747,35.378820745],[139.607994816,35.378761565],[139.608334412,35.378290976],[139.608411861,35.378183636],[139.60847384,35.378097827],[139.60850264,35.378057897],[139.608677458,35.377815537],[139.609198211,35.377082129],[139.60935705,35.37689102],[139.609887442,35.376063322],[139.610120848,35.375578993],[139.610244935,35.375336384],[139.610393562,35.375000544],[139.610898302,35.373860158],[139.611300234,35.37294493],[139.611420031,35.372659921],[139.611916011,35.371505285],[139.611992309,35.371335505],[139.613476822,35.368040286],[139.61351792,35.367882437],[139.613517918,35.367679457],[139.613483757,35.367538618],[139.613346253,35.367268639],[139.613229301,35.367099459],[139.613022978,35.36682344],[139.612884416,35.36666724],[139.612692903,35.366451401],[139.61241096,35.366181122],[139.612087636,35.365905023],[139.611713172,35.365613354],[139.611546991,35.365501654],[139.611281769,35.365322794],[139.610898175,35.365076685],[139.610109148,35.364615356],[139.609846216,35.364462247],[139.609100289,35.364010708],[139.608334262,35.363535029],[139.607831477,35.36322281],[139.607577045,35.36304253],[139.607425633,35.36291281],[139.60726761,35.362732581],[139.606971995,35.362270262],[139.60676365,35.361852423],[139.606619956,35.361458315],[139.606463391,35.361030856],[139.606386458,35.360811166],[139.606369278,35.360744887],[139.606305055,35.360478907],[139.606262372,35.360240908],[139.60621294,35.359970419],[139.606179565,35.35955965],[139.606231763,35.359251201],[139.606519134,35.358187256],[139.606730962,35.35751419],[139.606894959,35.356868445],[139.606990617,35.356311538],[139.607002656,35.356155019],[139.607031614,35.355778551],[139.606966701,35.355294304],[139.60691276,35.355050656],[139.606793907,35.354661818],[139.606712935,35.354396459],[139.606683064,35.354182031],[139.606683063,35.353903952],[139.606736931,35.353503105],[139.6067689,35.353313686],[139.606788899,35.353195077],[139.606925556,35.352569801],[139.606953565,35.352358382],[139.607024721,35.351408658],[139.60703689,35.351247349],[139.607081107,35.350791472],[139.607099717,35.350659812],[139.607146936,35.350547033],[139.607245825,35.350288145],[139.607394544,35.350000577],[139.607427014,35.349937827],[139.607956381,35.348976484],[139.608031571,35.348843345],[139.60808794,35.348728176],[139.608175199,35.348478628],[139.608333317,35.347864552],[139.608505414,35.347243986],[139.608601383,35.346906489],[139.608697533,35.34677699],[139.608876372,35.346596781],[139.61020331,35.34541929],[139.61056361,35.345124492],[139.61070029,35.345024032],[139.610851629,35.344941473]]},"properties":{"任意ID":"265","区分":"第２次緊急輸送道路","枝ID":"1","行政区域":"14100","資料名称":"神奈川県緊急輸送道路ネットワーク計画図","資料年月":"2018 03","路線名称":"横浜市道横浜逗子線","道路種別":"市町村道（認定道路）"}},{"type":"Feature","geometry":{"type":"LineString","coordinates":[[139.610851629,35.344941473],[139.61109749,35.344855934],[139.6112067,35.344828644],[139.61146192,35.344777074],[139.612995223,35.344501207],[139.613641375,35.344394298],[139.614060806,35.344326799],[139.614769188,35.34420847],[139.615793601,35.344045132],[139.616243063,35.343971523],[139.616553773,35.343837264],[139.617040254,35.343627135],[139.618631965,35.342842081],[139.618885746,35.342714402],[139.619516656,35.342405424],[139.620111937,35.342124326],[139.620744358,35.341935668],[139.621026389,35.341865158],[139.62149464,35.341786259],[139.621789591,35.341736549],[139.622003901,35.34170379],[139.622236672,35.34166821],[139.622602223,35.34159905],[139.623143084,35.341481371],[139.623778506,35.341383342]]},"properties":{"任意ID":"266","区分":"第２次緊急輸送道路","枝ID":"1","行政区域":"14100","資料名称":"神奈川県緊急輸送道路ネットワーク計画図","資料年月":"2018 03","路線名称":"横浜市道泥亀釜利谷線","道路種別":"市町村道（認定道路）"}},{"type":"Feature","geometry":{"type":"LineString","coordinates":[[139.581682736,35.367273199],[139.581785675,35.367182809],[139.582170942,35.366918089],[139.582187192,35.366908659],[139.5824723,35.366744199],[139.582629749,35.366667259],[139.582817898,35.366575319],[139.583237046,35.366398919],[139.583329246,35.366364169],[139.583509265,35.366296139],[139.584045933,35.366156429],[139.584300882,35.366110608],[139.584429521,35.366085968],[139.584494301,35.366075588],[139.58488371,35.366038918],[139.585361769,35.366060857],[139.585470779,35.366070717],[139.585773499,35.366097806],[139.586155929,35.366149195],[139.586416899,35.366217584],[139.586854259,35.366331963],[139.586908789,35.366348763],[139.587291489,35.366467802],[139.58753417,35.366564981],[139.588016482,35.3667889],[139.588650904,35.367107228],[139.589479218,35.367522515],[139.590069251,35.367820464],[139.591454878,35.3685229],[139.591623888,35.36860448],[139.592699843,35.369125567],[139.592944444,35.369231106],[139.593727348,35.369550565],[139.593982869,35.369643754],[139.594127056,35.369696488],[139.594231589,35.369721994],[139.59440448,35.369769113],[139.59455158,35.369809203],[139.594913391,35.369908022],[139.595084442,35.369956002],[139.596306375,35.37028693],[139.596942297,35.370458199],[139.597550109,35.370616677],[139.598664862,35.370901945],[139.598817362,35.370941105],[139.599349074,35.371085474],[139.599858555,35.371204193],[139.600951872,35.371585183],[139.601606447,35.371895952],[139.601995071,35.372186341],[139.602306815,35.372485271],[139.60262924,35.37284399],[139.603084049,35.373621208],[139.603259144,35.374039717],[139.603447052,35.374731525],[139.60371611,35.375381574],[139.603867733,35.375675823],[139.603967426,35.375882762],[139.6041565,35.376213321],[139.604206971,35.376292451],[139.604290482,35.376389991],[139.604393543,35.376474431],[139.604496894,35.376553311],[139.604675486,35.37665471],[139.604867987,35.37672221],[139.605177439,35.37680693],[139.60550761,35.3768744],[139.605790531,35.37692609],[139.606056332,35.37696054],[139.606350773,35.376989089],[139.606563274,35.377009709],[139.606942555,35.377031579],[139.607732567,35.377050019],[139.607917828,35.377054469],[139.608332879,35.377064209],[139.609198211,35.377082129]]},"properties":{"任意ID":"267","区分":"第１次緊急輸送道路","枝ID":"1","行政区域":"14100","資料名称":"神奈川県緊急輸送道路ネットワーク計画図","資料年月":"2018 03","路線名称":"横浜市道環状3号線","道路種別":"市町村道（認定道路）"}},{"type":"Feature","geometry":{"type":"LineString","coordinates":[[139.609198211,35.377082129],[139.610222614,35.377121009],[139.611180417,35.377156039],[139.611988989,35.377184719],[139.612723042,35.377204729],[139.612923112,35.377209999],[139.613585825,35.377235259],[139.614114638,35.377288169],[139.6145264,35.377336089],[139.615448064,35.377487489],[139.615793757,35.377562169],[139.6162982,35.377671689],[139.616913603,35.377805289],[139.617321046,35.377908889],[139.61800869,35.378099039],[139.618296112,35.378168429],[139.618965276,35.378329989],[139.61954757,35.378474019],[139.620266864,35.378651738],[139.620494515,35.378698938],[139.620868348,35.378785268],[139.621166229,35.378862938],[139.621448241,35.378939498],[139.621711123,35.379016928],[139.621789733,35.379021648],[139.621927234,35.379013318],[139.621959074,35.379009458],[139.622064684,35.378996418]]},"properties":{"任意ID":"267","区分":"第１次緊急輸送道路","枝ID":"2","行政区域":"14100","資料名称":"神奈川県緊急輸送道路ネットワーク計画図","資料年月":"2018 03","路線名称":"横浜市道環状3号線","道路種別":"市町村道（認定道路）"}},{"type":"Feature","geometry":{"type":"LineString","coordinates":[[139.524903468,35.381256549],[139.526142904,35.380998269],[139.526659173,35.380890669],[139.52785282,35.380624829],[139.529200236,35.38032477],[139.529742854,35.38020392],[139.53109723,35.379826431],[139.531366979,35.379747571],[139.531888057,35.379595321],[139.532095826,35.379543651],[139.532233476,35.379501671],[139.532401535,35.379458191],[139.532496305,35.379441771],[139.532612115,35.379426081],[139.532695815,35.379414521],[139.532790615,35.379405911],[139.532958814,35.379402141],[139.533859033,35.379414611],[139.534149453,35.379418641],[139.534732832,35.37942673],[139.535600552,35.37947849],[139.536502681,35.379560449],[139.536773041,35.379576509],[139.53782878,35.379657118],[139.53838051,35.379686428],[139.539576569,35.379722797],[139.540079218,35.379733926],[139.540189838,35.379736376],[139.540736847,35.379748416],[139.541025347,35.379754645],[139.541219427,35.379758915],[139.541575587,35.379761985],[139.541667776,35.379757595],[139.541802406,35.379751205],[139.541989456,35.379746145],[139.542320545,35.379699765],[139.542392035,35.379687755],[139.542979344,35.379587994],[139.543429282,35.379505614],[139.543768821,35.379438724],[139.54444508,35.379330354],[139.545508917,35.379161474],[139.546010576,35.379077054],[139.546131176,35.379057794],[139.546327345,35.379026184],[139.547256173,35.378890123],[139.547791592,35.378845593],[139.548044131,35.378830323],[139.548273591,35.378811153],[139.548406951,35.378803623],[139.54860273,35.378792263],[139.54881022,35.378774922],[139.54891768,35.378767992],[139.54907242,35.378758022],[139.549136149,35.378753922],[139.549599469,35.378730832],[139.550001088,35.378709952],[139.550111798,35.378704202],[139.550306618,35.378697161],[139.550497077,35.378690281],[139.550684917,35.378683731],[139.552353244,35.3786239],[139.552476404,35.378619469],[139.552637854,35.378614689],[139.552862674,35.378608019],[139.553185563,35.378598459],[139.553256023,35.378594579],[139.553477753,35.378581139],[139.553921712,35.378549198],[139.554090212,35.378534178],[139.554245851,35.378524198],[139.554540901,35.378490748],[139.55483824,35.378461808],[139.55497226,35.378443468],[139.555357469,35.378391137],[139.555961637,35.378314477],[139.556747416,35.378208887],[139.557155485,35.378153986],[139.558193402,35.378028656],[139.558418062,35.378000956],[139.558932731,35.377931135],[139.560469247,35.377734985],[139.560510037,35.377729724],[139.560666917,35.377709754],[139.561399905,35.377615504],[139.561519545,35.377599884],[139.562175203,35.377515854],[139.562599102,35.377462993],[139.562701602,35.377449223],[139.56349736,35.377350623],[139.564169878,35.377258912],[139.564446668,35.377221402],[139.564696257,35.377176982],[139.564829387,35.377148912],[139.564962186,35.377108631],[139.565191615,35.377036131],[139.565359545,35.376978021],[139.565535494,35.376906691],[139.565917442,35.376726412],[139.566123871,35.376615572],[139.566355969,35.376460962],[139.566707546,35.376191872],[139.566784586,35.376124342],[139.566884765,35.376036672],[139.566992074,35.375950883],[139.567080143,35.375880543],[139.567174112,35.375796833]]},"properties":{"任意ID":"267","区分":"第２次緊急輸送道路","枝ID":"3","行政区域":"14100","資料名称":"神奈川県緊急輸送道路ネットワーク計画図","資料年月":"2018 03","路線名称":"横浜市道環状3号線","道路種別":"市町村道（認定道路）"}},{"type":"Feature","geometry":{"type":"LineString","coordinates":[[139.567174112,35.375796833],[139.567314121,35.375667293],[139.56738831,35.375599253],[139.567499239,35.375493643],[139.567860676,35.375166464],[139.568825187,35.374281976],[139.569529321,35.373650577],[139.569796409,35.373438987],[139.570120457,35.373233917],[139.570596013,35.372938368],[139.570822822,35.372836848],[139.571094621,35.372709758],[139.571603978,35.372503798],[139.571794077,35.372429758],[139.572044616,35.372326418],[139.573162651,35.371865408],[139.574199975,35.371451318],[139.575000991,35.371129338],[139.57521056,35.371045118],[139.575630148,35.370876418],[139.576485424,35.370544197],[139.576664923,35.370474457],[139.57739533,35.370182577],[139.577703878,35.370025997],[139.577797107,35.369978767],[139.577883197,35.369935037],[139.578597642,35.369506707],[139.57879846,35.369365497],[139.578909599,35.369284767],[139.579074888,35.369165277],[139.579777352,35.368657258],[139.579868742,35.368590858],[139.579989381,35.368503238],[139.58006902,35.368445318],[139.580284788,35.368288368],[139.580946853,35.367807569],[139.581682736,35.367273199]]},"properties":{"任意ID":"267","区分":"第１次緊急輸送道路","枝ID":"4","行政区域":"14100","資料名称":"神奈川県緊急輸送道路ネットワーク計画図","資料年月":"2018 03","路線名称":"横浜市道環状3号線","道路種別":"市町村道（認定道路）"}},{"type":"Feature","geometry":{"type":"LineString","coordinates":[[139.581682736,35.367273199],[139.581029552,35.366685042],[139.580823561,35.366481383]]},"properties":{"任意ID":"268","区分":"第２次緊急輸送道路","枝ID":"1","行政区域":"14100","資料名称":"神奈川県緊急輸送道路ネットワーク計画図","資料年月":"2018 03","路線名称":"横浜市道港南台第244号線","道路種別":"市町村道（認定道路）"}},{"type":"Feature","geometry":{"type":"LineString","coordinates":[[139.57539855,35.362519359],[139.575607583,35.362900617],[139.575898346,35.363443444],[139.576099059,35.363818192],[139.576247591,35.364095471],[139.576279701,35.364151531],[139.576512614,35.364530079],[139.576780666,35.364869777],[139.576996217,35.365065866],[139.577269318,35.365228694],[139.577499018,35.365343674],[139.577886248,35.365467712],[139.577939898,35.365478272],[139.578211218,35.365531712],[139.578460418,35.365581541],[139.579551768,35.365799768],[139.579843698,35.365866697],[139.580073708,35.365952827],[139.580265639,35.366048646],[139.5805391,35.366237525],[139.580753741,35.366412274],[139.580823561,35.366481383]]},"properties":{"任意ID":"269","区分":"第２次緊急輸送道路","枝ID":"1","行政区域":"14100","資料名称":"神奈川県緊急輸送道路ネットワーク計画図","資料年月":"2018 03","路線名称":"横浜市道港南台第297号線","道路種別":"市町村道（認定道路）"}},{"type":"Feature","geometry":{"type":"LineString","coordinates":[[139.536304524,35.399814607],[139.536564574,35.399803337],[139.536794053,35.399757487],[139.538409659,35.399382887],[139.539224611,35.399635266],[139.539787422,35.399803825],[139.540090992,35.399899985],[139.540235433,35.399928305],[139.540716552,35.399928304],[139.541048042,35.399888724],[139.54220231,35.399725184],[139.542583539,35.399669654],[139.542885648,35.399622614],[139.543529347,35.399522394],[139.543955166,35.399460533],[139.544044566,35.399438033],[139.544690975,35.399342203],[139.544958724,35.399325253],[139.545461004,35.399319693],[139.545570984,35.399342203],[139.545687654,35.399393032],[139.545908005,35.399533902],[139.546038486,35.399635252],[139.546189878,35.399809971],[139.546303769,35.40000053],[139.54636153,35.4000972],[139.546471791,35.400271859],[139.546629883,35.400435249],[139.546973764,35.400677748],[139.547771279,35.401258026],[139.548568784,35.401860794],[139.548775175,35.401979134],[139.548917165,35.402033324],[139.549077695,35.402091644],[139.549290676,35.402142453],[139.549373276,35.402170543],[139.549436236,35.402184763],[139.549958447,35.402303422],[139.550067957,35.402328302],[139.550858498,35.402503021],[139.550982288,35.402519961],[139.552646338,35.40256496],[139.552955718,35.40255385],[139.553086287,35.40251997],[139.553409616,35.40238468],[139.553540565,35.40231112],[139.553822124,35.40219885],[139.554200173,35.40202413],[139.554446082,35.40192902],[139.554757061,35.40181489],[139.555650997,35.40142719],[139.556207934,35.401196081],[139.556827662,35.400905791],[139.557555778,35.400564931],[139.557967216,35.400311972],[139.558265134,35.400107862],[139.558367133,35.400040222],[139.558552642,35.399917192],[139.558963659,35.399641133],[139.559287007,35.399398423],[139.559938473,35.398960244],[139.560622358,35.398491634],[139.560921897,35.398296055],[139.561186245,35.398148025],[139.561257135,35.398099685],[139.561701802,35.397815795],[139.561866801,35.397742475],[139.562949338,35.397431575],[139.563159257,35.397370545],[139.563448126,35.397252215],[139.563689015,35.397128305],[139.563799014,35.397043855],[139.564046942,35.396829315],[139.564630948,35.396344976],[139.564734007,35.396249136],[139.565076114,35.395952346],[139.565675569,35.395438587],[139.566019816,35.395133857],[139.566415143,35.394798308],[139.56678053,35.394484378],[139.567007768,35.394288288],[139.567345786,35.393997059],[139.568368637,35.39311114],[139.568814594,35.39279389],[139.568851704,35.39277033],[139.569200261,35.392549031],[139.570119336,35.392006981],[139.570507674,35.391782341],[139.570875351,35.391570252],[139.57103588,35.391474102],[139.571750256,35.391046392],[139.571949045,35.390948492],[139.572600341,35.390559423],[139.57277478,35.390428873],[139.573024228,35.390257203],[139.573263056,35.390051964],[139.573525053,35.389741024],[139.573647831,35.389568585],[139.573806208,35.389310175],[139.573969965,35.388957766],[139.574008974,35.388842736],[139.574038403,35.388755966],[139.574182259,35.388331757],[139.574648636,35.386991571],[139.574692834,35.386837001],[139.574774171,35.386572492],[139.57481219,35.386448132],[139.574849989,35.386355442],[139.574889408,35.386259092],[139.574923058,35.386181112],[139.574947957,35.386129353],[139.575114584,35.385849793],[139.575313442,35.385583754],[139.575741116,35.385010265],[139.575888274,35.384805105],[139.576003443,35.384644255],[139.576490656,35.383964536],[139.576683603,35.383695467],[139.576846661,35.383468317],[139.57694418,35.383333877],[139.577090388,35.383132318],[139.577227166,35.382998688],[139.577334775,35.382893548],[139.577741059,35.382258629],[139.577866738,35.38206211],[139.578747874,35.380624953],[139.5789808,35.380244174],[139.579058149,35.380112474],[139.579171067,35.379920834],[139.579460172,35.379429275],[139.57959004,35.379208996],[139.579854115,35.378760277],[139.579927484,35.378638097],[139.580395296,35.377857228],[139.580604743,35.377508829],[139.580679652,35.377383059],[139.580877428,35.37705473],[139.581239752,35.376404181],[139.58131103,35.376266392],[139.581463858,35.376023982],[139.581551816,35.375870112],[139.581656864,35.375641113],[139.581748341,35.375403563],[139.581772411,35.375341114],[139.581878067,35.375000564],[139.581928236,35.374838895],[139.581995513,35.374548346],[139.582044311,35.374337636],[139.582141057,35.373914477],[139.582217394,35.373551398],[139.582477932,35.372313622],[139.582537069,35.372034933],[139.582594597,35.371763903],[139.582639595,35.371551694],[139.58273768,35.371108975],[139.582765979,35.370981125],[139.582807367,35.370793076],[139.582992359,35.369887249],[139.583020696,35.369637799],[139.583032354,35.36943585],[139.583008773,35.36930499],[139.582980402,35.369147221],[139.582882059,35.368858612],[139.582864339,35.368818802],[139.582800028,35.368674003],[139.582766517,35.368598913],[139.582507044,35.368213345],[139.582438723,35.368114255],[139.582409513,35.368075395],[139.582279222,35.367929976],[139.58210484,35.367735307],[139.582020379,35.367641687],[139.581682736,35.367273199]]},"properties":{"任意ID":"270","区分":"第２次緊急輸送道路","枝ID":"1","行政区域":"14100","資料名称":"神奈川県緊急輸送道路ネットワーク計画図","資料年月":"2018 03","路線名称":"横浜市道戸塚港南台線","道路種別":"市町村道（認定道路）"}},{"type":"Feature","geometry":{"type":"LineString","coordinates":[[139.54026303,35.374800882],[139.540785759,35.374800882],[139.541667738,35.374782721],[139.542146697,35.374772841],[139.542421907,35.37476144],[139.542497436,35.37475033],[139.542798206,35.37473349],[139.542933466,35.37470597],[139.543071255,35.3746751],[139.543143405,35.37465785],[139.543314804,35.3745954],[139.543487733,35.37453033],[139.543742852,35.37438935],[139.543790382,35.374362161],[139.54401544,35.374205581]]},"properties":{"任意ID":"271","区分":"第２次緊急輸送道路","枝ID":"1","行政区域":"14100","資料名称":"神奈川県緊急輸送道路ネットワーク計画図","資料年月":"2018 03","路線名称":"横浜市道飯島第112号線","道路種別":"市町村道（認定道路）"}},{"type":"Feature","geometry":{"type":"LineString","coordinates":[[139.54401544,35.374205581],[139.544086,35.374149231],[139.544229519,35.374034521],[139.544326128,35.373961551],[139.544395228,35.373910612],[139.544807994,35.373567002],[139.545055492,35.373347283],[139.54533746,35.373071154],[139.54537327,35.373025864],[139.545445179,35.372939034],[139.545502438,35.372873944],[139.545777435,35.372535895],[139.546024222,35.372197566],[139.546084562,35.372112957]]},"properties":{"任意ID":"272","区分":"第２次緊急輸送道路","枝ID":"1","行政区域":"14100","資料名称":"神奈川県緊急輸送道路ネットワーク計画図","資料年月":"2018 03","路線名称":"横浜市道飯島第121号線","道路種別":"市町村道（認定道路）"}},{"type":"Feature","geometry":{"type":"LineString","coordinates":[[139.546084562,35.372112957],[139.546136461,35.372040177],[139.546500476,35.371466449],[139.546599165,35.371318719],[139.546707824,35.371154339],[139.546747843,35.37108544],[139.546781312,35.37102617],[139.546894731,35.37083986],[139.54696034,35.370737391],[139.547187527,35.370383452],[139.547460093,35.369946743],[139.547544282,35.369797984],[139.547626811,35.369651234],[139.547702689,35.369487835],[139.547723259,35.369381125],[139.547716298,35.369273965],[139.547633796,35.369082296],[139.547633795,35.368913407],[139.547723444,35.368721267],[139.548230724,35.367586461],[139.54846041,35.367046993],[139.548647336,35.366605184],[139.548696495,35.366492065]]},"properties":{"任意ID":"273","区分":"第２次緊急輸送道路","枝ID":"1","行政区域":"14100","資料名称":"神奈川県緊急輸送道路ネットワーク計画図","資料年月":"2018 03","路線名称":"横浜市道飯島第191号線","道路種別":"市町村道（認定道路）"}},{"type":"Feature","geometry":{"type":"LineString","coordinates":[[139.548696495,35.366492065],[139.548686665,35.366393875],[139.548628772,35.365951187],[139.54859653,35.365735628]]},"properties":{"任意ID":"274","区分":"第２次緊急輸送道路","枝ID":"1","行政区域":"14100","資料名称":"神奈川県緊急輸送道路ネットワーク計画図","資料年月":"2018 03","路線名称":"横浜市道小菅ヶ谷第425号線","道路種別":"市町村道（認定道路）"}},{"type":"Feature","geometry":{"type":"LineString","coordinates":[[139.54859653,35.365735628],[139.54905043,35.365769528],[139.54914099,35.365782577],[139.54926572,35.365802307],[139.549510999,35.365837027],[139.549751859,35.365865357],[139.550000989,35.365904076],[139.550150529,35.365927316],[139.550480259,35.365972276],[139.550824279,35.366023115],[139.550975419,35.366045635],[139.551291848,35.366090644],[139.551401808,35.366102014],[139.551718208,35.366147024],[139.551821268,35.366163963],[139.552275068,35.366218833],[139.552646547,35.366270632],[139.553938727,35.36646225],[139.554963376,35.366603118],[139.555768206,35.366698957],[139.555876135,35.366667297],[139.555961405,35.366642277],[139.556111554,35.366597557],[139.556214874,35.366541187],[139.556338413,35.366428477],[139.556503481,35.366242578],[139.556709859,35.366033959],[139.556922898,35.365881769],[139.557372746,35.365658489],[139.557838233,35.36542667],[139.557806733,35.36538229],[139.557679582,35.365183131],[139.557253176,35.364349485],[139.557214176,35.364273055],[139.557108744,35.364022587],[139.556986612,35.363761518],[139.556954672,35.363674968]]},"properties":{"任意ID":"275","区分":"第２次緊急輸送道路","枝ID":"1","行政区域":"14100","資料名称":"神奈川県緊急輸送道路ネットワーク計画図","資料年月":"2018 03","路線名称":"横浜市道桂町戸塚遠藤線","道路種別":"市町村道（認定道路）"}},{"type":"Feature","geometry":{"type":"LineString","coordinates":[[139.668337064,35.415308112],[139.668522472,35.415195457],[139.66889242,35.414986577],[139.670068274,35.414273209],[139.670399803,35.414087449],[139.672900232,35.412656572],[139.673675838,35.412185153],[139.673851447,35.412037764],[139.674778732,35.411436385],[139.674864382,35.411386165],[139.67538393,35.411089476]]},"properties":{"任意ID":"276","区分":"第１次緊急輸送道路","枝ID":"1","行政区域":"14100","資料名称":"神奈川県緊急輸送道路ネットワーク計画図","資料年月":"2018 03","路線名称":"横浜市道豊浦町第47/本牧第272号線","道路種別":"市町村道（認定道路）"}},{"type":"Feature","geometry":{"type":"LineString","coordinates":[[139.607607495,35.500648625],[139.60759689,35.500000326],[139.607591408,35.499664556],[139.607552152,35.498805607],[139.607525937,35.498209328],[139.607435292,35.49614315],[139.607391195,35.495140741],[139.607387963,35.494937281],[139.607367119,35.494340332],[139.607366019,35.494319762],[139.607331544,35.493676772],[139.607319611,35.493203663],[139.607298217,35.492728103],[139.607272943,35.492162834],[139.60725931,35.491708944]]},"properties":{"任意ID":"277","区分":"第２次緊急輸送道路","枝ID":"1","行政区域":"14100","資料名称":"神奈川県緊急輸送道路ネットワーク計画図","資料年月":"2018 03","路線名称":"横浜市道小机第355号線","道路種別":"市町村道（認定道路）"}},{"type":"Feature","geometry":{"type":"LineString","coordinates":[[139.568593163,35.520246576],[139.56849211,35.518268768],[139.568492105,35.517449819],[139.568542691,35.51682802],[139.56856292,35.51666373],[139.568658876,35.51612587]]},"properties":{"任意ID":"278","区分":"第２次緊急輸送道路","枝ID":"1","行政区域":"14100","資料名称":"神奈川県緊急輸送道路ネットワーク計画図","資料年月":"2018 03","路線名称":"横浜市道羽沢池辺線","道路種別":"市町村道（認定道路）"}},{"type":"Feature","geometry":{"type":"LineString","coordinates":[[139.558136436,35.56060871],[139.558645226,35.56045471],[139.558960026,35.56038863],[139.559126036,35.56035137],[139.559273286,35.56032776],[139.559431606,35.560299441],[139.559983306,35.560179831],[139.560251316,35.560119161],[139.560520216,35.560085261],[139.560600266,35.560075891],[139.560654226,35.560069691],[139.560857747,35.560040261],[139.561085227,35.559978312],[139.561195436,35.559938882],[139.561298796,35.559893882],[139.561391646,35.559866602],[139.561544756,35.559782142]]},"properties":{"任意ID":"279","区分":"第２次緊急輸送道路","枝ID":"1","行政区域":"14100","資料名称":"神奈川県緊急輸送道路ネットワーク計画図","資料年月":"2018 03","路線名称":"横浜市道荏田北157号線","道路種別":"市町村道（認定道路）"}},{"type":"Feature","geometry":{"type":"LineString","coordinates":[[139.534251422,35.548271917],[139.534824697,35.548512102],[139.535519496,35.548786598],[139.535630452,35.548831468],[139.53580217,35.548902732],[139.536003404,35.548979711]]},"properties":{"任意ID":"280","区分":"第２次緊急輸送道路","枝ID":"1","行政区域":"14100","資料名称":"神奈川県緊急輸送道路ネットワーク計画図","資料年月":"2018 03","路線名称":"横浜市道市ヶ尾134号線","道路種別":"市町村道（認定道路）"}},{"type":"Feature","geometry":{"type":"LineString","coordinates":[[139.561876549,35.582630206],[139.561880121,35.582631575]]},"properties":{"任意ID":"302","区分":"第２次緊急輸送道路","枝ID":"1","行政区域":"14100","資料名称":"神奈川県緊急輸送道路ネットワーク計画図","資料年月":"2018 03","路線名称":"川崎市道向ヶ丘遊園駅菅生線","道路種別":"市町村道（認定道路）"}},{"type":"Feature","geometry":{"type":"LineString","coordinates":[[139.70328377,35.504380219],[139.703569318,35.503806059],[139.703645287,35.503641539],[139.703734366,35.503445129],[139.703844584,35.503259399],[139.703915713,35.503119679],[139.703945443,35.503060759],[139.703988212,35.502976899],[139.704017382,35.502897449],[139.704050711,35.502796059],[139.70408071,35.502680239],[139.704114308,35.502425509],[139.704247796,35.501526541],[139.704273137,35.501241638],[139.704583591,35.501355598],[139.704623042,35.501370462]]},"properties":{"任意ID":"307","区分":"第２次緊急輸送道路","枝ID":"1","行政区域":"14100","資料名称":"神奈川県緊急輸送道路ネットワーク計画図","資料年月":"2018 03","路線名称":"川崎市道白石2号線他","道路種別":"市町村道（認定道路）"}},{"type":"Feature","geometry":{"type":"LineString","coordinates":[[139.527013577,35.569825366],[139.526861816,35.569759646],[139.526783405,35.569638327],[139.526732815,35.569635797],[139.526393897,35.570030106],[139.526300307,35.570030106],[139.525889775,35.569702086],[139.525628596,35.569938016]]},"properties":{"任意ID":"335","区分":"第２次緊急輸送道路","枝ID":"1","行政区域":"14100","資料名称":"神奈川県緊急輸送道路ネットワーク計画図","資料年月":"2018 03","路線名称":"その他道路","道路種別":"その他道路"}},{"type":"Feature","geometry":{"type":"LineString","coordinates":[[139.480432424,35.484049486],[139.48013593,35.491993748],[139.480090147,35.493618014],[139.480023122,35.494807757],[139.480333318,35.495896199]]},"properties":{"任意ID":"336","区分":"第２次緊急輸送道路","枝ID":"1","行政区域":"14100","資料名称":"神奈川県緊急輸送道路ネットワーク計画図","資料年月":"2018 03","路線名称":"その他道路 海軍道路（（都）環状4号）","道路種別":"その他道路"}},{"type":"Feature","geometry":{"type":"LineString","coordinates":[[139.536003404,35.548979711],[139.536059259,35.549000684],[139.536309005,35.549101091],[139.536957458,35.549358962],[139.53741698,35.549545222]]},"properties":{"任意ID":"338","区分":"第２次緊急輸送道路","枝ID":"1","行政区域":"14100","資料名称":"神奈川県緊急輸送道路ネットワーク計画図","資料年月":"2018 03","路線名称":"横浜市道市ヶ尾87号線","道路種別":"市町村道（認定道路）"}},{"type":"Feature","geometry":{"type":"LineString","coordinates":[[139.536059259,35.549000684],[139.537787473,35.545821248],[139.537867232,35.545657948]]},"properties":{"任意ID":"341","区分":"第２次緊急輸送道路","枝ID":"1","行政区域":"14100","資料名称":"神奈川県緊急輸送道路ネットワーク計画図","資料年月":"2018 03","路線名称":"横浜市道市ヶ尾86号線","道路種別":"市町村道（認定道路）"}},{"type":"Feature","geometry":{"type":"LineString","coordinates":[[139.537867232,35.545657948],[139.538507368,35.545905708],[139.539878472,35.546454702],[139.54041495,35.546680995],[139.541100639,35.546966406]]},"properties":{"任意ID":"342","区分":"第２次緊急輸送道路","枝ID":"1","行政区域":"14100","資料名称":"神奈川県緊急輸送道路ネットワーク計画図","資料年月":"2018 03","路線名称":"横浜市道市ヶ尾145/190/194号線","道路種別":"市町村道（認定道路）"}},{"type":"Feature","geometry":{"type":"LineString","coordinates":[[139.59690982,35.353629622],[139.595556373,35.353312389],[139.588520683,35.353440243],[139.585839035,35.353438858],[139.582633266,35.353438863],[139.579833064,35.353153984],[139.576740749,35.352338323],[139.573046479,35.351938129],[139.568146335,35.351450391],[139.565184881,35.351725533],[139.562925631,35.352450899],[139.560849569,35.35392664],[139.557827072,35.356753057],[139.553201458,35.360442406],[139.551504056,35.361600412],[139.548896422,35.362593487],[139.545507341,35.363168777],[139.542327076,35.363709608],[139.535566638,35.364811666],[139.526275479,35.366623173],[139.523500508,35.368152273],[139.522491429,35.368772179],[139.519514665,35.373731421],[139.515680166,35.376913602],[139.511571642,35.380241774]]},"properties":{"任意ID":"347","区分":"第１次緊急輸送道路","枝ID":"1","行政区域":"14100","資料名称":"神奈川県緊急輸送道路ネットワーク計画図","資料年月":"2018 03","路線名称":"横浜環状南線","道路種別":"都市高速道路"}},{"type":"Feature","geometry":{"type":"LineString","coordinates":[[139.593025238,35.516399311],[139.595321019,35.517666877],[139.59633522,35.517990841],[139.597498831,35.518100444],[139.598601644,35.518052511],[139.601824146,35.517620392],[139.602571277,35.517497806],[139.603662926,35.51726855],[139.605077551,35.516812134],[139.606950853,35.516101373],[139.608737144,35.515494528],[139.609942042,35.5152436],[139.611374654,35.515115072],[139.613136257,35.515216083],[139.616547925,35.515680172],[139.618901621,35.515813166],[139.620704346,35.515816357],[139.622533642,35.515697935],[139.624643374,35.515422565],[139.629519917,35.514558012],[139.63078081,35.514259633],[139.63192424,35.513889329],[139.632883007,35.513468957],[139.634136109,35.512769859],[139.634846119,35.5122845],[139.636020535,35.511542323],[139.637250344,35.510229184],[139.639489426,35.508302594],[139.640352352,35.507556453],[139.642483841,35.505599889],[139.644780706,35.503692873],[139.647593687,35.501113266],[139.652421698,35.496684589],[139.654326593,35.49513721],[139.656861496,35.493313221],[139.660504311,35.491557451],[139.66273861,35.490914188],[139.664316357,35.490795076],[139.667629071,35.491035636],[139.670878458,35.49160583],[139.671441555,35.491705607],[139.671969241,35.491847287]]},"properties":{"任意ID":"348","区分":"第１次緊急輸送道路","枝ID":"1","行政区域":"14100","資料名称":"神奈川県緊急輸送道路ネットワーク計画図","資料年月":"2018 03","路線名称":"横浜環状北線","道路種別":"都市高速道路"}},{"type":"Feature","geometry":{"type":"MultiLineString","coordinates":[[[139.490704688,35.358973268],[139.491171074,35.359378074],[139.493716582,35.360951551],[139.495194292,35.361718879],[139.498765937,35.362638778]],[[139.510351437,35.364389456],[139.519952811,35.36486946],[139.522105159,35.365229655],[139.525021246,35.366025873],[139.526275479,35.366623173]]]},"properties":{"任意ID":"349","区分":"第１次緊急輸送道路","枝ID":"1","行政区域":"14100","資料名称":"神奈川県緊急輸送道路ネットワーク計画図","資料年月":"2018 03","路線名称":"横浜湘南道路","道路種別":"都市高速道路"}},{"type":"Feature","geometry":{"type":"LineString","coordinates":[[139.554040231,35.362777872],[139.556875369,35.359905709],[139.560091036,35.356928399],[139.562381067,35.354676048],[139.563705098,35.353536036],[139.564704879,35.353060108],[139.566022155,35.352811075],[139.568480956,35.352777867],[139.574421938,35.353273154],[139.579895022,35.354314538]]},"properties":{"任意ID":"350","区分":"第１次緊急輸送道路","枝ID":"1","行政区域":"14100","資料名称":"神奈川県緊急輸送道路ネットワーク計画図","資料年月":"2018 03","路線名称":"上郷公田線","道路種別":"都市高速道路"}},{"type":"Feature","geometry":{"type":"LineString","coordinates":[[139.65995475,35.495788917],[139.661648103,35.49456762],[139.66295962,35.493051205],[139.663872508,35.491745846],[139.664316357,35.490795076]]},"properties":{"任意ID":"351","区分":"第１次緊急輸送道路","枝ID":"1","行政区域":"14100","資料名称":"神奈川県緊急輸送道路ネットワーク計画図","資料年月":"2018 03","路線名称":"岸谷生麦線","道路種別":"都市高速道路"}},{"type":"Feature","geometry":{"type":"LineString","coordinates":[[139.640969087,35.505714386],[139.640724735,35.506024087],[139.640572016,35.506442015],[139.640494639,35.506738395],[139.640384682,35.507321164],[139.640352352,35.507556453],[139.640343958,35.507617544],[139.640117927,35.508078764],[139.639995747,35.508218629],[139.639368719,35.508735294]]},"properties":{"任意ID":"361","区分":"第２次緊急輸送道路","枝ID":"1","行政区域":"14100","資料名称":"神奈川県緊急輸送道路ネットワーク計画図","資料年月":"2018 03","路線名称":"大田神奈川線","道路種別":"市町村道（認定道路）"}},{"type":"Feature","geometry":{"type":"MultiLineString","coordinates":[[[139.684033957,35.405506],[139.686517969,35.407454477],[139.684435107,35.409190672]],[[139.680180498,35.412555435],[139.679539602,35.412792939],[139.676828737,35.413552653],[139.675170756,35.41394489],[139.671876681,35.414930301],[139.671322396,35.415299232],[139.670884355,35.415811416],[139.670708495,35.416335876],[139.670707105,35.41702752],[139.670793503,35.417528484]]]},"properties":{"任意ID":"368","区分":"第１次緊急輸送道路","枝ID":"1","行政区域":"14100","資料名称":"神奈川県緊急輸送道路ネットワーク計画図","資料年月":"2018 03","路線名称":"本牧第272号線","道路種別":"市町村道（認定道路）"}},{"type":"Feature","geometry":{"type":"LineString","coordinates":[[139.561623552,35.419051674],[139.561941223,35.420314101]]},"properties":{"任意ID":"369","区分":"第１次緊急輸送道路","枝ID":"1","行政区域":"14100","資料名称":"神奈川県緊急輸送道路ネットワーク計画図","資料年月":"2018 03","路線名称":"横浜市道平戸第481号線","道路種別":"市町村道（認定道路）"}},{"type":"Feature","geometry":{"type":"LineString","coordinates":[[139.593025238,35.516399311],[139.591536062,35.515723968],[139.590457482,35.515483307],[139.58925631,35.51545255],[139.588940745,35.51544447],[139.587715019,35.515632776],[139.586547045,35.516011983],[139.585480349,35.51665373],[139.584208447,35.517617012],[139.582417832,35.519253686],[139.581437223,35.520253772],[139.580344289,35.521603269],[139.578761619,35.52393241],[139.57751471,35.525231948],[139.576497006,35.526002506],[139.575427456,35.526558299],[139.574305515,35.527071041],[139.572938911,35.527454458],[139.571607861,35.527666222],[139.569001224,35.527994458],[139.56537351,35.528413466],[139.550331968,35.529674518],[139.548082169,35.529888567],[139.546847308,35.530128443],[139.545819179,35.530450348],[139.544884063,35.530867863],[139.543889867,35.531485564],[139.543152198,35.532161113],[139.542519379,35.532884609],[139.54091259,35.535065322],[139.540302307,35.535998734],[139.539948739,35.536942307],[139.539298821,35.539134861],[139.539119465,35.540307809],[139.539146619,35.542631059]]},"properties":{"任意ID":"370","区分":"第１次緊急輸送道路","枝ID":"1","行政区域":"14100","資料名称":"神奈川県緊急輸送道路ネットワーク計画図","資料年月":"2018 03","路線名称":"首都高速横浜北西線","道路種別":"都市高速道路"}},{"type":"Feature","geometry":{"type":"LineString","coordinates":[[139.58925631,35.51545255],[139.589389014,35.516106694],[139.590079734,35.516995892],[139.59198965,35.518474069]]},"properties":{"任意ID":"370","区分":"第１次緊急輸送道路","枝ID":"2","行政区域":"14100","資料名称":"神奈川県緊急輸送道路ネットワーク計画図","資料年月":"2018 03","路線名称":"首都高速横浜北西線","道路種別":"都市高速道路"}},{"type":"Feature","geometry":{"type":"LineString","coordinates":[[139.527563107,35.400968328],[139.527067678,35.400987208],[139.526819588,35.401027778],[139.526534909,35.401096928],[139.52626323,35.401190258],[139.526022681,35.401302768],[139.525836862,35.401409988],[139.525465734,35.401674707],[139.525348955,35.401787607],[139.525280186,35.401860537],[139.525213797,35.401930536],[139.525117407,35.402033586],[139.525031188,35.402121006],[139.52485852,35.402295536],[139.524716861,35.402406655],[139.524552132,35.402498305],[139.524303243,35.402613315],[139.524096083,35.402705085],[139.523946304,35.402761925],[139.523822394,35.402812754],[139.523334086,35.403021084],[139.523045218,35.403179014],[139.522997148,35.403207204],[139.522033651,35.403624303],[139.521477854,35.403875562],[139.520852146,35.404164701],[139.520281268,35.404423891],[139.519737981,35.40471136],[139.519572992,35.40480163],[139.519222434,35.405066359],[139.519071525,35.405172959],[139.518821686,35.405357439],[139.518723887,35.405438999],[139.518424939,35.405657758],[139.517881612,35.406080247],[139.517337915,35.406475176],[139.516668009,35.406980945],[139.516098963,35.407410544],[139.515777734,35.407596073],[139.515674885,35.407641013],[139.514616818,35.408056832],[139.514423489,35.408141172],[139.514230499,35.408254972],[139.51411396,35.408333852],[139.513955521,35.408441072],[139.513811072,35.408581911],[139.513611634,35.408852471],[139.513474135,35.40906663],[139.513368067,35.40924277],[139.512890003,35.410035738],[139.512553036,35.410503016],[139.512464977,35.410586896],[139.512370367,35.410654866],[139.512078678,35.410796036],[139.511994968,35.410829965],[139.511936268,35.410855365],[139.511809479,35.410913585],[139.511287761,35.411162464],[139.510882212,35.411353844],[139.509932945,35.411787772],[139.509761406,35.411855602],[139.509638036,35.411908012],[139.509500266,35.411968292],[139.509328307,35.412013291],[139.509004967,35.412058291],[139.508550467,35.412080831],[139.508359347,35.412088821],[139.508161647,35.412097051],[139.507354707,35.41213162],[139.506606727,35.41214271],[139.506465577,35.41213711],[139.506122267,35.41214206],[139.505993597,35.41213718],[139.505675337,35.41215933],[139.505619167,35.41217288],[139.505409158,35.41222717],[139.505312778,35.412266619],[139.505202779,35.412334119],[139.505072219,35.412435509],[139.504809491,35.412670258],[139.504532493,35.412918827],[139.504445033,35.413005907],[139.504336534,35.413105927],[139.504071046,35.413375466],[139.503995246,35.413446686],[139.503628598,35.413748195],[139.503507699,35.413822694],[139.503449449,35.413855504],[139.50316746,35.413990804],[139.502954491,35.414069663],[139.502535001,35.414182453],[139.501812872,35.414351382],[139.501530923,35.414419172],[139.500822754,35.414627181],[139.500272815,35.41477383],[139.500001395,35.41481636],[139.499482236,35.41489772],[139.499206956,35.414925779],[139.498787546,35.414976609],[139.498295286,35.414992729],[139.498101126,35.414982229],[139.497611956,35.414954109],[139.496800546,35.414935769],[139.496507526,35.414976259],[139.496346736,35.414999108],[139.496119736,35.415038548],[139.495919796,35.415072508],[139.495472757,35.415173998],[139.495181407,35.415259317],[139.494504038,35.415433707],[139.493115241,35.415799335],[139.492773501,35.415877805],[139.492606141,35.415923275],[139.492365012,35.415979945],[139.492184512,35.416025414],[139.491987882,35.416074094],[139.491758853,35.416133074],[139.491668073,35.416155134],[139.490793434,35.416367703],[139.490133895,35.416530913],[139.489640336,35.416652942],[139.489491436,35.416689642],[139.489353626,35.416711602],[139.489181966,35.416745772],[139.488632097,35.416829141],[139.488450377,35.416856891],[139.488365847,35.416869651],[139.488255007,35.416883691],[139.488152827,35.416894941],[139.487916447,35.416910381],[139.487793077,35.416916041],[139.487256407,35.416932431],[139.487032587,35.416926811],[139.486917797,35.416923941],[139.486768657,35.41692022],[139.485874576,35.4168527],[139.485074836,35.41680217],[139.484891406,35.41680772],[139.484330056,35.416819009],[139.484066416,35.416824379],[139.483741496,35.416832269],[139.483334746,35.416836408],[139.482242736,35.416847468],[139.481033765,35.416863827],[139.480344035,35.416880346],[139.479128215,35.416896955],[139.478218605,35.416909385],[139.477961285,35.416913515],[139.477959468,35.416913542]]},"properties":{"任意ID":"47","区分":"第１次緊急輸送道路","枝ID":"6","行政区域":"14100","資料名称":"神奈川県緊急輸送道路ネットワーク計画図","資料年月":"2018 03","路線名称":"県道22号","道路種別":"主要地方道（都道府県道）"}}],"name":"14100_yokohama-shi_city_2023_emergency_route","type":"FeatureCollection"}