{"features":[{"type":"Feature","geometry":{"type":"Point","coordinates":[139.6548217649,35.5161784544]},"properties":{"レベル":"1","住所":"神奈川県横浜市鶴見区北寺尾4-25-1","収容人数":null,"名称":"旭小学校","対象とする災害の分類":"地震災害","施設の種類":"避難所","施設規模":"5274","行政区域":"14101","高さ":"10.9"}},{"type":"Feature","geometry":{"type":"Point","coordinates":[139.6751528631,35.5228714275]},"properties":{"レベル":"1","住所":"神奈川県横浜市鶴見区下末吉2-25-6","収容人数":null,"名称":"下末吉小学校","対象とする災害の分類":"指定なし","施設の種類":"避難所","施設規模":"4029","行政区域":"14101","高さ":"10.8"}},{"type":"Feature","geometry":{"type":"Point","coordinates":[139.6814344366,35.5001539351]},"properties":{"レベル":"1","住所":"神奈川県横浜市鶴見区下野谷町2-49","収容人数":null,"名称":"下野谷小学校","対象とする災害の分類":"指定なし","施設の種類":"避難所","施設規模":"5520","行政区域":"14101","高さ":"15"}},{"type":"Feature","geometry":{"type":"Point","coordinates":[139.6996074896,35.5018946031]},"properties":{"レベル":"1","住所":"神奈川県横浜市鶴見区寛政町23-1","収容人数":null,"名称":"寛政中学校","対象とする災害の分類":"指定なし","施設の種類":"避難所","施設規模":"6841","行政区域":"14101","高さ":"13"}},{"type":"Feature","geometry":{"type":"Point","coordinates":[139.6618496107,35.4935144628]},"properties":{"レベル":"1","住所":"神奈川県横浜市鶴見区岸谷1-6-1","収容人数":null,"名称":"岸谷小学校","対象とする災害の分類":"地震災害","施設の種類":"避難所","施設規模":"4795","行政区域":"14101","高さ":"14.8"}},{"type":"Feature","geometry":{"type":"Point","coordinates":[139.6546882279,35.5289015302]},"properties":{"レベル":"1","住所":"神奈川県横浜市鶴見区駒岡3-14-1","収容人数":null,"名称":"駒岡小学校","対象とする災害の分類":"指定なし","施設の種類":"避難所","施設規模":"5477","行政区域":"14101","高さ":"14.4"}},{"type":"Feature","geometry":{"type":"Point","coordinates":[139.6826808774,35.5227884164]},"properties":{"レベル":"1","住所":"神奈川県横浜市鶴見区克宮1-13-1","収容人数":null,"名称":"市場小学校","対象とする災害の分類":"指定なし","施設の種類":"避難所","施設規模":"6772","行政区域":"14101","高さ":"14.7"}},{"type":"Feature","geometry":{"type":"Point","coordinates":[139.6832918192,35.5152334183]},"properties":{"レベル":"1","住所":"神奈川県横浜市鶴見区市場下町1-1","収容人数":null,"名称":"市場中学校","対象とする災害の分類":"指定なし","施設の種類":"避難所","施設規模":"5787","行政区域":"14101","高さ":"15"}},{"type":"Feature","geometry":{"type":"Point","coordinates":[139.6507987601,35.5169764578]},"properties":{"レベル":"1","住所":"神奈川県横浜市鶴見区獅子ヶ谷1-19-1","収容人数":null,"名称":"獅子ヶ谷小学校","対象とする災害の分類":"指定なし","施設の種類":"避難所","施設規模":"5105","行政区域":"14101","高さ":"14.2"}},{"type":"Feature","geometry":{"type":"Point","coordinates":[139.6579046843,35.5042904593]},"properties":{"レベル":"1","住所":"神奈川県横浜市鶴見区東寺尾5-19-1","収容人数":null,"名称":"寺尾小学校","対象とする災害の分類":"指定なし","施設の種類":"避難所","施設規模":"7749","行政区域":"14101","高さ":"10.8"}},{"type":"Feature","geometry":{"type":"Point","coordinates":[139.6591548049,35.5200114482]},"properties":{"レベル":"1","住所":"神奈川県横浜市鶴見区北寺尾3-13-1","収容人数":null,"名称":"寺尾中学校","対象とする災害の分類":"地震災害","施設の種類":"避難所","施設規模":"9018","行政区域":"14101","高さ":"7.4"}},{"type":"Feature","geometry":{"type":"Point","coordinates":[139.6877041578,35.4987919438]},"properties":{"レベル":"1","住所":"神奈川県横浜市鶴見区汐入町2-36","収容人数":null,"名称":"汐入小学校","対象とする災害の分類":"指定なし","施設の種類":"避難所","施設規模":"3700","行政区域":"14101","高さ":"11.4"}},{"type":"Feature","geometry":{"type":"Point","coordinates":[139.6389066958,35.5122054714]},"properties":{"レベル":"1","住所":"神奈川県横浜市鶴見区上の宮1-26-33","収容人数":null,"名称":"上の宮中学校","対象とする災害の分類":"地震災害","施設の種類":"避難所","施設規模":"5790","行政区域":"14101","高さ":"11.7"}},{"type":"Feature","geometry":{"type":"Point","coordinates":[139.6540716979,35.5071794608]},"properties":{"レベル":"1","住所":"神奈川県横浜市鶴見区馬場3-21-21","収容人数":null,"名称":"上寺尾小学校","対象とする災害の分類":"指定なし","施設の種類":"避難所","施設規模":"6390","行政区域":"14101","高さ":"15"}},{"type":"Feature","geometry":{"type":"Point","coordinates":[139.6621549161,35.5343144388]},"properties":{"レベル":"1","住所":"神奈川県横浜市鶴見区上末吉5-24-1","収容人数":null,"名称":"上末吉小学校","対象とする災害の分類":"指定なし","施設の種類":"避難所","施設規模":"5005","行政区域":"14101","高さ":"14.4"}},{"type":"Feature","geometry":{"type":"Point","coordinates":[139.6766249418,35.5328424217]},"properties":{"レベル":"1","住所":"神奈川県横浜市鶴見区江ケ崎町2-1","収容人数":null,"名称":"新鶴見小学校","対象とする災害の分類":"地震災害","施設の種類":"避難所","施設規模":"4788","行政区域":"14101","高さ":"13.9"}},{"type":"Feature","geometry":{"type":"Point","coordinates":[139.6712096454,35.495791451]},"properties":{"レベル":"1","住所":"神奈川県横浜市鶴見区生麦4-15-1","収容人数":null,"名称":"生麦小学校","対象とする災害の分類":"指定なし","施設の種類":"避難所","施設規模":"6283","行政区域":"14101","高さ":"11.1"}},{"type":"Feature","geometry":{"type":"Point","coordinates":[139.6593339932,35.4934044965]},"properties":{"レベル":"1","住所":"神奈川県横浜市鶴見区岸谷2-1-1","収容人数":null,"名称":"生麦中学校","対象とする災害の分類":"地震災害","施設の種類":"避難所","施設規模":"6837","行政区域":"14101","高さ":"10.7"}},{"type":"Feature","geometry":{"type":"Point","coordinates":[139.6899857634,35.5068734142]},"properties":{"レベル":"1","住所":"神奈川県横浜市鶴見区向井町3-82-1","収容人数":null,"名称":"潮田小学校","対象とする災害の分類":"指定なし","施設の種類":"避難所","施設規模":"5606","行政区域":"14101","高さ":"11.3"}},{"type":"Feature","geometry":{"type":"Point","coordinates":[139.6915967649,35.5067344112]},"properties":{"レベル":"1","住所":"神奈川県横浜市鶴見区向井町4-83","収容人数":null,"名称":"潮田中学校","対象とする災害の分類":"指定なし","施設の種類":"避難所","施設規模":"6465","行政区域":"14101","高さ":"11.2"}},{"type":"Feature","geometry":{"type":"Point","coordinates":[139.6840967714,35.5091784223]},"properties":{"レベル":"1","住所":"神奈川県横浜市鶴見区鶴見中央3-19-1","収容人数":null,"名称":"鶴見小学校","対象とする災害の分類":"指定なし","施設の種類":"避難所","施設規模":"4724","行政区域":"14101","高さ":"14.2"}},{"type":"Feature","geometry":{"type":"Point","coordinates":[139.6846247786,35.5099014211]},"properties":{"レベル":"1","住所":"神奈川県横浜市鶴見区鶴見中央3-14-1","収容人数":null,"名称":"鶴見中学校","対象とする災害の分類":"指定なし","施設の種類":"避難所","施設規模":"4706","行政区域":"14101","高さ":"11.5"}},{"type":"Feature","geometry":{"type":"Point","coordinates":[139.6643486939,35.5037634527]},"properties":{"レベル":"1","住所":"神奈川県横浜市鶴見区東寺尾東台12-1","収容人数":null,"名称":"東台小学校","対象とする災害の分類":"地震災害","施設の種類":"避難所","施設規模":"5925","行政区域":"14101","高さ":"7.4"}},{"type":"Feature","geometry":{"type":"Point","coordinates":[139.6929857234,35.5012074129]},"properties":{"レベル":"1","住所":"神奈川県横浜市鶴見区浜町1-1-1","収容人数":null,"名称":"入船小学校","対象とする災害の分類":"指定なし","施設の種類":"避難所","施設規模":"3812","行政区域":"14101","高さ":"10.9"}},{"type":"Feature","geometry":{"type":"Point","coordinates":[139.6443506936,35.5099284674]},"properties":{"レベル":"1","住所":"神奈川県横浜市鶴見区馬場7-20-1","収容人数":null,"名称":"馬場小学校","対象とする災害の分類":"地震災害","施設の種類":"避難所","施設規模":"5577","行政区域":"14101","高さ":"11.2"}},{"type":"Feature","geometry":{"type":"Point","coordinates":[139.69206881,35.5123444062]},"properties":{"レベル":"1","住所":"神奈川県横浜市鶴見区平安町2-9-1","収容人数":null,"名称":"平安小学校","対象とする災害の分類":"指定なし","施設の種類":"避難所","施設規模":"5760","行政区域":"14101","高さ":"7.2"}},{"type":"Feature","geometry":{"type":"Point","coordinates":[139.6750697829,35.5125954332]},"properties":{"レベル":"1","住所":"神奈川県横浜市鶴見区豊岡町27-1","収容人数":null,"名称":"豊岡小学校","対象とする災害の分類":"指定なし","施設の種類":"避難所","施設規模":"6230","行政区域":"14101","高さ":"11"}},{"type":"Feature","geometry":{"type":"Point","coordinates":[139.6695148643,35.5246774338]},"properties":{"レベル":"1","住所":"神奈川県横浜市鶴見区上末吉1-9-1","収容人数":null,"名称":"末吉小学校","対象とする災害の分類":"指定なし","施設の種類":"避難所","施設規模":"7924","行政区域":"14101","高さ":"11"}},{"type":"Feature","geometry":{"type":"Point","coordinates":[139.6641818406,35.5231494418]},"properties":{"レベル":"1","住所":"神奈川県横浜市鶴見区下末吉6-13-1","収容人数":null,"名称":"末吉中学校","対象とする災害の分類":"地震災害","施設の種類":"避難所","施設規模":"6437","行政区域":"14101","高さ":"14.5"}},{"type":"Feature","geometry":{"type":"Point","coordinates":[139.6790419515,35.5333974175]},"properties":{"レベル":"1","住所":"神奈川県横浜市鶴見区矢向3-8-1","収容人数":null,"名称":"矢向小学校","対象とする災害の分類":"指定なし","施設の種類":"避難所","施設規模":"7467","行政区域":"14101","高さ":"11.2"}},{"type":"Feature","geometry":{"type":"Point","coordinates":[139.6747062306,35.5288540577]},"properties":{"レベル":"1","住所":"神奈川県横浜市鶴見区矢向1-8-24","収容人数":null,"名称":"矢向中学校","対象とする災害の分類":"指定なし","施設の種類":"避難所","施設規模":"4588","行政区域":"14101","高さ":"10.9"}},{"type":"Feature","geometry":{"type":"Point","coordinates":[139.5873283965,35.4885415163]},"properties":{"レベル":"1","住所":"神奈川県横浜市神奈川区羽沢町935","収容人数":null,"名称":"羽沢小学校","対象とする災害の分類":"指定なし","施設の種類":"避難所","施設規模":"4973","行政区域":"14102","高さ":"14.4"}},{"type":"Feature","geometry":{"type":"Point","coordinates":[139.6412507097,35.4859092982]},"properties":{"レベル":"1","住所":"神奈川県横浜市神奈川区白幡東町27-1","収容人数":null,"名称":"浦島丘中学校","対象とする災害の分類":"地震災害","施設の種類":"避難所","施設規模":"6529","行政区域":"14102","高さ":"11"}},{"type":"Feature","geometry":{"type":"Point","coordinates":[139.6367216301,35.4839617985]},"properties":{"レベル":"1","住所":"神奈川県横浜市神奈川区浦島丘16","収容人数":null,"名称":"浦島小学校","対象とする災害の分類":"地震災害","施設の種類":"避難所","施設規模":"5498","行政区域":"14102","高さ":"14.6"}},{"type":"Feature","geometry":{"type":"Point","coordinates":[139.6510996069,35.4960414722]},"properties":{"レベル":"1","住所":"神奈川県横浜市神奈川区西寺尾3-10-1","収容人数":null,"名称":"錦台中学校","対象とする災害の分類":"指定なし","施設の種類":"避難所","施設規模":"6357","行政区域":"14102","高さ":"11.4"}},{"type":"Feature","geometry":{"type":"Point","coordinates":[139.6243447377,35.4770276688]},"properties":{"レベル":"1","住所":"神奈川県横浜市神奈川区栗田谷3-1","収容人数":null,"名称":"栗田谷中学校","対象とする災害の分類":"地震災害","施設の種類":"避難所","施設規模":"5906","行政区域":"14102","高さ":"14.6"}},{"type":"Feature","geometry":{"type":"Point","coordinates":[139.6309030829,35.4716490728]},"properties":{"レベル":"4","住所":"神奈川県横浜市神奈川区幸ヶ谷1-1","収容人数":null,"名称":"幸ヶ谷小学校","対象とする災害の分類":"地震災害","施設の種類":"避難所","施設規模":"4773","行政区域":"14102","高さ":"18.2"}},{"type":"Feature","geometry":{"type":"Point","coordinates":[139.6082181343,35.4760693704]},"properties":{"レベル":"1","住所":"神奈川県横浜市神奈川区三ツ沢中町4-17","収容人数":null,"名称":"三ツ沢小学校","対象とする災害の分類":"地震災害","施設の種類":"避難所","施設規模":"6825","行政区域":"14102","高さ":"15.4"}},{"type":"Feature","geometry":{"type":"Point","coordinates":[139.6530715551,35.4885281109]},"properties":{"レベル":"1","住所":"神奈川県横浜市神奈川区新子安1-24-1","収容人数":null,"名称":"子安小学校","対象とする災害の分類":"指定なし","施設の種類":"避難所","施設規模":"5947","行政区域":"14102","高さ":"11.3"}},{"type":"Feature","geometry":{"type":"Point","coordinates":[139.621075488,35.4899575005]},"properties":{"レベル":"1","住所":"神奈川県横浜市神奈川区六角橋2-34-19","収容人数":null,"名称":"神橋小学校","対象とする災害の分類":"地震災害","施設の種類":"避難所","施設規模":"5217","行政区域":"14102","高さ":"7.7"}},{"type":"Feature","geometry":{"type":"Point","coordinates":[139.6089374416,35.4878195094]},"properties":{"レベル":"1","住所":"神奈川県横浜市神奈川区神大寺3-34-1","収容人数":null,"名称":"神大寺小学校","対象とする災害の分類":"地震災害","施設の種類":"避難所","施設規模":"4589","行政区域":"14102","高さ":"14.9"}},{"type":"Feature","geometry":{"type":"Point","coordinates":[139.6359624332,35.477486503]},"properties":{"レベル":"1","住所":"神奈川県横浜市神奈川区東神奈川2-35-1","収容人数":null,"名称":"神奈川小学校","対象とする災害の分類":"地震災害","施設の種類":"避難所","施設規模":"4894","行政区域":"14102","高さ":"11.9"}},{"type":"Feature","geometry":{"type":"Point","coordinates":[139.5781344325,35.4961795108]},"properties":{"レベル":"1","住所":"神奈川県横浜市神奈川区菅田町674","収容人数":null,"名称":"菅田小学校","対象とする災害の分類":"地震災害","施設の種類":"避難所","施設規模":"5129","行政区域":"14102","高さ":"14.5"}},{"type":"Feature","geometry":{"type":"Point","coordinates":[139.6456556047,35.4973734765]},"properties":{"レベル":"1","住所":"神奈川県横浜市神奈川区西寺尾2-5-1","収容人数":null,"名称":"西寺尾小学校","対象とする災害の分類":"地震災害","施設の種類":"避難所","施設規模":"4407","行政区域":"14102","高さ":"11.6"}},{"type":"Feature","geometry":{"type":"Point","coordinates":[139.646650023,35.4991032483]},"properties":{"レベル":"1","住所":"神奈川県横浜市神奈川区西寺尾2-15-1","収容人数":null,"名称":"西寺尾第二小学校","対象とする災害の分類":"指定なし","施設の種類":"避難所","施設規模":"3100","行政区域":"14102","高さ":"15"}},{"type":"Feature","geometry":{"type":"Point","coordinates":[139.6257133777,35.4735705142]},"properties":{"レベル":"1","住所":"神奈川県横浜市神奈川区桐畑17","収容人数":null,"名称":"青木小学校","対象とする災害の分類":"指定なし","施設の種類":"避難所","施設規模":"7656","行政区域":"14102","高さ":"14.8"}},{"type":"Feature","geometry":{"type":"Point","coordinates":[139.6233594356,35.4821705069]},"properties":{"レベル":"1","住所":"神奈川県横浜市神奈川区斉藤分町34-1","収容人数":null,"名称":"斉藤分小学校","対象とする災害の分類":"地震災害","施設の種類":"避難所","施設規模":"4294","行政区域":"14102","高さ":"11.8"}},{"type":"Feature","geometry":{"type":"Point","coordinates":[139.6379055725,35.4955124845]},"properties":{"レベル":"1","住所":"神奈川県横浜市神奈川区大口仲町460","収容人数":null,"名称":"大口台小学校","対象とする災害の分類":"地震災害","施設の種類":"避難所","施設規模":"4543","行政区域":"14102","高さ":"14.7"}},{"type":"Feature","geometry":{"type":"Point","coordinates":[139.5861064515,35.4963735085]},"properties":{"レベル":"1","住所":"神奈川県横浜市神奈川区菅田町1393","収容人数":null,"名称":"池上小学校","対象とする災害の分類":"地震災害","施設の種類":"避難所","施設規模":"4882","行政区域":"14102","高さ":"15.2"}},{"type":"Feature","geometry":{"type":"Point","coordinates":[139.6028553861,35.4822645189]},"properties":{"レベル":"1","住所":"神奈川県横浜市神奈川区神大寺3-17-1","収容人数":null,"名称":"中丸小学校","対象とする災害の分類":"地震災害","施設の種類":"避難所","施設規模":"4199","行政区域":"14102","高さ":"14.6"}},{"type":"Feature","geometry":{"type":"Point","coordinates":[139.6122154281,35.4850425111]},"properties":{"レベル":"1","住所":"神奈川県横浜市神奈川区神大寺2-9-16","収容人数":null,"名称":"南神大寺小学校","対象とする災害の分類":"地震災害","施設の種類":"避難所","施設規模":"5091","行政区域":"14102","高さ":"14.9"}},{"type":"Feature","geometry":{"type":"Point","coordinates":[139.6288244377,35.4806525055]},"properties":{"レベル":"1","住所":"神奈川県横浜市神奈川区平川町11-1","収容人数":null,"名称":"二谷小学校","対象とする災害の分類":"地震災害","施設の種類":"避難所","施設規模":"4271","行政区域":"14102","高さ":"14.6"}},{"type":"Feature","geometry":{"type":"Point","coordinates":[139.6318235266,35.4914564917]},"properties":{"レベル":"1","住所":"神奈川県横浜市神奈川区白幡上町11-1","収容人数":null,"名称":"白幡小学校","対象とする災害の分類":"地震災害","施設の種類":"避難所","施設規模":"5702","行政区域":"14102","高さ":"11.4"}},{"type":"Feature","geometry":{"type":"Point","coordinates":[139.6188811456,35.4468525546]},"properties":{"レベル":"1","住所":"神奈川県横浜市西区西戸部町1-115","収容人数":null,"名称":"一本松小学校","対象とする災害の分類":"地震災害","施設の種類":"避難所","施設規模":"4295","行政区域":"14103","高さ":"16.2"}},{"type":"Feature","geometry":{"type":"Point","coordinates":[139.6124101436,35.4488795562]},"properties":{"レベル":"1","住所":"神奈川県横浜市西区藤棚町2-220","収容人数":null,"名称":"稲荷台小学校","対象とする災害の分類":"指定なし","施設の種類":"避難所","施設規模":"4508","行政区域":"14103","高さ":"11.2"}},{"type":"Feature","geometry":{"type":"Point","coordinates":[139.6119638932,35.4619754494]},"properties":{"レベル":"1","住所":"神奈川県横浜市西区岡野2-14-1","収容人数":null,"名称":"岡野中学校","対象とする災害の分類":"地震災害","施設の種類":"避難所","施設規模":"4053","行政区域":"14103","高さ":"10.9"}},{"type":"Feature","geometry":{"type":"Point","coordinates":[139.6085492755,35.4662665342]},"properties":{"レベル":"1","住所":"神奈川県横浜市西区宮ケ谷6-7","収容人数":null,"名称":"宮谷小学校","対象とする災害の分類":"指定なし","施設の種類":"避難所","施設規模":"5827","行政区域":"14103","高さ":"15.2"}},{"type":"Feature","geometry":{"type":"Point","coordinates":[139.6096084039,35.468881]},"properties":{"レベル":"1","住所":"神奈川県横浜市西区北軽井沢24","収容人数":null,"名称":"軽井沢中学校","対象とする災害の分類":"地震災害","施設の種類":"避難所","施設規模":"3491","行政区域":"14103","高さ":"18.9"}},{"type":"Feature","geometry":{"type":"Point","coordinates":[139.6218024753,35.453119961]},"properties":{"レベル":"1","住所":"神奈川県横浜市西区伊勢町2-115","収容人数":null,"名称":"戸部小学校","対象とする災害の分類":"指定なし","施設の種類":"避難所","施設規模":"4840","行政区域":"14103","高さ":"14.8"}},{"type":"Feature","geometry":{"type":"Point","coordinates":[139.6157701935,35.4537405461]},"properties":{"レベル":"1","住所":"神奈川県横浜市西区中央2-27-7","収容人数":null,"名称":"西前小学校","対象とする災害の分類":"指定なし","施設の種類":"避難所","施設規模":"5269","行政区域":"14103","高さ":"11.1"}},{"type":"Feature","geometry":{"type":"Point","coordinates":[139.6184091875,35.4519905469]},"properties":{"レベル":"1","住所":"神奈川県横浜市西区西戸部町3-286","収容人数":null,"名称":"西中学校","対象とする災害の分類":"地震災害","施設の種類":"避難所","施設規模":"4571","行政区域":"14103","高さ":"11.4"}},{"type":"Feature","geometry":{"type":"Point","coordinates":[139.6061052338,35.4618505412]},"properties":{"レベル":"1","住所":"神奈川県横浜市西区浅間町3-237","収容人数":null,"名称":"浅間台小学校","対象とする災害の分類":"指定なし","施設の種類":"避難所","施設規模":"4329","行政区域":"14103","高さ":"14.3"}},{"type":"Feature","geometry":{"type":"Point","coordinates":[139.6238251302,35.443269556]},"properties":{"レベル":"1","住所":"神奈川県横浜市西区東ヶ丘59","収容人数":null,"名称":"東小学校","対象とする災害の分類":"地震災害","施設の種類":"避難所","施設規模":"4937","行政区域":"14103","高さ":"16.1"}},{"type":"Feature","geometry":{"type":"Point","coordinates":[139.6157702241,35.4575175406]},"properties":{"レベル":"1","住所":"神奈川県横浜市西区平沼2-11-36","収容人数":null,"名称":"平沼小学校","対象とする災害の分類":"地震災害","施設の種類":"避難所","施設規模":"5596","行政区域":"14103","高さ":"7.9"}},{"type":"Feature","geometry":{"type":"Point","coordinates":[139.6248441626,35.4478286571]},"properties":{"レベル":"1","住所":"神奈川県横浜市西区老松町27","収容人数":null,"名称":"老松中学校","対象とする災害の分類":"地震災害","施設の種類":"避難所","施設規模":"5646","行政区域":"14103","高さ":"15.5"}},{"type":"Feature","geometry":{"type":"Point","coordinates":[139.6556289824,35.4179385864]},"properties":{"レベル":"1","住所":"神奈川県横浜市中区本牧間門29-1","収容人数":null,"名称":"間門小学校","対象とする災害の分類":"地震災害","施設の種類":"避難所","施設規模":"5407","行政区域":"14104","高さ":"11"}},{"type":"Feature","geometry":{"type":"Point","coordinates":[139.6327971558,35.4427975506]},"properties":{"レベル":"1","住所":"神奈川県横浜市中区羽衣町3-84","収容人数":null,"名称":"吉田中学校","対象とする災害の分類":"地震災害","施設の種類":"避難所","施設規模":"5648","行政区域":"14104","高さ":"22.8"}},{"type":"Feature","geometry":{"type":"Point","coordinates":[139.6489883042,35.4360576334]},"properties":{"レベル":"1","住所":"神奈川県横浜市中区山手町36","収容人数":null,"名称":"元街小学校","対象とする災害の分類":"地震災害","施設の種類":"避難所","施設規模":"5461","行政区域":"14104","高さ":"14.6"}},{"type":"Feature","geometry":{"type":"Point","coordinates":[139.6431851781,35.4413525451]},"properties":{"レベル":"1","住所":"神奈川県横浜市中区山下町241","収容人数":null,"名称":"港中学校","対象とする災害の分類":"地震災害","施設の種類":"避難所","施設規模":"5045","行政区域":"14104","高さ":"16.3"}},{"type":"Feature","geometry":{"type":"Point","coordinates":[139.6380046607,35.4276870544]},"properties":{"レベル":"1","住所":"神奈川県横浜市中区山元町3-152","収容人数":null,"名称":"山元小学校","対象とする災害の分類":"地震災害","施設の種類":"避難所","施設規模":"5242","行政区域":"14104","高さ":"11.2"}},{"type":"Feature","geometry":{"type":"Point","coordinates":[139.6565162732,35.4273308528]},"properties":{"レベル":"1","住所":"神奈川県横浜市中区本牧町1-251","収容人数":null,"名称":"大鳥小学校","対象とする災害の分類":"地震災害","施設の種類":"避難所","施設規模":"6290","行政区域":"14104","高さ":"15.4"}},{"type":"Feature","geometry":{"type":"Point","coordinates":[139.6451063413,35.4257444728]},"properties":{"レベル":"1","住所":"神奈川県横浜市中区仲尾台23","収容人数":null,"名称":"仲尾台中学校","対象とする災害の分類":"地震災害","施設の種類":"避難所","施設規模":"6769","行政区域":"14104","高さ":"15.3"}},{"type":"Feature","geometry":{"type":"Point","coordinates":[139.6337971288,35.4392425555]},"properties":{"レベル":"1","住所":"神奈川県横浜市中区山田町3-9","収容人数":null,"名称":"富士見中学校","対象とする災害の分類":"地震災害","施設の種類":"避難所","施設規模":"3381","行政区域":"14104","高さ":"11.5"}},{"type":"Feature","geometry":{"type":"Point","coordinates":[139.6537951746,35.436522353]},"properties":{"レベル":"1","住所":"神奈川県横浜市中区諏訪町29","収容人数":null,"名称":"北方小学校","対象とする災害の分類":"地震災害","施設の種類":"避難所","施設規模":"5305","行政区域":"14104","高さ":"14.9"}},{"type":"Feature","geometry":{"type":"Point","coordinates":[139.6285842056,35.4505345415]},"properties":{"レベル":"1","住所":"神奈川県横浜市中区花咲町3-86","収容人数":null,"名称":"本町小学校","対象とする災害の分類":"指定なし","施設の種類":"避難所","施設規模":"5449","行政区域":"14104","高さ":"12"}},{"type":"Feature","geometry":{"type":"Point","coordinates":[139.6622950632,35.4246595676]},"properties":{"レベル":"1","住所":"神奈川県横浜市中区本牧和田5-1","収容人数":null,"名称":"本牧小学校","対象とする災害の分類":"地震災害","施設の種類":"避難所","施設規模":"3219","行政区域":"14104","高さ":"12.1"}},{"type":"Feature","geometry":{"type":"Point","coordinates":[139.6685303625,35.4164301605]},"properties":{"レベル":"1","住所":"神奈川県横浜市中区本牧元町44-1","収容人数":null,"名称":"本牧南小学校","対象とする災害の分類":"地震災害","施設の種類":"避難所","施設規模":"4757","行政区域":"14104","高さ":"15"}},{"type":"Feature","geometry":{"type":"Point","coordinates":[139.6451300565,35.4272715696]},"properties":{"レベル":"1","住所":"神奈川県横浜市中区立野76","収容人数":null,"名称":"立野小学校","対象とする災害の分類":"地震災害","施設の種類":"避難所","施設規模":"4914","行政区域":"14104","高さ":"15.5"}},{"type":"Feature","geometry":{"type":"Point","coordinates":[139.5995499616,35.4326875917]},"properties":{"レベル":"1","住所":"神奈川県横浜市南区井土ヶ谷上町2-l","収容人数":null,"名称":"井土ヶ谷小学校","対象とする災害の分類":"指定なし","施設の種類":"避難所","施設規模":"6085","行政区域":"14105","高さ":"15.3"}},{"type":"Feature","geometry":{"type":"Point","coordinates":[139.5915276571,35.435514739]},"properties":{"レベル":"1","住所":"神奈川県横浜市南区永田北2-6-12","収容人数":null,"名称":"永田小学校","対象とする災害の分類":"地震災害","施設の種類":"避難所","施設規模":"5503","行政区域":"14105","高さ":"15.1"}},{"type":"Feature","geometry":{"type":"Point","coordinates":[139.5894399406,35.4326865977]},"properties":{"レベル":"1","住所":"神奈川県横浜市南区永田みなみ台6-l","収容人数":null,"名称":"永田台小学校","対象とする災害の分類":"地震災害","施設の種類":"避難所","施設規模":"6158","行政区域":"14105","高さ":"14.7"}},{"type":"Feature","geometry":{"type":"Point","coordinates":[139.5873569466,35.4337975969]},"properties":{"レベル":"1","住所":"神奈川県横浜市南区永田みなみ台7-l","収容人数":null,"名称":"永田中学校","対象とする災害の分類":"地震災害","施設の種類":"避難所","施設規模":"6048","行政区域":"14105","高さ":"14.7"}},{"type":"Feature","geometry":{"type":"Point","coordinates":[139.616965012,35.4327435787]},"properties":{"レベル":"1","住所":"神奈川県横浜市南区東蒔田町1-5","収容人数":null,"名称":"共進中学校","対象とする災害の分類":"地震災害","施設の種類":"避難所","施設規模":"6250","行政区域":"14105","高さ":"12.8"}},{"type":"Feature","geometry":{"type":"Point","coordinates":[139.6132644084,35.4258783561]},"properties":{"レベル":"1","住所":"神奈川県横浜市南区蒔田町1020","収容人数":null,"名称":"蒔田小学校","対象とする災害の分類":"指定なし","施設の種類":"避難所","施設規模":"4747","行政区域":"14105","高さ":"9.9"}},{"type":"Feature","geometry":{"type":"Point","coordinates":[139.6093549843,35.4322705851]},"properties":{"レベル":"1","住所":"神奈川県横浜市南区花之木町2-45","収容人数":null,"名称":"蒔田中学校","対象とする災害の分類":"地震災害","施設の種類":"避難所","施設規模":"6884","行政区域":"14105","高さ":"15.6"}},{"type":"Feature","geometry":{"type":"Point","coordinates":[139.6357690933,35.4344095617]},"properties":{"レベル":"1","住所":"神奈川県横浜市南区中村町1-66","収容人数":null,"名称":"石川小学校","対象とする災害の分類":"指定なし","施設の種類":"避難所","施設規模":"5068","行政区域":"14105","高さ":"13.4"}},{"type":"Feature","geometry":{"type":"Point","coordinates":[139.6174943106,35.4410250866]},"properties":{"レベル":"1","住所":"神奈川県横浜市南区三春台42","収容人数":null,"名称":"太田小学校","対象とする災害の分類":"指定なし","施設の種類":"避難所","施設規模":"4484","行政区域":"14105","高さ":"14.9"}},{"type":"Feature","geometry":{"type":"Point","coordinates":[139.6008829004,35.4258826018]},"properties":{"レベル":"1","住所":"神奈川県横浜市南区大橋町3-49","収容人数":null,"名称":"大岡小学校","対象とする災害の分類":"地震災害","施設の種類":"避難所","施設規模":"5643","行政区域":"14105","高さ":"11.2"}},{"type":"Feature","geometry":{"type":"Point","coordinates":[139.6260200447,35.4329655709]},"properties":{"レベル":"1","住所":"神奈川県横浜市南区中村町4-269-l","収容人数":null,"名称":"中村小学校","対象とする災害の分類":"地震災害","施設の種類":"避難所","施設規模":"5160","行政区域":"14105","高さ":"15.2"}},{"type":"Feature","geometry":{"type":"Point","coordinates":[139.6049107781,35.412440625]},"properties":{"レベル":"1","住所":"神奈川県横浜市南区大岡4-10-l","収容人数":null,"名称":"藤の木小学校","対象とする災害の分類":"指定なし","施設の種類":"避難所","施設規模":"5090","行政区域":"14105","高さ":"11.2"}},{"type":"Feature","geometry":{"type":"Point","coordinates":[139.6061486647,35.4107536264]},"properties":{"レベル":"1","住所":"神奈川県横浜市南区大岡4-44-1","収容人数":null,"名称":"藤の木中学校","対象とする災害の分類":"指定なし","施設の種類":"避難所","施設規模":"5257","行政区域":"14105","高さ":"9.8"}},{"type":"Feature","geometry":{"type":"Point","coordinates":[139.5906396145,35.4138054078]},"properties":{"レベル":"1","住所":"神奈川県横浜市南区別所3-6-l","収容人数":null,"名称":"南が丘中学校","対象とする災害の分類":"指定なし","施設の種類":"避難所","施設規模":"5849","行政区域":"14105","高さ":"14.9"}},{"type":"Feature","geometry":{"type":"Point","coordinates":[139.6267700805,35.4366035652]},"properties":{"レベル":"1","住所":"神奈川県横浜市南区同根町2-14","収容人数":null,"名称":"南吉田小学校","対象とする災害の分類":"地震災害","施設の種類":"避難所","施設規模":"5493","行政区域":"14105","高さ":"14.7"}},{"type":"Feature","geometry":{"type":"Point","coordinates":[139.5987022557,35.4190924173]},"properties":{"レベル":"1","住所":"神奈川県横浜市南区中里1-6-16","収容人数":null,"名称":"南小学校","対象とする災害の分類":"地震災害","施設の種類":"避難所","施設規模":"5343","行政区域":"14105","高さ":"11.5"}},{"type":"Feature","geometry":{"type":"Point","coordinates":[139.6113990182,35.4353015786]},"properties":{"レベル":"1","住所":"神奈川県横浜市南区南太田l-17-l","収容人数":null,"名称":"南太田小学校","対象とする災害の分類":"地震災害","施設の種類":"避難所","施設規模":"5572","行政区域":"14105","高さ":"15.1"}},{"type":"Feature","geometry":{"type":"Point","coordinates":[139.5971059033,35.4270216025]},"properties":{"レベル":"1","住所":"神奈川県横浜市南区六ツ川l-14","収容人数":null,"名称":"南中学校","対象とする災害の分類":"指定なし","施設の種類":"避難所","施設規模":"6244","行政区域":"14105","高さ":"15.1"}},{"type":"Feature","geometry":{"type":"Point","coordinates":[139.6166040379,35.4356595745]},"properties":{"レベル":"1","住所":"神奈川県横浜市南区山王町5-31","収容人数":null,"名称":"日枝小学校","対象とする災害の分類":"地震災害","施設の種類":"避難所","施設規模":"5077","行政区域":"14105","高さ":"15.3"}},{"type":"Feature","geometry":{"type":"Point","coordinates":[139.6335200557,35.4312985695]},"properties":{"レベル":"1","住所":"神奈川県横浜市南区平楽1","収容人数":null,"名称":"平楽中学校","対象とする災害の分類":"指定なし","施設の種類":"避難所","施設規模":"5990","行政区域":"14105","高さ":"16.3"}},{"type":"Feature","geometry":{"type":"Point","coordinates":[139.5817902139,35.4170519091]},"properties":{"レベル":"1","住所":"神奈川県横浜市南区別所6-3-l","収容人数":null,"名称":"別所小学校","対象とする災害の分類":"地震災害","施設の種類":"避難所","施設規模":"4999","行政区域":"14105","高さ":"15.2"}},{"type":"Feature","geometry":{"type":"Point","coordinates":[139.5841299155,35.4289606393]},"properties":{"レベル":"1","住所":"神奈川県横浜市南区六ツ川3-4-12","収容人数":null,"名称":"六つ川小学校","対象とする災害の分類":"地震災害","施設の種類":"避難所","施設規模":"5300","行政区域":"14105","高さ":"11.9"}},{"type":"Feature","geometry":{"type":"Point","coordinates":[139.577807849,35.4248856206]},"properties":{"レベル":"1","住所":"神奈川県横浜市南区六ツ川2-156-1","収容人数":null,"名称":"六つ川西小学校","対象とする災害の分類":"地震災害","施設の種類":"避難所","施設規模":"4975","行政区域":"14105","高さ":"8.9"}},{"type":"Feature","geometry":{"type":"Point","coordinates":[139.5805238901,35.428881611]},"properties":{"レベル":"1","住所":"神奈川県横浜市南区六ツ川3-65-9","収容人数":null,"名称":"六つ川台小学校","対象とする災害の分類":"地震災害","施設の種類":"避難所","施設規模":"5975","行政区域":"14105","高さ":"7.7"}},{"type":"Feature","geometry":{"type":"Point","coordinates":[139.5783578866,35.4288816127]},"properties":{"レベル":"1","住所":"神奈川県横浜市南区六ツ川3-81-11","収容人数":null,"名称":"六ツ川中学校","対象とする災害の分類":"地震災害","施設の種類":"避難所","施設規模":"5952","行政区域":"14105","高さ":"11.5"}},{"type":"Feature","geometry":{"type":"Point","coordinates":[139.5592202192,35.4722645468]},"properties":{"レベル":"1","住所":"神奈川県横浜市保土ヶ谷区川島町1374-1","収容人数":null,"名称":"くぬぎ台小学校","対象とする災害の分類":"地震災害","施設の種類":"避難所","施設規模":"5072","行政区域":"14106","高さ":"4.3"}},{"type":"Feature","geometry":{"type":"Point","coordinates":[139.5867536578,35.4469397507]},"properties":{"レベル":"1","住所":"神奈川県横浜市保土ヶ谷区岩崎町22-1","収容人数":null,"名称":"岩崎小学校","対象とする災害の分類":"指定なし","施設の種類":"避難所","施設規模":"4374","行政区域":"14106","高さ":"9.2"}},{"type":"Feature","geometry":{"type":"Point","coordinates":[139.5766631187,35.4559065673]},"properties":{"レベル":"1","住所":"神奈川県横浜市保土ヶ谷区仏向町1167-2","収容人数":null,"名称":"橘中学校","対象とする災害の分類":"地震災害","施設の種類":"避難所","施設規模":"5975","行政区域":"14106","高さ":"14.6"}},{"type":"Feature","geometry":{"type":"Point","coordinates":[139.6051602298,35.4616285424]},"properties":{"レベル":"1","住所":"神奈川県横浜市保土ヶ谷区宮田町1-100","収容人数":null,"名称":"宮田中学校","対象とする災害の分類":"指定なし","施設の種類":"避難所","施設規模":"5186","行政区域":"14106","高さ":"11.1"}},{"type":"Feature","geometry":{"type":"Point","coordinates":[139.5746359944,35.4416855906]},"properties":{"レベル":"1","住所":"神奈川県横浜市保土ヶ谷区権太坂2-4-1","収容人数":null,"名称":"権太坂小学校","対象とする災害の分類":"指定なし","施設の種類":"避難所","施設規模":"5525","行政区域":"14106","高さ":"14.1"}},{"type":"Feature","geometry":{"type":"Point","coordinates":[139.5584710159,35.446657591]},"properties":{"レベル":"1","住所":"神奈川県横浜市保土ヶ谷区今井町981-1","収容人数":null,"名称":"今井小学校","対象とする災害の分類":"地震災害","施設の種類":"避難所","施設規模":"3763","行政区域":"14106","高さ":"15.1"}},{"type":"Feature","geometry":{"type":"Point","coordinates":[139.5798339502,35.4648755026]},"properties":{"レベル":"1","住所":"神奈川県横浜市保土ヶ谷区坂本町6","収容人数":null,"名称":"坂本小学校","対象とする災害の分類":"指定なし","施設の種類":"避難所","施設規模":"4441","行政区域":"14106","高さ":"14.6"}},{"type":"Feature","geometry":{"type":"Point","coordinates":[139.5907318194,35.4507446103]},"properties":{"レベル":"1","住所":"神奈川県横浜市保土ヶ谷区桜ヶE:1-13-1","収容人数":null,"名称":"桜台小学校","対象とする災害の分類":"地震災害","施設の種類":"避難所","施設規模":"5067","行政区域":"14106","高さ":"11.2"}},{"type":"Feature","geometry":{"type":"Point","coordinates":[139.5647975005,35.4927706182]},"properties":{"レベル":"4","住所":"神奈川県横浜市保土ヶ谷区上菅田町1422","収容人数":null,"名称":"笹山小学校","対象とする災害の分類":"地震災害","施設の種類":"避難所","施設規模":"5436","行政区域":"14106","高さ":"15.3"}},{"type":"Feature","geometry":{"type":"Point","coordinates":[139.5975657702,35.4566146609]},"properties":{"レベル":"1","住所":"神奈川県横浜市保土ヶ谷区川辺町65-1","収容人数":null,"名称":"雌子小学校","対象とする災害の分類":"地震災害","施設の種類":"避難所","施設規模":"6302","行政区域":"14106","高さ":"8.4"}},{"type":"Feature","geometry":{"type":"Point","coordinates":[139.576136051,35.4479625802]},"properties":{"レベル":"1","住所":"神奈川県横浜市保土ヶ谷区藤塚町1-1","収容人数":null,"名称":"初音が丘小学校","対象とする災害の分類":"指定なし","施設の種類":"避難所","施設規模":"6150","行政区域":"14106","高さ":"11.2"}},{"type":"Feature","geometry":{"type":"Point","coordinates":[139.5664413204,35.4840415273]},"properties":{"レベル":"1","住所":"神奈川県横浜市保土ヶ谷区上菅田町134","収容人数":null,"名称":"上菅田小学校","対象とする災害の分類":"地震災害","施設の種類":"避難所","施設規模":"6279","行政区域":"14106","高さ":"12.6"}},{"type":"Feature","geometry":{"type":"Point","coordinates":[139.5779962824,35.4762095351]},"properties":{"レベル":"1","住所":"神奈川県横浜市保土ヶ谷区上星川12-51-1","収容人数":null,"名称":"上星川小学校","対象とする災害の分類":"地震災害","施設の種類":"避難所","施設規模":"4712","行政区域":"14106","高さ":"14.7"}},{"type":"Feature","geometry":{"type":"Point","coordinates":[139.5857832211,35.469306563]},"properties":{"レベル":"1","住所":"神奈川県横浜市保土ヶ谷区釜台町22-1","収容人数":null,"名称":"常盤台小学校","対象とする災害の分類":"地震災害","施設の種類":"避難所","施設規模":"5790","行政区域":"14106","高さ":"14.5"}},{"type":"Feature","geometry":{"type":"Point","coordinates":[139.5568853887,35.4957605126]},"properties":{"レベル":"1","住所":"神奈川県横浜市保土ヶ谷区上菅田町1574-1","収容人数":null,"名称":"新井小学校","対象とする災害の分類":"地震災害","施設の種類":"避難所","施設規模":"5220","行政区域":"14106","高さ":"15"}},{"type":"Feature","geometry":{"type":"Point","coordinates":[139.5869960136,35.4412685847]},"properties":{"レベル":"1","住所":"神奈川県横浜市保土ヶ谷区瀬戸ケ谷町243","収容人数":null,"名称":"瀬戸ヶ谷小学校","対象とする災害の分類":"指定なし","施設の種類":"避難所","施設規模":"5124","行政区域":"14106","高さ":"15.3"}},{"type":"Feature","geometry":{"type":"Point","coordinates":[139.5891954103,35.4615272615]},"properties":{"レベル":"1","住所":"神奈川県横浜市保土ヶ谷区星川3-18-l","収容人数":null,"名称":"星川小学校","対象とする災害の分類":"指定なし","施設の種類":"避難所","施設規模":"4831","行政区域":"14106","高さ":"11.8"}},{"type":"Feature","geometry":{"type":"Point","coordinates":[139.5646036897,35.474255735]},"properties":{"レベル":"1","住所":"神奈川県横浜市保土ヶ谷区川島町1208","収容人数":null,"名称":"西谷中学校","対象とする災害の分類":"指定なし","施設の種類":"避難所","施設規模":"7210","行政区域":"14106","高さ":"15.1"}},{"type":"Feature","geometry":{"type":"Point","coordinates":[139.5679629199,35.4734360848]},"properties":{"レベル":"1","住所":"神奈川県横浜市保土ヶ谷区川島町1162","収容人数":null,"名称":"川島小学校","対象とする災害の分類":"指定なし","施設の種類":"避難所","施設規模":"4835","行政区域":"14106","高さ":"12.9"}},{"type":"Feature","geometry":{"type":"Point","coordinates":[139.5629187059,35.4511305433]},"properties":{"レベル":"1","住所":"神奈川県横浜市保土ヶ谷区新桜ヶ丘1-22-1","収容人数":null,"名称":"藤塚小学校","対象とする災害の分類":"地震災害","施設の種類":"避難所","施設規模":"5357","行政区域":"14106","高さ":"7.6"}},{"type":"Feature","geometry":{"type":"Point","coordinates":[139.6018874598,35.4428605989]},"properties":{"レベル":"1","住所":"神奈川県横浜市保土ヶ谷区岩井町307","収容人数":null,"名称":"富士見台小学校","対象とする災害の分類":"地震災害","施設の種類":"避難所","施設規模":"5257","行政区域":"14106","高さ":"11.7"}},{"type":"Feature","geometry":{"type":"Point","coordinates":[139.5857181752,35.4605725546]},"properties":{"レベル":"1","住所":"神奈川県横浜市保土ヶ谷区仏向町845","収容人数":null,"名称":"仏向小学校","対象とする災害の分類":"指定なし","施設の種類":"避難所","施設規模":"5019","行政区域":"14106","高さ":"5.1"}},{"type":"Feature","geometry":{"type":"Point","coordinates":[139.5948535504,35.4547630903]},"properties":{"レベル":"1","住所":"神奈川県横浜市保土ヶ谷区神戸町129-4","収容人数":null,"名称":"保土ヶ谷小学校","対象とする災害の分類":"指定なし","施設の種類":"避難所","施設規模":"4303","行政区域":"14106","高さ":"11.7"}},{"type":"Feature","geometry":{"type":"Point","coordinates":[139.5843727308,35.4662532126]},"properties":{"レベル":"1","住所":"神奈川県横浜市保土ヶ谷区釜台町3-1","収容人数":null,"名称":"保土ヶ谷中学校","対象とする災害の分類":"指定なし","施設の種類":"避難所","施設規模":"7969","行政区域":"14106","高さ":"14.8"}},{"type":"Feature","geometry":{"type":"Point","coordinates":[139.5994942134,35.461489547]},"properties":{"レベル":"1","住所":"神奈川県横浜市保土ヶ谷区峰岡町1-10","収容人数":null,"名称":"峯小学校","対象とする災害の分類":"指定なし","施設の種類":"避難所","施設規模":"4825","行政区域":"14106","高さ":"11.4"}},{"type":"Feature","geometry":{"type":"Point","coordinates":[139.6091965164,35.3691832698]},"properties":{"レベル":"3","住所":"神奈川県横浜市磯子区上中里町548","収容人数":null,"名称":"さわの里小学校","対象とする災害の分類":"地震災害","施設の種類":"避難所","施設規模":"5140","行政区域":"14107","高さ":"15.2"}},{"type":"Feature","geometry":{"type":"Point","coordinates":[139.622158845,35.414190613]},"properties":{"レベル":"1","住所":"神奈川県横浜市磯子区久木町11-1","収容人数":null,"名称":"磯子小学校","対象とする災害の分類":"指定なし","施設の種類":"避難所","施設規模":"5086","行政区域":"14107","高さ":"14.8"}},{"type":"Feature","geometry":{"type":"Point","coordinates":[139.6112886473,35.4213445465]},"properties":{"レベル":"1","住所":"神奈川県横浜市磯子区岡村1-14-1","収容人数":null,"名称":"岡村小学校","対象とする災害の分類":"地震災害","施設の種類":"避難所","施設規模":"4302","行政区域":"14107","高さ":"11.2"}},{"type":"Feature","geometry":{"type":"Point","coordinates":[139.6171038541,35.4165516109]},"properties":{"レベル":"1","住所":"神奈川県横浜市磯子区岡村1-14-1","収容人数":null,"名称":"岡村中学校","対象とする災害の分類":"地震災害","施設の種類":"避難所","施設規模":"7241","行政区域":"14107","高さ":"10.9"}},{"type":"Feature","geometry":{"type":"Point","coordinates":[139.6329359173,35.4177455994]},"properties":{"レベル":"1","住所":"神奈川県横浜市磯子区西町2-46","収容人数":null,"名称":"根岸小学校","対象とする災害の分類":"指定なし","施設の種類":"避難所","施設規模":"5204","行政区域":"14107","高さ":"12.7"}},{"type":"Feature","geometry":{"type":"Point","coordinates":[139.6314523593,35.4149731643]},"properties":{"レベル":"1","住所":"神奈川県横浜市磯子区西町17-13","収容人数":null,"名称":"根岸中学校","対象とする災害の分類":"地震災害","施設の種類":"避難所","施設規模":"5757","行政区域":"14107","高さ":"15.2"}},{"type":"Feature","geometry":{"type":"Point","coordinates":[139.6145487562,35.4078856292]},"properties":{"レベル":"1","住所":"神奈川県横浜市磯子区磯子5-2-1","収容人数":null,"名称":"山王台小学校","対象とする災害の分類":"地震災害","施設の種類":"避難所","施設規模":"4682","行政区域":"14107","高さ":"13.3"}},{"type":"Feature","geometry":{"type":"Point","coordinates":[139.6070206633,35.4009706474]},"properties":{"レベル":"1","住所":"神奈川県横浜市磯子区汐見台3-6","収容人数":null,"名称":"汐見台小学校","対象とする災害の分類":"地震災害","施設の種類":"避難所","施設規模":"5918","行政区域":"14107","高さ":"10.4"}},{"type":"Feature","geometry":{"type":"Point","coordinates":[139.6113267391,35.4070526321]},"properties":{"レベル":"1","住所":"神奈川県横浜市磯子区汐見台1-2-1","収容人数":null,"名称":"汐見台中学校","対象とする災害の分類":"地震災害","施設の種類":"避難所","施設規模":"5933","行政区域":"14107","高さ":"14.7"}},{"type":"Feature","geometry":{"type":"Point","coordinates":[139.6051885707,35.3926096667]},"properties":{"レベル":"1","住所":"神奈川県横浜市磯子区森5-22-1","収容人数":null,"名称":"森中学校","対象とする災害の分類":"地震災害","施設の種類":"避難所","施設規模":"6021","行政区域":"14107","高さ":"14.8"}},{"type":"Feature","geometry":{"type":"Point","coordinates":[139.6159646498,35.3975266528]},"properties":{"レベル":"1","住所":"神奈川県横浜市磯子区森1-4","収容人数":null,"名称":"森東小学校","対象とする災害の分類":"地震災害","施設の種類":"避難所","施設規模":"5053","行政区域":"14107","高さ":"15.9"}},{"type":"Feature","geometry":{"type":"Point","coordinates":[139.616721363,35.3855201531]},"properties":{"レベル":"1","住所":"神奈川県横浜市磯子区杉田1-8-1","収容人数":null,"名称":"杉田小学校","対象とする災害の分類":"地震災害","施設の種類":"避難所","施設規模":"5321","行政区域":"14107","高さ":"14.9"}},{"type":"Feature","geometry":{"type":"Point","coordinates":[139.6209089218,35.4220225969]},"properties":{"レベル":"1","住所":"神奈川県横浜市磯子区丸山2-25-1","収容人数":null,"名称":"滝頭小学校","対象とする災害の分類":"指定なし","施設の種類":"避難所","施設規模":"5644","行政区域":"14107","高さ":"14.7"}},{"type":"Feature","geometry":{"type":"Point","coordinates":[139.6202144572,35.3777787031]},"properties":{"レベル":"1","住所":"神奈川県横浜市磯子区杉田5-13-1","収容人数":null,"名称":"梅林小学校","対象とする災害の分類":"地震災害","施設の種類":"避難所","施設規模":"5525","行政区域":"14107","高さ":"11"}},{"type":"Feature","geometry":{"type":"Point","coordinates":[139.6140765757,35.3910266667]},"properties":{"レベル":"1","住所":"神奈川県横浜市磯子区森3-11-1","収容人数":null,"名称":"屏風浦小学校","対象とする災害の分類":"地震災害","施設の種類":"避難所","施設規模":"5175","行政区域":"14107","高さ":"11"}},{"type":"Feature","geometry":{"type":"Point","coordinates":[139.6133082762,35.4059508108]},"properties":{"レベル":"1","住所":"神奈川県横浜市磯子区磯子台23-1","収容人数":null,"名称":"浜小学校","対象とする災害の分類":"地震災害","施設の種類":"避難所","施設規模":"6193","行政区域":"14107","高さ":"5.1"}},{"type":"Feature","geometry":{"type":"Point","coordinates":[139.6111594301,35.3783056985]},"properties":{"レベル":"1","住所":"神奈川県横浜市磯子区杉田3-30-11","収容人数":null,"名称":"浜中学校","対象とする災害の分類":"地震災害","施設の種類":"避難所","施設規模":"8000","行政区域":"14107","高さ":"11.4"}},{"type":"Feature","geometry":{"type":"Point","coordinates":[139.5998833812,35.3764167049]},"properties":{"レベル":"1","住所":"神奈川県横浜市磯子区洋光台4-15-1","収容人数":null,"名称":"洋光台第二小学校","対象とする災害の分類":"地震災害","施設の種類":"避難所","施設規模":"4609","行政区域":"14107","高さ":"14.7"}},{"type":"Feature","geometry":{"type":"Point","coordinates":[139.5972723435,35.3730837153]},"properties":{"レベル":"1","住所":"神奈川県横浜市磯子区洋光台6-6-1","収容人数":null,"名称":"洋光台第四小学校","対象とする災害の分類":"地震災害","施設の種類":"避難所","施設規模":"5545","行政区域":"14107","高さ":"14.8"}},{"type":"Feature","geometry":{"type":"Point","coordinates":[139.5955774619,35.3841936901]},"properties":{"レベル":"1","住所":"神奈川県横浜市磯子区洋光台1-4-1","収容人数":null,"名称":"洋光台第一小学校","対象とする災害の分類":"指定なし","施設の種類":"避難所","施設規模":"5757","行政区域":"14107","高さ":"15.3"}},{"type":"Feature","geometry":{"type":"Point","coordinates":[139.5900784376,35.3823326995]},"properties":{"レベル":"1","住所":"神奈川県横浜市磯子区洋光台2-4-1","収容人数":null,"名称":"洋光台第三小学校","対象とする災害の分類":"地震災害","施設の種類":"避難所","施設規模":"6452","行政区域":"14107","高さ":"14.7"}},{"type":"Feature","geometry":{"type":"Point","coordinates":[139.6079931425,35.3436988513]},"properties":{"レベル":"1","住所":"神奈川県横浜市金沢区釜利谷東6-37-1","収容人数":null,"名称":"釜利谷小学校","対象とする災害の分類":"指定なし","施設の種類":"避難所","施設規模":"5463","行政区域":"14108","高さ":"11.4"}},{"type":"Feature","geometry":{"type":"Point","coordinates":[139.5935771232,35.3439058538]},"properties":{"レベル":"1","住所":"神奈川県横浜市金沢区釜利谷西4-19-1","収容人数":null,"名称":"釜利谷西小学校","対象とする災害の分類":"地震災害","施設の種類":"避難所","施設規模":"6273","行政区域":"14108","高さ":"14.6"}},{"type":"Feature","geometry":{"type":"Point","coordinates":[139.6174535759,35.3446149595]},"properties":{"レベル":"1","住所":"神奈川県横浜市金沢区釜利谷東2-12-1","収容人数":null,"名称":"釜利谷東小学校","対象とする災害の分類":"地震災害","施設の種類":"避難所","施設規模":"4846","行政区域":"14108","高さ":"11.1"}},{"type":"Feature","geometry":{"type":"Point","coordinates":[139.6060271157,35.3387858851]},"properties":{"レベル":"1","住所":"神奈川県横浜市金沢区釜利谷南4-12-1","収容人数":null,"名称":"釜利谷南小学校","対象とする災害の分類":"地震災害","施設の種類":"避難所","施設規模":"4802","行政区域":"14108","高さ":"11.3"}},{"type":"Feature","geometry":{"type":"Point","coordinates":[139.637790391,35.3631105275]},"properties":{"レベル":"3","住所":"神奈川県横浜市金沢区並木2-8-1","収容人数":null,"名称":"旧並木第三小学校","対象とする災害の分類":"地震災害","施設の種類":"避難所","施設規模":"6564","行政区域":"14108","高さ":"11.2"}},{"type":"Feature","geometry":{"type":"Point","coordinates":[139.6294921741,35.3357289071]},"properties":{"レベル":"1","住所":"神奈川県横浜市金沢区町屋町26-26","収容人数":null,"名称":"金沢小学校","対象とする災害の分類":"指定なし","施設の種類":"避難所","施設規模":"5293","行政区域":"14108","高さ":"11.1"}},{"type":"Feature","geometry":{"type":"Point","coordinates":[139.6202143997,35.3721397214]},"properties":{"レベル":"1","住所":"神奈川県横浜市金沢区富岡西1-69-1","収容人数":null,"名称":"小田小学校","対象とする災害の分類":"地震災害","施設の種類":"避難所","施設規模":"4689","行政区域":"14108","高さ":"11.6"}},{"type":"Feature","geometry":{"type":"Point","coordinates":[139.620131065,35.3193700149]},"properties":{"レベル":"1","住所":"神奈川県横浜市金沢区六浦東3-2-1","収容人数":null,"名称":"瀬ヶ崎小学校","対象とする災害の分類":"指定なし","施設の種類":"避難所","施設規模":"5603","行政区域":"14108","高さ":"11.1"}},{"type":"Feature","geometry":{"type":"Point","coordinates":[139.6330653489,35.3476410517]},"properties":{"レベル":"1","住所":"神奈川県横浜市金沢区西柴4-23-1","収容人数":null,"名称":"西柴小学校","対象とする災害の分類":"指定なし","施設の種類":"避難所","施設規模":"6257","行政区域":"14108","高さ":"14.9"}},{"type":"Feature","geometry":{"type":"Point","coordinates":[139.6293532777,35.3528098114]},"properties":{"レベル":"1","住所":"神奈川県横浜市金沢区西柴1-23-1","収容人数":null,"名称":"西柴中学校","対象とする災害の分類":"指定なし","施設の種類":"避難所","施設規模":"5492","行政区域":"14108","高さ":"14.5"}},{"type":"Feature","geometry":{"type":"Point","coordinates":[139.6141284501,35.36209993]},"properties":{"レベル":"1","住所":"神奈川県横浜市金沢区富岡西5-49-1","収容人数":null,"名称":"西富岡小学校","対象とする災害の分類":"地震災害","施設の種類":"避難所","施設規模":"4938","行政区域":"14108","高さ":"14.9"}},{"type":"Feature","geometry":{"type":"Point","coordinates":[139.6110200728,35.3266739692]},"properties":{"レベル":"1","住所":"神奈川県横浜市金沢区大道2-3-1","収容人数":null,"名称":"大道小学校","対象とする災害の分類":"地震災害","施設の種類":"避難所","施設規模":"5460","行政区域":"14108","高さ":"11"}},{"type":"Feature","geometry":{"type":"Point","coordinates":[139.6010770716,35.3308669418]},"properties":{"レベル":"1","住所":"神奈川県横浜市金沢区大道1-85-1","収容人数":null,"名称":"大道中学校","対象とする災害の分類":"地震災害","施設の種類":"避難所","施設規模":"5891","行政区域":"14108","高さ":"11.8"}},{"type":"Feature","geometry":{"type":"Point","coordinates":[139.5950363405,35.3232821609]},"properties":{"レベル":"1","住所":"神奈川県横浜市金沢区東朝比奈2-53-1","収容人数":null,"名称":"朝比奈小学校","対象とする災害の分類":"地震災害","施設の種類":"避難所","施設規模":"5432","行政区域":"14108","高さ":"15"}},{"type":"Feature","geometry":{"type":"Point","coordinates":[139.6222422848,35.3580027788]},"properties":{"レベル":"1","住所":"神奈川県横浜市金沢区能見台3-32-1","収容人数":null,"名称":"能見台小学校","対象とする災害の分類":"地震災害","施設の種類":"避難所","施設規模":"5053","行政区域":"14108","高さ":"11.7"}},{"type":"Feature","geometry":{"type":"Point","coordinates":[139.6149932196,35.3533917958]},"properties":{"レベル":"1","住所":"神奈川県横浜市金沢区能見台6-3-1","収容人数":null,"名称":"能見台南小学校","対象とする災害の分類":"地震災害","施設の種類":"避難所","施設規模":"5508","行政区域":"14108","高さ":"11.6"}},{"type":"Feature","geometry":{"type":"Point","coordinates":[139.6221591637,35.3387558872]},"properties":{"レベル":"1","住所":"神奈川県横浜市金沢区泥亀1-21-2","収容人数":null,"名称":"八景小学校","対象とする災害の分類":"地震災害","施設の種類":"避難所","施設規模":"7826","行政区域":"14108","高さ":"7.7"}},{"type":"Feature","geometry":{"type":"Point","coordinates":[139.6248813682,35.3668077439]},"properties":{"レベル":"1","住所":"神奈川県横浜市金沢区富岡西7-13-1","収容人数":null,"名称":"富岡小学校","対象とする災害の分類":"地震災害","施設の種類":"避難所","施設規模":"6568","行政区域":"14108","高さ":"11.1"}},{"type":"Feature","geometry":{"type":"Point","coordinates":[139.6311582046,35.3400898816]},"properties":{"レベル":"1","住所":"神奈川県横浜市金沢区寺前2-21-7","収容人数":null,"名称":"文庫小学校","対象とする災害の分類":"指定なし","施設の種類":"避難所","施設規模":"6533","行政区域":"14108","高さ":"10.9"}},{"type":"Feature","geometry":{"type":"Point","coordinates":[139.6390744835,35.3730017286]},"properties":{"レベル":"1","住所":"神奈川県横浜市金沢区並木1-7-1","収容人数":null,"名称":"並木第一小学校","対象とする災害の分類":"地震災害","施設の種類":"避難所","施設規模":"6490","行政区域":"14108","高さ":"4.3"}},{"type":"Feature","geometry":{"type":"Point","coordinates":[139.6410463504,35.3561428011]},"properties":{"レベル":"1","住所":"神奈川県横浜市金沢区並木3-10-1","収容人数":null,"名称":"並木第四小学校","対象とする災害の分類":"地震災害","施設の種類":"避難所","施設規模":"7923","行政区域":"14108","高さ":"11.4"}},{"type":"Feature","geometry":{"type":"Point","coordinates":[139.6411643534,35.3667481592]},"properties":{"レベル":"1","住所":"神奈川県横浜市金沢区並木1-25-1","収容人数":null,"名称":"並木中央小学校","対象とする災害の分類":"地震災害","施設の種類":"避難所","施設規模":"5763","行政区域":"14108","高さ":"4.1"}},{"type":"Feature","geometry":{"type":"Point","coordinates":[139.6077980989,35.3340059168]},"properties":{"レベル":"1","住所":"神奈川県横浜市金沢区高舟台1-35-1","収容人数":null,"名称":"高舟台小学校","対象とする災害の分類":"地震災害","施設の種類":"避難所","施設規模":"5135","行政区域":"14108","高さ":"8.8"}},{"type":"Feature","geometry":{"type":"Point","coordinates":[139.6125871865,35.329855642]},"properties":{"レベル":"1","住所":"神奈川県横浜市金沢区六浦3-11-1","収容人数":null,"名称":"六浦小学校","対象とする災害の分類":"指定なし","施設の種類":"避難所","施設規模":"4630","行政区域":"14108","高さ":"14.8"}},{"type":"Feature","geometry":{"type":"Point","coordinates":[139.6177980833,35.32470198]},"properties":{"レベル":"1","住所":"神奈川県横浜市金沢区六浦1-24-4","収容人数":null,"名称":"六浦中学校","対象とする災害の分類":"地震災害","施設の種類":"避難所","施設規模":"5287","行政区域":"14108","高さ":"14.4"}},{"type":"Feature","geometry":{"type":"Point","coordinates":[139.6110570274,35.3157860461]},"properties":{"レベル":"1","住所":"神奈川県横浜市金沢区六浦南3-22-1","収容人数":null,"名称":"六浦南小学校","対象とする災害の分類":"指定なし","施設の種類":"避難所","施設規模":"5889","行政区域":"14108","高さ":"11.2"}},{"type":"Feature","geometry":{"type":"Point","coordinates":[139.629961965,35.5575604514]},"properties":{"レベル":"1","住所":"神奈川県横浜市港北区下田町4-10-1","収容人数":null,"名称":"下田小学校","対象とする災害の分類":"指定なし","施設の種類":"避難所","施設規模":"6424","行政区域":"14109","高さ":"15.1"}},{"type":"Feature","geometry":{"type":"Point","coordinates":[139.6347923431,35.5130818909]},"properties":{"レベル":"1","住所":"神奈川県横浜市港北区菊名5-18-1","収容人数":null,"名称":"菊名小学校","対象とする災害の分類":"指定なし","施設の種類":"避難所","施設規模":"5707","行政区域":"14109","高さ":"14"}},{"type":"Feature","geometry":{"type":"Point","coordinates":[139.635155953,35.5525334514]},"properties":{"レベル":"1","住所":"神奈川県横浜市港北区日吉本町2-51-1","収容人数":null,"名称":"駒林小学校","対象とする災害の分類":"指定なし","施設の種類":"避難所","施設規模":"5425","行政区域":"14109","高さ":"14.7"}},{"type":"Feature","geometry":{"type":"Point","coordinates":[139.6361566028,35.5001514818]},"properties":{"レベル":"1","住所":"神奈川県横浜市港北区菊名2-15-1","収容人数":null,"名称":"港北小学校","対象とする災害の分類":"地震災害","施設の種類":"避難所","施設規模":"5558","行政区域":"14109","高さ":"11"}},{"type":"Feature","geometry":{"type":"Point","coordinates":[139.6279628365,35.5373974617]},"properties":{"レベル":"1","住所":"神奈川県横浜市港北区綱島西3-11-1","収容人数":null,"名称":"綱島小学校","対象とする災害の分類":"地震災害","施設の種類":"避難所","施設規模":"7517","行政区域":"14109","高さ":"11.2"}},{"type":"Feature","geometry":{"type":"Point","coordinates":[139.640572876,35.5377584563]},"properties":{"レベル":"1","住所":"神奈川県横浜市港北区綱島東3-1-30","収容人数":null,"名称":"綱島東小学校","対象とする災害の分類":"地震災害","施設の種類":"避難所","施設規模":"5712","行政区域":"14109","高さ":"14.8"}},{"type":"Feature","geometry":{"type":"Point","coordinates":[139.6196849277,35.5564494546]},"properties":{"レベル":"1","住所":"神奈川県横浜市港北区両田町1774","収容人数":null,"名称":"高田小学校","対象とする災害の分類":"指定なし","施設の種類":"避難所","施設規模":"4091","行政区域":"14109","高さ":"11.2"}},{"type":"Feature","geometry":{"type":"Point","coordinates":[139.624990919,35.5523114561]},"properties":{"レベル":"1","住所":"神奈川県横浜市港北区向田東2-33-1","収容人数":null,"名称":"高田東小学校","対象とする災害の分類":"指定なし","施設の種類":"避難所","施設規模":"4068","行政区域":"14109","高さ":"14.9"}},{"type":"Feature","geometry":{"type":"Point","coordinates":[139.6387677756,35.5237324635]},"properties":{"レベル":"1","住所":"神奈川県横浜市港北区師岡町986","収容人数":null,"名称":"師岡小学校","対象とする災害の分類":"指定なし","施設の種類":"避難所","施設規模":"5935","行政区域":"14109","高さ":"14.6"}},{"type":"Feature","geometry":{"type":"Point","coordinates":[139.6269226411,35.5029228601]},"properties":{"レベル":"1","住所":"神奈川県横浜市港北区篠原東3-27-1","収容人数":null,"名称":"篠原小学校","対象とする災害の分類":"地震災害","施設の種類":"避難所","施設規模":"4455","行政区域":"14109","高さ":"15.4"}},{"type":"Feature","geometry":{"type":"Point","coordinates":[139.6151315616,35.5019844939]},"properties":{"レベル":"1","住所":"神奈川県横浜市港北区篠原町1241-1","収容人数":null,"名称":"篠原西小学校","対象とする災害の分類":"指定なし","施設の種類":"避難所","施設規模":"4901","行政区域":"14109","高さ":"14.3"}},{"type":"Feature","geometry":{"type":"Point","coordinates":[139.5977995434,35.5054564967]},"properties":{"レベル":"1","住所":"神奈川県横浜市港北区小机町1382-10","収容人数":null,"名称":"小机小学校","対象とする災害の分類":"指定なし","施設の種類":"避難所","施設規模":"5216","行政区域":"14109","高さ":"15"}},{"type":"Feature","geometry":{"type":"Point","coordinates":[139.6024665515,35.5051504959]},"properties":{"レベル":"1","住所":"神奈川県横浜市港北区鳥山町814","収容人数":null,"名称":"城郷小学校","対象とする災害の分類":"指定なし","施設の種類":"避難所","施設規模":"5471","行政区域":"14109","高さ":"11.3"}},{"type":"Feature","geometry":{"type":"Point","coordinates":[139.5874115176,35.5052334983]},"properties":{"レベル":"1","住所":"神奈川県横浜市港北区小机町325","収容人数":null,"名称":"城郷中学校","対象とする災害の分類":"指定なし","施設の種類":"避難所","施設規模":"5785","行政区域":"14109","高さ":"11.8"}},{"type":"Feature","geometry":{"type":"Point","coordinates":[139.6079926874,35.5227604784]},"properties":{"レベル":"1","住所":"神奈川県横浜市港北区新羽町1452-2","収容人数":null,"名称":"新羽小学校","対象とする災害の分類":"指定なし","施設の種類":"避難所","施設規模":"3877","行政区域":"14109","高さ":"15.7"}},{"type":"Feature","geometry":{"type":"Point","coordinates":[139.6177886151,35.5384756846]},"properties":{"レベル":"1","住所":"神奈川県横浜市港北区新吉田東6-44-1","収容人数":null,"名称":"新吉田小学校","対象とする災害の分類":"地震災害","施設の種類":"避難所","施設規模":"5104","行政区域":"14109","高さ":"14.3"}},{"type":"Feature","geometry":{"type":"Point","coordinates":[139.6127698705,35.5498394586]},"properties":{"レベル":"1","住所":"神奈川県横浜市港北区新吉田町491-1","収容人数":null,"名称":"新吉田第二小学校","対象とする災害の分類":"指定なし","施設の種類":"避難所","施設規模":"4758","行政区域":"14109","高さ":"14.4"}},{"type":"Feature","geometry":{"type":"Point","coordinates":[139.6098996629,35.5333090349]},"properties":{"レベル":"1","住所":"神奈川県横浜市港北区新吉田町3226-1","収容人数":null,"名称":"新田小学校","対象とする災害の分類":"指定なし","施設の種類":"避難所","施設規模":"4908","行政区域":"14109","高さ":"8.7"}},{"type":"Feature","geometry":{"type":"Point","coordinates":[139.6225898665,35.5412140537]},"properties":{"レベル":"1","住所":"神奈川県横浜市港北区新吉田東5-25-1","収容人数":null,"名称":"新田中学校","対象とする災害の分類":"地震災害","施設の種類":"避難所","施設規模":"6143","行政区域":"14109","高さ":"14.9"}},{"type":"Feature","geometry":{"type":"Point","coordinates":[139.6192417263,35.5242604734]},"properties":{"レベル":"1","住所":"神奈川県横浜市港北区太尾町1880","収容人数":null,"名称":"太尾小学校","対象とする災害の分類":"指定なし","施設の種類":"避難所","施設規模":"5411","行政区域":"14109","高さ":"16"}},{"type":"Feature","geometry":{"type":"Point","coordinates":[139.6256027071,35.5189274748]},"properties":{"レベル":"1","住所":"神奈川県横浜市港北区太尾町976","収容人数":null,"名称":"大綱小学校","対象とする災害の分類":"指定なし","施設の種類":"避難所","施設規模":"5118","行政区域":"14109","高さ":"14.5"}},{"type":"Feature","geometry":{"type":"Point","coordinates":[139.6297590658,35.531846042]},"properties":{"レベル":"1","住所":"神奈川県横浜市港北区大曽根2-31-1","収容人数":null,"名称":"大曽根小学校","対象とする災害の分類":"地震災害","施設の種類":"避難所","施設規模":"4738","行政区域":"14109","高さ":"14.6"}},{"type":"Feature","geometry":{"type":"Point","coordinates":[139.6219066726,35.5160129828]},"properties":{"レベル":"4","住所":"神奈川県横浜市港北区大豆戸町759","収容人数":null,"名称":"大豆戸小学校","対象とする災害の分類":"指定なし","施設の種類":"避難所","施設規模":"5644","行政区域":"14109","高さ":"14.7"}},{"type":"Feature","geometry":{"type":"Point","coordinates":[139.642322818,35.528398459]},"properties":{"レベル":"1","住所":"神奈川県横浜市港北区樽町4-15-1","収容人数":null,"名称":"樽町中学校","対象とする災害の分類":"指定なし","施設の種類":"避難所","施設規模":"7062","行政区域":"14109","高さ":"14.5"}},{"type":"Feature","geometry":{"type":"Point","coordinates":[139.6434609832,35.5527834476]},"properties":{"レベル":"1","住所":"神奈川県横浜市港北区日吉本町1-34-21","収容人数":null,"名称":"日吉台小学校","対象とする災害の分類":"指定なし","施設の種類":"避難所","施設規模":"4728","行政区域":"14109","高さ":"11.1"}},{"type":"Feature","geometry":{"type":"Point","coordinates":[139.6394059184,35.5448684529]},"properties":{"レベル":"1","住所":"神奈川県横浜市港北区日吉本町4-2-6","収容人数":null,"名称":"日吉南小学校","対象とする災害の分類":"地震災害","施設の種類":"避難所","施設規模":"5387","行政区域":"14109","高さ":"14.7"}},{"type":"Feature","geometry":{"type":"Point","coordinates":[139.6307678853,35.5439244573]},"properties":{"レベル":"1","住所":"神奈川県横浜市港北区綱島西5-14-40","収容人数":null,"名称":"北綱島小学校","対象とする災害の分類":"地震災害","施設の種類":"避難所","施設規模":"4707","行政区域":"14109","高さ":"15.4"}},{"type":"Feature","geometry":{"type":"Point","coordinates":[139.657627041,35.5541724381]},"properties":{"レベル":"1","住所":"神奈川県横浜市港北区日吉3-23-1","収容人数":null,"名称":"矢上小学校","対象とする災害の分類":"指定なし","施設の種類":"避難所","施設規模":"4237","行政区域":"14109","高さ":"24.4"}},{"type":"Feature","geometry":{"type":"Point","coordinates":[139.5223617171,35.4110226867]},"properties":{"レベル":"1","住所":"神奈川県横浜市戸塚区鳥が丘53","収容人数":null,"名称":"鳥が丘小学校","対象とする災害の分類":"地震災害","施設の種類":"避難所","施設規模":"5522","行政区域":"14110","高さ":"11.4"}},{"type":"Feature","geometry":{"type":"Point","coordinates":[139.5242051218,35.3864675022]},"properties":{"レベル":"1","住所":"神奈川県横浜市戸塚区戸塚町2447-2","収容人数":null,"名称":"下郷小学校","対象とする災害の分類":"地震災害","施設の種類":"避難所","施設規模":"6757","行政区域":"14110","高さ":"10.9"}},{"type":"Feature","geometry":{"type":"Point","coordinates":[139.5141406106,35.3976627244]},"properties":{"レベル":"1","住所":"神奈川県横浜市戸塚区汲沢3-6-l","収容人数":null,"名称":"汲沢小学校","対象とする災害の分類":"地震災害","施設の種類":"避難所","施設規模":"5323","行政区域":"14110","高さ":"11.7"}},{"type":"Feature","geometry":{"type":"Point","coordinates":[139.5075856172,35.3983847223]},"properties":{"レベル":"1","住所":"神奈川県横浜市戸塚区汲沢町550-2","収容人数":null,"名称":"汲沢中学校","対象とする災害の分類":"地震災害","施設の種類":"避難所","施設規模":"6320","行政区域":"14110","高さ":"15.5"}},{"type":"Feature","geometry":{"type":"Point","coordinates":[139.5682749388,35.4362696052]},"properties":{"レベル":"1","住所":"神奈川県横浜市戸塚区平戸3-48-1","収容人数":null,"名称":"境木小学校","対象とする災害の分類":"地震災害","施設の種類":"避難所","施設規模":"4866","行政区域":"14110","高さ":"11.1"}},{"type":"Feature","geometry":{"type":"Point","coordinates":[139.5697199411,35.4362416043]},"properties":{"レベル":"1","住所":"神奈川県横浜市戸塚区平戸3-48-1","収容人数":null,"名称":"境木中学校","対象とする災害の分類":"地震災害","施設の種類":"避難所","施設規模":"5587","行政区域":"14110","高さ":"12.2"}},{"type":"Feature","geometry":{"type":"Point","coordinates":[139.5323886003,35.3973017188]},"properties":{"レベル":"1","住所":"神奈川県横浜市戸塚区戸塚町132","収容人数":null,"名称":"戸塚小学校","対象とする災害の分類":"地震災害","施設の種類":"避難所","施設規模":"6375","行政区域":"14110","高さ":"11.1"}},{"type":"Feature","geometry":{"type":"Point","coordinates":[139.5236846438,35.4017680232]},"properties":{"レベル":"1","住所":"神奈川県横浜市戸塚区戸塚町4542","収容人数":null,"名称":"戸塚中学校","対象とする災害の分類":"指定なし","施設の種類":"避難所","施設規模":"7040","行政区域":"14110","高さ":"14.5"}},{"type":"Feature","geometry":{"type":"Point","coordinates":[139.5443607943,35.4209106531]},"properties":{"レベル":"1","住所":"神奈川県横浜市戸塚区秋葉町392-1","収容人数":null,"名称":"秋葉小学校","対象とする災害の分類":"指定なし","施設の種類":"避難所","施設規模":"5632","行政区域":"14110","高さ":"9.4"}},{"type":"Feature","geometry":{"type":"Point","coordinates":[139.5115014569,35.3768877861]},"properties":{"レベル":"1","住所":"神奈川県横浜市戸塚区小雀町1845","収容人数":null,"名称":"小雀小学校","対象とする災害の分類":"地震災害","施設の種類":"避難所","施設規模":"4799","行政区域":"14110","高さ":"15.1"}},{"type":"Feature","geometry":{"type":"Point","coordinates":[139.5283898148,35.4235766557]},"properties":{"レベル":"1","住所":"神奈川県横浜市戸塚区上矢部町1463-4","収容人数":null,"名称":"上矢部小学校","対象とする災害の分類":"指定なし","施設の種類":"避難所","施設規模":"4972","行政区域":"14110","高さ":"11.2"}},{"type":"Feature","geometry":{"type":"Point","coordinates":[139.5027005436,35.3920253927]},"properties":{"レベル":"4","住所":"神奈川県横浜市戸塚区深谷町1688-2","収容人数":null,"名称":"深谷小学校","対象とする災害の分類":"指定なし","施設の種類":"避難所","施設規模":"5129","行政区域":"14110","高さ":"4.3"}},{"type":"Feature","geometry":{"type":"Point","coordinates":[139.496523827,35.388167102]},"properties":{"レベル":"4","住所":"神奈川県横浜市戸塚区深谷町1312-1","収容人数":null,"名称":"深谷台小学校","対象とする災害の分類":"指定なし","施設の種類":"避難所","施設規模":"6645","行政区域":"14110","高さ":"16"}},{"type":"Feature","geometry":{"type":"Point","coordinates":[139.5450828397,35.4264096399]},"properties":{"レベル":"1","住所":"神奈川県横浜市戸塚区秋葉町203-2","収容人数":null,"名称":"川上小学校","対象とする災害の分類":"地震災害","施設の種類":"避難所","施設規模":"4915","行政区域":"14110","高さ":"15.2"}},{"type":"Feature","geometry":{"type":"Point","coordinates":[139.5541658427,35.4290733225]},"properties":{"レベル":"1","住所":"神奈川県横浜市戸塚区川上町63-l","収容人数":null,"名称":"川上北小学校","対象とする災害の分類":"地震災害","施設の種類":"避難所","施設規模":"4875","行政区域":"14110","高さ":"11.1"}},{"type":"Feature","geometry":{"type":"Point","coordinates":[139.5410275296,35.3894977361]},"properties":{"レベル":"1","住所":"神奈川県横浜市戸塚区上倉田町1426-6","収容人数":null,"名称":"倉田小学校","対象とする災害の分類":"指定なし","施設の種類":"避難所","施設規模":"5640","行政区域":"14110","高さ":"11.1"}},{"type":"Feature","geometry":{"type":"Point","coordinates":[139.5032594788,35.3795593336]},"properties":{"レベル":"1","住所":"神奈川県横浜市戸塚区原宿町4-17-1","収容人数":null,"名称":"大正小学校","対象とする災害の分類":"指定なし","施設の種類":"避難所","施設規模":"6144","行政区域":"14110","高さ":"11.1"}},{"type":"Feature","geometry":{"type":"Point","coordinates":[139.5032804733,35.3783877805]},"properties":{"レベル":"1","住所":"神奈川県横浜市戸塚区原宿町4-12-1","収容人数":null,"名称":"大正中学校","対象とする災害の分類":"地震災害","施設の種類":"避難所","施設規模":"7972","行政区域":"14110","高さ":"14.6"}},{"type":"Feature","geometry":{"type":"Point","coordinates":[139.5213066201,35.3992737182]},"properties":{"レベル":"1","住所":"神奈川県横浜市戸塚区汲沢1-16-1","収容人数":null,"名称":"東汲沢小学校","対象とする災害の分類":"地震災害","施設の種類":"避難所","施設規模":"5150","行政区域":"14110","高さ":"15"}},{"type":"Feature","geometry":{"type":"Point","coordinates":[139.5382496327,35.4014127044]},"properties":{"レベル":"1","住所":"神奈川県横浜市戸塚区吉田町88","収容人数":null,"名称":"東戸塚小学校","対象とする災害の分類":"指定なし","施設の種類":"避難所","施設規模":"7347","行政区域":"14110","高さ":"11.3"}},{"type":"Feature","geometry":{"type":"Point","coordinates":[139.5606929125,35.4341866133]},"properties":{"レベル":"1","住所":"神奈川県横浜市戸塚区品濃町559","収容人数":null,"名称":"東品濃小学校","対象とする災害の分類":"指定なし","施設の種類":"避難所","施設規模":"5002","行政区域":"14110","高さ":"12.2"}},{"type":"Feature","geometry":{"type":"Point","coordinates":[139.4963854651,35.3680078026]},"properties":{"レベル":"4","住所":"神奈川県横浜市戸塚区東俣野町1103-1","収容人数":null,"名称":"東俣野小学校","対象とする災害の分類":"指定なし","施設の種類":"避難所","施設規模":"4242","行政区域":"14110","高さ":"15.3"}},{"type":"Feature","geometry":{"type":"Point","coordinates":[139.5256675318,35.3881367489]},"properties":{"レベル":"1","住所":"神奈川県横浜市戸塚区戸塚町2790-3","収容人数":null,"名称":"南戸塚小学校","対象とする災害の分類":"指定なし","施設の種類":"避難所","施設規模":"5688","行政区域":"14110","高さ":"14.5"}},{"type":"Feature","geometry":{"type":"Point","coordinates":[139.5186124821,35.3809987731]},"properties":{"レベル":"1","住所":"神奈川県横浜市戸塚区戸塚町1842-1","収容人数":null,"名称":"南戸塚中学校","対象とする災害の分類":"地震災害","施設の種類":"避難所","施設規模":"6688","行政区域":"14110","高さ":"11.6"}},{"type":"Feature","geometry":{"type":"Point","coordinates":[139.5545406162,35.3889166186]},"properties":{"レベル":"1","住所":"神奈川県横浜市戸塚区南舞岡4-15-1","収容人数":null,"名称":"南舞岡小学校","対象とする災害の分類":"地震災害","施設の種類":"避難所","施設規模":"4764","行政区域":"14110","高さ":"11.9"}},{"type":"Feature","geometry":{"type":"Point","coordinates":[139.5518317442,35.414938661]},"properties":{"レベル":"1","住所":"神奈川県横浜市戸塚区柏尾町1317","収容人数":null,"名称":"柏尾小学校","対象とする災害の分類":"指定なし","施設の種類":"避難所","施設規模":"5857","行政区域":"14110","高さ":"14.5"}},{"type":"Feature","geometry":{"type":"Point","coordinates":[139.5574428431,35.426187633]},"properties":{"レベル":"1","住所":"神奈川県横浜市戸塚区品濃町504-1","収容人数":null,"名称":"品濃小学校","対象とする災害の分類":"指定なし","施設の種類":"避難所","施設規模":"5234","行政区域":"14110","高さ":"15.1"}},{"type":"Feature","geometry":{"type":"Point","coordinates":[139.5511656765,35.4071616811]},"properties":{"レベル":"1","住所":"神奈川県横浜市戸塚区舞岡町534","収容人数":null,"名称":"舞岡小学校","対象とする災害の分類":"地震災害","施設の種類":"避難所","施設規模":"4169","行政区域":"14110","高さ":"11.2"}},{"type":"Feature","geometry":{"type":"Point","coordinates":[139.5445374971,35.4094481223]},"properties":{"レベル":"1","住所":"神奈川県横浜市戸塚区舞岡町226","収容人数":null,"名称":"舞岡中学校","対象とする災害の分類":"地震災害","施設の種類":"避難所","施設規模":"5371","行政区域":"14110","高さ":"14.8"}},{"type":"Feature","geometry":{"type":"Point","coordinates":[139.5637478518,35.4267706278]},"properties":{"レベル":"1","住所":"神奈川県横浜市戸塚区平戸町542","収容人数":null,"名称":"平戸小学校","対象とする災害の分類":"指定なし","施設の種類":"避難所","施設規模":"4453","行政区域":"14110","高さ":"15.3"}},{"type":"Feature","geometry":{"type":"Point","coordinates":[139.567941823,35.4230766316]},"properties":{"レベル":"1","住所":"神奈川県横浜市戸塚区平戸町1165","収容人数":null,"名称":"平戸台小学校","対象とする災害の分類":"地震災害","施設の種類":"避難所","施設規模":"5390","行政区域":"14110","高さ":"15.8"}},{"type":"Feature","geometry":{"type":"Point","coordinates":[139.5421664692,35.3822487562]},"properties":{"レベル":"1","住所":"神奈川県横浜市戸塚区下倉田町950","収容人数":null,"名称":"豊田中学校","対象とする災害の分類":"指定なし","施設の種類":"避難所","施設規模":"6327","行政区域":"14110","高さ":"15"}},{"type":"Feature","geometry":{"type":"Point","coordinates":[139.4957254782,35.3784437792]},"properties":{"レベル":"1","住所":"神奈川県横浜市戸塚区俣野町371","収容人数":null,"名称":"俣野小学校","対象とする災害の分類":"地震災害","施設の種類":"避難所","施設規模":"5108","行政区域":"14110","高さ":"15.4"}},{"type":"Feature","geometry":{"type":"Point","coordinates":[139.541138876,35.4310476316]},"properties":{"レベル":"1","住所":"神奈川県横浜市戸塚区名瀬町776","収容人数":null,"名称":"名瀬小学校","対象とする災害の分類":"地震災害","施設の種類":"避難所","施設規模":"4989","行政区域":"14110","高さ":"15.5"}},{"type":"Feature","geometry":{"type":"Point","coordinates":[139.5436186115,35.4337258433]},"properties":{"レベル":"1","住所":"神奈川県横浜市戸塚区名瀬町791-6","収容人数":null,"名称":"名瀬中学校","対象とする災害の分類":"地震災害","施設の種類":"避難所","施設規模":"6855","行政区域":"14110","高さ":"11.4"}},{"type":"Feature","geometry":{"type":"Point","coordinates":[139.5233896859,35.4072726969]},"properties":{"レベル":"1","住所":"神奈川県横浜市戸塚区矢部町1698","収容人数":null,"名称":"矢部小学校","対象とする災害の分類":"指定なし","施設の種類":"避難所","施設規模":"4814","行政区域":"14110","高さ":"14.7"}},{"type":"Feature","geometry":{"type":"Point","coordinates":[139.5593986205,35.4115314412]},"properties":{"レベル":"1","住所":"神奈川県横浜市港南区下永谷5-48-15","収容人数":null,"名称":"永谷小学校","対象とする災害の分類":"指定なし","施設の種類":"避難所","施設規模":"5267","行政区域":"14111","高さ":"11.7"}},{"type":"Feature","geometry":{"type":"Point","coordinates":[139.5703026641,35.4057736657]},"properties":{"レベル":"1","住所":"神奈川県横浜市港南区上永谷2-21-10","収容人数":null,"名称":"永野小学校","対象とする災害の分類":"地震災害","施設の種類":"避難所","施設規模":"5466","行政区域":"14111","高さ":"14.7"}},{"type":"Feature","geometry":{"type":"Point","coordinates":[139.5817225829,35.4085893096]},"properties":{"レベル":"1","住所":"神奈川県横浜市港南区東永谷1-36-l","収容人数":null,"名称":"下永谷小学校","対象とする災害の分類":"地震災害","施設の種類":"避難所","施設規模":"5813","行政区域":"14111","高さ":"15"}},{"type":"Feature","geometry":{"type":"Point","coordinates":[139.5716915426,35.3929416955]},"properties":{"レベル":"1","住所":"神奈川県横浜市港南区野庭町602","収容人数":null,"名称":"下野庭小学校","対象とする災害の分類":"地震災害","施設の種類":"避難所","施設規模":"7918","行政区域":"14111","高さ":"14.9"}},{"type":"Feature","geometry":{"type":"Point","coordinates":[139.5685246185,35.4008576796]},"properties":{"レベル":"1","住所":"神奈川県横浜市港南区丸山台3-8-1","収容人数":null,"名称":"丸山台小学校","対象とする災害の分類":"地震災害","施設の種類":"避難所","施設規模":"4572","行政区域":"14111","高さ":"11.5"}},{"type":"Feature","geometry":{"type":"Point","coordinates":[139.5650535617,35.3948306978]},"properties":{"レベル":"1","住所":"神奈川県横浜市港南区丸山台4-1-1","収容人数":null,"名称":"丸山台中学校","対象とする災害の分類":"地震災害","施設の種類":"避難所","施設規模":"6344","行政区域":"14111","高さ":"15"}},{"type":"Feature","geometry":{"type":"Point","coordinates":[139.5836345893,35.3973856717]},"properties":{"レベル":"1","住所":"神奈川県横浜市港南区日野2-20-40","収容人数":null,"名称":"吉原小学校","対象とする災害の分類":"指定なし","施設の種類":"避難所","施設規模":"4895","行政区域":"14111","高さ":"14.7"}},{"type":"Feature","geometry":{"type":"Point","coordinates":[139.5738022313,35.4155375388]},"properties":{"レベル":"1","住所":"神奈川県横浜市港南区芹が谷3-32-l","収容人数":null,"名称":"芹が谷小学校","対象とする災害の分類":"地震災害","施設の種類":"避難所","施設規模":"6051","行政区域":"14111","高さ":"14.7"}},{"type":"Feature","geometry":{"type":"Point","coordinates":[139.5739687744,35.4172996381]},"properties":{"レベル":"1","住所":"神奈川県横浜市港南区芹が谷2-7-l","収容人数":null,"名称":"芹が谷中学校","対象とする災害の分類":"地震災害","施設の種類":"避難所","施設規模":"6396","行政区域":"14111","高さ":"12.2"}},{"type":"Feature","geometry":{"type":"Point","coordinates":[139.5713577262,35.4122726506]},"properties":{"レベル":"1","住所":"神奈川県横浜市港南区芹が谷4-22-1","収容人数":null,"名称":"芹が谷南小学校","対象とする災害の分類":"地震災害","施設の種類":"避難所","施設規模":"4547","行政区域":"14111","高さ":"14.9"}},{"type":"Feature","geometry":{"type":"Point","coordinates":[139.5871164173,35.370679115]},"properties":{"レベル":"1","住所":"神奈川県横浜市港南区港南台6-7-l","収容人数":null,"名称":"港南台第一小学校","対象とする災害の分類":"地震災害","施設の種類":"避難所","施設規模":"6383","行政区域":"14111","高さ":"11.4"}},{"type":"Feature","geometry":{"type":"Point","coordinates":[139.5864673248,35.3714167333]},"properties":{"レベル":"1","住所":"神奈川県横浜市港南区港南台6-6-l","収容人数":null,"名称":"港南台第一中学校","対象とする災害の分類":"地震災害","施設の種類":"避難所","施設規模":"5778","行政区域":"14111","高さ":"15"}},{"type":"Feature","geometry":{"type":"Point","coordinates":[139.5825234035,35.378971718]},"properties":{"レベル":"1","住所":"神奈川県横浜市港南区港南台2-14-l","収容人数":null,"名称":"港南台第三小学校","対象とする災害の分類":"地震災害","施設の種類":"避難所","施設規模":"6289","行政区域":"14111","高さ":"11"}},{"type":"Feature","geometry":{"type":"Point","coordinates":[139.5790793371,35.3717217453]},"properties":{"レベル":"1","住所":"神奈川県横浜市港南区港南台5-4-1","収容人数":null,"名称":"港南台第二小学校","対象とする災害の分類":"地震災害","施設の種類":"避難所","施設規模":"5290","行政区域":"14111","高さ":"14.6"}},{"type":"Feature","geometry":{"type":"Point","coordinates":[139.590522639,35.4016636563]},"properties":{"レベル":"1","住所":"神奈川県横浜市港南区港南中央通6-l","収容人数":null,"名称":"港南中学校","対象とする災害の分類":"地震災害","施設の種類":"避難所","施設規模":"6037","行政区域":"14111","高さ":"14.7"}},{"type":"Feature","geometry":{"type":"Point","coordinates":[139.5937966843,35.4124873172]},"properties":{"レベル":"1","住所":"神奈川県横浜市港南区大久保1-6-43","収容人数":null,"名称":"桜岡小学校","対象とする災害の分類":"指定なし","施設の種類":"避難所","施設規模":"5172","行政区域":"14111","高さ":"11.4"}},{"type":"Feature","geometry":{"type":"Point","coordinates":[139.5933835908,35.3965256646]},"properties":{"レベル":"1","住所":"神奈川県横浜市港南区港南5-8-l","収容人数":null,"名称":"笹下中学校","対象とする災害の分類":"指定なし","施設の種類":"避難所","施設規模":"7674","行政区域":"14111","高さ":"14.7"}},{"type":"Feature","geometry":{"type":"Point","coordinates":[139.574097382,35.3760637395]},"properties":{"レベル":"1","住所":"神奈川県横浜市港南区港南台4-11-l","収容人数":null,"名称":"小坪小学校","対象とする災害の分類":"地震災害","施設の種類":"避難所","施設規模":"5450","行政区域":"14111","高さ":"3.9"}},{"type":"Feature","geometry":{"type":"Point","coordinates":[139.5692747027,35.4099116571]},"properties":{"レベル":"1","住所":"神奈川県横浜市港南区上永谷4-12-14","収容人数":null,"名称":"上永谷中学校","対象とする災害の分類":"地震災害","施設の種類":"避難所","施設規模":"8231","行政区域":"14111","高さ":"15.2"}},{"type":"Feature","geometry":{"type":"Point","coordinates":[139.603743692,35.4044696418]},"properties":{"レベル":"1","住所":"神奈川県横浜市港南区上大岡東3-11-1","収容人数":null,"名称":"上大岡小学校","対象とする災害の分類":"指定なし","施設の種類":"避難所","施設規模":"4216","行政区域":"14111","高さ":"14.8"}},{"type":"Feature","geometry":{"type":"Point","coordinates":[139.5807186389,35.4024686628]},"properties":{"レベル":"1","住所":"神奈川県横浜市港南区上永谷1-7-5","収容人数":null,"名称":"相武山小学校","対象とする災害の分類":"地震災害","施設の種類":"避難所","施設規模":"5250","行政区域":"14111","高さ":"14.9"}},{"type":"Feature","geometry":{"type":"Point","coordinates":[139.5787864014,35.4065560985]},"properties":{"レベル":"1","住所":"神奈川県横浜市港南区東永谷2-14-7","収容人数":null,"名称":"東永谷中学校","対象とする災害の分類":"地震災害","施設の種類":"避難所","施設規模":"5412","行政区域":"14111","高さ":"10.5"}},{"type":"Feature","geometry":{"type":"Point","coordinates":[139.5918835954,35.3971916642]},"properties":{"レベル":"1","住所":"神奈川県横浜市港南区港南5-6-1","収容人数":null,"名称":"南台小学校","対象とする災害の分類":"指定なし","施設の種類":"避難所","施設規模":"6422","行政区域":"14111","高さ":"11.7"}},{"type":"Feature","geometry":{"type":"Point","coordinates":[139.6017435397,35.3905266731]},"properties":{"レベル":"1","住所":"神奈川県横浜市港南区笹下3-9-l","収容人数":null,"名称":"日下小学校","対象とする災害の分類":"指定なし","施設の種類":"避難所","施設規模":"5324","行政区域":"14111","高さ":"12.4"}},{"type":"Feature","geometry":{"type":"Point","coordinates":[139.559942557,35.3940807051]},"properties":{"レベル":"1","住所":"神奈川県横浜市港南区日限山2-16-1","収容人数":null,"名称":"日限山小学校","対象とする災害の分類":"指定なし","施設の種類":"避難所","施設規模":"6503","行政区域":"14111","高さ":"14.5"}},{"type":"Feature","geometry":{"type":"Point","coordinates":[139.5571924943,35.3868867284]},"properties":{"レベル":"1","住所":"神奈川県横浜市港南区日限山4-33-l","収容人数":null,"名称":"日限山中学校","対象とする災害の分類":"地震災害","施設の種類":"避難所","施設規模":"6056","行政区域":"14111","高さ":"14.9"}},{"type":"Feature","geometry":{"type":"Point","coordinates":[139.5797202887,35.3875149673]},"properties":{"レベル":"1","住所":"神奈川県横浜市港南区日野7-11-1","収容人数":null,"名称":"日野小学校","対象とする災害の分類":"地震災害","施設の種類":"避難所","施設規模":"4338","行政区域":"14111","高さ":"14.8"}},{"type":"Feature","geometry":{"type":"Point","coordinates":[139.5619973885,35.3751657596]},"properties":{"レベル":"1","住所":"神奈川県横浜市港南区日野南6-35-1","収容人数":null,"名称":"日野南小学校","対象とする災害の分類":"地震災害","施設の種類":"避難所","施設規模":"4691","行政区域":"14111","高さ":"14.7"}},{"type":"Feature","geometry":{"type":"Point","coordinates":[139.5689973808,35.3752217495]},"properties":{"レベル":"1","住所":"神奈川県横浜市港南区港南台4-37-l","収容人数":null,"名称":"日野南中学校","対象とする災害の分類":"地震災害","施設の種類":"避難所","施設規模":"5940","行政区域":"14111","高さ":"11.8"}},{"type":"Feature","geometry":{"type":"Point","coordinates":[139.5749651437,35.3880946964]},"properties":{"レベル":"3","住所":"神奈川県横浜市港南区野庭町346-2","収容人数":null,"名称":"野庭すずかけ小学校","対象とする災害の分類":"地震災害","施設の種類":"避難所","施設規模":"8249","行政区域":"14111","高さ":"14"}},{"type":"Feature","geometry":{"type":"Point","coordinates":[139.570608484,35.3867477128]},"properties":{"レベル":"1","住所":"神奈川県横浜市港南区野庭町630","収容人数":null,"名称":"野庭中学校","対象とする災害の分類":"地震災害","施設の種類":"避難所","施設規模":"7700","行政区域":"14111","高さ":"14.5"}},{"type":"Feature","geometry":{"type":"Point","coordinates":[139.5594693097,35.4843465277]},"properties":{"レベル":"1","住所":"神奈川県横浜市保土ヶ谷区新井町43-7","収容人数":null,"名称":"新井中学校","対象とする災害の分類":"地震災害","施設の種類":"避難所","施設規模":"4488","行政区域":"14106","高さ":"14.6"}},{"type":"Feature","geometry":{"type":"Point","coordinates":[139.5229180596,35.4567945783]},"properties":{"レベル":"1","住所":"神奈川県横浜市旭区さちが丘110-1","収容人数":null,"名称":"さちが丘小学校","対象とする災害の分類":"地震災害","施設の種類":"避難所","施設規模":"6536","行政区域":"14112","高さ":"15.2"}},{"type":"Feature","geometry":{"type":"Point","coordinates":[139.5308324041,35.5037054965]},"properties":{"レベル":"1","住所":"神奈川県横浜市旭区上白根町1306-14","収容人数":null,"名称":"ひかりが丘小学校","対象とする災害の分類":"地震災害","施設の種類":"避難所","施設規模":"5674","行政区域":"14112","高さ":"16.7"}},{"type":"Feature","geometry":{"type":"Point","coordinates":[139.5179731807,35.4741815418]},"properties":{"レベル":"1","住所":"神奈川県横浜市旭区今宿2-40-1","収容人数":null,"名称":"旭中学校","対象とする災害の分類":"地震災害","施設の種類":"避難所","施設規模":"4781","行政区域":"14112","高さ":"15.2"}},{"type":"Feature","geometry":{"type":"Point","coordinates":[139.5371103555,35.4955395118]},"properties":{"レベル":"1","住所":"神奈川県横浜市旭区上白根2-47-1","収容人数":null,"名称":"旭北中学校","対象とする災害の分類":"地震災害","施設の種類":"避難所","施設規模":"6268","行政区域":"14112","高さ":"14.4"}},{"type":"Feature","geometry":{"type":"Point","coordinates":[139.5124740679,35.4590715718]},"properties":{"レベル":"1","住所":"神奈川県横浜市旭区中希望ヶ丘124","収容人数":null,"名称":"希望ヶ丘小学校","対象とする災害の分類":"地震災害","施設の種類":"避難所","施設規模":"5495","行政区域":"14112","高さ":"14.6"}},{"type":"Feature","geometry":{"type":"Point","coordinates":[139.4931133672,35.5050644713]},"properties":{"レベル":"1","住所":"神奈川県横浜市旭区若葉台4-35-1","収容人数":null,"名称":"旧若葉台西小学校","対象とする災害の分類":"地震災害","施設の種類":"避難所","施設規模":"5267","行政区域":"14112","高さ":"10.5"}},{"type":"Feature","geometry":{"type":"Point","coordinates":[139.5023353624,35.5029264824]},"properties":{"レベル":"1","住所":"神奈川県横浜市旭区若葉台2-1-1","収容人数":null,"名称":"旧若葉台東小学校","対象とする災害の分類":"地震災害","施設の種類":"避難所","施設規模":"7131","行政区域":"14112","高さ":"11.5"}},{"type":"Feature","geometry":{"type":"Point","coordinates":[139.5364450171,35.4842233284]},"properties":{"レベル":"1","住所":"神奈川県横浜市旭区今宿東町829","収容人数":null,"名称":"今宿小学校","対象とする災害の分類":"地震災害","施設の種類":"避難所","施設規模":"5571","行政区域":"14112","高さ":"10.9"}},{"type":"Feature","geometry":{"type":"Point","coordinates":[139.5368467178,35.4847958984]},"properties":{"レベル":"1","住所":"神奈川県横浜市旭区今宿東町825","収容人数":null,"名称":"今宿中学校","対象とする災害の分類":"地震災害","施設の種類":"避難所","施設規模":"6244","行政区域":"14112","高さ":"14.4"}},{"type":"Feature","geometry":{"type":"Point","coordinates":[139.5291662301,35.4792635356]},"properties":{"レベル":"1","住所":"神奈川県横浜市旭区今宿南町1879-2","収容人数":null,"名称":"今宿南小学校","対象とする災害の分類":"指定なし","施設の種類":"避難所","施設規模":"5183","行政区域":"14112","高さ":"7.7"}},{"type":"Feature","geometry":{"type":"Point","coordinates":[139.5538871297,35.4617945654]},"properties":{"レベル":"1","住所":"神奈川県横浜市旭区小高町55-2","収容人数":null,"名称":"左近山小高小学校","対象とする災害の分類":"地震災害","施設の種類":"避難所","施設規模":"4832","行政区域":"14112","高さ":"4.1"}},{"type":"Feature","geometry":{"type":"Point","coordinates":[139.5498004058,35.4623968056]},"properties":{"レベル":"1","住所":"神奈川県横浜市旭区左近山1997-2","収容人数":null,"名称":"左近山第一小学校","対象とする災害の分類":"地震災害","施設の種類":"避難所","施設規模":"6103","行政区域":"14112","高さ":"14.5"}},{"type":"Feature","geometry":{"type":"Point","coordinates":[139.556304097,35.4571005726]},"properties":{"レベル":"1","住所":"神奈川県横浜市旭区左近山1011","収容人数":null,"名称":"左近山第二小学校","対象とする災害の分類":"地震災害","施設の種類":"避難所","施設規模":"5657","行政区域":"14112","高さ":"14.5"}},{"type":"Feature","geometry":{"type":"Point","coordinates":[139.510325354,35.4734765395]},"properties":{"レベル":"1","住所":"神奈川県横浜市旭区笹野台4-48-1","収容人数":null,"名称":"笹野台小学校","対象とする災害の分類":"地震災害","施設の種類":"避難所","施設規模":"4457","行政区域":"14112","高さ":"14.5"}},{"type":"Feature","geometry":{"type":"Point","coordinates":[139.5588591361,35.4616275642]},"properties":{"レベル":"1","住所":"神奈川県横浜市旭区市沢町781","収容人数":null,"名称":"市沢小学校","対象とする災害の分類":"地震災害","施設の種類":"避難所","施設規模":"3711","行政区域":"14112","高さ":"14.5"}},{"type":"Feature","geometry":{"type":"Point","coordinates":[139.5007174543,35.5082836794]},"properties":{"レベル":"3","住所":"神奈川県横浜市旭区若葉台2-14-1","収容人数":null,"名称":"若葉台小学校","対象とする災害の分類":"地震災害","施設の種類":"避難所","施設規模":"5304","行政区域":"14112","高さ":"11.3"}},{"type":"Feature","geometry":{"type":"Point","coordinates":[139.5029183336,35.4986494911]},"properties":{"レベル":"1","住所":"神奈川県横浜市旭区上川井町2913","収容人数":null,"名称":"上川井小学校","対象とする災害の分類":"指定なし","施設の種類":"避難所","施設規模":"4198","行政区域":"14112","高さ":"14.8"}},{"type":"Feature","geometry":{"type":"Point","coordinates":[139.5394561097,35.4955369684]},"properties":{"レベル":"1","住所":"神奈川県横浜市旭区上白根2-45-1","収容人数":null,"名称":"上白根小学校","対象とする災害の分類":"地震災害","施設の種類":"避難所","施設規模":"5512","行政区域":"14112","高さ":"15.3"}},{"type":"Feature","geometry":{"type":"Point","coordinates":[139.5206673231,35.4939285081]},"properties":{"レベル":"1","住所":"神奈川県横浜市旭区川井宿町32-2","収容人数":null,"名称":"川井小学校","対象とする災害の分類":"地震災害","施設の種類":"避難所","施設規模":"4134","行政区域":"14112","高さ":"14.6"}},{"type":"Feature","geometry":{"type":"Point","coordinates":[139.5164190126,35.4512955892]},"properties":{"レベル":"1","住所":"神奈川県横浜市旭区善部町4-1","収容人数":null,"名称":"善部小学校","対象とする災害の分類":"地震災害","施設の種類":"避難所","施設規模":"4274","行政区域":"14112","高さ":"16"}},{"type":"Feature","geometry":{"type":"Point","coordinates":[139.5317701988,35.496551]},"properties":{"レベル":"1","住所":"神奈川県横浜市旭区上白根町901","収容人数":null,"名称":"大池小学校","対象とする災害の分類":"地震災害","施設の種類":"避難所","施設規模":"6546","行政区域":"14112","高さ":"14.6"}},{"type":"Feature","geometry":{"type":"Point","coordinates":[139.5222941892,35.4746185422]},"properties":{"レベル":"1","住所":"神奈川県横浜市旭区中沢3-25-1","収容人数":null,"名称":"中沢小学校","対象とする災害の分類":"地震災害","施設の種類":"避難所","施設規模":"4951","行政区域":"14112","高さ":"14.5"}},{"type":"Feature","geometry":{"type":"Point","coordinates":[139.5227341249,35.4656785599]},"properties":{"レベル":"1","住所":"神奈川県横浜市旭区中尾1-8-1","収容人数":null,"名称":"中尾小学校","対象とする災害の分類":"地震災害","施設の種類":"避難所","施設規模":"4734","行政区域":"14112","高さ":"16.8"}},{"type":"Feature","geometry":{"type":"Point","coordinates":[139.5520654785,35.4719379158]},"properties":{"レベル":"1","住所":"神奈川県横浜市旭区鶴ケ峰1-42","収容人数":null,"名称":"鶴ヶ峯小学校","対象とする災害の分類":"指定なし","施設の種類":"避難所","施設規模":"5141","行政区域":"14112","高さ":"11.4"}},{"type":"Feature","geometry":{"type":"Point","coordinates":[139.5426092635,35.4815965328]},"properties":{"レベル":"1","住所":"神奈川県横浜市旭区鶴ケ峰本町3-28-1","収容人数":null,"名称":"鶴ヶ峯中学校","対象とする災害の分類":"指定なし","施設の種類":"避難所","施設規模":"6977","行政区域":"14112","高さ":"11"}},{"type":"Feature","geometry":{"type":"Point","coordinates":[139.5212502618,35.4851525227]},"properties":{"レベル":"1","住所":"神奈川県横浜市旭区都岡町4-8","収容人数":null,"名称":"都岡小学校","対象とする災害の分類":"地震災害","施設の種類":"避難所","施設規模":"4765","行政区域":"14112","高さ":"11"}},{"type":"Feature","geometry":{"type":"Point","coordinates":[139.5115566126,35.4644822689]},"properties":{"レベル":"1","住所":"神奈川県横浜市旭区東希望ヶ丘155","収容人数":null,"名称":"東希望が丘小学校","対象とする災害の分類":"地震災害","施設の種類":"避難所","施設規模":"4517","行政区域":"14112","高さ":"14.6"}},{"type":"Feature","geometry":{"type":"Point","coordinates":[139.5094750491,35.4569055758]},"properties":{"レベル":"1","住所":"神奈川県横浜市旭区南希望ヶ丘108-8","収容人数":null,"名称":"南希望が丘中学校","対象とする災害の分類":"地震災害","施設の種類":"避難所","施設規模":"5335","行政区域":"14112","高さ":"14.8"}},{"type":"Feature","geometry":{"type":"Point","coordinates":[139.5387500868,35.4584055729]},"properties":{"レベル":"1","住所":"神奈川県横浜市旭区南本宿町79","収容人数":null,"名称":"南本宿小学校","対象とする災害の分類":"地震災害","施設の種類":"避難所","施設規模":"3814","行政区域":"14112","高さ":"7.7"}},{"type":"Feature","geometry":{"type":"Point","coordinates":[139.5291391169,35.4638215644]},"properties":{"レベル":"1","住所":"神奈川県横浜市旭区二俣川1-33","収容人数":null,"名称":"二俣川小学校","対象とする災害の分類":"地震災害","施設の種類":"避難所","施設規模":"4988","行政区域":"14112","高さ":"14.9"}},{"type":"Feature","geometry":{"type":"Point","coordinates":[139.5443313105,35.4877905237]},"properties":{"レベル":"1","住所":"神奈川県横浜市旭区中白根1-9-1","収容人数":null,"名称":"白根小学校","対象とする災害の分類":"地震災害","施設の種類":"避難所","施設規模":"5491","行政区域":"14112","高さ":"11.1"}},{"type":"Feature","geometry":{"type":"Point","coordinates":[139.5501367296,35.483426907]},"properties":{"レベル":"1","住所":"神奈川県横浜市旭区白根3-33-1","収容人数":null,"名称":"不動丸小学校","対象とする災害の分類":"指定なし","施設の種類":"避難所","施設規模":"5504","行政区域":"14112","高さ":"15.4"}},{"type":"Feature","geometry":{"type":"Point","coordinates":[139.5445824673,35.4691400864]},"properties":{"レベル":"1","住所":"神奈川県横浜市旭区本宿町16","収容人数":null,"名称":"本宿小学校","対象とする災害の分類":"指定なし","施設の種類":"避難所","施設規模":"5088","行政区域":"14112","高さ":"14.7"}},{"type":"Feature","geometry":{"type":"Point","coordinates":[139.5475261416,35.4644325625]},"properties":{"レベル":"1","住所":"神奈川県横浜市旭区川島町1979","収容人数":null,"名称":"本宿中学校","対象とする災害の分類":"地震災害","施設の種類":"避難所","施設規模":"5838","行政区域":"14112","高さ":"14.5"}},{"type":"Feature","geometry":{"type":"Point","coordinates":[139.533945038,35.4527395861]},"properties":{"レベル":"1","住所":"神奈川県横浜市旭区大池町66","収容人数":null,"名称":"万騎が原小学校","対象とする災害の分類":"地震災害","施設の種類":"避難所","施設規模":"4424","行政区域":"14112","高さ":"14.8"}},{"type":"Feature","geometry":{"type":"Point","coordinates":[139.5358330785,35.4577385754]},"properties":{"レベル":"1","住所":"神奈川県横浜市旭区万騎が原31","収容人数":null,"名称":"万騎が原中学校","対象とする災害の分類":"地震災害","施設の種類":"避難所","施設規模":"6936","行政区域":"14112","高さ":"16.4"}},{"type":"Feature","geometry":{"type":"Point","coordinates":[139.5019735191,35.5261174465]},"properties":{"レベル":"1","住所":"神奈川県横浜市緑区いぶき野14-1","収容人数":null,"名称":"いぶき野小学校","対象とする災害の分類":"指定なし","施設の種類":"避難所","施設規模":"5660","行政区域":"14113","高さ":"11.2"}},{"type":"Feature","geometry":{"type":"Point","coordinates":[139.5664965008,35.5091494958]},"properties":{"レベル":"1","住所":"神奈川県横浜市緑区鴨居4-7-15","収容人数":null,"名称":"鴨居小学校","対象とする災害の分類":"指定なし","施設の種類":"避難所","施設規模":"5053","行政区域":"14113","高さ":"14.8"}},{"type":"Feature","geometry":{"type":"Point","coordinates":[139.5616882937,35.5076377082]},"properties":{"レベル":"1","住所":"神奈川県横浜市緑区鴨居5-12-35","収容人数":null,"名称":"鴨居中学校","対象とする災害の分類":"指定なし","施設の種類":"避難所","施設規模":"5700","行政区域":"14113","高さ":"14.6"}},{"type":"Feature","geometry":{"type":"Point","coordinates":[139.5045595134,35.5161352968]},"properties":{"レベル":"3","住所":"神奈川県横浜市緑区霧が丘3-23","収容人数":null,"名称":"旧霧が丘第二小学校","対象とする災害の分類":"地震災害","施設の種類":"避難所","施設規模":"4517","行政区域":"14113","高さ":"11.3"}},{"type":"Feature","geometry":{"type":"Point","coordinates":[139.5265004806,35.5159814781]},"properties":{"レベル":"1","住所":"神奈川県横浜市緑区三保町1867","収容人数":null,"名称":"三保小学校","対象とする災害の分類":"指定なし","施設の種類":"避難所","施設規模":"5639","行政区域":"14113","高さ":"14.7"}},{"type":"Feature","geometry":{"type":"Point","coordinates":[139.533182594,35.5314264621]},"properties":{"レベル":"1","住所":"神奈川県横浜市緑区北八朔町2031-3","収容人数":null,"名称":"山下みどり台小学校","対象とする災害の分類":"地震災害","施設の種類":"避難所","施設規模":"9104","行政区域":"14113","高さ":"15.1"}},{"type":"Feature","geometry":{"type":"Point","coordinates":[139.5381665612,35.52528647]},"properties":{"レベル":"1","住所":"神奈川県横浜市緑区北八朔町1865-3","収容人数":null,"名称":"山下小学校","対象とする災害の分類":"指定なし","施設の種類":"避難所","施設規模":"4771","行政区域":"14113","高さ":"15.1"}},{"type":"Feature","geometry":{"type":"Point","coordinates":[139.5143046932,35.5204717929]},"properties":{"レベル":"1","住所":"神奈川県横浜市緑区十日市場町1392-1","収容人数":null,"名称":"十日市場小学校","対象とする災害の分類":"指定なし","施設の種類":"避難所","施設規模":"5275","行政区域":"14113","高さ":"12.1"}},{"type":"Feature","geometry":{"type":"Point","coordinates":[139.5127413103,35.5223980241]},"properties":{"レベル":"1","住所":"神奈川県横浜市緑区十日市場町1501-42","収容人数":null,"名称":"十日市場中学校","対象とする災害の分類":"地震災害","施設の種類":"避難所","施設規模":"6169","行政区域":"14113","高さ":"18.7"}},{"type":"Feature","geometry":{"type":"Point","coordinates":[139.5471924486,35.5065664971]},"properties":{"レベル":"1","住所":"神奈川県横浜市緑区上山2-5-1","収容人数":null,"名称":"上山小学校","対象とする災害の分類":"地震災害","施設の種類":"避難所","施設規模":"4795","行政区域":"14113","高さ":"16"}},{"type":"Feature","geometry":{"type":"Point","coordinates":[139.5200225411,35.5175150902]},"properties":{"レベル":"1","住所":"神奈川県横浜市緑区新治町768","収容人数":null,"名称":"新治小学校","対象とする災害の分類":"指定なし","施設の種類":"避難所","施設規模":"2992","行政区域":"14113","高さ":"8.6"}},{"type":"Feature","geometry":{"type":"Point","coordinates":[139.5355793888,35.5088440589]},"properties":{"レベル":"4","住所":"神奈川県横浜市緑区森の台13-1","収容人数":null,"名称":"森の台小学校","対象とする災害の分類":"指定なし","施設の種類":"避難所","施設規模":"5304","行政区域":"14113","高さ":"15.1"}},{"type":"Feature","geometry":{"type":"Point","coordinates":[139.5606623962,35.4958995128]},"properties":{"レベル":"1","住所":"神奈川県横浜市緑区竹山3-1-16","収容人数":null,"名称":"竹山小学校","対象とする災害の分類":"地震災害","施設の種類":"避難所","施設規模":"5975","行政区域":"14113","高さ":"14.4"}},{"type":"Feature","geometry":{"type":"Point","coordinates":[139.5483874797,35.5107604926]},"properties":{"レベル":"1","住所":"神奈川県横浜市緑区中山町925","収容人数":null,"名称":"中山小学校","対象とする災害の分類":"指定なし","施設の種類":"避難所","施設規模":"5250","行政区域":"14113","高さ":"14.6"}},{"type":"Feature","geometry":{"type":"Point","coordinates":[139.5399714186,35.5038445]},"properties":{"レベル":"1","住所":"神奈川県横浜市緑区寺山町653-21","収容人数":null,"名称":"中山中学校","対象とする災害の分類":"地震災害","施設の種類":"避難所","施設規模":"7891","行政区域":"14113","高さ":"11.1"}},{"type":"Feature","geometry":{"type":"Point","coordinates":[139.4911405365,35.5301704298]},"properties":{"レベル":"1","住所":"神奈川県横浜市緑区長津田町2330","収容人数":null,"名称":"長津田小学校","対象とする災害の分類":"指定なし","施設の種類":"避難所","施設規模":"6330","行政区域":"14113","高さ":"12.3"}},{"type":"Feature","geometry":{"type":"Point","coordinates":[139.488408563,35.5347634212]},"properties":{"レベル":"1","住所":"神奈川県横浜市緑区長津田町2469-3","収容人数":null,"名称":"長津田第二小学校","対象とする災害の分類":"指定なし","施設の種類":"避難所","施設規模":"5236","行政区域":"14113","高さ":"14.6"}},{"type":"Feature","geometry":{"type":"Point","coordinates":[139.4984300217,35.5345673163]},"properties":{"レベル":"1","住所":"神奈川県横浜市緑区長津田2-24-1","収容人数":null,"名称":"田奈中学校","対象とする災害の分類":"指定なし","施設の種類":"避難所","施設規模":"6342","行政区域":"14113","高さ":"8.2"}},{"type":"Feature","geometry":{"type":"Point","coordinates":[139.571357478,35.504400501]},"properties":{"レベル":"1","住所":"神奈川県横浜市緑区鴨居3-39-1","収容人数":null,"名称":"東鴨居中学校","対象とする災害の分類":"地震災害","施設の種類":"避難所","施設規模":"6202","行政区域":"14113","高さ":"14.8"}},{"type":"Feature","geometry":{"type":"Point","coordinates":[139.5821772062,35.5050590555]},"properties":{"レベル":"1","住所":"神奈川県横浜市緑区東本郷5-40-l","収容人数":null,"名称":"東本郷小学校","対象とする災害の分類":"地震災害","施設の種類":"避難所","施設規模":"6646","行政区域":"14113","高さ":"15"}},{"type":"Feature","geometry":{"type":"Point","coordinates":[139.5071404302,35.5120924719]},"properties":{"レベル":"1","住所":"神奈川県横浜市緑区霧が丘4-3","収容人数":null,"名称":"霧が丘小学校","対象とする災害の分類":"地震災害","施設の種類":"避難所","施設規模":"4163","行政区域":"14113","高さ":"11.3"}},{"type":"Feature","geometry":{"type":"Point","coordinates":[139.5609081935,35.5050720571]},"properties":{"レベル":"1","住所":"神奈川県横浜市緑区鴨居5-19-1","収容人数":null,"名称":"緑小学校","対象とする災害の分類":"地震災害","施設の種類":"避難所","施設規模":"5379","行政区域":"14113","高さ":"11.8"}},{"type":"Feature","geometry":{"type":"Point","coordinates":[139.5365556269,35.5358124585]},"properties":{"レベル":"1","住所":"神奈川県横浜市青葉区千草台50-1","収容人数":null,"名称":"緑が丘中学校","対象とする災害の分類":"指定なし","施設の種類":"避難所","施設規模":"6124","行政区域":"14117","高さ":"8.7"}},{"type":"Feature","geometry":{"type":"Point","coordinates":[139.4971149276,35.4411576087]},"properties":{"レベル":"1","住所":"神奈川県横浜市瀬谷区阿久和南4-8-2","収容人数":null,"名称":"阿久和小学校","対象とする災害の分類":"地震災害","施設の種類":"避難所","施設規模":"5505","行政区域":"14114","高さ":"11.4"}},{"type":"Feature","geometry":{"type":"Point","coordinates":[139.4855039515,35.4456845918]},"properties":{"レベル":"1","住所":"神奈川県横浜市瀬谷区南瀬谷2-20","収容人数":null,"名称":"旧日向山小学校","対象とする災害の分類":"指定なし","施設の種類":"避難所","施設規模":"5199","行政区域":"14114","高さ":"11.1"}},{"type":"Feature","geometry":{"type":"Point","coordinates":[139.5005285884,35.4471989887]},"properties":{"レベル":"1","住所":"神奈川県横浜市瀬谷区阿久和東4-33-1","収容人数":null,"名称":"原小学校","対象とする災害の分類":"指定なし","施設の種類":"避難所","施設規模":"6732","行政区域":"14114","高さ":"11.4"}},{"type":"Feature","geometry":{"type":"Point","coordinates":[139.4980882295,35.4547076794]},"properties":{"レベル":"1","住所":"神奈川県横浜市瀬谷区阿久和西2-1-6","収容人数":null,"名称":"原中学校","対象とする災害の分類":"地震災害","施設の種類":"避難所","施設規模":"7338","行政区域":"14114","高さ":"11.2"}},{"type":"Feature","geometry":{"type":"Point","coordinates":[139.4980299703,35.4605238906]},"properties":{"レベル":"1","住所":"神奈川県横浜市瀬谷区三ツ境157","収容人数":null,"名称":"三ツ境小学校","対象とする災害の分類":"指定なし","施設の種類":"避難所","施設規模":"6882","行政区域":"14114","高さ":"14.6"}},{"type":"Feature","geometry":{"type":"Point","coordinates":[139.4770993915,35.4893850546]},"properties":{"レベル":"1","住所":"神奈川県横浜市瀬谷区瀬谷町7140","収容人数":null,"名称":"上瀬谷小学校","対象とする災害の分類":"指定なし","施設の種類":"避難所","施設規模":"5299","行政区域":"14114","高さ":"7.7"}},{"type":"Feature","geometry":{"type":"Point","coordinates":[139.4813149873,35.4513709313]},"properties":{"レベル":"3","住所":"神奈川県横浜市瀬谷区下瀬谷3-58-1","収容人数":null,"名称":"瀬谷さくら小学校","対象とする災害の分類":"地震災害","施設の種類":"避難所","施設規模":"5187","行政区域":"14114","高さ":"15.6"}},{"type":"Feature","geometry":{"type":"Point","coordinates":[139.4841490399,35.4724757429]},"properties":{"レベル":"1","住所":"神奈川県横浜市瀬谷区相沢4-1-1","収容人数":null,"名称":"瀬谷小学校","対象とする災害の分類":"指定なし","施設の種類":"避難所","施設規模":"6154","行政区域":"14114","高さ":"11.8"}},{"type":"Feature","geometry":{"type":"Point","coordinates":[139.481930228,35.4607066724]},"properties":{"レベル":"1","住所":"神奈川県横浜市瀬谷区橋戸2-41-1","収容人数":null,"名称":"瀬谷第二小学校","対象とする災害の分類":"指定なし","施設の種類":"避難所","施設規模":"5711","行政区域":"14114","高さ":"11.2"}},{"type":"Feature","geometry":{"type":"Point","coordinates":[139.4809389799,35.4718028232]},"properties":{"レベル":"1","住所":"神奈川県横浜市瀬谷区中央5-41","収容人数":null,"名称":"瀬谷中学校","対象とする災害の分類":"指定なし","施設の種類":"避難所","施設規模":"6528","行政区域":"14114","高さ":"15.3"}},{"type":"Feature","geometry":{"type":"Point","coordinates":[139.4901701642,35.4754585251]},"properties":{"レベル":"1","住所":"神奈川県横浜市瀬谷区相沢2-56-1","収容人数":null,"名称":"相沢小学校","対象とする災害の分類":"指定なし","施設の種類":"避難所","施設規模":"4916","行政区域":"14114","高さ":"15.2"}},{"type":"Feature","geometry":{"type":"Point","coordinates":[139.4751151261,35.4715135225]},"properties":{"レベル":"1","住所":"神奈川県横浜市瀬谷区本郷3-47-5","収容人数":null,"名称":"大門小学校","対象とする災害の分類":"地震災害","施設の種類":"避難所","施設規模":"5327","行政区域":"14114","高さ":"15.1"}},{"type":"Feature","geometry":{"type":"Point","coordinates":[139.4867540355,35.4573495638]},"properties":{"レベル":"1","住所":"神奈川県横浜市瀬谷区南瀬谷1-1-1","収容人数":null,"名称":"南瀬谷小学校","対象とする災害の分類":"指定なし","施設の種類":"避難所","施設規模":"7679","行政区域":"14114","高さ":"15.6"}},{"type":"Feature","geometry":{"type":"Point","coordinates":[139.4854210369,35.4576555622]},"properties":{"レベル":"1","住所":"神奈川県横浜市瀬谷区南台2-2-8","収容人数":null,"名称":"南瀬谷中学校","対象とする災害の分類":"地震災害","施設の種類":"避難所","施設規模":"5951","行政区域":"14114","高さ":"15.5"}},{"type":"Feature","geometry":{"type":"Point","coordinates":[139.4974191509,35.4728195364]},"properties":{"レベル":"1","住所":"神奈川県横浜市瀬谷区二ツ橋町507","収容人数":null,"名称":"二つ橋小学校","対象とする災害の分類":"指定なし","施設の種類":"避難所","施設規模":"5419","行政区域":"14114","高さ":"7.3"}},{"type":"Feature","geometry":{"type":"Point","coordinates":[139.5320833279,35.3619188321]},"properties":{"レベル":"1","住所":"神奈川県横浜市栄区笠間町3-28-l","収容人数":null,"名称":"笠間小学校","対象とする災害の分類":"指定なし","施設の種類":"避難所","施設規模":"4819","行政区域":"14115","高さ":"11.3"}},{"type":"Feature","geometry":{"type":"Point","coordinates":[139.5791748257,35.3463871123]},"properties":{"レベル":"3","住所":"神奈川県横浜市栄区野七里2-3-l","収容人数":null,"名称":"旧野七里小学校","対象とする災害の分類":"地震災害","施設の種類":"避難所","施設規模":"6089","行政区域":"14115","高さ":"11.3"}},{"type":"Feature","geometry":{"type":"Point","coordinates":[139.5634692116,35.3524188473]},"properties":{"レベル":"1","住所":"神奈川県横浜市栄区桂台南1-1-1","収容人数":null,"名称":"桂台小学校","対象とする災害の分類":"地震災害","施設の種類":"避難所","施設規模":"5524","行政区域":"14115","高さ":"14.6"}},{"type":"Feature","geometry":{"type":"Point","coordinates":[139.5645802211,35.3540578385]},"properties":{"レベル":"1","住所":"神奈川県横浜市栄区桂台中5-1","収容人数":null,"名称":"桂台中学校","対象とする災害の分類":"地震災害","施設の種類":"避難所","施設規模":"5925","行政区域":"14115","高さ":"8"}},{"type":"Feature","geometry":{"type":"Point","coordinates":[139.5538592428,35.354446847]},"properties":{"レベル":"1","住所":"神奈川県横浜市栄区公田町354-3","収容人数":null,"名称":"公田小学校","対象とする災害の分類":"指定なし","施設の種類":"避難所","施設規模":"4529","行政区域":"14115","高さ":"15.2"}},{"type":"Feature","geometry":{"type":"Point","coordinates":[139.5723852982,35.3661117744]},"properties":{"レベル":"1","住所":"神奈川県横浜市栄区上郷町242-2","収容人数":null,"名称":"桜井小学校","対象とする災害の分類":"指定なし","施設の種類":"避難所","施設規模":"4893","行政区域":"14115","高さ":"15.2"}},{"type":"Feature","geometry":{"type":"Point","coordinates":[139.5578427348,35.3801426391]},"properties":{"レベル":"1","住所":"神奈川県横浜市栄区小山台1-15-1","収容人数":null,"名称":"小山台小学校","対象とする災害の分類":"地震災害","施設の種類":"避難所","施設規模":"3871","行政区域":"14115","高さ":"11"}},{"type":"Feature","geometry":{"type":"Point","coordinates":[139.5482494208,35.3770277674]},"properties":{"レベル":"1","住所":"神奈川県横浜市栄区本郷台4-31-1","収容人数":null,"名称":"小菅ヶ谷小学校","対象とする災害の分類":"地震災害","施設の種類":"避難所","施設規模":"5933","行政区域":"14115","高さ":"14.8"}},{"type":"Feature","geometry":{"type":"Point","coordinates":[139.5843561782,35.3530848104]},"properties":{"レベル":"1","住所":"神奈川県横浜市栄区庄戸1-15-1","収容人数":null,"名称":"庄戸小学校","対象とする災害の分類":"地震災害","施設の種類":"避難所","施設規模":"4768","行政区域":"14115","高さ":"11"}},{"type":"Feature","geometry":{"type":"Point","coordinates":[139.5853281686,35.351835815]},"properties":{"レベル":"1","住所":"神奈川県横浜市栄区庄戸3-1-1","収容人数":null,"名称":"庄土中学校","対象とする災害の分類":"地震災害","施設の種類":"避難所","施設規模":"6077","行政区域":"14115","高さ":"14.6"}},{"type":"Feature","geometry":{"type":"Point","coordinates":[139.5716988846,35.3575261902]},"properties":{"レベル":"4","住所":"神奈川県横浜市栄区犬山町6-1","収容人数":null,"名称":"上郷小学校","対象とする災害の分類":"指定なし","施設の種類":"避難所","施設規模":"5452","行政区域":"14115","高さ":"15"}},{"type":"Feature","geometry":{"type":"Point","coordinates":[139.5420926407,35.3657538084]},"properties":{"レベル":"1","住所":"神奈川県横浜市栄区小菅ヶ谷2-22-1","収容人数":null,"名称":"西本郷小学校","対象とする災害の分類":"指定なし","施設の種類":"避難所","施設規模":"5348","行政区域":"14115","高さ":"11.2"}},{"type":"Feature","geometry":{"type":"Point","coordinates":[139.5430093312,35.3637815988]},"properties":{"レベル":"1","住所":"神奈川県横浜市栄区小菅ヶ谷1-29-1","収容人数":null,"名称":"西本郷中学校","対象とする災害の分類":"指定なし","施設の種類":"避難所","施設規模":"5939","行政区域":"14115","高さ":"11.4"}},{"type":"Feature","geometry":{"type":"Point","coordinates":[139.5199142504,35.371607773]},"properties":{"レベル":"1","住所":"神奈川県横浜市栄区田谷町1832","収容人数":null,"名称":"千秀小学校","対象とする災害の分類":"指定なし","施設の種類":"避難所","施設規模":"3743","行政区域":"14115","高さ":"14.6"}},{"type":"Feature","geometry":{"type":"Point","coordinates":[139.535274362,35.3732459098]},"properties":{"レベル":"1","住所":"神奈川県横浜市栄区飯島町771-2","収容人数":null,"名称":"飯島小学校","対象とする災害の分類":"指定なし","施設の種類":"避難所","施設規模":"4683","行政区域":"14115","高さ":"15"}},{"type":"Feature","geometry":{"type":"Point","coordinates":[139.5317504048,35.3723897958]},"properties":{"レベル":"1","住所":"神奈川県横浜市栄区飯島町746-1","収容人数":null,"名称":"飯島中学校","対象とする災害の分類":"指定なし","施設の種類":"避難所","施設規模":"5380","行政区域":"14115","高さ":"11.5"}},{"type":"Feature","geometry":{"type":"Point","coordinates":[139.5359724774,35.3825817598]},"properties":{"レベル":"1","住所":"神奈川県横浜市栄区長沼町125-4","収容人数":null,"名称":"豊田小学校","対象とする災害の分類":"指定なし","施設の種類":"避難所","施設規模":"4709","行政区域":"14115","高さ":"11.3"}},{"type":"Feature","geometry":{"type":"Point","coordinates":[139.5614422927,35.3631678025]},"properties":{"レベル":"1","住所":"神奈川県横浜市栄区中野町16-1","収容人数":null,"名称":"本郷小学校","対象とする災害の分類":"指定なし","施設の種類":"避難所","施設規模":"5550","行政区域":"14115","高さ":"14.9"}},{"type":"Feature","geometry":{"type":"Point","coordinates":[139.5493603741,35.3713337854]},"properties":{"レベル":"1","住所":"神奈川県横浜市栄区本郷台1-6-l","収容人数":null,"名称":"本郷台小学校","対象とする災害の分類":"指定なし","施設の種類":"避難所","施設規模":"6015","行政区域":"14115","高さ":"14.2"}},{"type":"Feature","geometry":{"type":"Point","coordinates":[139.5505823233,35.3648628081]},"properties":{"レベル":"1","住所":"神奈川県横浜市栄区桂町84-14","収容人数":null,"名称":"本郷中学校","対象とする災害の分類":"指定なし","施設の種類":"避難所","施設規模":"6526","行政区域":"14115","高さ":"14.7"}},{"type":"Feature","geometry":{"type":"Point","coordinates":[139.4946698766,35.4341856239]},"properties":{"レベル":"1","住所":"神奈川県横浜市泉区和泉町6211","収容人数":null,"名称":"いずみ野小学校","対象とする災害の分類":"指定なし","施設の種類":"避難所","施設規模":"5323","行政区域":"14116","高さ":"3.2"}},{"type":"Feature","geometry":{"type":"Point","coordinates":[139.4976418611,35.4317976313]},"properties":{"レベル":"1","住所":"神奈川県横浜市泉区和泉町6201","収容人数":null,"名称":"いずみ野中学校","対象とする災害の分類":"地震災害","施設の種類":"避難所","施設規模":"6698","行政区域":"14116","高さ":"7.7"}},{"type":"Feature","geometry":{"type":"Point","coordinates":[139.4753098515,35.4320476231]},"properties":{"レベル":"1","住所":"神奈川県横浜市泉区上飯田町3220-4","収容人数":null,"名称":"いちょう小学校","対象とする災害の分類":"指定なし","施設の種類":"避難所","施設規模":"7196","行政区域":"14116","高さ":"14.9"}},{"type":"Feature","geometry":{"type":"Point","coordinates":[139.497030709,35.4107726874]},"properties":{"レベル":"1","住所":"神奈川県横浜市泉区和泉町2868","収容人数":null,"名称":"伊勢山小学校","対象とする災害の分類":"指定なし","施設の種類":"避難所","施設規模":"3754","行政区域":"14116","高さ":"15"}},{"type":"Feature","geometry":{"type":"Point","coordinates":[139.5245008494,35.4282426445]},"properties":{"レベル":"1","住所":"神奈川県横浜市泉区岡津町2311","収容人数":null,"名称":"岡津小学校","対象とする災害の分類":"指定なし","施設の種類":"避難所","施設規模":"5429","行政区域":"14116","高さ":"14.7"}},{"type":"Feature","geometry":{"type":"Point","coordinates":[139.4931696397,35.4012737129]},"properties":{"レベル":"1","住所":"神奈川県横浜市泉区和泉町1436","収容人数":null,"名称":"下和泉小学校","対象とする災害の分類":"指定なし","施設の種類":"避難所","施設規模":"5648","行政区域":"14116","高さ":"14.7"}},{"type":"Feature","geometry":{"type":"Point","coordinates":[139.5081453629,35.4038141253]},"properties":{"レベル":"1","住所":"神奈川県横浜市泉区中田南5-15-l","収容人数":null,"名称":"葛野小学校","対象とする災害の分類":"指定なし","施設の種類":"避難所","施設規模":"5535","行政区域":"14116","高さ":"15"}},{"type":"Feature","geometry":{"type":"Point","coordinates":[139.4803937986,35.4240756457]},"properties":{"レベル":"1","住所":"神奈川県横浜市泉区上飯田町1331","収容人数":null,"名称":"上飯田小学校","対象とする災害の分類":"指定なし","施設の種類":"避難所","施設規模":"5253","行政区域":"14116","高さ":"14.8"}},{"type":"Feature","geometry":{"type":"Point","coordinates":[139.4817268387,35.4297696313]},"properties":{"レベル":"1","住所":"神奈川県横浜市泉区上飯田町2254","収容人数":null,"名称":"上飯田中学校","対象とする災害の分類":"指定なし","施設の種類":"避難所","施設規模":"7897","行政区域":"14116","高さ":"16.3"}},{"type":"Feature","geometry":{"type":"Point","coordinates":[139.5066138849,35.4343526276]},"properties":{"レベル":"1","住所":"神奈川県横浜市泉区新橋町909","収容人数":null,"名称":"新橋小学校","対象とする災害の分類":"指定なし","施設の種類":"避難所","施設規模":"4960","行政区域":"14116","高さ":"14.5"}},{"type":"Feature","geometry":{"type":"Point","coordinates":[139.5158017768,35.4191136687]},"properties":{"レベル":"1","住所":"神奈川県横浜市泉区西が岡3-12-11","収容人数":null,"名称":"西が岡小学校","対象とする災害の分類":"地震災害","施設の種類":"避難所","施設規模":"6682","行政区域":"14116","高さ":"5"}},{"type":"Feature","geometry":{"type":"Point","coordinates":[139.4923086661,35.404884703]},"properties":{"レベル":"1","住所":"神奈川県横浜市泉区和泉町2221","収容人数":null,"名称":"泉が丘中学校","対象とする災害の分類":"指定なし","施設の種類":"避難所","施設規模":"5936","行政区域":"14116","高さ":"8.2"}},{"type":"Feature","geometry":{"type":"Point","coordinates":[139.5081967094,35.4105496905]},"properties":{"レベル":"1","住所":"神奈川県横浜市泉区中田南4-4-1","収容人数":null,"名称":"中田小学校","対象とする災害の分類":"指定なし","施設の種類":"避難所","施設規模":"6332","行政区域":"14116","高さ":"11"}},{"type":"Feature","geometry":{"type":"Point","coordinates":[139.5054877444,35.4145597661]},"properties":{"レベル":"1","住所":"神奈川県横浜市泉区中田北2-20-l","収容人数":null,"名称":"中田中学校","対象とする災害の分類":"地震災害","施設の種類":"避難所","施設規模":"6114","行政区域":"14116","高さ":"15.5"}},{"type":"Feature","geometry":{"type":"Point","coordinates":[139.4911105022,35.4158580574]},"properties":{"レベル":"1","住所":"神奈川県横浜市泉区和泉町3721","収容人数":null,"名称":"中和田小学校","対象とする災害の分類":"指定なし","施設の種類":"避難所","施設規模":"5594","行政区域":"14116","高さ":"14.8"}},{"type":"Feature","geometry":{"type":"Point","coordinates":[139.4982257468,35.4159936729]},"properties":{"レベル":"1","住所":"神奈川県横浜市泉区和泉町4062","収容人数":null,"名称":"中和田中学校","対象とする災害の分類":"指定なし","施設の種類":"避難所","施設規模":"6754","行政区域":"14116","高さ":"14.8"}},{"type":"Feature","geometry":{"type":"Point","coordinates":[139.4843926195,35.3982457187]},"properties":{"レベル":"1","住所":"神奈川県横浜市泉区和泉町987","収容人数":null,"名称":"中和田南小学校","対象とする災害の分類":"指定なし","施設の種類":"避難所","施設規模":"4980","行政区域":"14116","高さ":"11.1"}},{"type":"Feature","geometry":{"type":"Point","coordinates":[139.5118405459,35.4175412957]},"properties":{"レベル":"1","住所":"神奈川県横浜市泉区中田東4-43-1","収容人数":null,"名称":"東中田小学校","対象とする災害の分類":"地震災害","施設の種類":"避難所","施設規模":"5867","行政区域":"14116","高さ":"11"}},{"type":"Feature","geometry":{"type":"Point","coordinates":[139.4815598705,35.4343526192]},"properties":{"レベル":"1","住所":"神奈川県横浜市泉区上飯田町3795","収容人数":null,"名称":"飯田北小学校","対象とする災害の分類":"指定なし","施設の種類":"避難所","施設規模":"4946","行政区域":"14116","高さ":"14.9"}},{"type":"Feature","geometry":{"type":"Point","coordinates":[139.5211397512,35.4153546777]},"properties":{"レベル":"1","住所":"神奈川県横浜市泉区領家4-3-l","収容人数":null,"名称":"領家中学校","対象とする災害の分類":"地震災害","施設の種類":"避難所","施設規模":"5443","行政区域":"14116","高さ":"14.6"}},{"type":"Feature","geometry":{"type":"Point","coordinates":[139.5263349642,35.4434356082]},"properties":{"レベル":"1","住所":"神奈川県横浜市泉区緑園5-28","収容人数":null,"名称":"緑園東小学校","対象とする災害の分類":"地震災害","施設の種類":"避難所","施設規模":"5820","行政区域":"14116","高さ":"11.1"}},{"type":"Feature","geometry":{"type":"Point","coordinates":[139.5177799391,35.4409356129]},"properties":{"レベル":"1","住所":"神奈川県横浜市泉区緑園3-39","収容人数":null,"名称":"緑園西小学校","対象とする災害の分類":"指定なし","施設の種類":"避難所","施設規模":"5952","行政区域":"14116","高さ":"14.9"}},{"type":"Feature","geometry":{"type":"Point","coordinates":[139.4963336347,35.4228218974]},"properties":{"レベル":"1","住所":"神奈川県横浜市泉区和泉町4320","収容人数":null,"名称":"和泉小学校","対象とする災害の分類":"指定なし","施設の種類":"避難所","施設規模":"4811","行政区域":"14116","高さ":"15.2"}},{"type":"Feature","geometry":{"type":"Point","coordinates":[139.5424188517,35.5718632144]},"properties":{"レベル":"1","住所":"神奈川県横浜市青葉区あざみ野4-6-1","収容人数":null,"名称":"あざみ野第一小学校","対象とする災害の分類":"地震災害","施設の種類":"避難所","施設規模":"5258","行政区域":"14117","高さ":"14.7"}},{"type":"Feature","geometry":{"type":"Point","coordinates":[139.5418588123,35.563892433]},"properties":{"レベル":"1","住所":"神奈川県横浜市青葉区あざみ野3-29-3","収容人数":null,"名称":"あざみ野第二小学校","対象とする災害の分類":"地震災害","施設の種類":"避難所","施設規模":"4850","行政区域":"14117","高さ":"11.5"}},{"type":"Feature","geometry":{"type":"Point","coordinates":[139.5470248687,35.5717794257]},"properties":{"レベル":"1","住所":"神奈川県横浜市青葉区あざみ野1-29-1","収容人数":null,"名称":"あざみ野中学校","対象とする災害の分類":"地震災害","施設の種類":"避難所","施設規模":"5911","行政区域":"14117","高さ":"11.5"}},{"type":"Feature","geometry":{"type":"Point","coordinates":[139.5186125804,35.5323124528]},"properties":{"レベル":"1","住所":"神奈川県横浜市青葉区さつきが丘8","収容人数":null,"名称":"さつきが丘小学校","対象とする災害の分類":"指定なし","施設の種類":"避難所","施設規模":"6227","行政区域":"14117","高さ":"11.7"}},{"type":"Feature","geometry":{"type":"Point","coordinates":[139.5305258892,35.5792784132]},"properties":{"レベル":"1","住所":"神奈川県横浜市青葉区すすき野3-4-1","収容人数":null,"名称":"すすき野小学校","対象とする災害の分類":"地震災害","施設の種類":"避難所","施設規模":"5288","行政区域":"14117","高さ":"14.7"}},{"type":"Feature","geometry":{"type":"Point","coordinates":[139.5201956056,35.5359794489]},"properties":{"レベル":"1","住所":"神奈川県横浜市青葉区つつじが丘34","収容人数":null,"名称":"つつじヶ丘小学校","対象とする災害の分類":"地震災害","施設の種類":"避難所","施設規模":"5134","行政区域":"14117","高さ":"15.2"}},{"type":"Feature","geometry":{"type":"Point","coordinates":[139.51716673,35.5564204296]},"properties":{"レベル":"1","住所":"神奈川県横浜市青葉区みたけ台30","収容人数":null,"名称":"みたけ台小学校","対象とする災害の分類":"地震災害","施設の種類":"避難所","施設規模":"5327","行政区域":"14117","高さ":"4.6"}},{"type":"Feature","geometry":{"type":"Point","coordinates":[139.521444741,35.5570864311]},"properties":{"レベル":"1","住所":"神奈川県横浜市青葉区みたけ台30","収容人数":null,"名称":"みたけ台中学校","対象とする災害の分類":"指定なし","施設の種類":"避難所","施設規模":"6060","行政区域":"14117","高さ":"11.3"}},{"type":"Feature","geometry":{"type":"Point","coordinates":[139.523334585,35.5482661442]},"properties":{"レベル":"1","住所":"神奈川県横浜市青葉区もえぎ野16","収容人数":null,"名称":"もえぎ野小学校","対象とする災害の分類":"指定なし","施設の種類":"避難所","施設規模":"5472","行政区域":"14117","高さ":"11.6"}},{"type":"Feature","geometry":{"type":"Point","coordinates":[139.5350538709,35.5751684176]},"properties":{"レベル":"1","住所":"神奈川県横浜市青葉区荏子田町3-8-9","収容人数":null,"名称":"荏子田小学校","対象とする災害の分類":"地震災害","施設の種類":"避難所","施設規模":"4330","行政区域":"14117","高さ":"11.6"}},{"type":"Feature","geometry":{"type":"Point","coordinates":[139.5493344893,35.547510012]},"properties":{"レベル":"1","住所":"神奈川県横浜市青葉区荏田西4-5-1","収容人数":null,"名称":"荏田西小学校","対象とする災害の分類":"地震災害","施設の種類":"避難所","施設規模":"4509","行政区域":"14117","高さ":"14.6"}},{"type":"Feature","geometry":{"type":"Point","coordinates":[139.5098896289,35.5419214359]},"properties":{"レベル":"1","住所":"神奈川県横浜市青葉区榎が丘29","収容人数":null,"名称":"榎が丘小学校","対象とする災害の分類":"指定なし","施設の種類":"避難所","施設規模":"5046","行政区域":"14117","高さ":"14.4"}},{"type":"Feature","geometry":{"type":"Point","coordinates":[139.4995836805,35.552446421]},"properties":{"レベル":"1","住所":"神奈川県横浜市青葉区桂台2-36","収容人数":null,"名称":"恩田小学校","対象とする災害の分類":"地震災害","施設の種類":"避難所","施設規模":"6079","行政区域":"14117","高さ":"9.8"}},{"type":"Feature","geometry":{"type":"Point","coordinates":[139.5052777573,35.5638624177]},"properties":{"レベル":"1","住所":"神奈川県横浜市青葉区鴨志田町532","収容人数":null,"名称":"鴨志田緑小学校","対象とする災害の分類":"地震災害","施設の種類":"避難所","施設規模":"5283","行政区域":"14117","高さ":"11.3"}},{"type":"Feature","geometry":{"type":"Point","coordinates":[139.509638724,35.5570864249]},"properties":{"レベル":"1","住所":"神奈川県横浜市青葉区鴨志田町805-6","収容人数":null,"名称":"鴨志田第一小学校","対象とする災害の分類":"地震災害","施設の種類":"避難所","施設規模":"5489","行政区域":"14117","高さ":"15.1"}},{"type":"Feature","geometry":{"type":"Point","coordinates":[139.5052226633,35.5483644285]},"properties":{"レベル":"1","住所":"神奈川県横浜市青葉区桂台1-4","収容人数":null,"名称":"桂小学校","対象とする災害の分類":"地震災害","施設の種類":"避難所","施設規模":"5064","行政区域":"14117","高さ":"15"}},{"type":"Feature","geometry":{"type":"Point","coordinates":[139.5483859383,35.583278412]},"properties":{"レベル":"1","住所":"神奈川県横浜市青葉区美しが丘4-31-1","収容人数":null,"名称":"元石川小学校","対象とする災害の分類":"指定なし","施設の種類":"避難所","施設規模":"4990","行政区域":"14117","高さ":"8.6"}},{"type":"Feature","geometry":{"type":"Point","coordinates":[139.5329488257,35.5682084259]},"properties":{"レベル":"3","住所":"神奈川県横浜市青葉区黒須田34-1","収容人数":null,"名称":"黒須田小学校","対象とする災害の分類":"地震災害","施設の種類":"避難所","施設規模":"7799","行政区域":"14117","高さ":"11.4"}},{"type":"Feature","geometry":{"type":"Point","coordinates":[139.556857866,35.5689744324]},"properties":{"レベル":"1","住所":"神奈川県横浜市青葉区新石川1-20-1","収容人数":null,"名称":"山内小学校","対象とする災害の分類":"指定なし","施設の種類":"避難所","施設規模":"5632","行政区域":"14117","高さ":"7.8"}},{"type":"Feature","geometry":{"type":"Point","coordinates":[139.5519739041,35.5767598133]},"properties":{"レベル":"1","住所":"神奈川県横浜市青葉区美しが丘5-4","収容人数":null,"名称":"山内中学校","対象とする災害の分類":"地震災害","施設の種類":"避難所","施設規模":"6478","行政区域":"14117","高さ":"14.6"}},{"type":"Feature","geometry":{"type":"Point","coordinates":[139.5401377611,35.5560594394]},"properties":{"レベル":"1","住所":"神奈川県横浜市青葉区市ケ尾町1632-1","収容人数":null,"名称":"市ケ尾小学校","対象とする災害の分類":"指定なし","施設の種類":"避難所","施設規模":"5729","行政区域":"14117","高さ":"12.4"}},{"type":"Feature","geometry":{"type":"Point","coordinates":[139.5621619197,35.5766684257]},"properties":{"レベル":"1","住所":"神奈川県横浜市青葉区新石川3-12-1","収容人数":null,"名称":"新石川小学校","対象とする災害の分類":"地震災害","施設の種類":"避難所","施設規模":"4830","行政区域":"14117","高さ":"11.2"}},{"type":"Feature","geometry":{"type":"Point","coordinates":[139.5097506872,35.5511424301]},"properties":{"レベル":"1","住所":"神奈川県横浜市青葉区桜台47","収容人数":null,"名称":"青葉台小学校","対象とする災害の分類":"地震災害","施設の種類":"避難所","施設規模":"4447","行政区域":"14117","高さ":"14.6"}},{"type":"Feature","geometry":{"type":"Point","coordinates":[139.5151956723,35.5475604365]},"properties":{"レベル":"1","住所":"神奈川県横浜市青葉区青葉台2-25-2","収容人数":null,"名称":"青葉台中学校","対象とする災害の分類":"地震災害","施設の種類":"避難所","施設規模":"5507","行政区域":"14117","高さ":"14.9"}},{"type":"Feature","geometry":{"type":"Point","coordinates":[139.5351946735,35.5432004496]},"properties":{"レベル":"1","住所":"神奈川県横浜市青葉区藤が丘l-55-10","収容人数":null,"名称":"谷本小学校","対象とする災害の分類":"指定なし","施設の種類":"避難所","施設規模":"5036","行政区域":"14117","高さ":"15.3"}},{"type":"Feature","geometry":{"type":"Point","coordinates":[139.5225708345,35.5371448738]},"properties":{"レベル":"1","住所":"神奈川県横浜市青葉区梅が丘5","収容人数":null,"名称":"谷本中学校","対象とする災害の分類":"地震災害","施設の種類":"避難所","施設規模":"6530","行政区域":"14117","高さ":"15.1"}},{"type":"Feature","geometry":{"type":"Point","coordinates":[139.5201107715,35.5625024258]},"properties":{"レベル":"1","住所":"神奈川県横浜市青葉区鉄町427","収容人数":null,"名称":"鉄小学校","対象とする災害の分類":"指定なし","施設の種類":"避難所","施設規模":"4766","行政区域":"14117","高さ":"15.6"}},{"type":"Feature","geometry":{"type":"Point","coordinates":[139.5002236022,35.53930943]},"properties":{"レベル":"1","住所":"神奈川県横浜市青葉区田奈町51-13","収容人数":null,"名称":"田奈小学校","対象とする災害の分類":"指定なし","施設の種類":"避難所","施設規模":"5019","行政区域":"14117","高さ":"14.7"}},{"type":"Feature","geometry":{"type":"Point","coordinates":[139.5466376913,35.543172454]},"properties":{"レベル":"1","住所":"神奈川県横浜市青葉区市ヶ尾町519","収容人数":null,"名称":"東市ヶ尾小学校","対象とする災害の分類":"指定なし","施設の種類":"避難所","施設規模":"5769","行政区域":"14117","高さ":"15"}},{"type":"Feature","geometry":{"type":"Point","coordinates":[139.5262325049,35.5391659538]},"properties":{"レベル":"1","住所":"神奈川県横浜市青葉区藤が丘2-30-3","収容人数":null,"名称":"藤が丘小学校","対象とする災害の分類":"地震災害","施設の種類":"避難所","施設規模":"6499","行政区域":"14117","高さ":"15.1"}},{"type":"Feature","geometry":{"type":"Point","coordinates":[139.4867386625,35.551579159]},"properties":{"レベル":"1","住所":"神奈川県横浜市青葉区奈良2-29-1","収容人数":null,"名称":"奈良の丘小学校","対象とする災害の分類":"地震災害","施設の種類":"避難所","施設規模":"7149","行政区域":"14117","高さ":"11.4"}},{"type":"Feature","geometry":{"type":"Point","coordinates":[139.4808997325,35.5628033797]},"properties":{"レベル":"1","住所":"神奈川県横浜市青葉区奈良町1541-2","収容人数":null,"名称":"奈良小学校","対象とする災害の分類":"指定なし","施設の種類":"避難所","施設規模":"6011","行政区域":"14117","高さ":"14.4"}},{"type":"Feature","geometry":{"type":"Point","coordinates":[139.4949727019,35.5569174145]},"properties":{"レベル":"1","住所":"神奈川県横浜市青葉区すみよし台36-3","収容人数":null,"名称":"奈良中学校","対象とする災害の分類":"指定なし","施設の種類":"避難所","施設規模":"6389","行政区域":"14117","高さ":"14.9"}},{"type":"Feature","geometry":{"type":"Point","coordinates":[139.5567739573,35.5843614146]},"properties":{"レベル":"1","住所":"神奈川県横浜市青葉区美しが丘2-29","収容人数":null,"名称":"美しが丘小学校","対象とする災害の分類":"地震災害","施設の種類":"避難所","施設規模":"4640","行政区域":"14117","高さ":"14.7"}},{"type":"Feature","geometry":{"type":"Point","coordinates":[139.5515519715,35.5880274072]},"properties":{"レベル":"1","住所":"神奈川県横浜市青葉区美しが丘3-41-1","収容人数":null,"名称":"美しが丘中学校","対象とする災害の分類":"地震災害","施設の種類":"避難所","施設規模":"5064","行政区域":"14117","高さ":"15"}},{"type":"Feature","geometry":{"type":"Point","coordinates":[139.5604949504,35.5823894187]},"properties":{"レベル":"1","住所":"神奈川県横浜市青葉区美しが丘2-25","収容人数":null,"名称":"美しが丘東小学校","対象とする災害の分類":"地震災害","施設の種類":"避難所","施設規模":"4449","行政区域":"14117","高さ":"15"}},{"type":"Feature","geometry":{"type":"Point","coordinates":[139.5294708658,35.5758904168]},"properties":{"レベル":"1","住所":"神奈川県横浜市青葉区すすき野1-6-4","収容人数":null,"名称":"嶮山小学校","対象とする災害の分類":"指定なし","施設の種類":"避難所","施設規模":"5404","行政区域":"14117","高さ":"11.5"}},{"type":"Feature","geometry":{"type":"Point","coordinates":[139.5800218881,35.5661974433]},"properties":{"レベル":"1","住所":"神奈川県横浜市都筑区すみれが丘34","収容人数":null,"名称":"すみれが丘小学校","対象とする災害の分類":"地震災害","施設の種類":"避難所","施設規模":"4078","行政区域":"14118","高さ":"15.3"}},{"type":"Feature","geometry":{"type":"Point","coordinates":[139.5655247387,35.5456724583]},"properties":{"レベル":"1","住所":"神奈川県横浜市都筑区荏田東1-22-1","収容人数":null,"名称":"つづきの丘小学校","対象とする災害の分類":"地震災害","施設の種類":"避難所","施設規模":"5544","行政区域":"14118","高さ":"11.8"}},{"type":"Feature","geometry":{"type":"Point","coordinates":[139.5639888066,35.5572904467]},"properties":{"レベル":"1","住所":"神奈川県横浜市都筑区荏田南町694","収容人数":null,"名称":"荏田小学校","対象とする災害の分類":"指定なし","施設の種類":"避難所","施設規模":"5416","行政区域":"14118","高さ":"14.8"}},{"type":"Feature","geometry":{"type":"Point","coordinates":[139.5625247411,35.5470054559]},"properties":{"レベル":"1","住所":"神奈川県横浜市都筑区荏田東3-5-1","収容人数":null,"名称":"荏田東第一小学校","対象とする災害の分類":"地震災害","施設の種類":"避難所","施設規模":"6388","行政区域":"14118","高さ":"6.3"}},{"type":"Feature","geometry":{"type":"Point","coordinates":[139.5564539187,35.5445898211]},"properties":{"レベル":"1","住所":"神奈川県横浜市都筑区荏田南2-5-2","収容人数":null,"名称":"荏田南小学校","対象とする災害の分類":"地震災害","施設の種類":"避難所","施設規模":"6241","行政区域":"14118","高さ":"11.4"}},{"type":"Feature","geometry":{"type":"Point","coordinates":[139.5807228422,35.5405660286]},"properties":{"レベル":"1","住所":"神奈川県横浜市都筑区茅ヶ崎南1-11-1","収容人数":null,"名称":"茅ヶ崎小学校","対象とする災害の分類":"地震災害","施設の種類":"避難所","施設規模":"4498","行政区域":"14118","高さ":"11.4"}},{"type":"Feature","geometry":{"type":"Point","coordinates":[139.5699966942,35.5373124668]},"properties":{"レベル":"1","住所":"神奈川県横浜市都筑区長坂13-l","収容人数":null,"名称":"茅ヶ崎台小学校","対象とする災害の分類":"地震災害","施設の種類":"避難所","施設規模":"6387","行政区域":"14118","高さ":"11.3"}},{"type":"Feature","geometry":{"type":"Point","coordinates":[139.5817450417,35.5406059085]},"properties":{"レベル":"1","住所":"神奈川県横浜市都筑区茅ヶ崎南l-10-l","収容人数":null,"名称":"茅ヶ崎中学校","対象とする災害の分類":"指定なし","施設の種類":"避難所","施設規模":"5483","行政区域":"14118","高さ":"7.7"}},{"type":"Feature","geometry":{"type":"Point","coordinates":[139.5807154514,35.5424260485]},"properties":{"レベル":"1","住所":"神奈川県横浜市都筑区茅ヶ崎東2-11-1","収容人数":null,"名称":"茅ヶ崎東小学校","対象とする災害の分類":"地震災害","施設の種類":"避難所","施設規模":"7574","行政区域":"14118","高さ":"11.6"}},{"type":"Feature","geometry":{"type":"Point","coordinates":[139.5820326542,35.5594322291]},"properties":{"レベル":"1","住所":"神奈川県横浜市都筑区牛久保1-23-l","収容人数":null,"名称":"牛久保小学校","対象とする災害の分類":"地震災害","施設の種類":"避難所","施設規模":"7753","行政区域":"14118","高さ":"15.1"}},{"type":"Feature","geometry":{"type":"Point","coordinates":[139.6031776066,35.5600867779]},"properties":{"レベル":"1","住所":"神奈川県横浜市都筑区東山田3-29-1","収容人数":null,"名称":"山田小学校","対象とする災害の分類":"指定なし","施設の種類":"避難所","施設規模":"4575","行政区域":"14118","高さ":"14.4"}},{"type":"Feature","geometry":{"type":"Point","coordinates":[139.5953006933,35.543504617]},"properties":{"レベル":"1","住所":"神奈川県横浜市都筑区勝田町266","収容人数":null,"名称":"勝田小学校","対象とする災害の分類":"指定なし","施設の種類":"避難所","施設規模":"4740","行政区域":"14118","高さ":"14"}},{"type":"Feature","geometry":{"type":"Point","coordinates":[139.5946886922,35.5283984757]},"properties":{"レベル":"1","住所":"神奈川県横浜市都筑区折本町1321","収容人数":null,"名称":"折本小学校","対象とする災害の分類":"指定なし","施設の種類":"避難所","施設規模":"5559","行政区域":"14118","高さ":"15"}},{"type":"Feature","geometry":{"type":"Point","coordinates":[139.5474986072,35.5299804695]},"properties":{"レベル":"1","住所":"神奈川県横浜市都筑区川和町1463","収容人数":null,"名称":"川和小学校","対象とする災害の分類":"指定なし","施設の種類":"避難所","施設規模":"5342","行政区域":"14118","高さ":"14.9"}},{"type":"Feature","geometry":{"type":"Point","coordinates":[139.5571366307,35.5310074704]},"properties":{"レベル":"1","住所":"神奈川県横浜市都筑区富士見が丘21-1","収容人数":null,"名称":"川和中学校","対象とする災害の分類":"地震災害","施設の種類":"避難所","施設規模":"7297","行政区域":"14118","高さ":"11"}},{"type":"Feature","geometry":{"type":"Point","coordinates":[139.5580239226,35.5315860431]},"properties":{"レベル":"4","住所":"神奈川県横浜市都筑区富士見が丘21-2","収容人数":null,"名称":"川和東小学校","対象とする災害の分類":"地震災害","施設の種類":"避難所","施設規模":"5782","行政区域":"14118","高さ":"11.4"}},{"type":"Feature","geometry":{"type":"Point","coordinates":[139.5874388125,35.5505894585]},"properties":{"レベル":"1","住所":"神奈川県横浜市都筑区牛久保東2-21-4","収容人数":null,"名称":"中川小学校","対象とする災害の分類":"指定なし","施設の種類":"避難所","施設規模":"5652","行政区域":"14118","高さ":"15.5"}},{"type":"Feature","geometry":{"type":"Point","coordinates":[139.569189834,35.5600594458]},"properties":{"レベル":"1","住所":"神奈川県横浜市都筑区中川1-3-l","収容人数":null,"名称":"中川西小学校","対象とする災害の分類":"指定なし","施設の種類":"避難所","施設規模":"6056","行政区域":"14118","高さ":"15.3"}},{"type":"Feature","geometry":{"type":"Point","coordinates":[139.5653848396,35.5621144429]},"properties":{"レベル":"1","住所":"神奈川県横浜市都筑区中川2-1-1","収容人数":null,"名称":"中川西中学校","対象とする災害の分類":"地震災害","施設の種類":"避難所","施設規模":"7557","行政区域":"14118","高さ":"11.5"}},{"type":"Feature","geometry":{"type":"Point","coordinates":[139.5932438302,35.5512004583]},"properties":{"レベル":"1","住所":"神奈川県横浜市都筑区大棚町240","収容人数":null,"名称":"中川中学校","対象とする災害の分類":"指定なし","施設の種類":"避難所","施設規模":"6873","行政区域":"14118","高さ":"11"}},{"type":"Feature","geometry":{"type":"Point","coordinates":[139.5747178222,35.5563934512]},"properties":{"レベル":"1","住所":"神奈川県横浜市都筑区中川6-2-1","収容人数":null,"名称":"都筑小学校","対象とする災害の分類":"地震災害","施設の種類":"避難所","施設規模":"4150","行政区域":"14118","高さ":"12.2"}},{"type":"Feature","geometry":{"type":"Point","coordinates":[139.5716076005,35.5224534825]},"properties":{"レベル":"1","住所":"神奈川県横浜市都筑区池辺町2831","収容人数":null,"名称":"都田小学校","対象とする災害の分類":"指定なし","施設の種類":"避難所","施設規模":"5476","行政区域":"14118","高さ":"14.5"}},{"type":"Feature","geometry":{"type":"Point","coordinates":[139.5636772771,35.5214756983]},"properties":{"レベル":"1","住所":"神奈川県横浜市都筑区池辺町2452-1","収容人数":null,"名称":"都田西小学校","対象とする災害の分類":"指定なし","施設の種類":"避難所","施設規模":"6274","行政区域":"14118","高さ":"4.8"}},{"type":"Feature","geometry":{"type":"Point","coordinates":[139.5701916026,35.5231474811]},"properties":{"レベル":"1","住所":"神奈川県横浜市都筑区池辺町2818","収容人数":null,"名称":"都田中学校","対象とする災害の分類":"地震災害","施設の種類":"避難所","施設規模":"5528","行政区域":"14118","高さ":"14.7"}},{"type":"Feature","geometry":{"type":"Point","coordinates":[139.5965067072,35.564302869]},"properties":{"レベル":"1","住所":"神奈川県横浜市都筑区東山町1-4-1","収容人数":null,"名称":"東山田小学校","対象とする災害の分類":"地震災害","施設の種類":"避難所","施設規模":"7011","行政区域":"14118","高さ":"11.4"}},{"type":"Feature","geometry":{"type":"Point","coordinates":[139.5891048568,35.5575324516]},"properties":{"レベル":"1","住所":"神奈川県横浜市都筑区南山田2-27-l","収容人数":null,"名称":"南山田小学校","対象とする災害の分類":"地震災害","施設の種類":"避難所","施設規模":"4409","行政区域":"14118","高さ":"14.3"}},{"type":"Feature","geometry":{"type":"Point","coordinates":[139.5858548906,35.5648374448]},"properties":{"レベル":"1","住所":"神奈川県横浜市都筑区北山田5-14-1","収容人数":null,"名称":"北山田小学校","対象とする災害の分類":"地震災害","施設の種類":"避難所","施設規模":"3260","行政区域":"14118","高さ":"11.6"}}],"name":"14100_yokohama-shi_city_2023_tsurumi-ku_shelter","type":"FeatureCollection"}