{"features":[{"type":"Feature","geometry":{"type":"LineString","coordinates":[[139.64175,35.44735],[139.6437,35.44624]]},"properties":{"事業者種別":"第三セクター","行政区域":"14100","路線名":"みなとみらい21線","運営会社":"横浜高速鉄道","鉄道区分":"普通鉄道"}},{"type":"Feature","geometry":{"type":"LineString","coordinates":[[139.6437,35.44624],[139.64528,35.44534],[139.64783,35.44429],[139.64977,35.44296]]},"properties":{"事業者種別":"第三セクター","行政区域":"14100","路線名":"みなとみらい21線","運営会社":"横浜高速鉄道","鉄道区分":"普通鉄道"}},{"type":"Feature","geometry":{"type":"LineString","coordinates":[[139.64977,35.44296],[139.65171,35.44165]]},"properties":{"事業者種別":"第三セクター","行政区域":"14100","路線名":"みなとみらい21線","運営会社":"横浜高速鉄道","鉄道区分":"普通鉄道"}},{"type":"Feature","geometry":{"type":"LineString","coordinates":[[139.62275,35.46687],[139.62195,35.466]]},"properties":{"事業者種別":"第三セクター","行政区域":"14100","路線名":"みなとみらい21線","運営会社":"横浜高速鉄道","鉄道区分":"普通鉄道"}},{"type":"Feature","geometry":{"type":"LineString","coordinates":[[139.63519,35.4505],[139.63721,35.44965]]},"properties":{"事業者種別":"第三セクター","行政区域":"14100","路線名":"みなとみらい21線","運営会社":"横浜高速鉄道","鉄道区分":"普通鉄道"}},{"type":"Feature","geometry":{"type":"LineString","coordinates":[[139.63309,35.45688],[139.63319,35.45676],[139.63365,35.45614],[139.63379,35.45589],[139.63394,35.45545],[139.63402,35.45496],[139.63406,35.45415],[139.63404,35.454],[139.63383,35.45241],[139.63379,35.45208],[139.63381,35.4519],[139.63385,35.45171],[139.63391,35.45149],[139.634,35.45129],[139.63412,35.45116],[139.63428,35.45103],[139.63519,35.4505]]},"properties":{"事業者種別":"第三セクター","行政区域":"14100","路線名":"みなとみらい21線","運営会社":"横浜高速鉄道","鉄道区分":"普通鉄道"}},{"type":"Feature","geometry":{"type":"LineString","coordinates":[[139.62567,35.46196],[139.6273,35.46195]]},"properties":{"事業者種別":"第三セクター","行政区域":"14100","路線名":"みなとみらい21線","運営会社":"横浜高速鉄道","鉄道区分":"普通鉄道"}},{"type":"Feature","geometry":{"type":"LineString","coordinates":[[139.62195,35.466],[139.62146,35.46544],[139.62125,35.46517],[139.62115,35.46492],[139.62117,35.46465],[139.62137,35.46425],[139.62229,35.46323],[139.62263,35.46293],[139.62305,35.46259],[139.62334,35.46242],[139.62368,35.46227],[139.62423,35.46214],[139.62478,35.46205],[139.62519,35.462],[139.62567,35.46196]]},"properties":{"事業者種別":"第三セクター","行政区域":"14100","路線名":"みなとみらい21線","運営会社":"横浜高速鉄道","鉄道区分":"普通鉄道"}},{"type":"Feature","geometry":{"type":"LineString","coordinates":[[139.63721,35.44965],[139.64175,35.44735]]},"properties":{"事業者種別":"第三セクター","行政区域":"14100","路線名":"みなとみらい21線","運営会社":"横浜高速鉄道","鉄道区分":"普通鉄道"}},{"type":"Feature","geometry":{"type":"LineString","coordinates":[[139.63183,35.45847],[139.63309,35.45688]]},"properties":{"事業者種別":"第三セクター","行政区域":"14100","路線名":"みなとみらい21線","運営会社":"横浜高速鉄道","鉄道区分":"普通鉄道"}},{"type":"Feature","geometry":{"type":"LineString","coordinates":[[139.6273,35.46195],[139.62822,35.46189],[139.62875,35.46173],[139.62924,35.46153],[139.62963,35.46124],[139.63183,35.45847]]},"properties":{"事業者種別":"第三セクター","行政区域":"14100","路線名":"みなとみらい21線","運営会社":"横浜高速鉄道","鉄道区分":"普通鉄道"}},{"type":"Feature","geometry":{"type":"LineString","coordinates":[[139.6244,35.43728],[139.62463,35.43738],[139.62588,35.43796]]},"properties":{"事業者種別":"公営鉄道","行政区域":"14100","路線名":"1号線","運営会社":"横浜市","鉄道区分":"普通鉄道"}},{"type":"Feature","geometry":{"type":"LineString","coordinates":[[139.61924,35.43557],[139.61876,35.43544],[139.6177,35.43516]]},"properties":{"事業者種別":"公営鉄道","行政区域":"14100","路線名":"1号線","運営会社":"横浜市","鉄道区分":"普通鉄道"}},{"type":"Feature","geometry":{"type":"LineString","coordinates":[[139.61924,35.43557],[139.62028,35.43586],[139.62091,35.43602],[139.62179,35.43628],[139.62318,35.43679],[139.62319,35.4368],[139.62326,35.43683],[139.6244,35.43728]]},"properties":{"事業者種別":"公営鉄道","行政区域":"14100","路線名":"1号線","運営会社":"横浜市","鉄道区分":"普通鉄道"}},{"type":"Feature","geometry":{"type":"LineString","coordinates":[[139.63349,35.44135],[139.63559,35.44281],[139.63652,35.44346],[139.63682,35.44374],[139.63703,35.444],[139.63718,35.44426],[139.63724,35.44437],[139.63728,35.44446],[139.63728,35.44464],[139.63725,35.44487],[139.63722,35.44493],[139.63712,35.44508],[139.63695,35.44523],[139.63673,35.44537]]},"properties":{"事業者種別":"公営鉄道","行政区域":"14100","路線名":"1号線","運営会社":"横浜市","鉄道区分":"普通鉄道"}},{"type":"Feature","geometry":{"type":"LineString","coordinates":[[139.59049,35.40093],[139.5901,35.40075],[139.58962,35.40044],[139.5893,35.40018],[139.58882,35.40001],[139.58829,35.39987],[139.58716,35.39977],[139.58563,35.39965],[139.58508,35.39961],[139.58352,35.39951],[139.58221,35.39939],[139.58124,35.39932],[139.58021,35.39924],[139.57872,35.39929],[139.5772,35.39944],[139.5764,35.39952],[139.57571,35.39964],[139.57529,35.39985],[139.57478,35.40013],[139.57449,35.40028],[139.57408,35.40056],[139.57337,35.40104]]},"properties":{"事業者種別":"公営鉄道","行政区域":"14100","路線名":"1号線","運営会社":"横浜市","鉄道区分":"普通鉄道"}},{"type":"Feature","geometry":{"type":"LineString","coordinates":[[139.6177,35.43516],[139.61689,35.43492],[139.61615,35.43473],[139.61577,35.43459],[139.61547,35.43429],[139.61471,35.43348],[139.61448,35.43329],[139.6141,35.43296],[139.61331,35.43235],[139.61246,35.43171],[139.61166,35.43112],[139.61113,35.43074]]},"properties":{"事業者種別":"公営鉄道","行政区域":"14100","路線名":"1号線","運営会社":"横浜市","鉄道区分":"普通鉄道"}},{"type":"Feature","geometry":{"type":"LineString","coordinates":[[139.59194,35.40153],[139.59049,35.40093]]},"properties":{"事業者種別":"公営鉄道","行政区域":"14100","路線名":"1号線","運営会社":"横浜市","鉄道区分":"普通鉄道"}},{"type":"Feature","geometry":{"type":"LineString","coordinates":[[139.60993,35.42988],[139.60987,35.42984],[139.60914,35.42935],[139.60829,35.42881],[139.60742,35.4283],[139.60653,35.42778],[139.60602,35.42749],[139.60563,35.42728],[139.60468,35.42672],[139.60424,35.42643],[139.60388,35.42612],[139.60339,35.42564],[139.60322,35.4254],[139.60297,35.42497],[139.6028,35.42461],[139.60256,35.42417],[139.60227,35.42359]]},"properties":{"事業者種別":"公営鉄道","行政区域":"14100","路線名":"1号線","運営会社":"横浜市","鉄道区分":"普通鉄道"}},{"type":"Feature","geometry":{"type":"LineString","coordinates":[[139.59595,35.40854],[139.59572,35.40722],[139.59553,35.40646],[139.59535,35.40589],[139.59519,35.40554],[139.59489,35.40507],[139.59434,35.40429],[139.59386,35.40354],[139.59339,35.40279],[139.59303,35.40221],[139.59272,35.40192],[139.5924,35.40175],[139.59194,35.40153]]},"properties":{"事業者種別":"公営鉄道","行政区域":"14100","路線名":"1号線","運営会社":"横浜市","鉄道区分":"普通鉄道"}},{"type":"Feature","geometry":{"type":"LineString","coordinates":[[139.57337,35.40104],[139.57221,35.4017]]},"properties":{"事業者種別":"公営鉄道","行政区域":"14100","路線名":"1号線","運営会社":"横浜市","鉄道区分":"普通鉄道"}},{"type":"Feature","geometry":{"type":"LineString","coordinates":[[139.63204,35.44065],[139.63226,35.44075],[139.63285,35.44103],[139.63349,35.44135]]},"properties":{"事業者種別":"公営鉄道","行政区域":"14100","路線名":"1号線","運営会社":"横浜市","鉄道区分":"普通鉄道"}},{"type":"Feature","geometry":{"type":"LineString","coordinates":[[139.59601,35.40987],[139.59595,35.40854]]},"properties":{"事業者種別":"公営鉄道","行政区域":"14100","路線名":"1号線","運営会社":"横浜市","鉄道区分":"普通鉄道"}},{"type":"Feature","geometry":{"type":"LineString","coordinates":[[139.62588,35.43796],[139.62663,35.43828],[139.62705,35.43847],[139.62769,35.43877],[139.62796,35.43889],[139.62951,35.43957],[139.62979,35.43969],[139.63027,35.4399],[139.63044,35.43998],[139.63046,35.43999],[139.63074,35.4401],[139.63204,35.44065]]},"properties":{"事業者種別":"公営鉄道","行政区域":"14100","路線名":"1号線","運営会社":"横浜市","鉄道区分":"普通鉄道"}},{"type":"Feature","geometry":{"type":"LineString","coordinates":[[139.60227,35.42359],[139.60209,35.42323],[139.60189,35.42276],[139.60174,35.42234]]},"properties":{"事業者種別":"公営鉄道","行政区域":"14100","路線名":"1号線","運営会社":"横浜市","鉄道区分":"普通鉄道"}},{"type":"Feature","geometry":{"type":"LineString","coordinates":[[139.61113,35.43074],[139.60993,35.42988]]},"properties":{"事業者種別":"公営鉄道","行政区域":"14100","路線名":"1号線","運営会社":"横浜市","鉄道区分":"普通鉄道"}},{"type":"Feature","geometry":{"type":"LineString","coordinates":[[139.63673,35.44537],[139.63531,35.44617]]},"properties":{"事業者種別":"公営鉄道","行政区域":"14100","路線名":"1号線","運営会社":"横浜市","鉄道区分":"普通鉄道"}},{"type":"Feature","geometry":{"type":"LineString","coordinates":[[139.60174,35.42234],[139.60162,35.42197],[139.6012,35.42117],[139.60071,35.42039],[139.60042,35.41994],[139.60018,35.41952],[139.59968,35.41868],[139.59853,35.41671],[139.59846,35.41655],[139.59778,35.41503],[139.59736,35.41414],[139.5972,35.41363],[139.59723,35.41323],[139.59722,35.41271],[139.59715,35.41235],[139.59696,35.41204],[139.59667,35.41164],[139.59626,35.4111],[139.59607,35.41079],[139.59605,35.41063],[139.59601,35.40987]]},"properties":{"事業者種別":"公営鉄道","行政区域":"14100","路線名":"1号線","運営会社":"横浜市","鉄道区分":"普通鉄道"}},{"type":"Feature","geometry":{"type":"LineString","coordinates":[[139.51895,35.40528],[139.5189,35.40532],[139.51788,35.40605]]},"properties":{"事業者種別":"公営鉄道","行政区域":"14100","路線名":"1号線","運営会社":"横浜市","鉄道区分":"普通鉄道"}},{"type":"Feature","geometry":{"type":"LineString","coordinates":[[139.51066,35.41143],[139.50916,35.4121],[139.50692,35.41305],[139.50576,35.41365],[139.50441,35.4142],[139.5038,35.41439],[139.50332,35.41448],[139.50278,35.41454],[139.50224,35.41456],[139.50191,35.41455],[139.50135,35.41447]]},"properties":{"事業者種別":"公営鉄道","行政区域":"14100","路線名":"1号線","運営会社":"横浜市","鉄道区分":"普通鉄道"}},{"type":"Feature","geometry":{"type":"LineString","coordinates":[[139.48326,35.40351],[139.48342,35.40357],[139.48379,35.4037],[139.48569,35.40437],[139.48866,35.4054],[139.48919,35.40559],[139.49144,35.40643],[139.49185,35.40663],[139.49232,35.4069],[139.4927,35.40716],[139.49305,35.40741],[139.49331,35.40761],[139.49358,35.40787],[139.4939,35.4082],[139.49415,35.40848],[139.49438,35.40874],[139.49473,35.40917],[139.49515,35.40974],[139.49543,35.41021],[139.49663,35.41225],[139.4968,35.41253],[139.4971,35.41289],[139.49741,35.41319],[139.49783,35.41349],[139.49841,35.41378],[139.49902,35.41402],[139.49946,35.41416],[139.50005,35.41429]]},"properties":{"事業者種別":"公営鉄道","行政区域":"14100","路線名":"1号線","運営会社":"横浜市","鉄道区分":"普通鉄道"}},{"type":"Feature","geometry":{"type":"LineString","coordinates":[[139.477650551,35.398910482],[139.47797,35.39919],[139.47838,35.39963],[139.47863,35.39995],[139.47898,35.40044],[139.47943,35.40114],[139.47976,35.40161],[139.47999,35.4019],[139.48034,35.40218],[139.48075,35.40249],[139.48121,35.40274],[139.48163,35.40292],[139.48251,35.40324]]},"properties":{"事業者種別":"公営鉄道","行政区域":"14100","路線名":"1号線","運営会社":"横浜市","鉄道区分":"普通鉄道"}},{"type":"Feature","geometry":{"type":"LineString","coordinates":[[139.55052,35.40238],[139.54995,35.40226],[139.54914,35.4021],[139.54874,35.40198],[139.548,35.40143],[139.54721,35.40084],[139.54692,35.40067],[139.5464,35.40026],[139.54616,35.40012],[139.5459,35.39996],[139.54546,35.39974],[139.54492,35.39955],[139.54438,35.39948],[139.54379,35.3995],[139.54275,35.39966],[139.54134,35.39988],[139.53987,35.40006],[139.53941,35.40015],[139.53883,35.40035],[139.53795,35.40065],[139.53732,35.40084],[139.53676,35.401],[139.53623,35.40107],[139.53556,35.40113]]},"properties":{"事業者種別":"公営鉄道","行政区域":"14100","路線名":"1号線","運営会社":"横浜市","鉄道区分":"普通鉄道"}},{"type":"Feature","geometry":{"type":"LineString","coordinates":[[139.55201,35.40269],[139.55052,35.40238]]},"properties":{"事業者種別":"公営鉄道","行政区域":"14100","路線名":"1号線","運営会社":"横浜市","鉄道区分":"普通鉄道"}},{"type":"Feature","geometry":{"type":"LineString","coordinates":[[139.53421,35.40103],[139.53395,35.40097],[139.53357,35.40087],[139.53292,35.4007],[139.53245,35.40057],[139.53187,35.40044],[139.53125,35.40039],[139.53071,35.40034],[139.53039,35.40036],[139.52972,35.40044],[139.52854,35.40063],[139.52831,35.40068],[139.52663,35.40108],[139.52606,35.40127],[139.52562,35.40156],[139.52527,35.40188],[139.52487,35.40226],[139.52461,35.40245],[139.52297,35.40322],[139.5206,35.40431],[139.51976,35.40473],[139.51941,35.40493],[139.51895,35.40528]]},"properties":{"事業者種別":"公営鉄道","行政区域":"14100","路線名":"1号線","運営会社":"横浜市","鉄道区分":"普通鉄道"}},{"type":"Feature","geometry":{"type":"LineString","coordinates":[[139.51788,35.40605],[139.5162,35.40728],[139.51569,35.40765],[139.51529,35.40807],[139.5141,35.40939],[139.51377,35.40972],[139.51335,35.41005],[139.51285,35.41037],[139.51178,35.41088]]},"properties":{"事業者種別":"公営鉄道","行政区域":"14100","路線名":"1号線","運営会社":"横浜市","鉄道区分":"普通鉄道"}},{"type":"Feature","geometry":{"type":"LineString","coordinates":[[139.55969,35.40261],[139.5584,35.40291]]},"properties":{"事業者種別":"公営鉄道","行政区域":"14100","路線名":"1号線","運営会社":"横浜市","鉄道区分":"普通鉄道"}},{"type":"Feature","geometry":{"type":"LineString","coordinates":[[139.48251,35.40324],[139.48326,35.40351]]},"properties":{"事業者種別":"公営鉄道","行政区域":"14100","路線名":"1号線","運営会社":"横浜市","鉄道区分":"普通鉄道"}},{"type":"Feature","geometry":{"type":"LineString","coordinates":[[139.53556,35.40113],[139.53505,35.40112],[139.53474,35.40108],[139.53421,35.40103]]},"properties":{"事業者種別":"公営鉄道","行政区域":"14100","路線名":"1号線","運営会社":"横浜市","鉄道区分":"普通鉄道"}},{"type":"Feature","geometry":{"type":"LineString","coordinates":[[139.57221,35.4017],[139.57145,35.40212],[139.57126,35.40221],[139.57045,35.4025],[139.56938,35.40264],[139.56861,35.40264],[139.56809,35.40261],[139.56758,35.40251],[139.56701,35.40231],[139.56658,35.4022],[139.5649,35.40191],[139.56388,35.40184],[139.56332,35.40185],[139.56283,35.40188],[139.56219,35.40199],[139.5606,35.40235],[139.55969,35.40261]]},"properties":{"事業者種別":"公営鉄道","行政区域":"14100","路線名":"1号線","運営会社":"横浜市","鉄道区分":"普通鉄道"}},{"type":"Feature","geometry":{"type":"LineString","coordinates":[[139.50135,35.41447],[139.50005,35.41429]]},"properties":{"事業者種別":"公営鉄道","行政区域":"14100","路線名":"1号線","運営会社":"横浜市","鉄道区分":"普通鉄道"}},{"type":"Feature","geometry":{"type":"LineString","coordinates":[[139.51178,35.41088],[139.51066,35.41143]]},"properties":{"事業者種別":"公営鉄道","行政区域":"14100","路線名":"1号線","運営会社":"横浜市","鉄道区分":"普通鉄道"}},{"type":"Feature","geometry":{"type":"LineString","coordinates":[[139.5584,35.40291],[139.5576,35.40302],[139.55702,35.4031],[139.55653,35.40313],[139.55651,35.40313],[139.55581,35.40313],[139.55496,35.4031],[139.55406,35.40305],[139.55304,35.40292],[139.55201,35.40269]]},"properties":{"事業者種別":"公営鉄道","行政区域":"14100","路線名":"1号線","運営会社":"横浜市","鉄道区分":"普通鉄道"}},{"type":"Feature","geometry":{"type":"LineString","coordinates":[[139.57858,35.55394],[139.57885,35.55453],[139.57902,35.55487],[139.57908,35.55513],[139.57908,35.55552],[139.57909,35.55597],[139.57907,35.55637],[139.57894,35.55683],[139.57875,35.55732],[139.57849,35.55776],[139.57822,35.55809],[139.57791,35.55839],[139.5777,35.55853],[139.57739,35.5587],[139.57707,35.55886],[139.5767,35.55903],[139.57642,35.55914],[139.57548,35.5595],[139.57527,35.5596],[139.57469,35.55989],[139.57415,35.56015],[139.57366,35.56041],[139.57318,35.56067],[139.57234,35.56127],[139.57151,35.56184],[139.57024,35.56274]]},"properties":{"事業者種別":"公営鉄道","行政区域":"14100","路線名":"3号線","運営会社":"横浜市","鉄道区分":"普通鉄道"}},{"type":"Feature","geometry":{"type":"LineString","coordinates":[[139.55477,35.56786],[139.55566,35.56769],[139.55633,35.56755],[139.55683,35.56744],[139.55749,35.56725],[139.5585,35.56696],[139.55904,35.56679],[139.56007,35.56644],[139.56045,35.56627],[139.56113,35.56606],[139.56159,35.56592],[139.56197,35.5658],[139.56357,35.56561],[139.56524,35.56539],[139.56541,35.56535],[139.56551,35.56533],[139.56568,35.5653],[139.56634,35.56508],[139.56692,35.56477],[139.56728,35.56453],[139.56766,35.5643],[139.56813,35.56401],[139.56854,35.56378],[139.56912,35.56343]]},"properties":{"事業者種別":"公営鉄道","行政区域":"14100","路線名":"3号線","運営会社":"横浜市","鉄道区分":"普通鉄道"}},{"type":"Feature","geometry":{"type":"LineString","coordinates":[[139.58876,35.53549],[139.59027,35.53514]]},"properties":{"事業者種別":"公営鉄道","行政区域":"14100","路線名":"3号線","運営会社":"横浜市","鉄道区分":"普通鉄道"}},{"type":"Feature","geometry":{"type":"LineString","coordinates":[[139.5746,35.54593],[139.57422,35.54517],[139.57404,35.54483],[139.574,35.54474]]},"properties":{"事業者種別":"公営鉄道","行政区域":"14100","路線名":"3号線","運営会社":"横浜市","鉄道区分":"普通鉄道"}},{"type":"Feature","geometry":{"type":"LineString","coordinates":[[139.55354,35.56805],[139.55477,35.56786]]},"properties":{"事業者種別":"公営鉄道","行政区域":"14100","路線名":"3号線","運営会社":"横浜市","鉄道区分":"普通鉄道"}},{"type":"Feature","geometry":{"type":"LineString","coordinates":[[139.57785,35.55247],[139.5746,35.54593]]},"properties":{"事業者種別":"公営鉄道","行政区域":"14100","路線名":"3号線","運営会社":"横浜市","鉄道区分":"普通鉄道"}},{"type":"Feature","geometry":{"type":"LineString","coordinates":[[139.56912,35.56343],[139.57024,35.56274]]},"properties":{"事業者種別":"公営鉄道","行政区域":"14100","路線名":"3号線","運営会社":"横浜市","鉄道区分":"普通鉄道"}},{"type":"Feature","geometry":{"type":"LineString","coordinates":[[139.574,35.54474],[139.57397,35.54469],[139.57362,35.54399],[139.57337,35.54352],[139.57316,35.54311],[139.57296,35.54269],[139.57278,35.54225],[139.57267,35.54177],[139.57263,35.54118],[139.57269,35.54069],[139.57298,35.5399],[139.57328,35.53936],[139.57364,35.53895],[139.57388,35.53871],[139.57404,35.53861],[139.57463,35.5383],[139.57503,35.53814],[139.57557,35.53798],[139.576,35.5379],[139.57656,35.53782],[139.57719,35.53776],[139.57783,35.53767],[139.57802,35.53765],[139.57975,35.53745],[139.58074,35.53732],[139.58276,35.53695],[139.58388,35.53669],[139.58501,35.53644],[139.58876,35.53549]]},"properties":{"事業者種別":"公営鉄道","行政区域":"14100","路線名":"3号線","運営会社":"横浜市","鉄道区分":"普通鉄道"}},{"type":"Feature","geometry":{"type":"LineString","coordinates":[[139.57858,35.55394],[139.57785,35.55247]]},"properties":{"事業者種別":"公営鉄道","行政区域":"14100","路線名":"3号線","運営会社":"横浜市","鉄道区分":"普通鉄道"}},{"type":"Feature","geometry":{"type":"LineString","coordinates":[[139.61978,35.46617],[139.61938,35.46705],[139.61897,35.46801],[139.61885,35.4683],[139.61885,35.46841],[139.61884,35.46853],[139.6188,35.469],[139.61875,35.47047],[139.61874,35.47151],[139.61872,35.47202],[139.6187,35.47248],[139.61867,35.47308],[139.61862,35.47365],[139.61852,35.47463],[139.61837,35.47513],[139.61808,35.47553],[139.61758,35.47594],[139.61715,35.4762],[139.61676,35.47641],[139.61648,35.47652],[139.61613,35.47651]]},"properties":{"事業者種別":"公営鉄道","行政区域":"14100","路線名":"3号線","運営会社":"横浜市","鉄道区分":"普通鉄道"}},{"type":"Feature","geometry":{"type":"LineString","coordinates":[[139.59027,35.53514],[139.59263,35.53476],[139.593,35.5347],[139.5936,35.53462],[139.59442,35.53451],[139.59501,35.53443],[139.59554,35.53437],[139.5961,35.53431],[139.59634,35.53429],[139.59656,35.53426],[139.59821,35.53401],[139.59878,35.53385],[139.5994,35.53361],[139.60065,35.53303],[139.60103,35.53282],[139.60212,35.53241],[139.6027,35.53229],[139.60363,35.53202],[139.6047,35.53178],[139.60667,35.53135],[139.60745,35.53117],[139.60905,35.53082],[139.60947,35.53073],[139.61024,35.53051],[139.61053,35.53038],[139.61084,35.53015],[139.61109,35.52987],[139.61126,35.52963],[139.61143,35.52918],[139.6117,35.52852],[139.61194,35.52781]]},"properties":{"事業者種別":"公営鉄道","行政区域":"14100","路線名":"3号線","運営会社":"横浜市","鉄道区分":"普通鉄道"}},{"type":"Feature","geometry":{"type":"LineString","coordinates":[[139.61309,35.5158],[139.61347,35.51435],[139.6139,35.51308],[139.61432,35.51218],[139.61455,35.5116],[139.61473,35.51128]]},"properties":{"事業者種別":"公営鉄道","行政区域":"14100","路線名":"3号線","運営会社":"横浜市","鉄道区分":"普通鉄道"}},{"type":"Feature","geometry":{"type":"LineString","coordinates":[[139.60606,35.47643],[139.60568,35.47642],[139.60485,35.47641]]},"properties":{"事業者種別":"公営鉄道","行政区域":"14100","路線名":"3号線","運営会社":"横浜市","鉄道区分":"普通鉄道"}},{"type":"Feature","geometry":{"type":"LineString","coordinates":[[139.61696,35.50931],[139.61585,35.51029],[139.61473,35.51128]]},"properties":{"事業者種別":"公営鉄道","行政区域":"14100","路線名":"3号線","運営会社":"横浜市","鉄道区分":"普通鉄道"}},{"type":"Feature","geometry":{"type":"LineString","coordinates":[[139.61287,35.5189],[139.61283,35.51953]]},"properties":{"事業者種別":"公営鉄道","行政区域":"14100","路線名":"3号線","運営会社":"横浜市","鉄道区分":"普通鉄道"}},{"type":"Feature","geometry":{"type":"LineString","coordinates":[[139.62414,35.4581],[139.62316,35.45929]]},"properties":{"事業者種別":"公営鉄道","行政区域":"14100","路線名":"3号線","運営会社":"横浜市","鉄道区分":"普通鉄道"}},{"type":"Feature","geometry":{"type":"LineString","coordinates":[[139.63031,35.45019],[139.62873,35.45225],[139.6272,35.45427],[139.6267,35.45489],[139.62568,35.45615],[139.62414,35.4581]]},"properties":{"事業者種別":"公営鉄道","行政区域":"14100","路線名":"3号線","運営会社":"横浜市","鉄道区分":"普通鉄道"}},{"type":"Feature","geometry":{"type":"LineString","coordinates":[[139.61309,35.5158],[139.61311,35.51555],[139.61316,35.51415],[139.61322,35.51285],[139.61357,35.51234],[139.61473,35.51128]]},"properties":{"事業者種別":"公営鉄道","行政区域":"14100","路線名":"3号線","運営会社":"横浜市","鉄道区分":"普通鉄道"}},{"type":"Feature","geometry":{"type":"LineString","coordinates":[[139.6143,35.47646],[139.61298,35.47645],[139.61174,35.47645],[139.61057,35.47644],[139.60985,35.47643],[139.60871,35.47643],[139.60754,35.47642],[139.607,35.47642],[139.60606,35.47643]]},"properties":{"事業者種別":"公営鉄道","行政区域":"14100","路線名":"3号線","運営会社":"横浜市","鉄道区分":"普通鉄道"}},{"type":"Feature","geometry":{"type":"LineString","coordinates":[[139.61194,35.52781],[139.61208,35.52713],[139.61214,35.52684]]},"properties":{"事業者種別":"公営鉄道","行政区域":"14100","路線名":"3号線","運営会社":"横浜市","鉄道区分":"普通鉄道"}},{"type":"Feature","geometry":{"type":"LineString","coordinates":[[139.61678,35.49598],[139.61681,35.49611],[139.61706,35.49689],[139.61718,35.49732],[139.61741,35.49802],[139.61752,35.49841],[139.61766,35.49879],[139.61777,35.49921],[139.61784,35.4994],[139.61797,35.4996],[139.61816,35.49979],[139.61839,35.49999],[139.61888,35.50044],[139.61931,35.50084],[139.61962,35.50112],[139.61973,35.50123],[139.61992,35.50148],[139.62004,35.50168],[139.62017,35.50205],[139.62028,35.50246],[139.62041,35.503],[139.62046,35.50326],[139.62038,35.50381],[139.62002,35.50486],[139.61958,35.50577],[139.61904,35.50739],[139.61753,35.5088]]},"properties":{"事業者種別":"公営鉄道","行政区域":"14100","路線名":"3号線","運営会社":"横浜市","鉄道区分":"普通鉄道"}},{"type":"Feature","geometry":{"type":"LineString","coordinates":[[139.61287,35.5189],[139.61303,35.51659],[139.61309,35.5158]]},"properties":{"事業者種別":"公営鉄道","行政区域":"14100","路線名":"3号線","運営会社":"横浜市","鉄道区分":"普通鉄道"}},{"type":"Feature","geometry":{"type":"LineString","coordinates":[[139.61631,35.49504],[139.61678,35.49598]]},"properties":{"事業者種別":"公営鉄道","行政区域":"14100","路線名":"3号線","運営会社":"横浜市","鉄道区分":"普通鉄道"}},{"type":"Feature","geometry":{"type":"LineString","coordinates":[[139.606,35.48947],[139.60686,35.49053]]},"properties":{"事業者種別":"公営鉄道","行政区域":"14100","路線名":"3号線","運営会社":"横浜市","鉄道区分":"普通鉄道"}},{"type":"Feature","geometry":{"type":"LineString","coordinates":[[139.61613,35.47651],[139.6143,35.47646]]},"properties":{"事業者種別":"公営鉄道","行政区域":"14100","路線名":"3号線","運営会社":"横浜市","鉄道区分":"普通鉄道"}},{"type":"Feature","geometry":{"type":"LineString","coordinates":[[139.6205,35.46462],[139.62073,35.46384],[139.62084,35.46342],[139.62095,35.46295],[139.62106,35.46247],[139.62119,35.46205],[139.62136,35.46171],[139.62161,35.46129],[139.62179,35.46107],[139.62202,35.46087],[139.62262,35.46004],[139.62316,35.45929]]},"properties":{"事業者種別":"公営鉄道","行政区域":"14100","路線名":"3号線","運営会社":"横浜市","鉄道区分":"普通鉄道"}},{"type":"Feature","geometry":{"type":"LineString","coordinates":[[139.6205,35.46462],[139.62031,35.46502],[139.62015,35.46542],[139.61998,35.4658],[139.61978,35.46617]]},"properties":{"事業者種別":"公営鉄道","行政区域":"14100","路線名":"3号線","運営会社":"横浜市","鉄道区分":"普通鉄道"}},{"type":"Feature","geometry":{"type":"LineString","coordinates":[[139.60686,35.49053],[139.6073,35.49105],[139.60794,35.49176],[139.6083,35.49214],[139.60871,35.49254],[139.60916,35.49292],[139.60967,35.49326],[139.61026,35.49347],[139.61079,35.49358],[139.61202,35.49368],[139.61208,35.49369],[139.6126,35.4937],[139.61401,35.49379],[139.61456,35.4939],[139.61513,35.49411],[139.61533,35.49419],[139.61557,35.49432],[139.61594,35.49457],[139.61611,35.49471],[139.61631,35.49504]]},"properties":{"事業者種別":"公営鉄道","行政区域":"14100","路線名":"3号線","運営会社":"横浜市","鉄道区分":"普通鉄道"}},{"type":"Feature","geometry":{"type":"LineString","coordinates":[[139.61214,35.52684],[139.61231,35.52565],[139.61245,35.52387],[139.61253,35.52304],[139.61254,35.52294],[139.61258,35.52241],[139.61266,35.52156],[139.6128,35.51998],[139.61283,35.51953]]},"properties":{"事業者種別":"公営鉄道","行政区域":"14100","路線名":"3号線","運営会社":"横浜市","鉄道区分":"普通鉄道"}},{"type":"Feature","geometry":{"type":"LineString","coordinates":[[139.60485,35.47641],[139.60299,35.4764],[139.60281,35.47643],[139.60246,35.47653],[139.6019,35.47681],[139.60172,35.47695],[139.60151,35.47728],[139.60138,35.47776],[139.60107,35.47917],[139.601,35.47969],[139.60103,35.4802],[139.60117,35.48079],[139.60132,35.4812],[139.60137,35.48133],[139.60165,35.48212],[139.60179,35.4826],[139.60195,35.48307],[139.60213,35.48348],[139.60238,35.48392],[139.60289,35.48476],[139.60315,35.48518],[139.60345,35.48564],[139.60397,35.48645],[139.60458,35.48741],[139.60511,35.48829],[139.6054,35.48867],[139.606,35.48947]]},"properties":{"事業者種別":"公営鉄道","行政区域":"14100","路線名":"3号線","運営会社":"横浜市","鉄道区分":"普通鉄道"}},{"type":"Feature","geometry":{"type":"LineString","coordinates":[[139.63531,35.44617],[139.63479,35.44647],[139.63441,35.44668],[139.63426,35.44679],[139.63388,35.44725],[139.63323,35.44802],[139.63286,35.44843],[139.63269,35.44859],[139.63257,35.44863],[139.63217,35.44875],[139.63166,35.4489],[139.63136,35.44899],[139.63125,35.44903],[139.63118,35.44908]]},"properties":{"事業者種別":"公営鉄道","行政区域":"14100","路線名":"3号線","運営会社":"横浜市","鉄道区分":"普通鉄道"}},{"type":"Feature","geometry":{"type":"LineString","coordinates":[[139.61753,35.5088],[139.61696,35.50931]]},"properties":{"事業者種別":"公営鉄道","行政区域":"14100","路線名":"3号線","運営会社":"横浜市","鉄道区分":"普通鉄道"}},{"type":"Feature","geometry":{"type":"LineString","coordinates":[[139.63118,35.44908],[139.63074,35.44964],[139.63031,35.45019]]},"properties":{"事業者種別":"公営鉄道","行政区域":"14100","路線名":"3号線","運営会社":"横浜市","鉄道区分":"普通鉄道"}},{"type":"Feature","geometry":{"type":"LineString","coordinates":[[139.63673,35.44537],[139.63531,35.44617]]},"properties":{"事業者種別":"公営鉄道","行政区域":"14100","路線名":"3号線","運営会社":"横浜市","鉄道区分":"普通鉄道"}},{"type":"Feature","geometry":{"type":"LineString","coordinates":[[139.65012,35.34425],[139.65014,35.34356]]},"properties":{"事業者種別":"第三セクター","行政区域":"14100","路線名":"金沢シーサイドライン","運営会社":"横浜シーサイドライン","鉄道区分":"案内軌条式"}},{"type":"Feature","geometry":{"type":"LineString","coordinates":[[139.64675,35.35342],[139.64727,35.35342],[139.6477,35.35338],[139.64794,35.35329],[139.64817,35.35314],[139.64833,35.35301],[139.64845,35.35283],[139.64851,35.35254],[139.64852,35.34995]]},"properties":{"事業者種別":"第三セクター","行政区域":"14100","路線名":"金沢シーサイドライン","運営会社":"横浜シーサイドライン","鉄道区分":"案内軌条式"}},{"type":"Feature","geometry":{"type":"LineString","coordinates":[[139.6459,35.35343],[139.64675,35.35342]]},"properties":{"事業者種別":"第三セクター","行政区域":"14100","路線名":"金沢シーサイドライン","運営会社":"横浜シーサイドライン","鉄道区分":"案内軌条式"}},{"type":"Feature","geometry":{"type":"LineString","coordinates":[[139.64369,35.35805],[139.64369,35.35874]]},"properties":{"事業者種別":"第三セクター","行政区域":"14100","路線名":"金沢シーサイドライン","運営会社":"横浜シーサイドライン","鉄道区分":"案内軌条式"}},{"type":"Feature","geometry":{"type":"LineString","coordinates":[[139.64369,35.35874],[139.64361,35.3598],[139.64354,35.36025],[139.64342,35.36069],[139.64326,35.36119],[139.64311,35.36168],[139.64304,35.36219],[139.64301,35.36333],[139.643,35.36362],[139.643,35.36366],[139.64298,35.3651]]},"properties":{"事業者種別":"第三セクター","行政区域":"14100","路線名":"金沢シーサイドライン","運営会社":"横浜シーサイドライン","鉄道区分":"案内軌条式"}},{"type":"Feature","geometry":{"type":"LineString","coordinates":[[139.64277,35.37164],[139.64269,35.37239]]},"properties":{"事業者種別":"第三セクター","行政区域":"14100","路線名":"金沢シーサイドライン","運営会社":"横浜シーサイドライン","鉄道区分":"案内軌条式"}},{"type":"Feature","geometry":{"type":"LineString","coordinates":[[139.64299,35.3658],[139.64281,35.36717],[139.6428,35.37034],[139.64277,35.37164]]},"properties":{"事業者種別":"第三セクター","行政区域":"14100","路線名":"金沢シーサイドライン","運営会社":"横浜シーサイドライン","鉄道区分":"案内軌条式"}},{"type":"Feature","geometry":{"type":"LineString","coordinates":[[139.64203,35.37691],[139.64157,35.37745]]},"properties":{"事業者種別":"第三セクター","行政区域":"14100","路線名":"金沢シーサイドライン","運営会社":"横浜シーサイドライン","鉄道区分":"案内軌条式"}},{"type":"Feature","geometry":{"type":"LineString","coordinates":[[139.64855,35.34927],[139.64854,35.34663],[139.64856,35.34637],[139.6486,35.34617],[139.64874,35.34597],[139.64887,35.34583],[139.64901,35.34572],[139.64931,35.34555],[139.64955,35.34541],[139.64981,35.34527],[139.64992,35.34516],[139.65003,35.34503],[139.65009,35.3449],[139.65014,35.34474],[139.65012,35.34425]]},"properties":{"事業者種別":"第三セクター","行政区域":"14100","路線名":"金沢シーサイドライン","運営会社":"横浜シーサイドライン","鉄道区分":"案内軌条式"}},{"type":"Feature","geometry":{"type":"LineString","coordinates":[[139.64298,35.3651],[139.64299,35.3658]]},"properties":{"事業者種別":"第三セクター","行政区域":"14100","路線名":"金沢シーサイドライン","運営会社":"横浜シーサイドライン","鉄道区分":"案内軌条式"}},{"type":"Feature","geometry":{"type":"LineString","coordinates":[[139.6459,35.35343],[139.64495,35.35343],[139.64465,35.35349],[139.64441,35.35358],[139.64419,35.35374],[139.64401,35.35395],[139.64389,35.3542],[139.64384,35.3546],[139.64369,35.35805]]},"properties":{"事業者種別":"第三セクター","行政区域":"14100","路線名":"金沢シーサイドライン","運営会社":"横浜シーサイドライン","鉄道区分":"案内軌条式"}},{"type":"Feature","geometry":{"type":"LineString","coordinates":[[139.64269,35.37239],[139.64257,35.37402],[139.6425,35.37539],[139.64236,35.376],[139.6422,35.3765],[139.64203,35.37691]]},"properties":{"事業者種別":"第三セクター","行政区域":"14100","路線名":"金沢シーサイドライン","運営会社":"横浜シーサイドライン","鉄道区分":"案内軌条式"}},{"type":"Feature","geometry":{"type":"LineString","coordinates":[[139.64852,35.34995],[139.64855,35.34927]]},"properties":{"事業者種別":"第三セクター","行政区域":"14100","路線名":"金沢シーサイドライン","運営会社":"横浜シーサイドライン","鉄道区分":"案内軌条式"}},{"type":"Feature","geometry":{"type":"LineString","coordinates":[[139.63281,35.38027],[139.6299,35.38104],[139.62853,35.38145],[139.62776,35.38172],[139.62752,35.3818],[139.62634,35.38227],[139.62502,35.38293],[139.62348,35.38382],[139.62238,35.38453],[139.62179,35.38489],[139.62118,35.38537],[139.62108,35.38545]]},"properties":{"事業者種別":"第三セクター","行政区域":"14100","路線名":"金沢シーサイドライン","運営会社":"横浜シーサイドライン","鉄道区分":"案内軌条式"}},{"type":"Feature","geometry":{"type":"LineString","coordinates":[[139.64106,35.3406],[139.6406,35.34119]]},"properties":{"事業者種別":"第三セクター","行政区域":"14100","路線名":"金沢シーサイドライン","運営会社":"横浜シーサイドライン","鉄道区分":"案内軌条式"}},{"type":"Feature","geometry":{"type":"LineString","coordinates":[[139.65014,35.34356],[139.65014,35.34228],[139.65014,35.34161],[139.65008,35.34118],[139.64992,35.3409],[139.64972,35.34073],[139.64944,35.3406],[139.64891,35.34046],[139.64729,35.34014],[139.64664,35.34005],[139.64583,35.34005],[139.64243,35.34005],[139.64198,35.34006],[139.64174,35.34008],[139.64153,35.34017],[139.64134,35.34028],[139.64106,35.3406]]},"properties":{"事業者種別":"第三セクター","行政区域":"14100","路線名":"金沢シーサイドライン","運営会社":"横浜シーサイドライン","鉄道区分":"案内軌条式"}},{"type":"Feature","geometry":{"type":"LineString","coordinates":[[139.63123,35.33042],[139.63188,35.33077]]},"properties":{"事業者種別":"第三セクター","行政区域":"14100","路線名":"金沢シーサイドライン","運営会社":"横浜シーサイドライン","鉄道区分":"案内軌条式"}},{"type":"Feature","geometry":{"type":"LineString","coordinates":[[139.64157,35.37745],[139.64114,35.37784],[139.64075,35.37812],[139.64035,35.37836],[139.63999,35.37854],[139.63947,35.37873],[139.63799,35.37914],[139.6336,35.3801]]},"properties":{"事業者種別":"第三セクター","行政区域":"14100","路線名":"金沢シーサイドライン","運営会社":"横浜シーサイドライン","鉄道区分":"案内軌条式"}},{"type":"Feature","geometry":{"type":"LineString","coordinates":[[139.63622,35.34236],[139.6356,35.34188]]},"properties":{"事業者種別":"第三セクター","行政区域":"14100","路線名":"金沢シーサイドライン","運営会社":"横浜シーサイドライン","鉄道区分":"案内軌条式"}},{"type":"Feature","geometry":{"type":"LineString","coordinates":[[139.6406,35.34119],[139.63995,35.342],[139.6396,35.34247],[139.63945,35.34263],[139.63934,35.34273],[139.63924,35.34281],[139.6391,35.34292],[139.63898,35.34298],[139.63884,35.34304],[139.63869,35.34308],[139.63852,35.34312],[139.63829,35.34317],[139.63813,35.34318],[139.63796,35.34318],[139.6378,35.34317],[139.63762,35.34315],[139.63737,35.34308],[139.63714,35.34299],[139.63695,35.3429],[139.63672,35.34276],[139.63622,35.34236]]},"properties":{"事業者種別":"第三セクター","行政区域":"14100","路線名":"金沢シーサイドライン","運営会社":"横浜シーサイドライン","鉄道区分":"案内軌条式"}},{"type":"Feature","geometry":{"type":"MultiLineString","coordinates":[[[139.62114838,35.331609612],[139.621532469,35.331622117],[139.62163787,35.331606039],[139.621746844,35.331572096],[139.621882615,35.331504211],[139.622200604,35.331232669],[139.623093833,35.330387674],[139.623320714,35.330176872],[139.623656568,35.329924982],[139.624732016,35.329185388],[139.625275099,35.328815591],[139.625591302,35.328629799],[139.625603367,35.328625203]],[[139.62960981,35.329532693],[139.6298,35.32963],[139.63028,35.32989],[139.63054,35.33005],[139.63115,35.33038],[139.63123,35.33042]]]},"properties":{"事業者種別":"第三セクター","行政区域":"14100","路線名":"金沢シーサイドライン","運営会社":"横浜シーサイドライン","鉄道区分":"案内軌条式"}},{"type":"Feature","geometry":{"type":"LineString","coordinates":[[139.62032125,35.331602466],[139.62114838,35.331609612]]},"properties":{"事業者種別":"第三セクター","行政区域":"14100","路線名":"金沢シーサイドライン","運営会社":"横浜シーサイドライン","鉄道区分":"案内軌条式"}},{"type":"Feature","geometry":{"type":"LineString","coordinates":[[139.62108,35.38545],[139.62041,35.38597]]},"properties":{"事業者種別":"第三セクター","行政区域":"14100","路線名":"金沢シーサイドライン","運営会社":"横浜シーサイドライン","鉄道区分":"案内軌条式"}},{"type":"Feature","geometry":{"type":"LineString","coordinates":[[139.63217,35.33754],[139.63211,35.33686]]},"properties":{"事業者種別":"第三セクター","行政区域":"14100","路線名":"金沢シーサイドライン","運営会社":"横浜シーサイドライン","鉄道区分":"案内軌条式"}},{"type":"Feature","geometry":{"type":"LineString","coordinates":[[139.63211,35.33686],[139.6321,35.33661],[139.63222,35.33608],[139.63246,35.33512],[139.63272,35.33444],[139.63305,35.33349],[139.63319,35.33308],[139.63333,35.33262],[139.63342,35.33232],[139.63342,35.33208],[139.63336,35.33183],[139.63321,35.33156],[139.6329,35.33132],[139.63193,35.3308],[139.63188,35.33077]]},"properties":{"事業者種別":"第三セクター","行政区域":"14100","路線名":"金沢シーサイドライン","運営会社":"横浜シーサイドライン","鉄道区分":"案内軌条式"}},{"type":"Feature","geometry":{"type":"LineString","coordinates":[[139.6336,35.3801],[139.63281,35.38027]]},"properties":{"事業者種別":"第三セクター","行政区域":"14100","路線名":"金沢シーサイドライン","運営会社":"横浜シーサイドライン","鉄道区分":"案内軌条式"}},{"type":"Feature","geometry":{"type":"LineString","coordinates":[[139.6356,35.34188],[139.63501,35.3414],[139.63443,35.3409],[139.63425,35.34074],[139.63412,35.34057],[139.63393,35.34033],[139.6337,35.34003],[139.63283,35.33888],[139.6325,35.33841],[139.63237,35.33817],[139.6323,35.338],[139.63224,35.33778],[139.63217,35.33754]]},"properties":{"事業者種別":"第三セクター","行政区域":"14100","路線名":"金沢シーサイドライン","運営会社":"横浜シーサイドライン","鉄道区分":"案内軌条式"}},{"type":"Feature","geometry":{"type":"LineString","coordinates":[[139.62014,35.33047],[139.62011,35.33179]]},"properties":{"事業者種別":"民営鉄道","行政区域":"14100","路線名":"逗子線","運営会社":"京浜急行電鉄","鉄道区分":"普通鉄道"}},{"type":"Feature","geometry":{"type":"LineString","coordinates":[[139.61978,35.32749],[139.61981,35.32759],[139.61988,35.32788],[139.61993,35.32809],[139.62001,35.3285],[139.62007,35.32895],[139.6201,35.32928],[139.62013,35.32979],[139.62014,35.33047]]},"properties":{"事業者種別":"民営鉄道","行政区域":"14100","路線名":"逗子線","運営会社":"京浜急行電鉄","鉄道区分":"普通鉄道"}},{"type":"Feature","geometry":{"type":"LineString","coordinates":[[139.61184,35.3229],[139.61256,35.32322],[139.6128,35.32333],[139.61308,35.32345],[139.61384,35.32383],[139.61474,35.32426],[139.61525,35.3245],[139.61605,35.32488],[139.61633,35.32503],[139.61713,35.32542],[139.61749,35.32559],[139.61788,35.32579],[139.61814,35.32592],[139.61842,35.32612],[139.61862,35.32625],[139.61879,35.32639],[139.6189,35.32649],[139.61902,35.3266],[139.61913,35.32672],[139.61935,35.32694],[139.6195,35.32711],[139.61961,35.32722],[139.61978,35.32749]]},"properties":{"事業者種別":"民営鉄道","行政区域":"14100","路線名":"逗子線","運営会社":"京浜急行電鉄","鉄道区分":"普通鉄道"}},{"type":"Feature","geometry":{"type":"LineString","coordinates":[[139.61114,35.32255],[139.61184,35.3229]]},"properties":{"事業者種別":"民営鉄道","行政区域":"14100","路線名":"逗子線","運営会社":"京浜急行電鉄","鉄道区分":"普通鉄道"}},{"type":"Feature","geometry":{"type":"LineString","coordinates":[[139.599380421,35.315887336],[139.59938,35.31589],[139.59937,35.31595],[139.59939,35.31606],[139.5994,35.31618],[139.59943,35.31635],[139.59948,35.31656],[139.59956,35.31681],[139.59966,35.31701],[139.59972,35.31713],[139.5998,35.31727],[139.59995,35.31749],[139.60015,35.31774],[139.60029,35.31795],[139.60047,35.31819],[139.60062,35.31834],[139.60082,35.31854],[139.60099,35.31866],[139.60132,35.31887],[139.60168,35.31907],[139.60201,35.31925],[139.60227,35.31937],[139.60302,35.31972],[139.60346,35.31992],[139.60412,35.32022],[139.60445,35.32037],[139.60478,35.32053],[139.60555,35.32082],[139.60601,35.32099],[139.60626,35.32107],[139.60664,35.32116],[139.60691,35.32122],[139.60776,35.32143],[139.60845,35.32158],[139.60914,35.32175],[139.60945,35.32186],[139.60963,35.32191],[139.61,35.32203],[139.61024,35.32214],[139.61075,35.32236],[139.61114,35.32255]]},"properties":{"事業者種別":"民営鉄道","行政区域":"14100","路線名":"逗子線","運営会社":"京浜急行電鉄","鉄道区分":"普通鉄道"}},{"type":"Feature","geometry":{"type":"LineString","coordinates":[[139.64435,35.48433],[139.64452,35.4844],[139.64488,35.48455],[139.64525,35.48466],[139.64552,35.48473],[139.64572,35.48478]]},"properties":{"事業者種別":"民営鉄道","行政区域":"14100","路線名":"本線","運営会社":"京浜急行電鉄","鉄道区分":"普通鉄道"}},{"type":"Feature","geometry":{"type":"LineString","coordinates":[[139.64572,35.48478],[139.6463,35.48491],[139.64669,35.485],[139.6469,35.48503],[139.64757,35.48509],[139.64855,35.48518],[139.64889,35.48522],[139.64909,35.48524],[139.64949,35.48527],[139.64978,35.4853],[139.64999,35.48532],[139.65054,35.4854],[139.65089,35.48545],[139.65132,35.48555],[139.65182,35.48568],[139.65245,35.48589],[139.6529,35.48603],[139.65357,35.48629],[139.65451,35.48667],[139.65536,35.48703]]},"properties":{"事業者種別":"民営鉄道","行政区域":"14100","路線名":"本線","運営会社":"京浜急行電鉄","鉄道区分":"普通鉄道"}},{"type":"Feature","geometry":{"type":"LineString","coordinates":[[139.68677,35.51801],[139.68621,35.51717]]},"properties":{"事業者種別":"民営鉄道","行政区域":"14100","路線名":"本線","運営会社":"京浜急行電鉄","鉄道区分":"普通鉄道"}},{"type":"Feature","geometry":{"type":"LineString","coordinates":[[139.67708,35.50604],[139.67668,35.50547],[139.67529,35.50326],[139.67523,35.50317],[139.67497,35.5028],[139.67454,35.50216],[139.67431,35.50183],[139.67415,35.50162],[139.67387,35.50127],[139.67368,35.50108],[139.6732,35.50063]]},"properties":{"事業者種別":"民営鉄道","行政区域":"14100","路線名":"本線","運営会社":"京浜急行電鉄","鉄道区分":"普通鉄道"}},{"type":"Feature","geometry":{"type":"LineString","coordinates":[[139.66776,35.49596],[139.66896,35.49698],[139.67019,35.49804],[139.67252,35.50002]]},"properties":{"事業者種別":"民営鉄道","行政区域":"14100","路線名":"本線","運営会社":"京浜急行電鉄","鉄道区分":"普通鉄道"}},{"type":"Feature","geometry":{"type":"LineString","coordinates":[[139.65634,35.48741],[139.6568,35.48762],[139.65725,35.48783],[139.65794,35.48818],[139.65847,35.48849],[139.65895,35.48878],[139.65941,35.4891],[139.65992,35.48945],[139.66085,35.49012],[139.6612,35.49039],[139.66125,35.49043],[139.66157,35.4907],[139.66205,35.4911],[139.66235,35.49136],[139.66311,35.49202],[139.66333,35.49222],[139.66436,35.49303],[139.66543,35.49393],[139.66636,35.49476],[139.66691,35.49524]]},"properties":{"事業者種別":"民営鉄道","行政区域":"14100","路線名":"本線","運営会社":"京浜急行電鉄","鉄道区分":"普通鉄道"}},{"type":"Feature","geometry":{"type":"LineString","coordinates":[[139.67252,35.50002],[139.6732,35.50063]]},"properties":{"事業者種別":"民営鉄道","行政区域":"14100","路線名":"本線","運営会社":"京浜急行電鉄","鉄道区分":"普通鉄道"}},{"type":"Feature","geometry":{"type":"LineString","coordinates":[[139.66691,35.49524],[139.66776,35.49596]]},"properties":{"事業者種別":"民営鉄道","行政区域":"14100","路線名":"本線","運営会社":"京浜急行電鉄","鉄道区分":"普通鉄道"}},{"type":"Feature","geometry":{"type":"LineString","coordinates":[[139.68621,35.51717],[139.68533,35.51575],[139.68455,35.51451],[139.68427,35.51407],[139.6836,35.51301],[139.68303,35.51208],[139.68276,35.5117],[139.6825,35.51137],[139.68222,35.51105],[139.68189,35.51072],[139.68102,35.50992],[139.6799,35.50895],[139.67884,35.50802],[139.67811,35.50725]]},"properties":{"事業者種別":"民営鉄道","行政区域":"14100","路線名":"本線","運営会社":"京浜急行電鉄","鉄道区分":"普通鉄道"}},{"type":"Feature","geometry":{"type":"LineString","coordinates":[[139.65536,35.48703],[139.65634,35.48741]]},"properties":{"事業者種別":"民営鉄道","行政区域":"14100","路線名":"本線","運営会社":"京浜急行電鉄","鉄道区分":"普通鉄道"}},{"type":"Feature","geometry":{"type":"LineString","coordinates":[[139.689443346,35.520873575],[139.68944,35.52087],[139.68911,35.52052],[139.68851,35.51992],[139.68764,35.519],[139.68704,35.51833],[139.68677,35.51801]]},"properties":{"事業者種別":"民営鉄道","行政区域":"14100","路線名":"本線","運営会社":"京浜急行電鉄","鉄道区分":"普通鉄道"}},{"type":"Feature","geometry":{"type":"LineString","coordinates":[[139.67811,35.50725],[139.67773,35.50685],[139.67743,35.50652],[139.67708,35.50604]]},"properties":{"事業者種別":"民営鉄道","行政区域":"14100","路線名":"本線","運営会社":"京浜急行電鉄","鉄道区分":"普通鉄道"}},{"type":"Feature","geometry":{"type":"LineString","coordinates":[[139.62014,35.33047],[139.62011,35.33179]]},"properties":{"事業者種別":"民営鉄道","行政区域":"14100","路線名":"本線","運営会社":"京浜急行電鉄","鉄道区分":"普通鉄道"}},{"type":"Feature","geometry":{"type":"LineString","coordinates":[[139.61978,35.32749],[139.61981,35.32759],[139.61988,35.32788],[139.61993,35.32809],[139.62001,35.3285],[139.62007,35.32895],[139.6201,35.32928],[139.62013,35.32979],[139.62014,35.33047]]},"properties":{"事業者種別":"民営鉄道","行政区域":"14100","路線名":"本線","運営会社":"京浜急行電鉄","鉄道区分":"普通鉄道"}},{"type":"Feature","geometry":{"type":"LineString","coordinates":[[139.59703,35.42371],[139.59731,35.42278],[139.59752,35.42201],[139.59776,35.42088],[139.59781,35.42058],[139.59774,35.41994],[139.59771,35.41958],[139.59766,35.41912],[139.5976,35.41863],[139.59744,35.41787],[139.59703,35.41623],[139.597,35.41609],[139.59672,35.41488],[139.59662,35.41431],[139.59658,35.41394],[139.59654,35.41345],[139.59655,35.41269],[139.59654,35.41244],[139.59655,35.41225],[139.59655,35.41188],[139.59657,35.41118],[139.59658,35.41026]]},"properties":{"事業者種別":"民営鉄道","行政区域":"14100","路線名":"本線","運営会社":"京浜急行電鉄","鉄道区分":"普通鉄道"}},{"type":"Feature","geometry":{"type":"LineString","coordinates":[[139.62165,35.34277],[139.6213,35.34158],[139.62082,35.33974],[139.62078,35.3396],[139.62066,35.33915],[139.6206,35.33895],[139.62043,35.33834],[139.62027,35.33773],[139.62017,35.33731],[139.62014,35.33702],[139.62014,35.33661],[139.62014,35.33625],[139.62013,35.3341],[139.62012,35.33283],[139.62011,35.33179]]},"properties":{"事業者種別":"民営鉄道","行政区域":"14100","路線名":"本線","運営会社":"京浜急行電鉄","鉄道区分":"普通鉄道"}},{"type":"Feature","geometry":{"type":"LineString","coordinates":[[139.62652,35.44591],[139.62657,35.44583],[139.6267,35.44556],[139.62685,35.44522]]},"properties":{"事業者種別":"民営鉄道","行政区域":"14100","路線名":"本線","運営会社":"京浜急行電鉄","鉄道区分":"普通鉄道"}},{"type":"Feature","geometry":{"type":"LineString","coordinates":[[139.59987,35.43373],[139.59944,35.43364],[139.59885,35.43352],[139.59829,35.43339],[139.59784,35.43323],[139.59749,35.43303],[139.59724,35.43284],[139.59693,35.43262],[139.59665,35.43233],[139.59643,35.43204],[139.59618,35.43159],[139.59605,35.43125],[139.59598,35.43095],[139.59594,35.43079],[139.59591,35.43061],[139.59593,35.42994],[139.59595,35.42909],[139.59602,35.42851],[139.5961,35.42731],[139.59617,35.42694],[139.59625,35.42651],[139.59652,35.42534],[139.59679,35.42449]]},"properties":{"事業者種別":"民営鉄道","行政区域":"14100","路線名":"本線","運営会社":"京浜急行電鉄","鉄道区分":"普通鉄道"}},{"type":"Feature","geometry":{"type":"LineString","coordinates":[[139.63956,35.48104],[139.64078,35.48199]]},"properties":{"事業者種別":"民営鉄道","行政区域":"14100","路線名":"本線","運営会社":"京浜急行電鉄","鉄道区分":"普通鉄道"}},{"type":"Feature","geometry":{"type":"LineString","coordinates":[[139.62983,35.36619],[139.62969,35.36723]]},"properties":{"事業者種別":"民営鉄道","行政区域":"14100","路線名":"本線","運営会社":"京浜急行電鉄","鉄道区分":"普通鉄道"}},{"type":"Feature","geometry":{"type":"LineString","coordinates":[[139.62237,35.46528],[139.62388,35.46722]]},"properties":{"事業者種別":"民営鉄道","行政区域":"14100","路線名":"本線","運営会社":"京浜急行電鉄","鉄道区分":"普通鉄道"}},{"type":"Feature","geometry":{"type":"LineString","coordinates":[[139.64078,35.48199],[139.64106,35.48219],[139.64131,35.48235],[139.64282,35.48339],[139.64295,35.48347],[139.64346,35.48381],[139.64394,35.4841],[139.64435,35.48433]]},"properties":{"事業者種別":"民営鉄道","行政区域":"14100","路線名":"本線","運営会社":"京浜急行電鉄","鉄道区分":"普通鉄道"}},{"type":"Feature","geometry":{"type":"LineString","coordinates":[[139.60997,35.39458],[139.61091,35.39368]]},"properties":{"事業者種別":"民営鉄道","行政区域":"14100","路線名":"本線","運営会社":"京浜急行電鉄","鉄道区分":"普通鉄道"}},{"type":"Feature","geometry":{"type":"LineString","coordinates":[[139.62764,35.47151],[139.62863,35.47264],[139.62906,35.47313],[139.62971,35.47362],[139.6308,35.47445],[139.63102,35.4746],[139.63112,35.47468],[139.63161,35.47505],[139.63211,35.47543],[139.63263,35.47582],[139.63408,35.47691],[139.63444,35.47718]]},"properties":{"事業者種別":"民営鉄道","行政区域":"14100","路線名":"本線","運営会社":"京浜急行電鉄","鉄道区分":"普通鉄道"}},{"type":"Feature","geometry":{"type":"LineString","coordinates":[[139.61976,35.45619],[139.6203,35.45503],[139.62059,35.45429],[139.62095,35.45302],[139.62136,35.45155],[139.62151,35.45107],[139.62179,35.45063],[139.62185,35.45056],[139.62216,35.45023],[139.62256,35.44982],[139.62288,35.44947],[139.62329,35.44913],[139.62369,35.44877],[139.62438,35.44817],[139.62481,35.44782],[139.6252,35.4475],[139.6254,35.44734],[139.62558,35.44718],[139.62591,35.44685],[139.62606,35.44668],[139.62621,35.44648],[139.62631,35.44626],[139.62649,35.44597],[139.62652,35.44591]]},"properties":{"事業者種別":"民営鉄道","行政区域":"14100","路線名":"本線","運営会社":"京浜急行電鉄","鉄道区分":"普通鉄道"}},{"type":"Feature","geometry":{"type":"LineString","coordinates":[[139.63444,35.47718],[139.63541,35.47793]]},"properties":{"事業者種別":"民営鉄道","行政区域":"14100","路線名":"本線","運営会社":"京浜急行電鉄","鉄道区分":"普通鉄道"}},{"type":"Feature","geometry":{"type":"LineString","coordinates":[[139.613,35.43679],[139.6129,35.43677],[139.61253,35.4367],[139.61153,35.43653],[139.60974,35.43621],[139.60917,35.4361],[139.60883,35.43606],[139.60846,35.43602],[139.60823,35.43598],[139.60797,35.4359],[139.6076,35.43579],[139.60738,35.4357],[139.60698,35.43557],[139.60676,35.43548],[139.60541,35.43502],[139.60451,35.43476],[139.60423,35.43469],[139.60335,35.43448],[139.60312,35.43442],[139.6017,35.43413],[139.60132,35.43406],[139.60118,35.43402]]},"properties":{"事業者種別":"民営鉄道","行政区域":"14100","路線名":"本線","運営会社":"京浜急行電鉄","鉄道区分":"普通鉄道"}},{"type":"Feature","geometry":{"type":"LineString","coordinates":[[139.60118,35.43402],[139.59987,35.43373]]},"properties":{"事業者種別":"民営鉄道","行政区域":"14100","路線名":"本線","運営会社":"京浜急行電鉄","鉄道区分":"普通鉄道"}},{"type":"Feature","geometry":{"type":"LineString","coordinates":[[139.61976,35.45619],[139.61936,35.45713]]},"properties":{"事業者種別":"民営鉄道","行政区域":"14100","路線名":"本線","運営会社":"京浜急行電鉄","鉄道区分":"普通鉄道"}},{"type":"Feature","geometry":{"type":"LineString","coordinates":[[139.62315,35.4399],[139.62197,35.43951]]},"properties":{"事業者種別":"民営鉄道","行政区域":"14100","路線名":"本線","運営会社":"京浜急行電鉄","鉄道区分":"普通鉄道"}},{"type":"Feature","geometry":{"type":"LineString","coordinates":[[139.62891,35.35988],[139.62827,35.35858],[139.62806,35.35818],[139.62793,35.35764],[139.62794,35.35684],[139.62797,35.35542],[139.62801,35.35428],[139.62799,35.354],[139.62786,35.35337],[139.6277,35.35281],[139.62749,35.35225],[139.62711,35.35158],[139.62707,35.35152],[139.62692,35.3513],[139.62625,35.35069],[139.62541,35.35],[139.6251,35.34973],[139.62485,35.34943],[139.62426,35.34844],[139.62336,35.34699],[139.62314,35.34664],[139.62251,35.34576],[139.62233,35.34547],[139.62214,35.34478],[139.62189,35.34372]]},"properties":{"事業者種別":"民営鉄道","行政区域":"14100","路線名":"本線","運営会社":"京浜急行電鉄","鉄道区分":"普通鉄道"}},{"type":"Feature","geometry":{"type":"LineString","coordinates":[[139.62719,35.47099],[139.62764,35.47151]]},"properties":{"事業者種別":"民営鉄道","行政区域":"14100","路線名":"本線","運営会社":"京浜急行電鉄","鉄道区分":"普通鉄道"}},{"type":"Feature","geometry":{"type":"LineString","coordinates":[[139.63541,35.47793],[139.63582,35.47822],[139.63596,35.47833],[139.63604,35.47838],[139.63663,35.47883],[139.63671,35.47889],[139.63679,35.47895],[139.63763,35.47959],[139.63956,35.48104]]},"properties":{"事業者種別":"民営鉄道","行政区域":"14100","路線名":"本線","運営会社":"京浜急行電鉄","鉄道区分":"普通鉄道"}},{"type":"Feature","geometry":{"type":"LineString","coordinates":[[139.62197,35.43951],[139.62179,35.43942],[139.62088,35.43911],[139.61974,35.43876],[139.61821,35.43824],[139.61706,35.43783],[139.61651,35.43764],[139.61606,35.43745],[139.61564,35.43725],[139.61526,35.43714],[139.61427,35.43699]]},"properties":{"事業者種別":"民営鉄道","行政区域":"14100","路線名":"本線","運営会社":"京浜急行電鉄","鉄道区分":"普通鉄道"}},{"type":"Feature","geometry":{"type":"LineString","coordinates":[[139.59664,35.40843],[139.59668,35.40702],[139.59677,35.40629],[139.59689,35.40584],[139.59713,35.4051],[139.59758,35.40416],[139.59822,35.40296],[139.59856,35.40234],[139.59889,35.40187],[139.599,35.40173],[139.59909,35.4016],[139.59946,35.40128],[139.6002,35.40072],[139.60085,35.40021],[139.60104,35.40004],[139.60128,35.39983],[139.60169,35.39932],[139.6023,35.39847],[139.60251,35.39817],[139.60255,35.3981],[139.60302,35.39763],[139.60337,35.39738],[139.60373,35.3972],[139.60415,35.39706],[139.60484,35.39692],[139.60675,35.39649],[139.60689,35.39645],[139.6075,35.39629],[139.60811,35.39607],[139.6085,35.39583],[139.60872,35.39566],[139.60909,35.39538],[139.60954,35.39498],[139.60973,35.3948],[139.60992,35.39462],[139.60997,35.39458]]},"properties":{"事業者種別":"民営鉄道","行政区域":"14100","路線名":"本線","運営会社":"京浜急行電鉄","鉄道区分":"普通鉄道"}},{"type":"Feature","geometry":{"type":"LineString","coordinates":[[139.62189,35.34372],[139.62179,35.3433],[139.62165,35.34277]]},"properties":{"事業者種別":"民営鉄道","行政区域":"14100","路線名":"本線","運営会社":"京浜急行電鉄","鉄道区分":"普通鉄道"}},{"type":"Feature","geometry":{"type":"LineString","coordinates":[[139.61978,35.32749],[139.61973,35.32719],[139.61967,35.32696],[139.61957,35.32665],[139.61946,35.32633],[139.61934,35.32601],[139.61919,35.32554],[139.61913,35.32531],[139.61906,35.32506],[139.61897,35.32478],[139.61893,35.32458],[139.61888,35.32438],[139.61885,35.32413],[139.61882,35.32389],[139.61884,35.32361],[139.61885,35.32343],[139.61894,35.32301],[139.61898,35.32285],[139.61908,35.32254],[139.61922,35.32221],[139.6195,35.32175],[139.61984,35.32117],[139.62021,35.32054],[139.62037,35.32027],[139.62054,35.32],[139.62076,35.31964],[139.62088,35.31946],[139.621,35.31932],[139.62123,35.31905],[139.62144,35.31884],[139.62164,35.31866],[139.62172,35.31858],[139.62179,35.31853],[139.62222,35.31826],[139.622375505,35.318143371]]},"properties":{"事業者種別":"民営鉄道","行政区域":"14100","路線名":"本線","運営会社":"京浜急行電鉄","鉄道区分":"普通鉄道"}},{"type":"Feature","geometry":{"type":"LineString","coordinates":[[139.59658,35.41026],[139.59664,35.40843]]},"properties":{"事業者種別":"民営鉄道","行政区域":"14100","路線名":"本線","運営会社":"京浜急行電鉄","鉄道区分":"普通鉄道"}},{"type":"Feature","geometry":{"type":"LineString","coordinates":[[139.61581,35.38354],[139.61617,35.38284],[139.61798,35.37937],[139.61837,35.37861],[139.61851,35.37837],[139.61887,35.37778],[139.61911,35.37741],[139.61946,35.37706],[139.62003,35.3766],[139.6205,35.37625],[139.62073,35.37611],[139.62111,35.37588],[139.62122,35.37582],[139.62143,35.37569],[139.62179,35.37548],[139.62263,35.37497],[139.624,35.3743],[139.62435,35.3742],[139.62506,35.37405],[139.6257,35.37389],[139.62612,35.37379],[139.62645,35.37367],[139.62701,35.3733],[139.62814,35.37236],[139.62859,35.37194],[139.62875,35.37166],[139.62891,35.37128],[139.62909,35.37062],[139.62919,35.3701],[139.62944,35.36879],[139.6296,35.36774],[139.62964,35.36751],[139.62969,35.36723]]},"properties":{"事業者種別":"民営鉄道","行政区域":"14100","路線名":"本線","運営会社":"京浜急行電鉄","鉄道区分":"普通鉄道"}},{"type":"Feature","geometry":{"type":"LineString","coordinates":[[139.62947,35.36119],[139.62936,35.36075],[139.62918,35.36041],[139.62891,35.35988]]},"properties":{"事業者種別":"民営鉄道","行政区域":"14100","路線名":"本線","運営会社":"京浜急行電鉄","鉄道区分":"普通鉄道"}},{"type":"Feature","geometry":{"type":"LineString","coordinates":[[139.62947,35.36119],[139.62962,35.36244],[139.62986,35.36506],[139.62991,35.36543],[139.62983,35.36619]]},"properties":{"事業者種別":"民営鉄道","行政区域":"14100","路線名":"本線","運営会社":"京浜急行電鉄","鉄道区分":"普通鉄道"}},{"type":"Feature","geometry":{"type":"LineString","coordinates":[[139.59679,35.42449],[139.59703,35.42371]]},"properties":{"事業者種別":"民営鉄道","行政区域":"14100","路線名":"本線","運営会社":"京浜急行電鉄","鉄道区分":"普通鉄道"}},{"type":"Feature","geometry":{"type":"LineString","coordinates":[[139.62685,35.44522],[139.62689,35.44511],[139.62692,35.44499],[139.62695,35.44482],[139.62695,35.44466],[139.62697,35.44448],[139.62697,35.44437],[139.62696,35.44425],[139.62693,35.44413],[139.62691,35.44401],[139.62687,35.44389],[139.62682,35.44377],[139.626,35.44242],[139.62576,35.44203],[139.62558,35.44174],[139.62541,35.44148],[139.62526,35.44129],[139.62495,35.441],[139.62482,35.44088],[139.62466,35.44075],[139.62437,35.44055],[139.624,35.44032],[139.62376,35.44019],[139.62358,35.44009],[139.62349,35.44005],[139.62315,35.4399]]},"properties":{"事業者種別":"民営鉄道","行政区域":"14100","路線名":"本線","運営会社":"京浜急行電鉄","鉄道区分":"普通鉄道"}},{"type":"Feature","geometry":{"type":"LineString","coordinates":[[139.61936,35.45713],[139.61873,35.45835],[139.61861,35.45877],[139.61861,35.45912],[139.61875,35.45944],[139.61892,35.45968],[139.61929,35.46006],[139.61992,35.46068],[139.6204,35.46123],[139.62115,35.46208],[139.62133,35.46227],[139.62179,35.4628],[139.62186,35.46294],[139.62196,35.46315],[139.62198,35.46322],[139.622,35.46336],[139.622,35.46343],[139.62199,35.46354],[139.62195,35.46397],[139.62194,35.46418],[139.62194,35.46435],[139.62196,35.46451],[139.62201,35.46471],[139.62211,35.46494],[139.62237,35.46528]]},"properties":{"事業者種別":"民営鉄道","行政区域":"14100","路線名":"本線","運営会社":"京浜急行電鉄","鉄道区分":"普通鉄道"}},{"type":"Feature","geometry":{"type":"LineString","coordinates":[[139.61091,35.39368],[139.61143,35.39315],[139.61161,35.39296],[139.61188,35.39264],[139.61215,35.39231],[139.6124,35.39193],[139.61258,35.39161],[139.61275,35.3913],[139.61297,35.39076],[139.61322,35.39],[139.61347,35.38894],[139.61366,35.38808],[139.61388,35.38741],[139.61407,35.38688],[139.61442,35.38617],[139.61491,35.38523],[139.61503,35.38501],[139.61541,35.38427]]},"properties":{"事業者種別":"民営鉄道","行政区域":"14100","路線名":"本線","運営会社":"京浜急行電鉄","鉄道区分":"普通鉄道"}},{"type":"Feature","geometry":{"type":"LineString","coordinates":[[139.62388,35.46722],[139.62411,35.46748],[139.62575,35.46933],[139.62611,35.46976],[139.62662,35.47034],[139.62719,35.47099]]},"properties":{"事業者種別":"民営鉄道","行政区域":"14100","路線名":"本線","運営会社":"京浜急行電鉄","鉄道区分":"普通鉄道"}},{"type":"Feature","geometry":{"type":"LineString","coordinates":[[139.61427,35.43699],[139.613,35.43679]]},"properties":{"事業者種別":"民営鉄道","行政区域":"14100","路線名":"本線","運営会社":"京浜急行電鉄","鉄道区分":"普通鉄道"}},{"type":"Feature","geometry":{"type":"LineString","coordinates":[[139.61541,35.38427],[139.61581,35.38354]]},"properties":{"事業者種別":"民営鉄道","行政区域":"14100","路線名":"本線","運営会社":"京浜急行電鉄","鉄道区分":"普通鉄道"}},{"type":"Feature","geometry":{"type":"LineString","coordinates":[[139.48707,35.41438],[139.4873,35.41582]]},"properties":{"事業者種別":"民営鉄道","行政区域":"14100","路線名":"いずみ野線","運営会社":"相模鉄道","鉄道区分":"普通鉄道"}},{"type":"Feature","geometry":{"type":"LineString","coordinates":[[139.5221,35.43993],[139.52215,35.44005],[139.52233,35.44053],[139.52274,35.44159],[139.5254,35.4481],[139.52583,35.44943],[139.52643,35.45128],[139.52645,35.45152],[139.5264,35.4522]]},"properties":{"事業者種別":"民営鉄道","行政区域":"14100","路線名":"いずみ野線","運営会社":"相模鉄道","鉄道区分":"普通鉄道"}},{"type":"Feature","geometry":{"type":"LineString","coordinates":[[139.50741,35.43011],[139.50811,35.43028],[139.50975,35.43068],[139.51141,35.43107],[139.51314,35.43154],[139.51324,35.43158],[139.51395,35.43181],[139.51452,35.43207],[139.51548,35.43258],[139.51614,35.43299],[139.51756,35.43395],[139.5186,35.43477],[139.5202,35.43667],[139.52153,35.43881]]},"properties":{"事業者種別":"民営鉄道","行政区域":"14100","路線名":"いずみ野線","運営会社":"相模鉄道","鉄道区分":"普通鉄道"}},{"type":"Feature","geometry":{"type":"LineString","coordinates":[[139.5264,35.4522],[139.52638,35.45235],[139.52633,35.45266],[139.52628,35.45297]]},"properties":{"事業者種別":"民営鉄道","行政区域":"14100","路線名":"いずみ野線","運営会社":"相模鉄道","鉄道区分":"普通鉄道"}},{"type":"Feature","geometry":{"type":"LineString","coordinates":[[139.49405,35.42971],[139.49619,35.42928]]},"properties":{"事業者種別":"民営鉄道","行政区域":"14100","路線名":"いずみ野線","運営会社":"相模鉄道","鉄道区分":"普通鉄道"}},{"type":"Feature","geometry":{"type":"LineString","coordinates":[[139.50586,35.42975],[139.50741,35.43011]]},"properties":{"事業者種別":"民営鉄道","行政区域":"14100","路線名":"いずみ野線","運営会社":"相模鉄道","鉄道区分":"普通鉄道"}},{"type":"Feature","geometry":{"type":"LineString","coordinates":[[139.4828,35.40613],[139.48285,35.40618],[139.48291,35.40624],[139.48484,35.40845],[139.48539,35.40907],[139.48588,35.40967],[139.48617,35.41003],[139.48631,35.41025],[139.48639,35.4104],[139.48661,35.41094],[139.48677,35.41139],[139.48684,35.41165],[139.48689,35.41188],[139.48693,35.41236],[139.48698,35.41304],[139.48706,35.41432],[139.48707,35.41438]]},"properties":{"事業者種別":"民営鉄道","行政区域":"14100","路線名":"いずみ野線","運営会社":"相模鉄道","鉄道区分":"普通鉄道"}},{"type":"Feature","geometry":{"type":"LineString","coordinates":[[139.52153,35.43881],[139.52165,35.43907],[139.52183,35.43941],[139.5221,35.43993]]},"properties":{"事業者種別":"民営鉄道","行政区域":"14100","路線名":"いずみ野線","運営会社":"相模鉄道","鉄道区分":"普通鉄道"}},{"type":"Feature","geometry":{"type":"LineString","coordinates":[[139.52628,35.45297],[139.52614,35.45355],[139.52576,35.45451],[139.5255,35.45502],[139.52472,35.45666],[139.52469,35.45738],[139.52476,35.45786],[139.52491,35.45828],[139.525,35.45843],[139.52551,35.45908],[139.52591,35.45948],[139.52632,35.45987],[139.52706,35.46035],[139.52793,35.46078],[139.52836,35.46102]]},"properties":{"事業者種別":"民営鉄道","行政区域":"14100","路線名":"いずみ野線","運営会社":"相模鉄道","鉄道区分":"普通鉄道"}},{"type":"Feature","geometry":{"type":"LineString","coordinates":[[139.52836,35.46102],[139.52898,35.46116],[139.52957,35.46136],[139.52993,35.46152],[139.53052,35.46194],[139.53156,35.46278]]},"properties":{"事業者種別":"民営鉄道","行政区域":"14100","路線名":"いずみ野線","運営会社":"相模鉄道","鉄道区分":"普通鉄道"}},{"type":"Feature","geometry":{"type":"LineString","coordinates":[[139.48192,35.40516],[139.4828,35.40613]]},"properties":{"事業者種別":"民営鉄道","行政区域":"14100","路線名":"いずみ野線","運営会社":"相模鉄道","鉄道区分":"普通鉄道"}},{"type":"Feature","geometry":{"type":"LineString","coordinates":[[139.49619,35.42928],[139.4968,35.42916],[139.49812,35.42892],[139.49897,35.42881],[139.50004,35.42868],[139.50096,35.42869],[139.50171,35.42878],[139.50239,35.42894],[139.50453,35.42945],[139.50586,35.42975]]},"properties":{"事業者種別":"民営鉄道","行政区域":"14100","路線名":"いずみ野線","運営会社":"相模鉄道","鉄道区分":"普通鉄道"}},{"type":"Feature","geometry":{"type":"LineString","coordinates":[[139.4873,35.41582],[139.48731,35.41588],[139.48753,35.41749],[139.48762,35.41806],[139.4877,35.41865],[139.48771,35.4189],[139.48769,35.41918],[139.48764,35.41954],[139.48759,35.4197],[139.48752,35.41993],[139.48729,35.42063],[139.48714,35.42118],[139.48704,35.42158],[139.48696,35.42197],[139.48692,35.42234],[139.4869,35.42278],[139.4869,35.42321],[139.48694,35.4235],[139.48696,35.42383],[139.48699,35.42439],[139.48702,35.42487],[139.48708,35.42545],[139.48711,35.42591],[139.48717,35.42628],[139.48731,35.42679],[139.48751,35.42734],[139.4876,35.42753],[139.48781,35.42789],[139.48827,35.42846],[139.48845,35.42863],[139.48865,35.42883],[139.48908,35.42915],[139.48964,35.42945],[139.49037,35.42971],[139.49077,35.42982],[139.4909,35.42984],[139.49145,35.4299],[139.492,35.42989],[139.49217,35.42989],[139.49244,35.42987],[139.49326,35.42983],[139.49405,35.42971]]},"properties":{"事業者種別":"民営鉄道","行政区域":"14100","路線名":"いずみ野線","運営会社":"相模鉄道","鉄道区分":"普通鉄道"}},{"type":"Feature","geometry":{"type":"LineString","coordinates":[[139.53156,35.46278],[139.53318,35.464]]},"properties":{"事業者種別":"民営鉄道","行政区域":"14100","路線名":"いずみ野線","運営会社":"相模鉄道","鉄道区分":"普通鉄道"}},{"type":"Feature","geometry":{"type":"LineString","coordinates":[[139.477540725,35.399160652],[139.47764,35.39925],[139.47784,35.39942],[139.47816,35.39974],[139.47844,35.40008],[139.47859,35.40029],[139.47872,35.40051],[139.47894,35.40093],[139.4796,35.40219],[139.47979,35.40257],[139.47997,35.40283],[139.48015,35.40308],[139.48037,35.40335],[139.48107,35.40418],[139.48187,35.40511],[139.48192,35.40516]]},"properties":{"事業者種別":"民営鉄道","行政区域":"14100","路線名":"いずみ野線","運営会社":"相模鉄道","鉄道区分":"普通鉄道"}},{"type":"Feature","geometry":{"type":"LineString","coordinates":[[139.60835,35.45325],[139.60959,35.45394]]},"properties":{"事業者種別":"民営鉄道","行政区域":"14100","路線名":"本線","運営会社":"相模鉄道","鉄道区分":"普通鉄道"}},{"type":"Feature","geometry":{"type":"LineString","coordinates":[[139.60185,35.45424],[139.60321,35.45378]]},"properties":{"事業者種別":"民営鉄道","行政区域":"14100","路線名":"本線","運営会社":"相模鉄道","鉄道区分":"普通鉄道"}},{"type":"Feature","geometry":{"type":"LineString","coordinates":[[139.58594,35.46392],[139.58682,35.4635]]},"properties":{"事業者種別":"民営鉄道","行政区域":"14100","路線名":"本線","運営会社":"相模鉄道","鉄道区分":"普通鉄道"}},{"type":"Feature","geometry":{"type":"LineString","coordinates":[[139.61678,35.46019],[139.61769,35.46113],[139.61852,35.46201],[139.61965,35.46328],[139.61993,35.46359],[139.62052,35.46423],[139.62082,35.46456],[139.62123,35.46481]]},"properties":{"事業者種別":"民営鉄道","行政区域":"14100","路線名":"本線","運営会社":"相模鉄道","鉄道区分":"普通鉄道"}},{"type":"Feature","geometry":{"type":"LineString","coordinates":[[139.581388111,35.46663205],[139.58223,35.46601],[139.58289,35.46559],[139.58302,35.46551],[139.58315,35.46543],[139.58367,35.46511],[139.58594,35.46392]]},"properties":{"事業者種別":"民営鉄道","行政区域":"14100","路線名":"本線","運営会社":"相模鉄道","鉄道区分":"普通鉄道"}},{"type":"Feature","geometry":{"type":"LineString","coordinates":[[139.59467,35.45881],[139.59572,35.45766]]},"properties":{"事業者種別":"民営鉄道","行政区域":"14100","路線名":"本線","運営会社":"相模鉄道","鉄道区分":"普通鉄道"}},{"type":"Feature","geometry":{"type":"LineString","coordinates":[[139.61615,35.4595],[139.61678,35.46019]]},"properties":{"事業者種別":"民営鉄道","行政区域":"14100","路線名":"本線","運営会社":"相模鉄道","鉄道区分":"普通鉄道"}},{"type":"Feature","geometry":{"type":"LineString","coordinates":[[139.58682,35.4635],[139.58741,35.46326],[139.58859,35.46282],[139.58956,35.46245],[139.59069,35.46205],[139.59164,35.4617],[139.59238,35.4613],[139.59249,35.46124],[139.5935,35.4601],[139.59467,35.45881]]},"properties":{"事業者種別":"民営鉄道","行政区域":"14100","路線名":"本線","運営会社":"相模鉄道","鉄道区分":"普通鉄道"}},{"type":"Feature","geometry":{"type":"LineString","coordinates":[[139.60321,35.45378],[139.60371,35.45362],[139.60439,35.45338],[139.6052,35.45311],[139.60588,35.45291],[139.60629,35.45284],[139.6068,35.45282],[139.60757,35.45293],[139.60793,35.45308],[139.60797,35.45309],[139.60835,35.45325]]},"properties":{"事業者種別":"民営鉄道","行政区域":"14100","路線名":"本線","運営会社":"相模鉄道","鉄道区分":"普通鉄道"}},{"type":"Feature","geometry":{"type":"LineString","coordinates":[[139.62313,35.46693],[139.62179,35.46553],[139.62123,35.46481]]},"properties":{"事業者種別":"民営鉄道","行政区域":"14100","路線名":"本線","運営会社":"相模鉄道","鉄道区分":"普通鉄道"}},{"type":"Feature","geometry":{"type":"LineString","coordinates":[[139.579519293,35.468108259],[139.581388111,35.46663205]]},"properties":{"事業者種別":"民営鉄道","行政区域":"14100","路線名":"本線","運営会社":"相模鉄道","鉄道区分":"普通鉄道"}},{"type":"Feature","geometry":{"type":"LineString","coordinates":[[139.59572,35.45766],[139.59636,35.45702],[139.59694,35.45642],[139.59736,35.45606],[139.59799,35.45566],[139.59889,35.45526],[139.59995,35.45491],[139.60083,35.4546],[139.60185,35.45424]]},"properties":{"事業者種別":"民営鉄道","行政区域":"14100","路線名":"本線","運営会社":"相模鉄道","鉄道区分":"普通鉄道"}},{"type":"Feature","geometry":{"type":"LineString","coordinates":[[139.60959,35.45394],[139.61021,35.45428],[139.61051,35.45445],[139.61083,35.45463],[139.61139,35.45494],[139.61227,35.45551],[139.6131,35.45618],[139.61378,35.45693],[139.61511,35.45827],[139.61615,35.4595]]},"properties":{"事業者種別":"民営鉄道","行政区域":"14100","路線名":"本線","運営会社":"相模鉄道","鉄道区分":"普通鉄道"}},{"type":"Feature","geometry":{"type":"LineString","coordinates":[[139.50155,35.46818],[139.50359,35.46739]]},"properties":{"事業者種別":"民営鉄道","行政区域":"14100","路線名":"本線","運営会社":"相模鉄道","鉄道区分":"普通鉄道"}},{"type":"Feature","geometry":{"type":"LineString","coordinates":[[139.474503429,35.469720264],[139.47463,35.46973],[139.47476,35.46974],[139.47605,35.46985],[139.47637,35.46987],[139.47752,35.46996],[139.47846,35.47004],[139.47912,35.47011],[139.47971,35.47016],[139.48045,35.47023],[139.48065,35.47025],[139.4814,35.47031],[139.48215,35.47037]]},"properties":{"事業者種別":"民営鉄道","行政区域":"14100","路線名":"本線","運営会社":"相模鉄道","鉄道区分":"普通鉄道"}},{"type":"Feature","geometry":{"type":"LineString","coordinates":[[139.54941,35.47493],[139.55056,35.47525]]},"properties":{"事業者種別":"民営鉄道","行政区域":"14100","路線名":"本線","運営会社":"相模鉄道","鉄道区分":"普通鉄道"}},{"type":"Feature","geometry":{"type":"LineString","coordinates":[[139.55056,35.47525],[139.55138,35.4755],[139.55169,35.47564],[139.55183,35.47573],[139.55194,35.47579],[139.55211,35.47592],[139.55278,35.47648],[139.55309,35.47676],[139.55337,35.47698],[139.55374,35.47721],[139.554,35.47734],[139.55444,35.4775],[139.5568,35.47782],[139.55752,35.47792],[139.55874,35.47803],[139.56049,35.4781],[139.56081,35.47811],[139.56103,35.47811],[139.564331226,35.478111928]]},"properties":{"事業者種別":"民営鉄道","行政区域":"14100","路線名":"本線","運営会社":"相模鉄道","鉄道区分":"普通鉄道"}},{"type":"Feature","geometry":{"type":"LineString","coordinates":[[139.564331226,35.478111928],[139.566710435,35.478017702]]},"properties":{"事業者種別":"民営鉄道","行政区域":"14100","路線名":"本線","運営会社":"相模鉄道","鉄道区分":"普通鉄道"}},{"type":"Feature","geometry":{"type":"LineString","coordinates":[[139.566710435,35.478017702],[139.567401825,35.477907904],[139.568496161,35.477721843],[139.569059241,35.477606779],[139.569446053,35.4775113],[139.569666389,35.477459888],[139.569876932,35.477381546],[139.570084907,35.477281561],[139.570465737,35.477053848],[139.570750378,35.476828098],[139.570978091,35.47659057],[139.57107428,35.47647475],[139.571179303,35.476333411],[139.571250954,35.476227407],[139.571343217,35.476072326],[139.571459037,35.475828909],[139.571743678,35.475245885],[139.57191,35.47481],[139.57214,35.47435],[139.57219,35.47425],[139.57257,35.47379],[139.57287,35.47343],[139.573818615,35.472650741],[139.57486688,35.471818411],[139.577607289,35.469639433],[139.578918602,35.468595093],[139.579519293,35.468108259]]},"properties":{"事業者種別":"民営鉄道","行政区域":"14100","路線名":"本線","運営会社":"相模鉄道","鉄道区分":"普通鉄道"}},{"type":"Feature","geometry":{"type":"LineString","coordinates":[[139.53318,35.464],[139.53381,35.4645],[139.53447,35.46498],[139.53568,35.46589],[139.53649,35.46647],[139.53729,35.46701],[139.53788,35.46735],[139.53903,35.46796],[139.54016,35.4686],[139.54068,35.46889],[139.54144,35.46935],[139.5419,35.46966],[139.54253,35.47013],[139.54463,35.47188],[139.54479,35.47204],[139.54504,35.47221],[139.54607,35.47309],[139.54709,35.47392],[139.54764,35.47426],[139.54819,35.47452],[139.54847,35.47463],[139.54874,35.47473],[139.54941,35.47493]]},"properties":{"事業者種別":"民営鉄道","行政区域":"14100","路線名":"本線","運営会社":"相模鉄道","鉄道区分":"普通鉄道"}},{"type":"Feature","geometry":{"type":"LineString","coordinates":[[139.48215,35.47037],[139.48303,35.47043]]},"properties":{"事業者種別":"民営鉄道","行政区域":"14100","路線名":"本線","運営会社":"相模鉄道","鉄道区分":"普通鉄道"}},{"type":"Feature","geometry":{"type":"LineString","coordinates":[[139.50359,35.46739],[139.50418,35.46715],[139.50474,35.46682],[139.50522,35.46642],[139.50524,35.4664],[139.50547,35.4662],[139.50617,35.46544],[139.50706,35.46422],[139.50789,35.46319],[139.50834,35.46278],[139.50897,35.46229],[139.5098,35.46181],[139.51059,35.4614],[139.51122,35.46115],[139.51255,35.46077]]},"properties":{"事業者種別":"民営鉄道","行政区域":"14100","路線名":"本線","運営会社":"相模鉄道","鉄道区分":"普通鉄道"}},{"type":"Feature","geometry":{"type":"LineString","coordinates":[[139.5144,35.46031],[139.51533,35.46007],[139.51585,35.46],[139.51643,35.45999],[139.51694,35.46001],[139.51749,35.46009],[139.51783,35.46014],[139.5204,35.46066],[139.52239,35.46107],[139.52299,35.46118],[139.52324,35.46118],[139.52354,35.46116],[139.52409,35.46111],[139.52524,35.46097],[139.52602,35.46089],[139.52662,35.46082],[139.52712,35.46083],[139.52761,35.46089],[139.52836,35.46102]]},"properties":{"事業者種別":"民営鉄道","行政区域":"14100","路線名":"本線","運営会社":"相模鉄道","鉄道区分":"普通鉄道"}},{"type":"Feature","geometry":{"type":"LineString","coordinates":[[139.51255,35.46077],[139.5144,35.46031]]},"properties":{"事業者種別":"民営鉄道","行政区域":"14100","路線名":"本線","運営会社":"相模鉄道","鉄道区分":"普通鉄道"}},{"type":"Feature","geometry":{"type":"LineString","coordinates":[[139.48303,35.47043],[139.48363,35.47048],[139.48425,35.47052],[139.48449,35.47053],[139.48458,35.47053],[139.48495,35.47054],[139.48613,35.47056],[139.48731,35.47056],[139.48761,35.47056],[139.48848,35.47056],[139.48862,35.47055],[139.49007,35.47054],[139.49021,35.47054],[139.49115,35.47054],[139.49138,35.47054],[139.49241,35.47054],[139.49341,35.47054],[139.49449,35.47052],[139.49506,35.47049],[139.49532,35.47045],[139.49564,35.47038],[139.4961,35.47028],[139.49622,35.47025],[139.49642,35.4702],[139.4968,35.47006],[139.49751,35.46979],[139.49914,35.4691],[139.49979,35.46886],[139.50083,35.46847],[139.50155,35.46818]]},"properties":{"事業者種別":"民営鉄道","行政区域":"14100","路線名":"本線","運営会社":"相模鉄道","鉄道区分":"普通鉄道"}},{"type":"Feature","geometry":{"type":"LineString","coordinates":[[139.53156,35.46278],[139.53318,35.464]]},"properties":{"事業者種別":"民営鉄道","行政区域":"14100","路線名":"本線","運営会社":"相模鉄道","鉄道区分":"普通鉄道"}},{"type":"Feature","geometry":{"type":"LineString","coordinates":[[139.52836,35.46102],[139.52898,35.46116],[139.52957,35.46136],[139.52993,35.46152],[139.53052,35.46194],[139.53156,35.46278]]},"properties":{"事業者種別":"民営鉄道","行政区域":"14100","路線名":"本線","運営会社":"相模鉄道","鉄道区分":"普通鉄道"}},{"type":"Feature","geometry":{"type":"LineString","coordinates":[[139.61943,35.50876],[139.62179,35.51065],[139.62332,35.5119],[139.62406,35.51253],[139.62525,35.5135],[139.62632,35.51438],[139.62748,35.51542],[139.62816,35.5161],[139.62893,35.51694],[139.62923,35.51731],[139.62982,35.51803],[139.63084,35.51935],[139.63191,35.5208],[139.63219,35.5212],[139.63239,35.52146],[139.63377,35.52324],[139.63469,35.52455],[139.63579,35.52617],[139.63726,35.5282],[139.63905,35.53065],[139.64048,35.53263],[139.64143,35.53393],[139.64206,35.53479],[139.64415,35.53766],[139.64556,35.53958],[139.64708,35.54169],[139.64715,35.54178],[139.64895,35.54452],[139.65006,35.54621],[139.65063,35.54713],[139.65121,35.54801],[139.65254,35.55005],[139.65306,35.55083],[139.65378,35.55196],[139.65497,35.55375],[139.65532,35.55429],[139.65596,35.55523],[139.65607,35.55547],[139.65626,35.55576],[139.656263076,35.555764643]]},"properties":{"事業者種別":"JRの新幹線","行政区域":"14100","路線名":"東海道新幹線","運営会社":"東海旅客鉄道","鉄道区分":"普通鉄道JR"}},{"type":"Feature","geometry":{"type":"LineString","coordinates":[[139.473210779,35.434920289],[139.47356,35.43505],[139.47397,35.43519],[139.47429,35.4353],[139.47587,35.43587],[139.47741,35.43644],[139.47747,35.43646],[139.47772,35.43656],[139.47778,35.43658],[139.47823,35.43675],[139.47829,35.43677],[139.47846,35.43683],[139.47854,35.43686],[139.47893,35.43701],[139.47986,35.43736],[139.48004,35.43742],[139.48177,35.43808],[139.48185,35.43811],[139.48193,35.43814],[139.48201,35.43817],[139.48226,35.43826],[139.48258,35.43838],[139.48329,35.43864],[139.48339,35.43868],[139.48362,35.43876],[139.48419,35.43896],[139.48431,35.439],[139.48454,35.43907],[139.48466,35.43912],[139.4853,35.43935],[139.48538,35.43938],[139.48548,35.43942],[139.48554,35.43944],[139.48705,35.44001],[139.48713,35.44004],[139.4885,35.44054],[139.48894,35.44069],[139.48926,35.44081],[139.49138,35.44158],[139.49167,35.44168],[139.49217,35.44186],[139.49383,35.44246],[139.49401,35.44253],[139.49404,35.44253],[139.49523,35.44299],[139.49571,35.44316],[139.49594,35.44324],[139.4968,35.4435],[139.49855,35.44415],[139.50027,35.44479],[139.50249,35.44562],[139.5042,35.44627],[139.50492,35.44653],[139.50649,35.44704],[139.50939,35.4479],[139.50986,35.44804],[139.51347,35.4491],[139.51615,35.44996],[139.51626,35.44999],[139.51872,35.45104],[139.52105,35.45223],[139.52268,35.45313],[139.52548,35.45479],[139.52569,35.45492],[139.52718,35.4558],[139.52737,35.45591],[139.53057,35.45782],[139.53146,35.45837],[139.53247,35.45893],[139.53461,35.46023],[139.53629,35.46122],[139.53903,35.46284],[139.5415,35.46432],[139.54216,35.46469],[139.54233,35.4648],[139.54251,35.46491],[139.54346,35.46547],[139.54474,35.46625],[139.54654,35.4673],[139.54751,35.46786],[139.54783,35.46805],[139.54791,35.46809],[139.5502,35.46949],[139.55044,35.46963],[139.55053,35.46968],[139.55066,35.46976],[139.55126,35.47012],[139.55244,35.47082],[139.5535,35.47145],[139.55366,35.47155],[139.55405,35.47177],[139.55524,35.47248],[139.55619,35.47303],[139.55771,35.47393],[139.5586,35.47449],[139.56025,35.47544],[139.5611,35.47594],[139.56133,35.47608],[139.56229,35.47665],[139.5629,35.477],[139.56368,35.47743],[139.56386,35.47753],[139.56473,35.47796],[139.56532,35.47828],[139.56582,35.47853],[139.56651,35.47885],[139.56687,35.479],[139.56941,35.47996],[139.57003,35.48018],[139.57048,35.48032],[139.57156,35.48064],[139.57202,35.48078],[139.57253,35.48091],[139.57409,35.48128],[139.57544,35.48162],[139.57662,35.48192],[139.57718,35.48205],[139.58086,35.48293],[139.58127,35.48303],[139.58172,35.48314],[139.58294,35.48344],[139.58528,35.48409],[139.5854,35.48413],[139.58569,35.48421],[139.58577,35.48423],[139.588,35.485],[139.58914,35.48547],[139.58987,35.48578],[139.59002,35.48585],[139.5907,35.48617],[139.59083,35.48624],[139.59111,35.48638]]},"properties":{"事業者種別":"JRの新幹線","行政区域":"14100","路線名":"東海道新幹線","運営会社":"東海旅客鉄道","鉄道区分":"普通鉄道JR"}},{"type":"Feature","geometry":{"type":"LineString","coordinates":[[139.59111,35.48638],[139.59171,35.48669],[139.59274,35.48724],[139.59446,35.48835],[139.59627,35.48966],[139.59718,35.49038],[139.59803,35.49103],[139.5994,35.4921],[139.60042,35.49298],[139.60148,35.49391],[139.60339,35.49556],[139.60364,35.49578],[139.60394,35.49603],[139.60414,35.49623],[139.60507,35.49701],[139.60528,35.49721],[139.60732,35.49898],[139.60756,35.49919],[139.60782,35.4994],[139.60921,35.5006],[139.61025,35.50148],[139.61096,35.50207],[139.61159,35.50254],[139.61252,35.50326],[139.61585,35.50592]]},"properties":{"事業者種別":"JRの新幹線","行政区域":"14100","路線名":"東海道新幹線","運営会社":"東海旅客鉄道","鉄道区分":"普通鉄道JR"}},{"type":"Feature","geometry":{"type":"LineString","coordinates":[[139.61585,35.50592],[139.61639,35.50634],[139.61711,35.50691],[139.61943,35.50876]]},"properties":{"事業者種別":"JRの新幹線","行政区域":"14100","路線名":"東海道新幹線","運営会社":"東海旅客鉄道","鉄道区分":"普通鉄道JR"}},{"type":"Feature","geometry":{"type":"LineString","coordinates":[[139.48677,35.55761],[139.48656,35.55839]]},"properties":{"事業者種別":"民営鉄道","行政区域":"14100","路線名":"こどもの国線","運営会社":"東急電鉄","鉄道区分":"普通鉄道"}},{"type":"Feature","geometry":{"type":"LineString","coordinates":[[139.49176,35.54596],[139.49222,35.54554],[139.49256,35.54524]]},"properties":{"事業者種別":"民営鉄道","行政区域":"14100","路線名":"こどもの国線","運営会社":"東急電鉄","鉄道区分":"普通鉄道"}},{"type":"Feature","geometry":{"type":"LineString","coordinates":[[139.49176,35.54596],[139.49119,35.54649],[139.49095,35.54674],[139.49084,35.5469],[139.49079,35.54704],[139.49074,35.54724],[139.49066,35.54773],[139.49039,35.5493],[139.49039,35.54931],[139.49014,35.55087],[139.49,35.55175],[139.48988,35.55239],[139.48982,35.55262],[139.48974,35.5528],[139.48959,35.55302],[139.4894,35.55326],[139.48917,35.5535],[139.48874,35.55401],[139.48805,35.55477],[139.48773,35.55517],[139.48747,35.55549],[139.48733,35.55571],[139.48724,35.55591],[139.48716,35.55612],[139.48701,35.55663],[139.48677,35.55761]]},"properties":{"事業者種別":"民営鉄道","行政区域":"14100","路線名":"こどもの国線","運営会社":"東急電鉄","鉄道区分":"普通鉄道"}},{"type":"Feature","geometry":{"type":"LineString","coordinates":[[139.49284,35.53201],[139.49256,35.53206],[139.4922,35.53216],[139.49199,35.53225],[139.49183,35.53235],[139.49167,35.5325],[139.49138,35.53287],[139.49124,35.53311],[139.49119,35.53328],[139.49117,35.53351],[139.4912,35.53374],[139.49127,35.534],[139.49139,35.53434],[139.49182,35.53551],[139.49233,35.53696],[139.49241,35.53718],[139.49275,35.53819],[139.49278,35.53828],[139.4929,35.53859],[139.49317,35.53948],[139.49365,35.54086],[139.49372,35.54107],[139.49387,35.54147],[139.494,35.54191],[139.49401,35.54213],[139.49399,35.54234],[139.49355,35.54356],[139.49335,35.54419],[139.4933,35.54428],[139.49312,35.54463],[139.493,35.54483],[139.49285,35.54498],[139.49256,35.54524]]},"properties":{"事業者種別":"民営鉄道","行政区域":"14100","路線名":"こどもの国線","運営会社":"東急電鉄","鉄道区分":"普通鉄道"}},{"type":"Feature","geometry":{"type":"LineString","coordinates":[[139.49536,35.53185],[139.49284,35.53201]]},"properties":{"事業者種別":"民営鉄道","行政区域":"14100","路線名":"こどもの国線","運営会社":"東急電鉄","鉄道区分":"普通鉄道"}},{"type":"Feature","geometry":{"type":"LineString","coordinates":[[139.55955,35.57763],[139.56003,35.57769],[139.56033,35.57773],[139.5606,35.57777],[139.56217,35.57782],[139.56227,35.57782],[139.56276,35.57784],[139.56285,35.57784],[139.56354,35.57785],[139.5649,35.5779],[139.56528,35.57791],[139.56549,35.57792],[139.565491414,35.577920051]]},"properties":{"事業者種別":"民営鉄道","行政区域":"14100","路線名":"田園都市線","運営会社":"東急電鉄","鉄道区分":"普通鉄道"}},{"type":"Feature","geometry":{"type":"LineString","coordinates":[[139.51795,35.54289],[139.51665,35.54282]]},"properties":{"事業者種別":"民営鉄道","行政区域":"14100","路線名":"田園都市線","運営会社":"東急電鉄","鉄道区分":"普通鉄道"}},{"type":"Feature","geometry":{"type":"LineString","coordinates":[[139.55779,35.57711],[139.5573,35.57691],[139.55662,35.57654],[139.5561,35.57615],[139.55516,35.57502],[139.55509,35.57492],[139.55483,35.57442],[139.55455,35.57386],[139.55447,35.57359],[139.5544,35.57334],[139.55438,35.5732],[139.55425,35.57256],[139.55404,35.57142],[139.55376,35.56992],[139.55374,35.56981],[139.55364,35.56925],[139.55362,35.56914]]},"properties":{"事業者種別":"民営鉄道","行政区域":"14100","路線名":"田園都市線","運営会社":"東急電鉄","鉄道区分":"普通鉄道"}},{"type":"Feature","geometry":{"type":"LineString","coordinates":[[139.5417,35.55172],[139.54082,35.55081]]},"properties":{"事業者種別":"民営鉄道","行政区域":"14100","路線名":"田園都市線","運営会社":"東急電鉄","鉄道区分":"普通鉄道"}},{"type":"Feature","geometry":{"type":"LineString","coordinates":[[139.55955,35.57763],[139.55884,35.57751],[139.55842,35.57737],[139.55779,35.57711]]},"properties":{"事業者種別":"民営鉄道","行政区域":"14100","路線名":"田園都市線","運営会社":"東急電鉄","鉄道区分":"普通鉄道"}},{"type":"Feature","geometry":{"type":"LineString","coordinates":[[139.55362,35.56914],[139.55355,35.56879],[139.55347,35.56841]]},"properties":{"事業者種別":"民営鉄道","行政区域":"14100","路線名":"田園都市線","運営会社":"東急電鉄","鉄道区分":"普通鉄道"}},{"type":"Feature","geometry":{"type":"LineString","coordinates":[[139.54082,35.55081],[139.54007,35.55004],[139.53952,35.54948],[139.53927,35.54923],[139.53904,35.549],[139.53871,35.54865],[139.53828,35.54819],[139.53741,35.54731],[139.53679,35.54666],[139.5363,35.54631],[139.53536,35.54574],[139.53513,35.54565],[139.53492,35.54557],[139.53364,35.54516],[139.53321,35.54501],[139.53268,35.54484],[139.53058,35.54418],[139.53007,35.54404],[139.52933,35.54379],[139.52882,35.54364],[139.52851,35.54357],[139.52817,35.5435],[139.52805,35.54347]]},"properties":{"事業者種別":"民営鉄道","行政区域":"14100","路線名":"田園都市線","運営会社":"東急電鉄","鉄道区分":"普通鉄道"}},{"type":"Feature","geometry":{"type":"LineString","coordinates":[[139.50506,35.53633],[139.50478,35.5361],[139.50449,35.53584],[139.50404,35.53542]]},"properties":{"事業者種別":"民営鉄道","行政区域":"14100","路線名":"田園都市線","運営会社":"東急電鉄","鉄道区分":"普通鉄道"}},{"type":"Feature","geometry":{"type":"LineString","coordinates":[[139.55347,35.56841],[139.55296,35.56563],[139.55282,35.56434],[139.55281,35.56339],[139.5528,35.56303],[139.55273,35.56177],[139.55264,35.56119],[139.55249,35.56074],[139.55175,35.55915],[139.55163,35.55889]]},"properties":{"事業者種別":"民営鉄道","行政区域":"14100","路線名":"田園都市線","運営会社":"東急電鉄","鉄道区分":"普通鉄道"}},{"type":"Feature","geometry":{"type":"LineString","coordinates":[[139.52805,35.54347],[139.52711,35.54333]]},"properties":{"事業者種別":"民営鉄道","行政区域":"14100","路線名":"田園都市線","運営会社":"東急電鉄","鉄道区分":"普通鉄道"}},{"type":"Feature","geometry":{"type":"LineString","coordinates":[[139.55163,35.55889],[139.55119,35.55818]]},"properties":{"事業者種別":"民営鉄道","行政区域":"14100","路線名":"田園都市線","運営会社":"東急電鉄","鉄道区分":"普通鉄道"}},{"type":"Feature","geometry":{"type":"LineString","coordinates":[[139.51665,35.54282],[139.51534,35.54275],[139.5144,35.54262],[139.51347,35.54243],[139.51334,35.54241],[139.51247,35.54215],[139.51154,35.54171],[139.51065,35.54124],[139.51027,35.54096],[139.50924,35.54006],[139.50753,35.53855],[139.50707,35.53812],[139.50506,35.53633]]},"properties":{"事業者種別":"民営鉄道","行政区域":"14100","路線名":"田園都市線","運営会社":"東急電鉄","鉄道区分":"普通鉄道"}},{"type":"Feature","geometry":{"type":"LineString","coordinates":[[139.52711,35.54333],[139.52674,35.54326],[139.52647,35.54325],[139.52636,35.54325],[139.52583,35.54323],[139.52263,35.54305],[139.52122,35.54306],[139.52055,35.54302],[139.52008,35.543],[139.51908,35.54295],[139.51795,35.54289]]},"properties":{"事業者種別":"民営鉄道","行政区域":"14100","路線名":"田園都市線","運営会社":"東急電鉄","鉄道区分":"普通鉄道"}},{"type":"Feature","geometry":{"type":"LineString","coordinates":[[139.55119,35.55818],[139.55107,35.55807],[139.55052,35.55752],[139.55036,35.55741],[139.55019,35.55729],[139.55013,35.55726],[139.54716,35.5558],[139.54444,35.55443],[139.54402,35.55409],[139.54292,35.55319],[139.5417,35.55172]]},"properties":{"事業者種別":"民営鉄道","行政区域":"14100","路線名":"田園都市線","運営会社":"東急電鉄","鉄道区分":"普通鉄道"}},{"type":"Feature","geometry":{"type":"LineString","coordinates":[[139.50404,35.53542],[139.50371,35.53514],[139.50345,35.53493],[139.50253,35.53407],[139.50175,35.53337],[139.50091,35.53267],[139.50051,35.53242],[139.49988,35.53213],[139.49913,35.53193],[139.49781,35.53185],[139.4968,35.53184],[139.49536,35.53185]]},"properties":{"事業者種別":"民営鉄道","行政区域":"14100","路線名":"田園都市線","運営会社":"東急電鉄","鉄道区分":"普通鉄道"}},{"type":"Feature","geometry":{"type":"LineString","coordinates":[[139.48612252,35.53046336],[139.48615,35.5305],[139.48634,35.53069],[139.48654,35.53087],[139.48673,35.53102],[139.48689,35.53113],[139.48703,35.53121],[139.48726,35.53132],[139.48754,35.53143],[139.48793,35.53153],[139.48827,35.5316],[139.48854,35.53164],[139.48902,35.53166],[139.48998,35.53168],[139.49025,35.53169],[139.49064,35.53171],[139.49197,35.53176],[139.49313,35.53181]]},"properties":{"事業者種別":"民営鉄道","行政区域":"14100","路線名":"田園都市線","運営会社":"東急電鉄","鉄道区分":"普通鉄道"}},{"type":"Feature","geometry":{"type":"LineString","coordinates":[[139.49313,35.53181],[139.49536,35.53185]]},"properties":{"事業者種別":"民営鉄道","行政区域":"14100","路線名":"田園都市線","運営会社":"東急電鉄","鉄道区分":"普通鉄道"}},{"type":"Feature","geometry":{"type":"LineString","coordinates":[[139.64669,35.55282],[139.64651,35.55236],[139.64627,35.55179],[139.64541,35.54965],[139.64535,35.54951],[139.64517,35.54913],[139.64507,35.5489],[139.64492,35.54865],[139.64478,35.54846],[139.64365,35.54714],[139.64352,35.54697],[139.64209,35.54533],[139.64144,35.54457],[139.63975,35.54261],[139.63753,35.54],[139.63574,35.5379],[139.6351,35.53717]]},"properties":{"事業者種別":"民営鉄道","行政区域":"14100","路線名":"東横線","運営会社":"東急電鉄","鉄道区分":"普通鉄道"}},{"type":"Feature","geometry":{"type":"LineString","coordinates":[[139.64737,35.55516],[139.64669,35.55282]]},"properties":{"事業者種別":"民営鉄道","行政区域":"14100","路線名":"東横線","運営会社":"東急電鉄","鉄道区分":"普通鉄道"}},{"type":"Feature","geometry":{"type":"LineString","coordinates":[[139.650288644,35.558568644],[139.65018,35.55846],[139.64918,35.55753],[139.64899,35.55736],[139.64831,35.55671],[139.6479,35.5563],[139.64769,35.55601],[139.64756,35.55577],[139.64747,35.55549],[139.64737,35.55516]]},"properties":{"事業者種別":"民営鉄道","行政区域":"14100","路線名":"東横線","運営会社":"東急電鉄","鉄道区分":"普通鉄道"}},{"type":"Feature","geometry":{"type":"LineString","coordinates":[[139.6351,35.53717],[139.63449,35.53646]]},"properties":{"事業者種別":"民営鉄道","行政区域":"14100","路線名":"東横線","運営会社":"東急電鉄","鉄道区分":"普通鉄道"}},{"type":"Feature","geometry":{"type":"LineString","coordinates":[[139.6254,35.47491],[139.62535,35.47474],[139.62531,35.47428],[139.62534,35.47378],[139.62539,35.47338]]},"properties":{"事業者種別":"民営鉄道","行政区域":"14100","路線名":"東横線","運営会社":"東急電鉄","鉄道区分":"普通鉄道"}},{"type":"Feature","geometry":{"type":"LineString","coordinates":[[139.62983,35.52193],[139.62985,35.52179],[139.62987,35.52155],[139.63007,35.51994],[139.63029,35.51833],[139.63039,35.51754],[139.63045,35.51675],[139.63052,35.51625],[139.63072,35.51459],[139.63085,35.51355],[139.63102,35.51224],[139.63118,35.51127]]},"properties":{"事業者種別":"民営鉄道","行政区域":"14100","路線名":"東横線","運営会社":"東急電鉄","鉄道区分":"普通鉄道"}},{"type":"Feature","geometry":{"type":"LineString","coordinates":[[139.63145,35.50972],[139.63159,35.50937],[139.63168,35.50925],[139.63188,35.50901],[139.63206,35.50885],[139.63227,35.5087],[139.6326,35.50843],[139.63315,35.50808],[139.6336,35.50776],[139.63381,35.50759],[139.63394,35.50746],[139.63408,35.50729],[139.63421,35.50713],[139.63437,35.50686],[139.63445,35.50672],[139.63451,35.50658],[139.63456,35.50641],[139.63459,35.50626],[139.63463,35.50607],[139.63465,35.50577],[139.63468,35.50326],[139.63465,35.50293],[139.63458,35.50266],[139.6345,35.50234],[139.63439,35.50204],[139.63425,35.50168],[139.63402,35.50108],[139.63385,35.50064],[139.63376,35.50042],[139.63366,35.50017],[139.63356,35.4999],[139.63344,35.4995],[139.63334,35.49913]]},"properties":{"事業者種別":"民営鉄道","行政区域":"14100","路線名":"東横線","運営会社":"東急電鉄","鉄道区分":"普通鉄道"}},{"type":"Feature","geometry":{"type":"LineString","coordinates":[[139.62813,35.4899],[139.62819,35.48999],[139.62834,35.49016],[139.62856,35.4904],[139.62882,35.49064],[139.62903,35.49079],[139.62929,35.49099],[139.62965,35.49126],[139.62994,35.49152],[139.63032,35.49181],[139.6312,35.49252],[139.63141,35.49272],[139.63165,35.49296],[139.63194,35.49338],[139.63207,35.49357],[139.63228,35.49387],[139.63256,35.4943],[139.63302,35.4951],[139.63313,35.49531],[139.63321,35.49551],[139.63324,35.49563],[139.63328,35.49578],[139.6333,35.49589],[139.63332,35.49602],[139.63334,35.49629],[139.63334,35.49656],[139.63332,35.49687],[139.6333,35.49731],[139.63328,35.49764],[139.63327,35.49842]]},"properties":{"事業者種別":"民営鉄道","行政区域":"14100","路線名":"東横線","運営会社":"東急電鉄","鉄道区分":"普通鉄道"}},{"type":"Feature","geometry":{"type":"LineString","coordinates":[[139.6254,35.47491],[139.62544,35.47505],[139.62553,35.47534],[139.62567,35.47566],[139.62581,35.47587],[139.6261,35.47621],[139.62639,35.4765],[139.62831,35.47821],[139.62894,35.4788],[139.62916,35.47903],[139.62949,35.4794],[139.62965,35.47969],[139.62988,35.48021],[139.62996,35.48046],[139.63001,35.48079],[139.63005,35.4811],[139.63001,35.48153],[139.62995,35.48181],[139.62976,35.48258],[139.62965,35.48306],[139.62963,35.4831]]},"properties":{"事業者種別":"民営鉄道","行政区域":"14100","路線名":"東横線","運営会社":"東急電鉄","鉄道区分":"普通鉄道"}},{"type":"Feature","geometry":{"type":"LineString","coordinates":[[139.62275,35.46687],[139.62308,35.46726],[139.62319,35.4674],[139.6236,35.46789],[139.62371,35.46803],[139.62401,35.4684],[139.62477,35.46946],[139.62497,35.46972],[139.62519,35.47007],[139.62528,35.47022],[139.62535,35.47035],[139.62541,35.47048],[139.62546,35.4706],[139.62554,35.4708],[139.62558,35.471],[139.62562,35.47115],[139.62567,35.4714],[139.62569,35.47174],[139.62566,35.47193],[139.62554,35.47247],[139.62545,35.47293],[139.62544,35.47296],[139.62539,35.47338]]},"properties":{"事業者種別":"民営鉄道","行政区域":"14100","路線名":"東横線","運営会社":"東急電鉄","鉄道区分":"普通鉄道"}},{"type":"Feature","geometry":{"type":"LineString","coordinates":[[139.62983,35.52295],[139.62982,35.52284],[139.62982,35.52257],[139.62982,35.52221],[139.62983,35.52193]]},"properties":{"事業者種別":"民営鉄道","行政区域":"14100","路線名":"東横線","運営会社":"東急電鉄","鉄道区分":"普通鉄道"}},{"type":"Feature","geometry":{"type":"LineString","coordinates":[[139.62275,35.46687],[139.62195,35.466]]},"properties":{"事業者種別":"民営鉄道","行政区域":"14100","路線名":"東横線","運営会社":"東急電鉄","鉄道区分":"普通鉄道"}},{"type":"Feature","geometry":{"type":"LineString","coordinates":[[139.63118,35.51127],[139.63129,35.51055],[139.63145,35.50972]]},"properties":{"事業者種別":"民営鉄道","行政区域":"14100","路線名":"東横線","運営会社":"東急電鉄","鉄道区分":"普通鉄道"}},{"type":"Feature","geometry":{"type":"LineString","coordinates":[[139.62942,35.4837],[139.62941,35.4837],[139.62873,35.48546],[139.62815,35.48703],[139.62803,35.48735],[139.62793,35.48761],[139.62786,35.48785],[139.6278,35.48805],[139.62778,35.48824],[139.62777,35.4884],[139.62774,35.48856],[139.62775,35.4888],[139.62779,35.48912]]},"properties":{"事業者種別":"民営鉄道","行政区域":"14100","路線名":"東横線","運営会社":"東急電鉄","鉄道区分":"普通鉄道"}},{"type":"Feature","geometry":{"type":"LineString","coordinates":[[139.63449,35.53646],[139.63431,35.53621],[139.63421,35.53607],[139.63411,35.53585],[139.63399,35.5355],[139.63395,35.53526],[139.6339,35.53487],[139.63387,35.53461],[139.63388,35.53291],[139.63388,35.53274],[139.63385,35.53235],[139.6338,35.5321],[139.63374,35.53191],[139.63365,35.53171],[139.63354,35.53151],[139.63349,35.53143],[139.63322,35.53099],[139.63267,35.53008],[139.63224,35.52935],[139.63202,35.5289],[139.63183,35.52843],[139.63097,35.52614],[139.63031,35.52434],[139.62999,35.52358],[139.62983,35.52295]]},"properties":{"事業者種別":"民営鉄道","行政区域":"14100","路線名":"東横線","運営会社":"東急電鉄","鉄道区分":"普通鉄道"}},{"type":"Feature","geometry":{"type":"LineString","coordinates":[[139.62963,35.4831],[139.62942,35.4837]]},"properties":{"事業者種別":"民営鉄道","行政区域":"14100","路線名":"東横線","運営会社":"東急電鉄","鉄道区分":"普通鉄道"}},{"type":"Feature","geometry":{"type":"LineString","coordinates":[[139.62779,35.48912],[139.62783,35.48923],[139.62786,35.48937],[139.6279,35.48953],[139.62794,35.48963],[139.628,35.48974],[139.62813,35.4899]]},"properties":{"事業者種別":"民営鉄道","行政区域":"14100","路線名":"東横線","運営会社":"東急電鉄","鉄道区分":"普通鉄道"}},{"type":"Feature","geometry":{"type":"LineString","coordinates":[[139.63327,35.49842],[139.63334,35.49913]]},"properties":{"事業者種別":"民営鉄道","行政区域":"14100","路線名":"東横線","運営会社":"東急電鉄","鉄道区分":"普通鉄道"}},{"type":"Feature","geometry":{"type":"LineString","coordinates":[[139.531410369,35.354162023],[139.53164,35.35542]]},"properties":{"事業者種別":"JR在来線","行政区域":"14100","路線名":"横須賀線","運営会社":"東日本旅客鉄道","鉄道区分":"普通鉄道JR"}},{"type":"Feature","geometry":{"type":"LineString","coordinates":[[139.64643,35.4918],[139.64624,35.49279]]},"properties":{"事業者種別":"JR在来線","行政区域":"14100","路線名":"横浜線","運営会社":"東日本旅客鉄道","鉄道区分":"普通鉄道JR"}},{"type":"Feature","geometry":{"type":"LineString","coordinates":[[139.63127,35.50958],[139.63171,35.50951],[139.63193,35.50947],[139.63235,35.50938],[139.63293,35.50919],[139.63315,35.50912],[139.63382,35.50884],[139.63485,35.50841],[139.63692,35.50749],[139.63818,35.50693],[139.63888,35.50662],[139.63889,35.50662],[139.63901,35.50656],[139.63959,35.5063],[139.63994,35.50611],[139.64025,35.50592],[139.64061,35.50567],[139.64073,35.50557],[139.64103,35.50532],[139.6412,35.50512],[139.64123,35.50508],[139.64135,35.50493],[139.64156,35.50458],[139.6422,35.50326],[139.64221,35.50322],[139.64234,35.50296],[139.64238,35.50287],[139.64312,35.50144],[139.64375,35.50021],[139.6444,35.49892],[139.64447,35.49872],[139.64461,35.49843],[139.64472,35.49816],[139.64483,35.49786],[139.64506,35.49733],[139.64526,35.49677],[139.64552,35.49597],[139.64566,35.49547],[139.6458,35.49484],[139.6459,35.49445],[139.64595,35.49425],[139.64601,35.49392],[139.64624,35.49279]]},"properties":{"事業者種別":"JR在来線","行政区域":"14100","路線名":"横浜線","運営会社":"東日本旅客鉄道","鉄道区分":"普通鉄道JR"}},{"type":"Feature","geometry":{"type":"LineString","coordinates":[[139.61849,35.50687],[139.61636,35.50666]]},"properties":{"事業者種別":"JR在来線","行政区域":"14100","路線名":"横浜線","運営会社":"東日本旅客鉄道","鉄道区分":"普通鉄道JR"}},{"type":"Feature","geometry":{"type":"LineString","coordinates":[[139.63393,35.47869],[139.63495,35.47977],[139.63524,35.48007],[139.6355,35.48037],[139.6356,35.48049],[139.63628,35.4812],[139.63657,35.48151],[139.63684,35.48175],[139.63711,35.48198],[139.63734,35.48213],[139.63763,35.48234],[139.63789,35.48249],[139.63812,35.48263],[139.63836,35.48274],[139.6386,35.48286],[139.6388,35.48294],[139.63905,35.48302],[139.63923,35.48308],[139.64131,35.48367],[139.64229,35.48396],[139.64329,35.48425],[139.64352,35.48432],[139.64401,35.48446],[139.64444,35.4846],[139.64482,35.48472],[139.64522,35.48489],[139.64535,35.48496],[139.64563,35.48511],[139.64588,35.48527],[139.64606,35.48541],[139.64626,35.4856],[139.64649,35.48584],[139.64658,35.48596],[139.64677,35.48627],[139.64682,35.48636],[139.64685,35.48641],[139.64698,35.48668],[139.64711,35.48708],[139.64716,35.48735],[139.64718,35.48755],[139.64719,35.48767],[139.64719,35.48787],[139.64718,35.48805],[139.64714,35.48832],[139.64699,35.48904],[139.64697,35.48912],[139.64694,35.48932],[139.64685,35.48975],[139.64668,35.4905],[139.64643,35.4918]]},"properties":{"事業者種別":"JR在来線","行政区域":"14100","路線名":"横浜線","運営会社":"東日本旅客鉄道","鉄道区分":"普通鉄道JR"}},{"type":"Feature","geometry":{"type":"LineString","coordinates":[[139.6324,35.47706],[139.63393,35.47869]]},"properties":{"事業者種別":"JR在来線","行政区域":"14100","路線名":"横浜線","運営会社":"東日本旅客鉄道","鉄道区分":"普通鉄道JR"}},{"type":"Feature","geometry":{"type":"LineString","coordinates":[[139.61849,35.50687],[139.61987,35.50706],[139.62038,35.50713],[139.6206,35.50716],[139.62095,35.50722],[139.62115,35.50726],[139.62128,35.50729],[139.62136,35.5073],[139.62155,35.50736],[139.62179,35.50744],[139.62222,35.50761],[139.62303,35.50794],[139.62428,35.50846],[139.62533,35.50888],[139.62592,35.50911],[139.62632,35.50925],[139.62668,35.50937],[139.62736,35.50951],[139.62807,35.50962],[139.62893,35.50968]]},"properties":{"事業者種別":"JR在来線","行政区域":"14100","路線名":"横浜線","運営会社":"東日本旅客鉄道","鉄道区分":"普通鉄道JR"}},{"type":"Feature","geometry":{"type":"LineString","coordinates":[[139.60046,35.50824],[139.59878,35.50903]]},"properties":{"事業者種別":"JR在来線","行政区域":"14100","路線名":"横浜線","運営会社":"東日本旅客鉄道","鉄道区分":"普通鉄道JR"}},{"type":"Feature","geometry":{"type":"LineString","coordinates":[[139.61636,35.50666],[139.61454,35.50644],[139.61362,35.50632],[139.6107,35.506],[139.60973,35.50588],[139.60875,35.50579],[139.60848,35.50577],[139.60802,35.50579],[139.60763,35.50583],[139.60659,35.50592],[139.60589,35.50604],[139.60485,35.50629],[139.6039,35.50663],[139.60289,35.50707],[139.60046,35.50824]]},"properties":{"事業者種別":"JR在来線","行政区域":"14100","路線名":"横浜線","運営会社":"東日本旅客鉄道","鉄道区分":"普通鉄道JR"}},{"type":"Feature","geometry":{"type":"LineString","coordinates":[[139.62893,35.50968],[139.62959,35.50966],[139.63003,35.50966],[139.63064,35.50963],[139.63098,35.5096],[139.63127,35.50958]]},"properties":{"事業者種別":"JR在来線","行政区域":"14100","路線名":"横浜線","運営会社":"東日本旅客鉄道","鉄道区分":"普通鉄道JR"}},{"type":"Feature","geometry":{"type":"LineString","coordinates":[[139.54001,35.51435],[139.53994,35.51439],[139.53918,35.51479],[139.53842,35.51519]]},"properties":{"事業者種別":"JR在来線","行政区域":"14100","路線名":"横浜線","運営会社":"東日本旅客鉄道","鉄道区分":"普通鉄道JR"}},{"type":"Feature","geometry":{"type":"LineString","coordinates":[[139.53842,35.51519],[139.53488,35.51703],[139.5293,35.51993],[139.52909,35.52004],[139.52835,35.52042],[139.52425,35.52256],[139.52279,35.52333],[139.52059,35.52444],[139.52007,35.5247],[139.51923,35.52514],[139.51797,35.52578],[139.51731,35.52601],[139.51723,35.52604]]},"properties":{"事業者種別":"JR在来線","行政区域":"14100","路線名":"横浜線","運営会社":"東日本旅客鉄道","鉄道区分":"普通鉄道JR"}},{"type":"Feature","geometry":{"type":"LineString","coordinates":[[139.59878,35.50903],[139.59804,35.50935],[139.5967,35.50992],[139.59563,35.51037],[139.59478,35.51068],[139.59459,35.51074],[139.59331,35.5109],[139.59243,35.51106],[139.59157,35.51117],[139.58952,35.51145],[139.58808,35.51164],[139.58724,35.51179],[139.58511,35.51222],[139.58457,35.51233],[139.58286,35.51269],[139.58131,35.51299],[139.58101,35.51302],[139.58014,35.51301],[139.57981,35.51296],[139.57867,35.51277],[139.57574,35.5123],[139.57347,35.51193],[139.57027,35.5114],[139.56781,35.51099]]},"properties":{"事業者種別":"JR在来線","行政区域":"14100","路線名":"横浜線","運営会社":"東日本旅客鉄道","鉄道区分":"普通鉄道JR"}},{"type":"Feature","geometry":{"type":"LineString","coordinates":[[139.56609,35.51071],[139.56506,35.51053],[139.56474,35.51048],[139.56348,35.51026],[139.5625,35.51011],[139.56094,35.50988],[139.55945,35.50963],[139.55942,35.50962],[139.55805,35.50954],[139.5563,35.50956],[139.55516,35.50973],[139.55279,35.51028],[139.55124,35.51065],[139.54869,35.51132],[139.54771,35.51158],[139.54735,35.51166],[139.54659,35.51185],[139.54438,35.51239],[139.5434,35.51266],[139.54273,35.51292],[139.54204,35.51328],[139.54001,35.51435]]},"properties":{"事業者種別":"JR在来線","行政区域":"14100","路線名":"横浜線","運営会社":"東日本旅客鉄道","鉄道区分":"普通鉄道JR"}},{"type":"Feature","geometry":{"type":"LineString","coordinates":[[139.56781,35.51099],[139.56609,35.51071]]},"properties":{"事業者種別":"JR在来線","行政区域":"14100","路線名":"横浜線","運営会社":"東日本旅客鉄道","鉄道区分":"普通鉄道JR"}},{"type":"Feature","geometry":{"type":"LineString","coordinates":[[139.485778974,35.531249966],[139.48578,35.53125],[139.48593,35.53125],[139.48689,35.53129],[139.48809,35.53134],[139.48906,35.53137],[139.48949,35.53139],[139.49226,35.53151],[139.49429,35.53159]]},"properties":{"事業者種別":"JR在来線","行政区域":"14100","路線名":"横浜線","運営会社":"東日本旅客鉄道","鉄道区分":"普通鉄道JR"}},{"type":"Feature","geometry":{"type":"LineString","coordinates":[[139.49429,35.53159],[139.49508,35.53163],[139.49538,35.53164],[139.49628,35.53167]]},"properties":{"事業者種別":"JR在来線","行政区域":"14100","路線名":"横浜線","運営会社":"東日本旅客鉄道","鉄道区分":"普通鉄道JR"}},{"type":"Feature","geometry":{"type":"LineString","coordinates":[[139.51723,35.52604],[139.51702,35.5261],[139.51667,35.52621],[139.51576,35.52649]]},"properties":{"事業者種別":"JR在来線","行政区域":"14100","路線名":"横浜線","運営会社":"東日本旅客鉄道","鉄道区分":"普通鉄道JR"}},{"type":"Feature","geometry":{"type":"LineString","coordinates":[[139.49628,35.53167],[139.4968,35.53167],[139.49885,35.53165],[139.49954,35.53162],[139.50027,35.53149],[139.50213,35.53089],[139.50245,35.53078],[139.50281,35.53067],[139.50322,35.53054],[139.50377,35.53037],[139.50408,35.53026],[139.50704,35.52931],[139.50961,35.52848],[139.51241,35.52759],[139.51315,35.52735],[139.51576,35.52649]]},"properties":{"事業者種別":"JR在来線","行政区域":"14100","路線名":"横浜線","運営会社":"東日本旅客鉄道","鉄道区分":"普通鉄道JR"}},{"type":"Feature","geometry":{"type":"LineString","coordinates":[[139.64685,35.42591],[139.64609,35.42769]]},"properties":{"事業者種別":"JR在来線","行政区域":"14100","路線名":"根岸線","運営会社":"東日本旅客鉄道","鉄道区分":"普通鉄道JR"}},{"type":"Feature","geometry":{"type":"LineString","coordinates":[[139.64263,35.43952],[139.64276,35.43925],[139.64336,35.43795]]},"properties":{"事業者種別":"JR在来線","行政区域":"14100","路線名":"根岸線","運営会社":"東日本旅客鉄道","鉄道区分":"普通鉄道JR"}},{"type":"Feature","geometry":{"type":"LineString","coordinates":[[139.64609,35.42769],[139.64589,35.42818],[139.64579,35.42856],[139.64574,35.42879],[139.64571,35.429],[139.64566,35.42943],[139.64566,35.42985],[139.64561,35.43067],[139.64557,35.43157],[139.64553,35.43242],[139.64552,35.43265],[139.64548,35.43338],[139.64545,35.43355],[139.64541,35.43375],[139.64536,35.43392],[139.64531,35.43406],[139.64524,35.43422],[139.64519,35.43431],[139.64514,35.43441],[139.64508,35.43452],[139.64483,35.43502],[139.6448,35.43509],[139.64444,35.43579],[139.64437,35.43595],[139.64424,35.4362],[139.6441,35.43649],[139.64391,35.43686],[139.64363,35.43737],[139.64336,35.43795]]},"properties":{"事業者種別":"JR在来線","行政区域":"14100","路線名":"根岸線","運営会社":"東日本旅客鉄道","鉄道区分":"普通鉄道JR"}},{"type":"Feature","geometry":{"type":"LineString","coordinates":[[139.64263,35.43952],[139.64253,35.43973],[139.64235,35.44006],[139.64215,35.44037],[139.6419,35.44065],[139.64166,35.44094],[139.64139,35.4412],[139.64117,35.44137],[139.64098,35.44148],[139.6407,35.44164],[139.6404,35.44178],[139.63998,35.44195],[139.63957,35.44215],[139.63905,35.44237],[139.63867,35.44253],[139.63827,35.4427],[139.63793,35.4429],[139.63761,35.4431],[139.63734,35.44326],[139.63686,35.44357]]},"properties":{"事業者種別":"JR在来線","行政区域":"14100","路線名":"根岸線","運営会社":"東日本旅客鉄道","鉄道区分":"普通鉄道JR"}},{"type":"Feature","geometry":{"type":"LineString","coordinates":[[139.62003,35.38606],[139.62012,35.38589],[139.62033,35.38542],[139.62045,35.38508],[139.62061,35.38457],[139.6207,35.38409],[139.62074,35.38359],[139.62075,35.38314],[139.62069,35.38267],[139.62056,35.3822],[139.62036,35.38165],[139.62019,35.38126],[139.62005,35.38096],[139.61983,35.38068],[139.61952,35.38032],[139.61942,35.38022],[139.61903,35.37986],[139.6187,35.37957],[139.61836,35.37933],[139.61794,35.37907],[139.61767,35.37891],[139.61731,35.37874],[139.61689,35.37858],[139.61654,35.37846],[139.61579,35.37827],[139.61448,35.378],[139.61371,35.37786],[139.61318,35.37777],[139.61268,35.3777],[139.61192,35.37763],[139.61165,35.37763],[139.61112,35.37761],[139.61072,35.37764],[139.60984,35.37779],[139.60969,35.37782],[139.6095,35.37786],[139.60881,35.37802],[139.60853,35.3781],[139.60816,35.37818],[139.60779,35.37827],[139.60748,35.37834],[139.60738,35.37837],[139.60632,35.37865],[139.60559,35.37885],[139.60427,35.37922],[139.6037,35.37936],[139.60243,35.37949],[139.60148,35.37961],[139.60093,35.37964],[139.60048,35.37959],[139.5997,35.37953],[139.599,35.3794],[139.59833,35.37924],[139.59747,35.37897]]},"properties":{"事業者種別":"JR在来線","行政区域":"14100","路線名":"根岸線","運営会社":"東日本旅客鉄道","鉄道区分":"普通鉄道JR"}},{"type":"Feature","geometry":{"type":"LineString","coordinates":[[139.63526,35.44481],[139.63464,35.44545],[139.63424,35.44588],[139.63391,35.44627],[139.63326,35.4471],[139.63297,35.4475],[139.63279,35.4478],[139.63268,35.448],[139.63255,35.44833],[139.63246,35.44861],[139.63234,35.44903],[139.63218,35.44946],[139.63208,35.44971],[139.63197,35.44995],[139.63187,35.45013],[139.63171,35.45034]]},"properties":{"事業者種別":"JR在来線","行政区域":"14100","路線名":"根岸線","運営会社":"東日本旅客鉄道","鉄道区分":"普通鉄道JR"}},{"type":"Feature","geometry":{"type":"LineString","coordinates":[[139.61785,35.39966],[139.61704,35.39846],[139.61676,35.39803],[139.61658,35.39768],[139.61634,35.39718],[139.61613,35.39656],[139.61597,35.39612],[139.61593,35.39598],[139.61588,35.39574],[139.61584,35.39543],[139.61583,35.3949],[139.61582,35.39471],[139.6158,35.39391],[139.61576,35.39299],[139.61576,35.39292],[139.61577,35.39276],[139.61581,35.39226],[139.61588,35.39191],[139.61598,35.39159],[139.61618,35.39111],[139.6164,35.39068],[139.61655,35.39047],[139.61712,35.38974],[139.61798,35.38863],[139.61884,35.38754]]},"properties":{"事業者種別":"JR在来線","行政区域":"14100","路線名":"根岸線","運営会社":"東日本旅客鉄道","鉄道区分":"普通鉄道JR"}},{"type":"Feature","geometry":{"type":"LineString","coordinates":[[139.6217,35.46467],[139.62179,35.46479],[139.62217,35.46536],[139.62335,35.46681]]},"properties":{"事業者種別":"JR在来線","行政区域":"14100","路線名":"根岸線","運営会社":"東日本旅客鉄道","鉄道区分":"普通鉄道JR"}},{"type":"Feature","geometry":{"type":"MultiLineString","coordinates":[[[139.63494,35.41557],[139.63454,35.41549],[139.63398,35.41529],[139.63341,35.41505],[139.63139,35.41403],[139.63112,35.41389],[139.62985,35.41324],[139.629802029,35.413216216]],[[139.62944719,35.413040287],[139.62747,35.41206],[139.62623,35.4114],[139.62577,35.41109],[139.62536,35.41064],[139.62368,35.40835],[139.62289,35.40721],[139.62179,35.4056],[139.62111,35.4046],[139.62091,35.40429],[139.62022,35.40323],[139.61909,35.40149]]]},"properties":{"事業者種別":"JR在来線","行政区域":"14100","路線名":"根岸線","運営会社":"東日本旅客鉄道","鉄道区分":"普通鉄道JR"}},{"type":"Feature","geometry":{"type":"LineString","coordinates":[[139.5771,35.37534],[139.57605,35.37513],[139.57538,35.37497]]},"properties":{"事業者種別":"JR在来線","行政区域":"14100","路線名":"根岸線","運営会社":"東日本旅客鉄道","鉄道区分":"普通鉄道JR"}},{"type":"Feature","geometry":{"type":"LineString","coordinates":[[139.59747,35.37897],[139.59714,35.37887],[139.5962,35.37859]]},"properties":{"事業者種別":"JR在来線","行政区域":"14100","路線名":"根岸線","運営会社":"東日本旅客鉄道","鉄道区分":"普通鉄道JR"}},{"type":"Feature","geometry":{"type":"LineString","coordinates":[[139.63686,35.44357],[139.63611,35.4441],[139.63572,35.4444],[139.63526,35.44481]]},"properties":{"事業者種別":"JR在来線","行政区域":"14100","路線名":"根岸線","運営会社":"東日本旅客鉄道","鉄道区分":"普通鉄道JR"}},{"type":"Feature","geometry":{"type":"LineString","coordinates":[[139.63005,35.45186],[139.62798,35.45445],[139.62792,35.45452],[139.62788,35.45458],[139.62705,35.45558],[139.62528,35.45777],[139.6246,35.45862],[139.62347,35.46002],[139.6225,35.46124],[139.62179,35.46211],[139.62165,35.46234],[139.62156,35.46255],[139.6215,35.46271],[139.62145,35.4632],[139.62143,35.46337],[139.62144,35.46369],[139.62156,35.46433],[139.6217,35.46467]]},"properties":{"事業者種別":"JR在来線","行政区域":"14100","路線名":"根岸線","運営会社":"東日本旅客鉄道","鉄道区分":"普通鉄道JR"}},{"type":"Feature","geometry":{"type":"LineString","coordinates":[[139.61884,35.38754],[139.62003,35.38606]]},"properties":{"事業者種別":"JR在来線","行政区域":"14100","路線名":"根岸線","運営会社":"東日本旅客鉄道","鉄道区分":"普通鉄道JR"}},{"type":"Feature","geometry":{"type":"LineString","coordinates":[[139.63725,35.41615],[139.63898,35.41652],[139.63938,35.41662],[139.63941,35.41662],[139.64042,35.41685],[139.64206,35.41722],[139.64331,35.41758],[139.64423,35.41794],[139.64482,35.41822],[139.64513,35.41841],[139.64599,35.419],[139.64648,35.41949],[139.64661,35.41962],[139.64695,35.41994],[139.64714,35.42014],[139.6474,35.42059],[139.64755,35.42101],[139.64759,35.42112],[139.64771,35.42144],[139.64774,35.42167],[139.64775,35.42174],[139.64778,35.42205],[139.6478,35.42225],[139.64779,35.42285],[139.64776,35.42337],[139.6477,35.42361],[139.64767,35.42372],[139.64755,35.42417],[139.64752,35.42427],[139.64727,35.42495],[139.64685,35.42591]]},"properties":{"事業者種別":"JR在来線","行政区域":"14100","路線名":"根岸線","運営会社":"東日本旅客鉄道","鉄道区分":"普通鉄道JR"}},{"type":"Feature","geometry":{"type":"LineString","coordinates":[[139.63725,35.41615],[139.63494,35.41557]]},"properties":{"事業者種別":"JR在来線","行政区域":"14100","路線名":"根岸線","運営会社":"東日本旅客鉄道","鉄道区分":"普通鉄道JR"}},{"type":"Feature","geometry":{"type":"LineString","coordinates":[[139.5962,35.37859],[139.59601,35.37854],[139.5957,35.37844],[139.59445,35.37809],[139.5937,35.37789],[139.59352,35.37784],[139.59301,35.37767],[139.59242,35.3774],[139.59166,35.37706],[139.59088,35.37676],[139.59063,35.37668],[139.59021,35.37654],[139.58942,35.37633],[139.5892,35.37627],[139.58896,35.3762],[139.58841,35.3761],[139.58822,35.37606],[139.58789,35.37599],[139.58747,35.37594],[139.58744,35.37593],[139.58688,35.37588],[139.58607,35.37586],[139.58563,35.37588],[139.58389,35.37606],[139.58315,35.37612],[139.5818,35.37612],[139.58112,35.37611],[139.58075,35.37609],[139.57991,35.37602],[139.57983,35.376],[139.57931,35.37588],[139.57819,35.37562],[139.5771,35.37534]]},"properties":{"事業者種別":"JR在来線","行政区域":"14100","路線名":"根岸線","運営会社":"東日本旅客鉄道","鉄道区分":"普通鉄道JR"}},{"type":"Feature","geometry":{"type":"LineString","coordinates":[[139.61909,35.40149],[139.61785,35.39966]]},"properties":{"事業者種別":"JR在来線","行政区域":"14100","路線名":"根岸線","運営会社":"東日本旅客鉄道","鉄道区分":"普通鉄道JR"}},{"type":"Feature","geometry":{"type":"LineString","coordinates":[[139.63005,35.45186],[139.63171,35.45034]]},"properties":{"事業者種別":"JR在来線","行政区域":"14100","路線名":"根岸線","運営会社":"東日本旅客鉄道","鉄道区分":"普通鉄道JR"}},{"type":"Feature","geometry":{"type":"LineString","coordinates":[[139.5512,35.36811],[139.54903,35.3676]]},"properties":{"事業者種別":"JR在来線","行政区域":"14100","路線名":"根岸線","運営会社":"東日本旅客鉄道","鉄道区分":"普通鉄道JR"}},{"type":"Feature","geometry":{"type":"LineString","coordinates":[[139.532,35.35561],[139.53155,35.3542],[139.531549704,35.354199059]]},"properties":{"事業者種別":"JR在来線","行政区域":"14100","路線名":"根岸線","運営会社":"東日本旅客鉄道","鉄道区分":"普通鉄道JR"}},{"type":"Feature","geometry":{"type":"LineString","coordinates":[[139.54903,35.3676],[139.54895,35.36759],[139.54851,35.36749],[139.54842,35.36747],[139.54801,35.36738],[139.54792,35.36736],[139.54754,35.36728],[139.54672,35.36711],[139.54621,35.36707],[139.54568,35.36704],[139.54532,35.36704],[139.54473,35.36712],[139.5445,35.36716],[139.54419,35.36723],[139.54385,35.36731],[139.54327,35.36747],[139.54316,35.36749],[139.54279,35.36759],[139.54073,35.36808],[139.53969,35.36837],[139.53898,35.36857],[139.53887,35.3686],[139.53811,35.36875],[139.53748,35.36884],[139.53661,35.36888],[139.53592,35.36888],[139.53538,35.36884],[139.53497,35.36877],[139.53468,35.36871],[139.53441,35.36863],[139.53407,35.36852],[139.5336,35.36832],[139.5331,35.36807],[139.53264,35.3678],[139.53219,35.36744],[139.53173,35.36698],[139.53141,35.36657],[139.53105,35.36602],[139.53092,35.36578],[139.53062,35.36521],[139.5303,35.36449],[139.53014,35.36417],[139.53009,35.36403],[139.52977,35.36327],[139.52961,35.36274],[139.5295,35.3622],[139.52942,35.36145],[139.52945,35.36098],[139.52953,35.3606],[139.52968,35.36022],[139.52997,35.35971],[139.53043,35.35908],[139.53131,35.35796],[139.53168,35.35746],[139.53188,35.35702],[139.53205,35.3564],[139.53207,35.35598],[139.532,35.35561]]},"properties":{"事業者種別":"JR在来線","行政区域":"14100","路線名":"根岸線","運営会社":"東日本旅客鉄道","鉄道区分":"普通鉄道JR"}},{"type":"Feature","geometry":{"type":"LineString","coordinates":[[139.57538,35.37497],[139.57343,35.37452],[139.57213,35.37428],[139.56773,35.3734],[139.56548,35.37285],[139.56286,35.3722],[139.5628,35.37215],[139.5612,35.37104],[139.56061,35.37068],[139.56034,35.37054],[139.56018,35.37046],[139.55994,35.37035],[139.55973,35.37025],[139.55949,35.37016],[139.55926,35.37008],[139.55882,35.36994],[139.55849,35.36985],[139.55751,35.36958],[139.55475,35.36894],[139.55404,35.36878],[139.55393,35.36876],[139.55326,35.3686],[139.55262,35.36846],[139.55191,35.36829],[139.5516,35.36821],[139.55131,35.36814],[139.5512,35.36811]]},"properties":{"事業者種別":"JR在来線","行政区域":"14100","路線名":"根岸線","運営会社":"東日本旅客鉄道","鉄道区分":"普通鉄道JR"}},{"type":"Feature","geometry":{"type":"LineString","coordinates":[[139.67575,35.50766],[139.67565,35.50703],[139.67555,35.50661],[139.67535,35.50583],[139.67487,35.50407],[139.67472,35.50349],[139.67471,35.50326],[139.67474,35.50288],[139.67478,35.50248],[139.67485,35.5021],[139.67489,35.50187],[139.67512,35.50141],[139.6753,35.50116],[139.67545,35.50097]]},"properties":{"事業者種別":"JR在来線","行政区域":"14100","路線名":"鶴見線","運営会社":"東日本旅客鉄道","鉄道区分":"普通鉄道JR"}},{"type":"Feature","geometry":{"type":"LineString","coordinates":[[139.68158,35.49671],[139.682,35.49628],[139.68247,35.49581],[139.68307,35.49542],[139.68337,35.49528],[139.68367,35.49517],[139.68403,35.49509],[139.68437,35.49505],[139.68482,35.49503],[139.68526,35.49507],[139.68555,35.49511],[139.68601,35.49518],[139.68716,35.49537],[139.68796,35.49551],[139.68894,35.49567]]},"properties":{"事業者種別":"JR在来線","行政区域":"14100","路線名":"鶴見線","運営会社":"東日本旅客鉄道","鉄道区分":"普通鉄道JR"}},{"type":"Feature","geometry":{"type":"LineString","coordinates":[[139.69003,35.49592],[139.69023,35.49598],[139.6929,35.49675],[139.69382,35.49701],[139.69434,35.49717],[139.69488,35.49732]]},"properties":{"事業者種別":"JR在来線","行政区域":"14100","路線名":"鶴見線","運営会社":"東日本旅客鉄道","鉄道区分":"普通鉄道JR"}},{"type":"Feature","geometry":{"type":"LineString","coordinates":[[139.67583,35.50822],[139.67575,35.50766]]},"properties":{"事業者種別":"JR在来線","行政区域":"14100","路線名":"鶴見線","運営会社":"東日本旅客鉄道","鉄道区分":"普通鉄道JR"}},{"type":"Feature","geometry":{"type":"LineString","coordinates":[[139.68097,35.49733],[139.68158,35.49671]]},"properties":{"事業者種別":"JR在来線","行政区域":"14100","路線名":"鶴見線","運営会社":"東日本旅客鉄道","鉄道区分":"普通鉄道JR"}},{"type":"Feature","geometry":{"type":"LineString","coordinates":[[139.69488,35.49732],[139.69537,35.4975]]},"properties":{"事業者種別":"JR在来線","行政区域":"14100","路線名":"鶴見線","運営会社":"東日本旅客鉄道","鉄道区分":"普通鉄道JR"}},{"type":"Feature","geometry":{"type":"LineString","coordinates":[[139.70088,35.4997],[139.70161,35.49998]]},"properties":{"事業者種別":"JR在来線","行政区域":"14100","路線名":"鶴見線","運営会社":"東日本旅客鉄道","鉄道区分":"普通鉄道JR"}},{"type":"Feature","geometry":{"type":"LineString","coordinates":[[139.70161,35.49998],[139.70224,35.50022],[139.70355,35.50074],[139.70396,35.50091],[139.70428,35.50103],[139.70448,35.5011],[139.70468,35.50119],[139.704681219,35.50119061]]},"properties":{"事業者種別":"JR在来線","行政区域":"14100","路線名":"鶴見線","運営会社":"東日本旅客鉄道","鉄道区分":"普通鉄道JR"}},{"type":"Feature","geometry":{"type":"LineString","coordinates":[[139.69003,35.49592],[139.68894,35.49567]]},"properties":{"事業者種別":"JR在来線","行政区域":"14100","路線名":"鶴見線","運営会社":"東日本旅客鉄道","鉄道区分":"普通鉄道JR"}},{"type":"Feature","geometry":{"type":"LineString","coordinates":[[139.70106,35.48629],[139.70149,35.48648],[139.70163,35.48653],[139.70194,35.48668],[139.7021,35.48679],[139.70221,35.48688],[139.70232,35.487],[139.70242,35.48713],[139.70252,35.48727],[139.70258,35.48739],[139.70264,35.48759],[139.70264,35.48783],[139.70262,35.48799],[139.70257,35.48816],[139.70247,35.48838],[139.7004,35.4915]]},"properties":{"事業者種別":"JR在来線","行政区域":"14100","路線名":"鶴見線","運営会社":"東日本旅客鉄道","鉄道区分":"普通鉄道JR"}},{"type":"Feature","geometry":{"type":"LineString","coordinates":[[139.7004,35.4915],[139.69985,35.49233]]},"properties":{"事業者種別":"JR在来線","行政区域":"14100","路線名":"鶴見線","運営会社":"東日本旅客鉄道","鉄道区分":"普通鉄道JR"}},{"type":"Feature","geometry":{"type":"LineString","coordinates":[[139.67597,35.50057],[139.67626,35.50046],[139.67657,35.50033],[139.67691,35.50022],[139.6775,35.50004],[139.67779,35.49995],[139.67804,35.49988],[139.67819,35.49983],[139.67834,35.49977],[139.67851,35.49967],[139.67867,35.49957],[139.67885,35.49945],[139.67905,35.49927],[139.67948,35.49886],[139.68049,35.49781],[139.68097,35.49733]]},"properties":{"事業者種別":"JR在来線","行政区域":"14100","路線名":"鶴見線","運営会社":"東日本旅客鉄道","鉄道区分":"普通鉄道JR"}},{"type":"Feature","geometry":{"type":"LineString","coordinates":[[139.69598,35.49771],[139.69627,35.49782],[139.69641,35.49788],[139.69693,35.49809],[139.69704,35.49813],[139.69783,35.49844],[139.69881,35.49883],[139.69923,35.49902],[139.69988,35.4993],[139.70054,35.49957],[139.70088,35.4997]]},"properties":{"事業者種別":"JR在来線","行政区域":"14100","路線名":"鶴見線","運営会社":"東日本旅客鉄道","鉄道区分":"普通鉄道JR"}},{"type":"Feature","geometry":{"type":"LineString","coordinates":[[139.69598,35.49771],[139.69537,35.4975]]},"properties":{"事業者種別":"JR在来線","行政区域":"14100","路線名":"鶴見線","運営会社":"東日本旅客鉄道","鉄道区分":"普通鉄道JR"}},{"type":"Feature","geometry":{"type":"LineString","coordinates":[[139.67597,35.50057],[139.67545,35.50097]]},"properties":{"事業者種別":"JR在来線","行政区域":"14100","路線名":"鶴見線","運営会社":"東日本旅客鉄道","鉄道区分":"普通鉄道JR"}},{"type":"Feature","geometry":{"type":"LineString","coordinates":[[139.69542,35.49731],[139.69488,35.49732]]},"properties":{"事業者種別":"JR在来線","行政区域":"14100","路線名":"鶴見線","運営会社":"東日本旅客鉄道","鉄道区分":"普通鉄道JR"}},{"type":"Feature","geometry":{"type":"LineString","coordinates":[[139.69542,35.49731],[139.69607,35.49726]]},"properties":{"事業者種別":"JR在来線","行政区域":"14100","路線名":"鶴見線","運営会社":"東日本旅客鉄道","鉄道区分":"普通鉄道JR"}},{"type":"Feature","geometry":{"type":"LineString","coordinates":[[139.70029,35.48597],[139.70106,35.48629]]},"properties":{"事業者種別":"JR在来線","行政区域":"14100","路線名":"鶴見線","運営会社":"東日本旅客鉄道","鉄道区分":"普通鉄道JR"}},{"type":"Feature","geometry":{"type":"LineString","coordinates":[[139.69985,35.49233],[139.69977,35.49245],[139.69707,35.49657],[139.69689,35.49679],[139.69673,35.49694],[139.69662,35.49702],[139.69644,35.49714],[139.69632,35.49719],[139.69617,35.49723],[139.69607,35.49726]]},"properties":{"事業者種別":"JR在来線","行政区域":"14100","路線名":"鶴見線","運営会社":"東日本旅客鉄道","鉄道区分":"普通鉄道JR"}},{"type":"Feature","geometry":{"type":"LineString","coordinates":[[139.66393,35.49338],[139.66408,35.49362],[139.66416,35.49374],[139.6644,35.494],[139.66464,35.49425],[139.665,35.49454],[139.66525,35.49473],[139.66627,35.49545]]},"properties":{"事業者種別":"JR在来線","行政区域":"14100","路線名":"東海道線","運営会社":"東日本旅客鉄道","鉄道区分":"普通鉄道JR"}},{"type":"Feature","geometry":{"type":"LineString","coordinates":[[139.66112,35.49077],[139.6617,35.49127],[139.66204,35.49158],[139.66254,35.4921],[139.66322,35.49289],[139.66353,35.49326]]},"properties":{"事業者種別":"JR在来線","行政区域":"14100","路線名":"東海道線","運営会社":"東日本旅客鉄道","鉄道区分":"普通鉄道JR"}},{"type":"Feature","geometry":{"type":"LineString","coordinates":[[139.65298,35.48629],[139.6533,35.48643],[139.65388,35.48669],[139.6544,35.48695],[139.65491,35.48726],[139.65507,35.48734]]},"properties":{"事業者種別":"JR在来線","行政区域":"14100","路線名":"東海道線","運営会社":"東日本旅客鉄道","鉄道区分":"普通鉄道JR"}},{"type":"Feature","geometry":{"type":"LineString","coordinates":[[139.67649,35.50958],[139.67645,35.50939],[139.67609,35.50779],[139.676,35.5074]]},"properties":{"事業者種別":"JR在来線","行政区域":"14100","路線名":"東海道線","運営会社":"東日本旅客鉄道","鉄道区分":"普通鉄道JR"}},{"type":"Feature","geometry":{"type":"LineString","coordinates":[[139.676,35.5074],[139.67578,35.50637],[139.6754,35.5049],[139.67512,35.50387],[139.6749,35.50326],[139.67449,35.50265],[139.67385,35.50182],[139.67347,35.5014],[139.67291,35.50082],[139.6724,35.50041],[139.67193,35.50002],[139.66801,35.49674],[139.66768,35.49647],[139.66764,35.49643],[139.66723,35.49607]]},"properties":{"事業者種別":"JR在来線","行政区域":"14100","路線名":"東海道線","運営会社":"東日本旅客鉄道","鉄道区分":"普通鉄道JR"}},{"type":"Feature","geometry":{"type":"LineString","coordinates":[[139.66112,35.49077],[139.66181,35.49122],[139.66257,35.49181],[139.6629,35.49209],[139.66313,35.49232],[139.66336,35.49258],[139.66355,35.49282],[139.66385,35.49327],[139.66393,35.49338]]},"properties":{"事業者種別":"JR在来線","行政区域":"14100","路線名":"東海道線","運営会社":"東日本旅客鉄道","鉄道区分":"普通鉄道JR"}},{"type":"Feature","geometry":{"type":"LineString","coordinates":[[139.66353,35.49326],[139.66381,35.49363],[139.66418,35.49407],[139.66477,35.49465],[139.66502,35.49484],[139.66533,35.49501],[139.66627,35.49545]]},"properties":{"事業者種別":"JR在来線","行政区域":"14100","路線名":"東海道線","運営会社":"東日本旅客鉄道","鉄道区分":"普通鉄道JR"}},{"type":"Feature","geometry":{"type":"LineString","coordinates":[[139.67649,35.50958],[139.67692,35.5113],[139.67699,35.5116],[139.6771,35.51197]]},"properties":{"事業者種別":"JR在来線","行政区域":"14100","路線名":"東海道線","運営会社":"東日本旅客鉄道","鉄道区分":"普通鉄道JR"}},{"type":"Feature","geometry":{"type":"LineString","coordinates":[[139.675586062,35.540533511],[139.676360395,35.538111027],[139.676517078,35.537503879],[139.676673761,35.53649523],[139.676722725,35.536279791],[139.676859823,35.53577057],[139.677271117,35.534477932],[139.678495205,35.530913386],[139.67941572,35.52803433],[139.679689915,35.52709423],[139.679905355,35.526065996],[139.680013075,35.525400092],[139.680238307,35.524362065],[139.68039,35.52371],[139.68071,35.52271],[139.68075,35.52257],[139.68112,35.52152],[139.68126,35.52101],[139.68134,35.52066],[139.68136,35.5204],[139.68137,35.52025],[139.68137,35.52003],[139.68132,35.51959],[139.68122,35.51925],[139.68109,35.51891],[139.68088,35.51851],[139.68069,35.51821],[139.68043,35.51784],[139.68024,35.5176],[139.67995,35.51728],[139.67959,35.51691],[139.67903,35.51635],[139.67884,35.51611],[139.67852,35.51566],[139.67838,35.51545],[139.67823,35.51518],[139.67809,35.51491],[139.67799,35.51465],[139.67747,35.51309],[139.6771,35.51197]]},"properties":{"事業者種別":"JR在来線","行政区域":"14100","路線名":"東海道線","運営会社":"東日本旅客鉄道","鉄道区分":"普通鉄道JR"}},{"type":"Feature","geometry":{"type":"LineString","coordinates":[[139.68791471,35.523754056],[139.68791,35.52375],[139.6872,35.52314],[139.68636,35.52248],[139.68565,35.52186],[139.6848,35.52113],[139.68404,35.52049],[139.68324,35.51982],[139.68256,35.51925],[139.68155,35.51829],[139.68049,35.51734],[139.68009,35.51696],[139.67971,35.51653],[139.6795,35.51629],[139.67932,35.51603],[139.67896,35.51545],[139.67837,35.51448],[139.67827,35.51432],[139.67785,35.51353],[139.67748,35.51275],[139.6771,35.51197]]},"properties":{"事業者種別":"JR在来線","行政区域":"14100","路線名":"東海道線","運営会社":"東日本旅客鉄道","鉄道区分":"普通鉄道JR"}},{"type":"Feature","geometry":{"type":"LineString","coordinates":[[139.66353,35.49326],[139.66364,35.49327],[139.66376,35.4933],[139.66393,35.49338],[139.66408,35.49346],[139.66429,35.49359],[139.66463,35.4939],[139.66503,35.49427],[139.66573,35.49485],[139.66723,35.49607]]},"properties":{"事業者種別":"JR在来線","行政区域":"14100","路線名":"東海道線","運営会社":"東日本旅客鉄道","鉄道区分":"普通鉄道JR"}},{"type":"Feature","geometry":{"type":"LineString","coordinates":[[139.65507,35.48734],[139.65574,35.48771],[139.65625,35.488],[139.65687,35.48835],[139.65828,35.48908],[139.65856,35.48924],[139.65986,35.48994],[139.66044,35.49029],[139.66096,35.49065],[139.66112,35.49077]]},"properties":{"事業者種別":"JR在来線","行政区域":"14100","路線名":"東海道線","運営会社":"東日本旅客鉄道","鉄道区分":"普通鉄道JR"}},{"type":"Feature","geometry":{"type":"LineString","coordinates":[[139.66627,35.49545],[139.66723,35.49607]]},"properties":{"事業者種別":"JR在来線","行政区域":"14100","路線名":"東海道線","運営会社":"東日本旅客鉄道","鉄道区分":"普通鉄道JR"}},{"type":"Feature","geometry":{"type":"LineString","coordinates":[[139.6217,35.46467],[139.62179,35.46479],[139.62217,35.46536],[139.62335,35.46681]]},"properties":{"事業者種別":"JR在来線","行政区域":"14100","路線名":"東海道線","運営会社":"東日本旅客鉄道","鉄道区分":"普通鉄道JR"}},{"type":"Feature","geometry":{"type":"LineString","coordinates":[[139.63393,35.47869],[139.63495,35.47977],[139.63524,35.48007],[139.6355,35.48037],[139.6356,35.48049],[139.63628,35.4812],[139.63657,35.48151],[139.63684,35.48175],[139.63711,35.48198],[139.63734,35.48213],[139.63763,35.48234],[139.63789,35.48249],[139.63812,35.48263],[139.63836,35.48274],[139.6386,35.48286],[139.6388,35.48294],[139.63905,35.48302],[139.63923,35.48308],[139.64131,35.48367],[139.64229,35.48396],[139.64329,35.48425],[139.64352,35.48432],[139.64401,35.48446],[139.64444,35.4846],[139.64482,35.48472],[139.64522,35.48489],[139.64535,35.48496],[139.64563,35.48511],[139.64568,35.48515]]},"properties":{"事業者種別":"JR在来線","行政区域":"14100","路線名":"東海道線","運営会社":"東日本旅客鉄道","鉄道区分":"普通鉄道JR"}},{"type":"Feature","geometry":{"type":"LineString","coordinates":[[139.6324,35.47706],[139.63393,35.47869]]},"properties":{"事業者種別":"JR在来線","行政区域":"14100","路線名":"東海道線","運営会社":"東日本旅客鉄道","鉄道区分":"普通鉄道JR"}},{"type":"Feature","geometry":{"type":"LineString","coordinates":[[139.60167,35.44846],[139.60286,35.4496],[139.6033,35.45],[139.60425,35.45071],[139.60473,35.45099],[139.60516,35.45124],[139.60766,35.45264],[139.6096,35.45374],[139.61092,35.45444],[139.61129,35.45462],[139.61213,35.45515],[139.61298,35.45587],[139.61374,35.45657],[139.61479,35.45771],[139.6159,35.45893],[139.61752,35.46068],[139.61829,35.46153],[139.61841,35.46164],[139.61986,35.46325],[139.6201,35.46352],[139.62055,35.46401],[139.62073,35.46421],[139.62133,35.46475]]},"properties":{"事業者種別":"JR在来線","行政区域":"14100","路線名":"東海道線","運営会社":"東日本旅客鉄道","鉄道区分":"普通鉄道JR"}},{"type":"Feature","geometry":{"type":"LineString","coordinates":[[139.62335,35.46681],[139.62376,35.46732],[139.62399,35.46758],[139.62412,35.46773],[139.62489,35.46863],[139.62579,35.46965],[139.62648,35.47046],[139.62765,35.47182],[139.62825,35.47253],[139.62863,35.47296],[139.62911,35.4735],[139.62939,35.4738],[139.62997,35.47442],[139.6303,35.47478],[139.63057,35.47507],[139.63088,35.47541],[139.6312,35.47575],[139.63157,35.47613],[139.63178,35.47639],[139.6324,35.47706]]},"properties":{"事業者種別":"JR在来線","行政区域":"14100","路線名":"東海道線","運営会社":"東日本旅客鉄道","鉄道区分":"普通鉄道JR"}},{"type":"Feature","geometry":{"type":"LineString","coordinates":[[139.62133,35.46475],[139.62179,35.46533],[139.6232,35.46692]]},"properties":{"事業者種別":"JR在来線","行政区域":"14100","路線名":"東海道線","運営会社":"東日本旅客鉄道","鉄道区分":"普通鉄道JR"}},{"type":"Feature","geometry":{"type":"LineString","coordinates":[[139.59907,35.44598],[139.60167,35.44846]]},"properties":{"事業者種別":"JR在来線","行政区域":"14100","路線名":"東海道線","運営会社":"東日本旅客鉄道","鉄道区分":"普通鉄道JR"}},{"type":"Feature","geometry":{"type":"LineString","coordinates":[[139.57961,35.44699],[139.58346,35.44648],[139.58824,35.44579],[139.58853,35.44576],[139.59115,35.44536],[139.59281,35.44516],[139.595,35.44485],[139.59605,35.44483],[139.59692,35.44498],[139.59724,35.44507],[139.59752,35.44516],[139.59787,35.44531],[139.59825,35.44551],[139.59856,35.44565],[139.59884,35.4458],[139.59907,35.44598]]},"properties":{"事業者種別":"JR在来線","行政区域":"14100","路線名":"東海道線","運営会社":"東日本旅客鉄道","鉄道区分":"普通鉄道JR"}},{"type":"Feature","geometry":{"type":"LineString","coordinates":[[139.53392,35.4017],[139.5342,35.40076],[139.53433,35.40034],[139.53448,35.3999],[139.53458,35.39956],[139.53468,35.39926],[139.5347,35.39917]]},"properties":{"事業者種別":"JR在来線","行政区域":"14100","路線名":"東海道線","運営会社":"東日本旅客鉄道","鉄道区分":"普通鉄道JR"}},{"type":"Feature","geometry":{"type":"LineString","coordinates":[[139.5347,35.39917],[139.53473,35.39908],[139.53511,35.39793],[139.53536,35.3971],[139.53552,35.39659],[139.53567,35.39597],[139.53572,35.39519],[139.53574,35.39447],[139.53564,35.39349],[139.53548,35.39179],[139.53545,35.39148],[139.53524,35.38921],[139.535,35.38661],[139.53476,35.38394],[139.53463,35.3828],[139.53458,35.38238],[139.53444,35.38134],[139.53433,35.3808],[139.5342,35.38026],[139.53406,35.37982],[139.53362,35.37875],[139.53296,35.37736],[139.5321,35.3758],[139.53199,35.3756],[139.53176,35.37521],[139.5316,35.37492],[139.5313,35.37438],[139.53113,35.37405],[139.53083,35.37354],[139.5306,35.37313],[139.52997,35.37173],[139.52971,35.37118],[139.52956,35.37072],[139.52952,35.37034],[139.52957,35.36993],[139.52971,35.36915],[139.53001,35.3679],[139.53025,35.36704],[139.5304,35.3665],[139.53045,35.3662],[139.53045,35.36602],[139.53043,35.36576],[139.53039,35.36545],[139.53021,35.36478],[139.53007,35.36445],[139.52995,35.36415],[139.52984,35.36386],[139.52959,35.36325],[139.52936,35.36266],[139.52923,35.362],[139.52918,35.36156],[139.52922,35.36091],[139.52938,35.36036],[139.52965,35.35979],[139.53002,35.35926],[139.53077,35.35829],[139.53133,35.35755],[139.53156,35.3571],[139.5317,35.35671],[139.53175,35.35627],[139.53173,35.35591],[139.53164,35.35542]]},"properties":{"事業者種別":"JR在来線","行政区域":"14100","路線名":"東海道線","運営会社":"東日本旅客鉄道","鉄道区分":"普通鉄道JR"}},{"type":"Feature","geometry":{"type":"LineString","coordinates":[[139.53605,35.41219],[139.53663,35.41287],[139.53735,35.41347],[139.5379,35.41386],[139.53835,35.41414],[139.53892,35.41445],[139.53977,35.41492],[139.54168,35.41596],[139.54319,35.41674],[139.5451,35.41773],[139.54675,35.41862],[139.54762,35.41908],[139.54922,35.41994],[139.55065,35.42063],[139.55143,35.42106],[139.55183,35.42128],[139.55292,35.422],[139.55357,35.42258],[139.55409,35.42317],[139.5545,35.4237],[139.55493,35.42438],[139.55527,35.42514],[139.55595,35.42676],[139.55633,35.42775],[139.55642,35.42805],[139.55652,35.42876]]},"properties":{"事業者種別":"JR在来線","行政区域":"14100","路線名":"東海道線","運営会社":"東日本旅客鉄道","鉄道区分":"普通鉄道JR"}},{"type":"Feature","geometry":{"type":"LineString","coordinates":[[139.55652,35.42876],[139.55651,35.42939],[139.5565,35.43017],[139.5565,35.43057],[139.55649,35.43115]]},"properties":{"事業者種別":"JR在来線","行政区域":"14100","路線名":"東海道線","運営会社":"東日本旅客鉄道","鉄道区分":"普通鉄道JR"}},{"type":"Feature","geometry":{"type":"LineString","coordinates":[[139.53392,35.4017],[139.53379,35.40252],[139.53372,35.40344],[139.53373,35.40375],[139.53383,35.40452],[139.5341,35.40639],[139.53433,35.40812],[139.5345,35.40907],[139.53459,35.40956],[139.53477,35.41002],[139.53499,35.41048],[139.53506,35.41059],[139.53534,35.4111],[139.53568,35.41168],[139.53605,35.41219]]},"properties":{"事業者種別":"JR在来線","行政区域":"14100","路線名":"東海道線","運営会社":"東日本旅客鉄道","鉄道区分":"普通鉄道JR"}},{"type":"Feature","geometry":{"type":"LineString","coordinates":[[139.53605,35.41219],[139.53631,35.4124],[139.53684,35.41284],[139.53764,35.41339],[139.53807,35.41366],[139.53981,35.41476],[139.54026,35.415],[139.54331,35.41662],[139.54736,35.41875],[139.54953,35.41994],[139.5508,35.42055],[139.55186,35.42116],[139.55199,35.42123],[139.55262,35.42162],[139.55309,35.42193],[139.55369,35.42246],[139.55407,35.42283],[139.55441,35.42323],[139.55485,35.42384],[139.55507,35.42425],[139.55531,35.42482],[139.55621,35.42668],[139.55665,35.42762],[139.55684,35.4284],[139.55686,35.42859],[139.55687,35.42874],[139.55688,35.4289],[139.55688,35.42926],[139.55689,35.42942],[139.5569,35.4302],[139.5569,35.43039],[139.55689,35.43049],[139.5569,35.43158],[139.55708,35.43256],[139.55741,35.4335],[139.55786,35.43431],[139.55821,35.43477],[139.55943,35.43612],[139.5598,35.43659],[139.56012,35.43693],[139.56128,35.4382],[139.56187,35.43878],[139.56211,35.43901],[139.56242,35.43921],[139.56587,35.44101],[139.5693,35.44266],[139.56987,35.44295],[139.57451,35.44528],[139.57557,35.44582],[139.57668,35.4464],[139.57746,35.44673],[139.57852,35.44695],[139.57961,35.44699]]},"properties":{"事業者種別":"JR在来線","行政区域":"14100","路線名":"東海道線","運営会社":"東日本旅客鉄道","鉄道区分":"普通鉄道JR"}},{"type":"Feature","geometry":{"type":"LineString","coordinates":[[139.55649,35.43115],[139.55651,35.43227],[139.55644,35.43349],[139.55642,35.4342],[139.55643,35.43507],[139.55665,35.43598],[139.55706,35.43671],[139.55753,35.43734],[139.55838,35.43804],[139.55846,35.43809],[139.55956,35.4388],[139.56073,35.43933],[139.56236,35.43997],[139.56377,35.44054],[139.56585,35.44135],[139.56687,35.44178],[139.56922,35.44293],[139.57024,35.44342],[139.57288,35.44474],[139.5749,35.44566],[139.57669,35.44663],[139.5773,35.44687],[139.57782,35.44701],[139.57836,35.44709],[139.57892,35.44708],[139.57961,35.44699]]},"properties":{"事業者種別":"JR在来線","行政区域":"14100","路線名":"東海道線","運営会社":"東日本旅客鉄道","鉄道区分":"普通鉄道JR"}},{"type":"Feature","geometry":{"type":"LineString","coordinates":[[139.53164,35.35542],[139.531151764,35.354124679]]},"properties":{"事業者種別":"JR在来線","行政区域":"14100","路線名":"東海道線","運営会社":"東日本旅客鉄道","鉄道区分":"普通鉄道JR"}},{"type":"Feature","geometry":{"type":"LineString","coordinates":[[139.6232,35.46692],[139.62344,35.46719],[139.62387,35.46769],[139.62503,35.46906],[139.62567,35.46976],[139.62678,35.47108],[139.62775,35.47223],[139.62845,35.47305],[139.6292,35.47388],[139.62991,35.47466],[139.63046,35.47525],[139.63159,35.47647],[139.63223,35.477164],[139.633749,35.478809],[139.63436,35.47947],[139.63575,35.48097],[139.63585,35.48107],[139.63602,35.48124],[139.63682,35.48201],[139.63715,35.48229],[139.63795,35.48274],[139.63834,35.48294],[139.6389,35.48317],[139.63932,35.4833],[139.64035,35.48362],[139.64234,35.48424],[139.64317,35.48449],[139.64342,35.48457],[139.64416,35.48479],[139.64493,35.48501],[139.64524,35.48509],[139.64568,35.48515]]},"properties":{"事業者種別":"JR在来線","行政区域":"14100","路線名":"東海道線","運営会社":"東日本旅客鉄道","鉄道区分":"普通鉄道JR"}},{"type":"Feature","geometry":{"type":"LineString","coordinates":[[139.64568,35.48515],[139.6462,35.48521],[139.647,35.48532],[139.64798,35.48544],[139.64819,35.48546],[139.64874,35.48548],[139.64913,35.48549],[139.64927,35.4855],[139.6497,35.48552],[139.65009,35.48554],[139.65049,35.48558],[139.65129,35.48574],[139.65188,35.48589],[139.65226,35.48603],[139.65288,35.48624],[139.65298,35.48629]]},"properties":{"事業者種別":"JR在来線","行政区域":"14100","路線名":"東海道線","運営会社":"東日本旅客鉄道","鉄道区分":"普通鉄道JR"}},{"type":"Feature","geometry":{"type":"LineString","coordinates":[[139.680290399,35.539659078],[139.68068,35.53876]]},"properties":{"事業者種別":"JR在来線","行政区域":"14100","路線名":"南武線","運営会社":"東日本旅客鉄道","鉄道区分":"普通鉄道JR"}},{"type":"Feature","geometry":{"type":"LineString","coordinates":[[139.6853,35.52916],[139.6854,35.52866],[139.68541,35.52857],[139.68546,35.52833],[139.68552,35.52815],[139.68566,35.52789],[139.6858,35.52762],[139.68604,35.52715],[139.68623,35.52687],[139.68641,35.52659],[139.68659,35.5264],[139.68679,35.52623],[139.68759,35.52555],[139.68802,35.52521],[139.688022693,35.525207764]]},"properties":{"事業者種別":"JR在来線","行政区域":"14100","路線名":"南武線","運営会社":"東日本旅客鉄道","鉄道区分":"普通鉄道JR"}},{"type":"Feature","geometry":{"type":"LineString","coordinates":[[139.684650356,35.530279327],[139.68492,35.52977],[139.68508,35.52948],[139.6853,35.52916]]},"properties":{"事業者種別":"JR在来線","行政区域":"14100","路線名":"南武線","運営会社":"東日本旅客鉄道","鉄道区分":"普通鉄道JR"}},{"type":"Feature","geometry":{"type":"LineString","coordinates":[[139.686170093,35.528099907],[139.68617,35.5281],[139.68605,35.52821],[139.68587,35.52841],[139.68572,35.52858],[139.6853,35.52916]]},"properties":{"事業者種別":"JR在来線","行政区域":"14100","路線名":"南武線","運営会社":"東日本旅客鉄道","鉄道区分":"普通鉄道JR"}},{"type":"Feature","geometry":{"type":"LineString","coordinates":[[139.68068,35.53876],[139.68111,35.53769],[139.68116,35.53758],[139.68136,35.53715],[139.68186,35.53608],[139.68245,35.53484],[139.68301,35.53373],[139.68379,35.53204],[139.684009091,35.53159186]]},"properties":{"事業者種別":"JR在来線","行政区域":"14100","路線名":"南武線","運営会社":"東日本旅客鉄道","鉄道区分":"普通鉄道JR"}},{"type":"Feature","geometry":{"type":"LineString","coordinates":[[139.54926,35.52872],[139.55061,35.53006],[139.552626,35.532141],[139.553381,35.532835],[139.554613,35.533757],[139.555938,35.534578],[139.556962,35.53506],[139.560705,35.536346]]},"properties":{"事業者種別":"公営鉄道","行政区域":"14100","路線名":"4号線","運営会社":"横浜市","鉄道区分":"普通鉄道"}},{"type":"Feature","geometry":{"type":"LineString","coordinates":[[139.64646,35.55342],[139.64722,35.55323]]},"properties":{"事業者種別":"公営鉄道","行政区域":"14100","路線名":"4号線","運営会社":"横浜市","鉄道区分":"普通鉄道"}},{"type":"Feature","geometry":{"type":"LineString","coordinates":[[139.632789,35.549617],[139.633879,35.550209]]},"properties":{"事業者種別":"公営鉄道","行政区域":"14100","路線名":"4号線","運営会社":"横浜市","鉄道区分":"普通鉄道"}},{"type":"Feature","geometry":{"type":"LineString","coordinates":[[139.633879,35.550209],[139.634928,35.550804],[139.636564,35.552164],[139.637073,35.55252],[139.637439,35.552701],[139.637855,35.552885],[139.639037,35.553245],[139.641756,35.55401],[139.642679,35.554146],[139.64377,35.554058],[139.64646,35.55342]]},"properties":{"事業者種別":"公営鉄道","行政区域":"14100","路線名":"4号線","運営会社":"横浜市","鉄道区分":"普通鉄道"}},{"type":"Feature","geometry":{"type":"LineString","coordinates":[[139.61977,35.54985],[139.62141,35.54925]]},"properties":{"事業者種別":"公営鉄道","行政区域":"14100","路線名":"4号線","運営会社":"横浜市","鉄道区分":"普通鉄道"}},{"type":"Feature","geometry":{"type":"LineString","coordinates":[[139.62141,35.54925],[139.62216,35.54897],[139.62465,35.54859],[139.62689,35.54836],[139.628609,35.548192],[139.62981,35.548391],[139.63177,35.54906],[139.632789,35.549617]]},"properties":{"事業者種別":"公営鉄道","行政区域":"14100","路線名":"4号線","運営会社":"横浜市","鉄道区分":"普通鉄道"}},{"type":"Feature","geometry":{"type":"LineString","coordinates":[[139.60565,35.55425],[139.60643,35.55417]]},"properties":{"事業者種別":"公営鉄道","行政区域":"14100","路線名":"4号線","運営会社":"横浜市","鉄道区分":"普通鉄道"}},{"type":"Feature","geometry":{"type":"LineString","coordinates":[[139.60643,35.55417],[139.60777,35.55403],[139.61093,35.55376],[139.61304,35.55257],[139.61604,35.55123],[139.61977,35.54985]]},"properties":{"事業者種別":"公営鉄道","行政区域":"14100","路線名":"4号線","運営会社":"横浜市","鉄道区分":"普通鉄道"}},{"type":"Feature","geometry":{"type":"LineString","coordinates":[[139.59218,35.56119],[139.59251,35.56115],[139.59355,35.56093]]},"properties":{"事業者種別":"公営鉄道","行政区域":"14100","路線名":"4号線","運営会社":"横浜市","鉄道区分":"普通鉄道"}},{"type":"Feature","geometry":{"type":"LineString","coordinates":[[139.59355,35.56093],[139.59523,35.56057],[139.59663,35.56],[139.59816,35.55914],[139.59985,35.55802],[139.60052,35.55713],[139.60123,35.55604],[139.60167,35.5554],[139.60241,35.55483],[139.60343,35.55448],[139.60565,35.55425]]},"properties":{"事業者種別":"公営鉄道","行政区域":"14100","路線名":"4号線","運営会社":"横浜市","鉄道区分":"普通鉄道"}},{"type":"Feature","geometry":{"type":"LineString","coordinates":[[139.57874,35.55382],[139.57991,35.55619],[139.58061,35.55662],[139.58642,35.55968],[139.58955,35.56127],[139.59047,35.56143],[139.59133,35.56131],[139.59218,35.56119]]},"properties":{"事業者種別":"公営鉄道","行政区域":"14100","路線名":"4号線","運営会社":"横浜市","鉄道区分":"普通鉄道"}},{"type":"Feature","geometry":{"type":"LineString","coordinates":[[139.57794,35.55219],[139.57874,35.55382]]},"properties":{"事業者種別":"公営鉄道","行政区域":"14100","路線名":"4号線","運営会社":"横浜市","鉄道区分":"普通鉄道"}},{"type":"Feature","geometry":{"type":"LineString","coordinates":[[139.57486,35.54591],[139.57794,35.55219]]},"properties":{"事業者種別":"公営鉄道","行政区域":"14100","路線名":"4号線","運営会社":"横浜市","鉄道区分":"普通鉄道"}},{"type":"Feature","geometry":{"type":"LineString","coordinates":[[139.57417,35.54452],[139.57486,35.54591]]},"properties":{"事業者種別":"公営鉄道","行政区域":"14100","路線名":"4号線","運営会社":"横浜市","鉄道区分":"普通鉄道"}},{"type":"Feature","geometry":{"type":"LineString","coordinates":[[139.54869,35.52817],[139.54926,35.52872]]},"properties":{"事業者種別":"公営鉄道","行政区域":"14100","路線名":"4号線","運営会社":"横浜市","鉄道区分":"普通鉄道"}},{"type":"Feature","geometry":{"type":"LineString","coordinates":[[139.54001,35.51435],[139.54052,35.51513]]},"properties":{"事業者種別":"公営鉄道","行政区域":"14100","路線名":"4号線","運営会社":"横浜市","鉄道区分":"普通鉄道"}},{"type":"Feature","geometry":{"type":"LineString","coordinates":[[139.54052,35.51513],[139.54352,35.51975],[139.54497,35.5222],[139.54538,35.52408],[139.54624,35.5259],[139.54869,35.52817]]},"properties":{"事業者種別":"公営鉄道","行政区域":"14100","路線名":"4号線","運営会社":"横浜市","鉄道区分":"普通鉄道"}},{"type":"Feature","geometry":{"type":"LineString","coordinates":[[139.560705,35.536346],[139.561897,35.536766]]},"properties":{"事業者種別":"公営鉄道","行政区域":"14100","路線名":"4号線","運営会社":"横浜市","鉄道区分":"普通鉄道"}},{"type":"Feature","geometry":{"type":"LineString","coordinates":[[139.561897,35.536766],[139.56622,35.53826],[139.56963,35.53941],[139.57282,35.54161],[139.57365,35.54346],[139.57417,35.54452]]},"properties":{"事業者種別":"公営鉄道","行政区域":"14100","路線名":"4号線","運営会社":"横浜市","鉄道区分":"普通鉄道"}},{"type":"Feature","geometry":{"type":"LineString","coordinates":[[139.587045602,35.481904528],[139.585223898,35.480553954]]},"properties":{"事業者種別":"民営鉄道","行政区域":"14100","路線名":"相鉄新横浜線","運営会社":"相模鉄道","鉄道区分":"普通鉄道"}},{"type":"Feature","geometry":{"type":"LineString","coordinates":[[139.585223898,35.480553954],[139.583837696,35.479529149],[139.583179471,35.47907662],[139.582576099,35.478774933],[139.581588761,35.47848696],[139.580779694,35.478226413],[139.578702172,35.477657323],[139.575719591,35.476769405],[139.575184783,35.476645988],[139.574776821,35.476573994],[139.57432772,35.476525999],[139.573902617,35.476508858],[139.57354265,35.476502001],[139.573148401,35.476525999],[139.57265816,35.476580851],[139.572037647,35.476697412],[139.571369137,35.476889394],[139.570590923,35.477153369],[139.570197644,35.477290964],[139.569864692,35.477418269],[139.56949012,35.477550471],[139.568723841,35.477753669],[139.56840313,35.4778467],[139.568065281,35.477912801],[139.567803326,35.477944627],[139.56740917,35.477998487],[139.567137422,35.478018072],[139.566710435,35.478017702]]},"properties":{"事業者種別":"民営鉄道","行政区域":"14100","路線名":"相鉄新横浜線","運営会社":"相模鉄道","鉄道区分":"普通鉄道"}},{"type":"Feature","geometry":{"type":"LineString","coordinates":[[139.566710435,35.478017702],[139.564331226,35.478111928]]},"properties":{"事業者種別":"民営鉄道","行政区域":"14100","路線名":"相鉄新横浜線","運営会社":"相模鉄道","鉄道区分":"普通鉄道"}},{"type":"Feature","geometry":{"type":"LineString","coordinates":[[139.675420548,35.540102863],[139.675863415,35.538730416],[139.676681106,35.535900323],[139.677043436,35.534828022],[139.677283357,35.534103361],[139.678566202,35.530318479],[139.67953568,35.527272947],[139.679731535,35.52601948],[139.679868632,35.525001039],[139.679986145,35.524550574],[139.680387646,35.523257937],[139.680955623,35.521485457],[139.681210233,35.520643284],[139.681371813,35.519808455],[139.681396295,35.519615049],[139.68138895,35.519350646],[139.681357124,35.519105828],[139.681310609,35.518802254],[139.681239612,35.518528059],[139.681149029,35.518283241],[139.68105355,35.518087387],[139.680857696,35.517734849],[139.679800083,35.516393248],[139.678801227,35.514816622],[139.678101049,35.51365129],[139.678012914,35.513470125],[139.677905194,35.513191033],[139.67761631,35.512334171],[139.677175638,35.511305936],[139.677067918,35.510963191],[139.676950405,35.510336458],[139.676127818,35.506517302],[139.675677353,35.504813371],[139.67557453,35.504343321],[139.675481499,35.504049539],[139.67530523,35.503692105],[139.675001656,35.503177988],[139.674203551,35.501997967],[139.673988111,35.501733564],[139.673753086,35.501474057],[139.673415238,35.501111727],[139.672054051,35.499877846],[139.670428462,35.498526452],[139.667042633,35.495698807],[139.666736611,35.495473575],[139.666413451,35.495263032],[139.6661466,35.4951039],[139.665938505,35.494986388],[139.66556883,35.494817464],[139.665194259,35.494663228],[139.664672797,35.49448696],[139.664139095,35.494357206],[139.663752283,35.494286209],[139.663367919,35.494227453],[139.662851354,35.494188282],[139.662153623,35.494168697],[139.661659091,35.494207867],[139.661162111,35.494269072],[139.66076061,35.494342517],[139.660439899,35.494423307],[139.657879106,35.495040248],[139.656777426,35.495260584],[139.655235075,35.495490712],[139.654133395,35.495593536],[139.653007233,35.495652292],[139.651474675,35.495691463],[139.650044939,35.495725737],[139.648600515,35.495745323],[139.647621244,35.495760012],[139.646451015,35.495774701],[139.64543747,35.495794286],[139.64386574,35.495823664],[139.641887613,35.495877524],[139.640624354,35.495911799],[139.63864133,35.49595097],[139.637064704,35.496004829],[139.63515023,35.496024415],[139.633980001,35.496048897],[139.632721638,35.496078275],[139.631326177,35.496088067],[139.629470459,35.496127238],[139.628290438,35.496146824],[139.626292725,35.496195787],[139.62480913,35.496225165],[139.62276735,35.496274129],[139.62171953,35.496293714],[139.619237079,35.496352471],[139.618287186,35.496376952],[139.617058201,35.496401434],[139.616338437,35.496411227],[139.61530041,35.49636716],[139.614561061,35.496288818],[139.613513241,35.496102757],[139.612240189,35.495755115],[139.611309881,35.495387889],[139.610306129,35.494898253],[139.609111418,35.494296002],[139.607373213,35.493409762],[139.605732934,35.492611656],[139.604097552,35.491803758],[139.603088903,35.491299433],[139.600562384,35.490090034],[139.597144729,35.488395895],[139.595308596,35.487485173],[139.594275465,35.486990641],[139.59336964,35.486510799],[139.592370783,35.485957511],[139.591146695,35.485149612],[139.590950841,35.484997825],[139.589814887,35.483945109],[139.589623929,35.483812908],[139.589462349,35.48371498],[139.588600591,35.483220449],[139.58798365,35.482814051],[139.58782207,35.482696539],[139.587724143,35.482593715],[139.587045602,35.481904528]]},"properties":{"事業者種別":"JR在来線","行政区域":"14100","路線名":"東海道線","運営会社":"東日本旅客鉄道","鉄道区分":"普通鉄道JR"}},{"type":"Feature","geometry":{"type":"LineString","coordinates":[[139.587045602,35.481904528],[139.585223898,35.480553954]]},"properties":{"事業者種別":"JR在来線","行政区域":"14100","路線名":"東海道線","運営会社":"東日本旅客鉄道","鉄道区分":"普通鉄道JR"}}],"name":"14100_yokohama-shi_city_2023_railway","type":"FeatureCollection"}