{"features":[{"type":"Feature","geometry":{"type":"Point","coordinates":[139.662646816,35.521450516]},"properties":{"供用済面積":"296800","供用開始年":"1957","公園名":"三ツ池公園","公園種別":"総合公園","所在地市区町村名":"横浜市","所在地都道府県名":"神奈川県","管理市区町村":" ","管理都道府県・整備局":"神奈川県","都市計画決定":"2"}},{"type":"Feature","geometry":{"type":"Point","coordinates":[139.583799586,35.453960745]},"properties":{"供用済面積":"340000","供用開始年":"1957","公園名":"保土ケ谷公園","公園種別":"運動公園","所在地市区町村名":"横浜市","所在地都道府県名":"神奈川県","管理市区町村":" ","管理都道府県・整備局":"神奈川県","都市計画決定":"2"}},{"type":"Feature","geometry":{"type":"Point","coordinates":[139.536950405,35.505800937]},"properties":{"供用済面積":"452800","供用開始年":"1988","公園名":"四季の森公園","公園種別":"特殊公園（風致公園、動植物公園、歴史公園、墓園）","所在地市区町村名":"横浜市","所在地都道府県名":"神奈川県","管理市区町村":" ","管理都道府県・整備局":"神奈川県","都市計画決定":"2"}},{"type":"Feature","geometry":{"type":"Point","coordinates":[139.485520162,35.38829197]},"properties":{"供用済面積":"165182","供用開始年":"2007","公園名":"境川遊水池公園","公園種別":"総合公園","所在地市区町村名":"横浜市","所在地都道府県名":"神奈川県","管理市区町村":" ","管理都道府県・整備局":"神奈川県","都市計画決定":"2"}},{"type":"Feature","geometry":{"type":"Point","coordinates":[139.672211785,35.493626605]},"properties":{"供用済面積":"12616","供用開始年":"2000","公園名":"生麦貝ノ浜緑地","公園種別":"都市緑地","所在地市区町村名":"横浜市","所在地都道府県名":"神奈川県","管理市区町村":"横浜市","管理都道府県・整備局":"神奈川県","都市計画決定":"2"}},{"type":"Feature","geometry":{"type":"Point","coordinates":[139.696584062,35.505228859]},"properties":{"供用済面積":"2664","供用開始年":"1991","公園名":"日東緑地","公園種別":"都市緑地","所在地市区町村名":"横浜市","所在地都道府県名":"神奈川県","管理市区町村":"横浜市","管理都道府県・整備局":"神奈川県","都市計画決定":"2"}},{"type":"Feature","geometry":{"type":"Point","coordinates":[139.673156635,35.486914501]},"properties":{"供用済面積":"3948","供用開始年":"2008","公園名":"貨物線の森緑道","公園種別":"緑道","所在地市区町村名":"横浜市","所在地都道府県名":"神奈川県","管理市区町村":"横浜市","管理都道府県・整備局":"神奈川県","都市計画決定":"2"}},{"type":"Feature","geometry":{"type":"Point","coordinates":[139.64711075,35.507567498]},"properties":{"供用済面積":"1898","供用開始年":"2002","公園名":"馬場赤門公園","公園種別":"特殊公園（風致公園、動植物公園、歴史公園、墓園）","所在地市区町村名":"横浜市","所在地都道府県名":"神奈川県","管理市区町村":"横浜市","管理都道府県・整備局":"神奈川県","都市計画決定":"2"}},{"type":"Feature","geometry":{"type":"Point","coordinates":[139.642008737,35.521936501]},"properties":{"供用済面積":"5028","供用開始年":"1989","公園名":"みその公園","公園種別":"特殊公園（風致公園、動植物公園、歴史公園、墓園）","所在地市区町村名":"横浜市","所在地都道府県名":"神奈川県","管理市区町村":"横浜市","管理都道府県・整備局":"神奈川県","都市計画決定":"1"}},{"type":"Feature","geometry":{"type":"Point","coordinates":[139.649651798,35.509242894]},"properties":{"供用済面積":"11442","供用開始年":"1999","公園名":"馬場花木園","公園種別":"特殊公園（風致公園、動植物公園、歴史公園、墓園）","所在地市区町村名":"横浜市","所在地都道府県名":"神奈川県","管理市区町村":"横浜市","管理都道府県・整備局":"神奈川県","都市計画決定":"1"}},{"type":"Feature","geometry":{"type":"Point","coordinates":[139.694325265,35.49853344]},"properties":{"供用済面積":"54158","供用開始年":"1983","公園名":"入船公園","公園種別":"地区公園（カントリーパーク）","所在地市区町村名":"横浜市","所在地都道府県名":"神奈川県","管理市区町村":"横浜市","管理都道府県・整備局":"神奈川県","都市計画決定":"1"}},{"type":"Feature","geometry":{"type":"Point","coordinates":[139.687612363,35.504590255]},"properties":{"供用済面積":"30697","供用開始年":"1949","公園名":"潮田公園","公園種別":"地区公園（カントリーパーク）","所在地市区町村名":"横浜市","所在地都道府県名":"神奈川県","管理市区町村":"横浜市","管理都道府県・整備局":"神奈川県","都市計画決定":"1"}},{"type":"Feature","geometry":{"type":"Point","coordinates":[139.682613029,35.517923722]},"properties":{"供用済面積":"10000","供用開始年":"1982","公園名":"市場旧東海道公園","公園種別":"近隣公園","所在地市区町村名":"横浜市","所在地都道府県名":"神奈川県","管理市区町村":"横浜市","管理都道府県・整備局":"神奈川県","都市計画決定":"2"}},{"type":"Feature","geometry":{"type":"Point","coordinates":[139.689461819,35.498590936]},"properties":{"供用済面積":"12938","供用開始年":"1960","公園名":"汐入公園","公園種別":"近隣公園","所在地市区町村名":"横浜市","所在地都道府県名":"神奈川県","管理市区町村":"横浜市","管理都道府県・整備局":"神奈川県","都市計画決定":"1"}},{"type":"Feature","geometry":{"type":"Point","coordinates":[139.674871666,35.524617109]},"properties":{"供用済面積":"9388","供用開始年":"2007","公園名":"下末吉公園","公園種別":"近隣公園","所在地市区町村名":"横浜市","所在地都道府県名":"神奈川県","管理市区町村":"横浜市","管理都道府県・整備局":"神奈川県","都市計画決定":"2"}},{"type":"Feature","geometry":{"type":"Point","coordinates":[139.654354754,35.503190106]},"properties":{"供用済面積":"18533","供用開始年":"1962","公園名":"白幡公園","公園種別":"近隣公園","所在地市区町村名":"横浜市","所在地都道府県名":"神奈川県","管理市区町村":"横浜市","管理都道府県・整備局":"神奈川県","都市計画決定":"1"}},{"type":"Feature","geometry":{"type":"Point","coordinates":[139.67643606,35.534201373]},"properties":{"供用済面積":"14781","供用開始年":"2006","公園名":"新鶴見公園","公園種別":"近隣公園","所在地市区町村名":"横浜市","所在地都道府県名":"神奈川県","管理市区町村":"横浜市","管理都道府県・整備局":"神奈川県","都市計画決定":"2"}},{"type":"Feature","geometry":{"type":"Point","coordinates":[139.693342636,35.510285861]},"properties":{"供用済面積":"15074","供用開始年":"1957","公園名":"平安公園","公園種別":"近隣公園","所在地市区町村名":"横浜市","所在地都道府県名":"神奈川県","管理市区町村":"横浜市","管理都道府県・整備局":"神奈川県","都市計画決定":"1"}},{"type":"Feature","geometry":{"type":"Point","coordinates":[139.679193585,35.520699625]},"properties":{"供用済面積":"11717","供用開始年":"1994","公園名":"元宮さわやか公園","公園種別":"近隣公園","所在地市区町村名":"横浜市","所在地都道府県名":"神奈川県","管理市区町村":"横浜市","管理都道府県・整備局":"神奈川県","都市計画決定":"2"}},{"type":"Feature","geometry":{"type":"Point","coordinates":[139.697808301,35.502405]},"properties":{"供用済面積":"1196","供用開始年":"1958","公園名":"朝日町公園","公園種別":"街区公園","所在地市区町村名":"横浜市","所在地都道府県名":"神奈川県","管理市区町村":"横浜市","管理都道府県・整備局":"神奈川県","都市計画決定":"1"}},{"type":"Feature","geometry":{"type":"Point","coordinates":[139.681259188,35.506417682]},"properties":{"供用済面積":"1685","供用開始年":"1943","公園名":"芦穂崎公園","公園種別":"街区公園","所在地市区町村名":"横浜市","所在地都道府県名":"神奈川県","管理市区町村":"横浜市","管理都道府県・整備局":"神奈川県","都市計画決定":"1"}},{"type":"Feature","geometry":{"type":"Point","coordinates":[139.656729296,35.502754994]},"properties":{"供用済面積":"5775","供用開始年":"1968","公園名":"荒立公園","公園種別":"街区公園","所在地市区町村名":"横浜市","所在地都道府県名":"神奈川県","管理市区町村":"横浜市","管理都道府県・整備局":"神奈川県","都市計画決定":"2"}},{"type":"Feature","geometry":{"type":"Point","coordinates":[139.688830209,35.516470053]},"properties":{"供用済面積":"2826","供用開始年":"1952","公園名":"市場公園","公園種別":"街区公園","所在地市区町村名":"横浜市","所在地都道府県名":"神奈川県","管理市区町村":"横浜市","管理都道府県・整備局":"神奈川県","都市計画決定":"1"}},{"type":"Feature","geometry":{"type":"Point","coordinates":[139.681292685,35.515046165]},"properties":{"供用済面積":"1203","供用開始年":"1963","公園名":"市場下町公園","公園種別":"街区公園","所在地市区町村名":"横浜市","所在地都道府県名":"神奈川県","管理市区町村":"横浜市","管理都道府県・整備局":"神奈川県","都市計画決定":"2"}},{"type":"Feature","geometry":{"type":"Point","coordinates":[139.684768991,35.518901028]},"properties":{"供用済面積":"467","供用開始年":"1994","公園名":"市場東中町公園","公園種別":"街区公園","所在地市区町村名":"横浜市","所在地都道府県名":"神奈川県","管理市区町村":"横浜市","管理都道府県・整備局":"神奈川県","都市計画決定":"2"}},{"type":"Feature","geometry":{"type":"Point","coordinates":[139.68297392,35.505144702]},"properties":{"供用済面積":"925","供用開始年":"1988","公園名":"潮田第二公園","公園種別":"街区公園","所在地市区町村名":"横浜市","所在地都道府県名":"神奈川県","管理市区町村":"横浜市","管理都道府県・整備局":"神奈川県","都市計画決定":"2"}},{"type":"Feature","geometry":{"type":"Point","coordinates":[139.685992244,35.50103833]},"properties":{"供用済面積":"1441","供用開始年":"1961","公園名":"潮田仲通公園","公園種別":"街区公園","所在地市区町村名":"横浜市","所在地都道府県名":"神奈川県","管理市区町村":"横浜市","管理都道府県・整備局":"神奈川県","都市計画決定":"1"}},{"type":"Feature","geometry":{"type":"Point","coordinates":[139.681641326,35.495856311]},"properties":{"供用済面積":"408","供用開始年":"1958","公園名":"小野公園","公園種別":"街区公園","所在地市区町村名":"横浜市","所在地都道府県名":"神奈川県","管理市区町村":"横浜市","管理都道府県・整備局":"神奈川県","都市計画決定":"1"}},{"type":"Feature","geometry":{"type":"Point","coordinates":[139.680217484,35.497122172]},"properties":{"供用済面積":"536","供用開始年":"1991","公園名":"小野第三公園","公園種別":"街区公園","所在地市区町村名":"横浜市","所在地都道府県名":"神奈川県","管理市区町村":"横浜市","管理都道府県・整備局":"神奈川県","都市計画決定":"2"}},{"type":"Feature","geometry":{"type":"Point","coordinates":[139.680518901,35.496687692]},"properties":{"供用済面積":"1327","供用開始年":"1998","公園名":"小野第四公園","公園種別":"街区公園","所在地市区町村名":"横浜市","所在地都道府県名":"神奈川県","管理市区町村":"横浜市","管理都道府県・整備局":"神奈川県","都市計画決定":"2"}},{"type":"Feature","geometry":{"type":"Point","coordinates":[139.672636222,35.49977522]},"properties":{"供用済面積":"658","供用開始年":"1981","公園名":"花月園駅前公園","公園種別":"街区公園","所在地市区町村名":"横浜市","所在地都道府県名":"神奈川県","管理市区町村":"横浜市","管理都道府県・整備局":"神奈川県","都市計画決定":"2"}},{"type":"Feature","geometry":{"type":"Point","coordinates":[139.660494809,35.525342236]},"properties":{"供用済面積":"630","供用開始年":"1983","公園名":"梶山一丁目公園","公園種別":"街区公園","所在地市区町村名":"横浜市","所在地都道府県名":"神奈川県","管理市区町村":"横浜市","管理都道府県・整備局":"神奈川県","都市計画決定":"2"}},{"type":"Feature","geometry":{"type":"Point","coordinates":[139.658605532,35.526499948]},"properties":{"供用済面積":"273","供用開始年":"1979","公園名":"梶山二丁目公園","公園種別":"街区公園","所在地市区町村名":"横浜市","所在地都道府県名":"神奈川県","管理市区町村":"横浜市","管理都道府県・整備局":"神奈川県","都市計画決定":"2"}},{"type":"Feature","geometry":{"type":"Point","coordinates":[139.659728534,35.526294377]},"properties":{"供用済面積":"420","供用開始年":"2000","公園名":"梶山二丁目第二公園","公園種別":"街区公園","所在地市区町村名":"横浜市","所在地都道府県名":"神奈川県","管理市区町村":"横浜市","管理都道府県・整備局":"神奈川県","都市計画決定":"2"}},{"type":"Feature","geometry":{"type":"Point","coordinates":[139.648217828,35.509784935]},"properties":{"供用済面積":"1425","供用開始年":"1990","公園名":"かに山公園","公園種別":"街区公園","所在地市区町村名":"横浜市","所在地都道府県名":"神奈川県","管理市区町村":"横浜市","管理都道府県・整備局":"神奈川県","都市計画決定":"2"}},{"type":"Feature","geometry":{"type":"Point","coordinates":[139.670870631,35.529216242]},"properties":{"供用済面積":"1521","供用開始年":"1988","公園名":"上末吉三丁目公園","公園種別":"街区公園","所在地市区町村名":"横浜市","所在地都道府県名":"神奈川県","管理市区町村":"横浜市","管理都道府県・整備局":"神奈川県","都市計画決定":"1"}},{"type":"Feature","geometry":{"type":"Point","coordinates":[139.66644009,35.52358943]},"properties":{"供用済面積":"395","供用開始年":"2000","公園名":"上末吉一丁目公園","公園種別":"街区公園","所在地市区町村名":"横浜市","所在地都道府県名":"神奈川県","管理市区町村":"横浜市","管理都道府県・整備局":"神奈川県","都市計画決定":"2"}},{"type":"Feature","geometry":{"type":"Point","coordinates":[139.671853333,35.526473192]},"properties":{"供用済面積":"4133","供用開始年":"1995","公園名":"上末吉二丁目公園","公園種別":"街区公園","所在地市区町村名":"横浜市","所在地都道府県名":"神奈川県","管理市区町村":"横浜市","管理都道府県・整備局":"神奈川県","都市計画決定":"2"}},{"type":"Feature","geometry":{"type":"Point","coordinates":[139.664663458,35.52809111]},"properties":{"供用済面積":"2203","供用開始年":"2001","公園名":"上台北公園","公園種別":"街区公園","所在地市区町村名":"横浜市","所在地都道府県名":"神奈川県","管理市区町村":"横浜市","管理都道府県・整備局":"神奈川県","都市計画決定":"2"}},{"type":"Feature","geometry":{"type":"Point","coordinates":[139.639408763,35.515009418]},"properties":{"供用済面積":"150","供用開始年":"1978","公園名":"上の宮第一公園","公園種別":"街区公園","所在地市区町村名":"横浜市","所在地都道府県名":"神奈川県","管理市区町村":"横浜市","管理都道府県・整備局":"神奈川県","都市計画決定":"2"}},{"type":"Feature","geometry":{"type":"Point","coordinates":[139.637748892,35.512601911]},"properties":{"供用済面積":"1196","供用開始年":"1987","公園名":"上の宮第三公園","公園種別":"街区公園","所在地市区町村名":"横浜市","所在地都道府県名":"神奈川県","管理市区町村":"横浜市","管理都道府県・整備局":"神奈川県","都市計画決定":"2"}},{"type":"Feature","geometry":{"type":"Point","coordinates":[139.703931854,35.50196634]},"properties":{"供用済面積":"5263","供用開始年":"1982","公園名":"寛政町公園","公園種別":"街区公園","所在地市区町村名":"横浜市","所在地都道府県名":"神奈川県","管理市区町村":"横浜市","管理都道府県・整備局":"神奈川県","都市計画決定":"1"}},{"type":"Feature","geometry":{"type":"Point","coordinates":[139.665706134,35.500282788]},"properties":{"供用済面積":"6303","供用開始年":"1936","公園名":"岸谷公園","公園種別":"街区公園","所在地市区町村名":"横浜市","所在地都道府県名":"神奈川県","管理市区町村":"横浜市","管理都道府県・整備局":"神奈川県","都市計画決定":"2"}},{"type":"Feature","geometry":{"type":"Point","coordinates":[139.663586136,35.494181435]},"properties":{"供用済面積":"939","供用開始年":"1991","公園名":"岸谷一丁目公園","公園種別":"街区公園","所在地市区町村名":"横浜市","所在地都道府県名":"神奈川県","管理市区町村":"横浜市","管理都道府県・整備局":"神奈川県","都市計画決定":"2"}},{"type":"Feature","geometry":{"type":"Point","coordinates":[139.663321931,35.499147691]},"properties":{"供用済面積":"381","供用開始年":"1998","公園名":"岸谷三丁目公園","公園種別":"街区公園","所在地市区町村名":"横浜市","所在地都道府県名":"神奈川県","管理市区町村":"横浜市","管理都道府県・整備局":"神奈川県","都市計画決定":"2"}},{"type":"Feature","geometry":{"type":"Point","coordinates":[139.660822582,35.494312137]},"properties":{"供用済面積":"2343","供用開始年":"1986","公園名":"岸谷二丁目公園","公園種別":"街区公園","所在地市区町村名":"横浜市","所在地都道府県名":"神奈川県","管理市区町村":"横浜市","管理都道府県・整備局":"神奈川県","都市計画決定":"2"}},{"type":"Feature","geometry":{"type":"Point","coordinates":[139.65797131,35.518103841]},"properties":{"供用済面積":"241","供用開始年":"1986","公園名":"北寺尾三丁目公園","公園種別":"街区公園","所在地市区町村名":"横浜市","所在地都道府県名":"神奈川県","管理市区町村":"横浜市","管理都道府県・整備局":"神奈川県","都市計画決定":"2"}},{"type":"Feature","geometry":{"type":"Point","coordinates":[139.656755838,35.519596962]},"properties":{"供用済面積":"1006","供用開始年":"1988","公園名":"北寺尾三丁目第二公園","公園種別":"街区公園","所在地市区町村名":"横浜市","所在地都道府県名":"神奈川県","管理市区町村":"横浜市","管理都道府県・整備局":"神奈川県","都市計画決定":"2"}},{"type":"Feature","geometry":{"type":"Point","coordinates":[139.65633032,35.517192813]},"properties":{"供用済面積":"1803","供用開始年":"1985","公園名":"北寺尾四丁目公園","公園種別":"街区公園","所在地市区町村名":"横浜市","所在地都道府県名":"神奈川県","管理市区町村":"横浜市","管理都道府県・整備局":"神奈川県","都市計画決定":"2"}},{"type":"Feature","geometry":{"type":"Point","coordinates":[139.651708908,35.514403499]},"properties":{"供用済面積":"415","供用開始年":"1997","公園名":"北寺尾五丁目公園","公園種別":"街区公園","所在地市区町村名":"横浜市","所在地都道府県名":"神奈川県","管理市区町村":"横浜市","管理都道府県・整備局":"神奈川県","都市計画決定":"2"}},{"type":"Feature","geometry":{"type":"Point","coordinates":[139.646595945,35.512867104]},"properties":{"供用済面積":"644","供用開始年":"1991","公園名":"北寺尾渋沢公園","公園種別":"街区公園","所在地市区町村名":"横浜市","所在地都道府県名":"神奈川県","管理市区町村":"横浜市","管理都道府県・整備局":"神奈川県","都市計画決定":"2"}},{"type":"Feature","geometry":{"type":"Point","coordinates":[139.658235558,35.519077621]},"properties":{"供用済面積":"514","供用開始年":"1975","公園名":"北寺尾第一公園","公園種別":"街区公園","所在地市区町村名":"横浜市","所在地都道府県名":"神奈川県","管理市区町村":"横浜市","管理都道府県・整備局":"神奈川県","都市計画決定":"2"}},{"type":"Feature","geometry":{"type":"Point","coordinates":[139.646410982,35.512455954]},"properties":{"供用済面積":"549","供用開始年":"1973","公園名":"北寺尾第二公園","公園種別":"街区公園","所在地市区町村名":"横浜市","所在地都道府県名":"神奈川県","管理市区町村":"横浜市","管理都道府県・整備局":"神奈川県","都市計画決定":"2"}},{"type":"Feature","geometry":{"type":"Point","coordinates":[139.644046067,35.511114318]},"properties":{"供用済面積":"232","供用開始年":"1977","公園名":"北寺尾第三公園","公園種別":"街区公園","所在地市区町村名":"横浜市","所在地都道府県名":"神奈川県","管理市区町村":"横浜市","管理都道府県・整備局":"神奈川県","都市計画決定":"2"}},{"type":"Feature","geometry":{"type":"Point","coordinates":[139.642936291,35.513516296]},"properties":{"供用済面積":"661","供用開始年":"1987","公園名":"北寺尾第四公園","公園種別":"街区公園","所在地市区町村名":"横浜市","所在地都道府県名":"神奈川県","管理市区町村":"横浜市","管理都道府県・整備局":"神奈川県","都市計画決定":"2"}},{"type":"Feature","geometry":{"type":"Point","coordinates":[139.657720293,35.518493351]},"properties":{"供用済面積":"187","供用開始年":"1983","公園名":"北寺尾第五公園","公園種別":"街区公園","所在地市区町村名":"横浜市","所在地都道府県名":"神奈川県","管理市区町村":"横浜市","管理都道府県・整備局":"神奈川県","都市計画決定":"2"}},{"type":"Feature","geometry":{"type":"Point","coordinates":[139.679323883,35.51266757]},"properties":{"供用済面積":"2797","供用開始年":"1985","公園名":"鯉ヶ渕公園","公園種別":"街区公園","所在地市区町村名":"横浜市","所在地都道府県名":"神奈川県","管理市区町村":"横浜市","管理都道府県・整備局":"神奈川県","都市計画決定":"2"}},{"type":"Feature","geometry":{"type":"Point","coordinates":[139.658386144,35.535334752]},"properties":{"供用済面積":"1634","供用開始年":"1998","公園名":"駒岡岩瀬公園","公園種別":"街区公園","所在地市区町村名":"横浜市","所在地都道府県名":"神奈川県","管理市区町村":"横浜市","管理都道府県・整備局":"神奈川県","都市計画決定":"2"}},{"type":"Feature","geometry":{"type":"Point","coordinates":[139.652590022,35.523097775]},"properties":{"供用済面積":"1931","供用開始年":"1988","公園名":"駒岡内町公園","公園種別":"街区公園","所在地市区町村名":"横浜市","所在地都道府県名":"神奈川県","管理市区町村":"横浜市","管理都道府県・整備局":"神奈川県","都市計画決定":"2"}},{"type":"Feature","geometry":{"type":"Point","coordinates":[139.654495288,35.523188113]},"properties":{"供用済面積":"1990","供用開始年":"1995","公園名":"駒岡内町第二公園","公園種別":"街区公園","所在地市区町村名":"横浜市","所在地都道府県名":"神奈川県","管理市区町村":"横浜市","管理都道府県・整備局":"神奈川県","都市計画決定":"2"}},{"type":"Feature","geometry":{"type":"Point","coordinates":[139.654628791,35.526489131]},"properties":{"供用済面積":"910","供用開始年":"2001","公園名":"駒岡三丁目公園","公園種別":"街区公園","所在地市区町村名":"横浜市","所在地都道府県名":"神奈川県","管理市区町村":"横浜市","管理都道府県・整備局":"神奈川県","都市計画決定":"2"}},{"type":"Feature","geometry":{"type":"Point","coordinates":[139.652910972,35.532969489]},"properties":{"供用済面積":"1790","供用開始年":"1973","公園名":"駒岡第一公園","公園種別":"街区公園","所在地市区町村名":"横浜市","所在地都道府県名":"神奈川県","管理市区町村":"横浜市","管理都道府県・整備局":"神奈川県","都市計画決定":"1"}},{"type":"Feature","geometry":{"type":"Point","coordinates":[139.654635762,35.535030876]},"properties":{"供用済面積":"878","供用開始年":"1985","公園名":"駒岡第二公園","公園種別":"街区公園","所在地市区町村名":"横浜市","所在地都道府県名":"神奈川県","管理市区町村":"横浜市","管理都道府県・整備局":"神奈川県","都市計画決定":"2"}},{"type":"Feature","geometry":{"type":"Point","coordinates":[139.647732293,35.532299323]},"properties":{"供用済面積":"252","供用開始年":"1991","公園名":"駒岡第三公園","公園種別":"街区公園","所在地市区町村名":"横浜市","所在地都道府県名":"神奈川県","管理市区町村":"横浜市","管理都道府県・整備局":"神奈川県","都市計画決定":"2"}},{"type":"Feature","geometry":{"type":"Point","coordinates":[139.690434588,35.509801317]},"properties":{"供用済面積":"12362","供用開始年":"1955","公園名":"栄町公園","公園種別":"街区公園","所在地市区町村名":"横浜市","所在地都道府県名":"神奈川県","管理市区町村":"横浜市","管理都道府県・整備局":"神奈川県","都市計画決定":"1"}},{"type":"Feature","geometry":{"type":"Point","coordinates":[139.684222984,35.506775569]},"properties":{"供用済面積":"840","供用開始年":"1966","公園名":"潮鶴橋公園","公園種別":"街区公園","所在地市区町村名":"横浜市","所在地都道府県名":"神奈川県","管理市区町村":"横浜市","管理都道府県・整備局":"神奈川県","都市計画決定":"2"}},{"type":"Feature","geometry":{"type":"Point","coordinates":[139.65169573,35.518969426]},"properties":{"供用済面積":"1150","供用開始年":"1970","公園名":"獅子ヶ谷公園","公園種別":"街区公園","所在地市区町村名":"横浜市","所在地都道府県名":"神奈川県","管理市区町村":"横浜市","管理都道府県・整備局":"神奈川県","都市計画決定":"2"}},{"type":"Feature","geometry":{"type":"Point","coordinates":[139.653968165,35.520137954]},"properties":{"供用済面積":"185","供用開始年":"1975","公園名":"獅子ヶ谷第二公園","公園種別":"街区公園","所在地市区町村名":"横浜市","所在地都道府県名":"神奈川県","管理市区町村":"横浜市","管理都道府県・整備局":"神奈川県","都市計画決定":"2"}},{"type":"Feature","geometry":{"type":"Point","coordinates":[139.650519865,35.51562613]},"properties":{"供用済面積":"740","供用開始年":"1996","公園名":"獅子ケ谷第三公園","公園種別":"街区公園","所在地市区町村名":"横浜市","所在地都道府県名":"神奈川県","管理市区町村":"横浜市","管理都道府県・整備局":"神奈川県","都市計画決定":"2"}},{"type":"Feature","geometry":{"type":"Point","coordinates":[139.679415548,35.499168372]},"properties":{"供用済面積":"1194","供用開始年":"1982","公園名":"下野谷町公園","公園種別":"街区公園","所在地市区町村名":"横浜市","所在地都道府県名":"神奈川県","管理市区町村":"横浜市","管理都道府県・整備局":"神奈川県","都市計画決定":"1"}},{"type":"Feature","geometry":{"type":"Point","coordinates":[139.684261394,35.497622726]},"properties":{"供用済面積":"1628","供用開始年":"1985","公園名":"下野谷町第二公園","公園種別":"街区公園","所在地市区町村名":"横浜市","所在地都道府県名":"神奈川県","管理市区町村":"横浜市","管理都道府県・整備局":"神奈川県","都市計画決定":"1"}},{"type":"Feature","geometry":{"type":"Point","coordinates":[139.687465971,35.526144671]},"properties":{"供用済面積":"1464","供用開始年":"1964","公園名":"尻手公園","公園種別":"街区公園","所在地市区町村名":"横浜市","所在地都道府県名":"神奈川県","管理市区町村":"横浜市","管理都道府県・整備局":"神奈川県","都市計画決定":"1"}},{"type":"Feature","geometry":{"type":"Point","coordinates":[139.681541171,35.528912718]},"properties":{"供用済面積":"300","供用開始年":"1980","公園名":"尻手三丁目公園","公園種別":"街区公園","所在地市区町村名":"横浜市","所在地都道府県名":"神奈川県","管理市区町村":"横浜市","管理都道府県・整備局":"神奈川県","都市計画決定":"2"}},{"type":"Feature","geometry":{"type":"Point","coordinates":[139.649396939,35.513715161]},"properties":{"供用済面積":"3564","供用開始年":"1994","公園名":"渋沢金井公園","公園種別":"街区公園","所在地市区町村名":"横浜市","所在地都道府県名":"神奈川県","管理市区町村":"横浜市","管理都道府県・整備局":"神奈川県","都市計画決定":"2"}},{"type":"Feature","geometry":{"type":"Point","coordinates":[139.678356958,35.505693597]},"properties":{"供用済面積":"495","供用開始年":"1978","公園名":"下三公園","公園種別":"街区公園","所在地市区町村名":"横浜市","所在地都道府県名":"神奈川県","管理市区町村":"横浜市","管理都道府県・整備局":"神奈川県","都市計画決定":"1"}},{"type":"Feature","geometry":{"type":"Point","coordinates":[139.668646421,35.51893695]},"properties":{"供用済面積":"590","供用開始年":"1992","公園名":"下末吉旭台公園","公園種別":"街区公園","所在地市区町村名":"横浜市","所在地都道府県名":"神奈川県","管理市区町村":"横浜市","管理都道府県・整備局":"神奈川県","都市計画決定":"2"}},{"type":"Feature","geometry":{"type":"Point","coordinates":[139.669104732,35.516371721]},"properties":{"供用済面積":"1895","供用開始年":"1988","公園名":"諏訪坂公園","公園種別":"街区公園","所在地市区町村名":"横浜市","所在地都道府県名":"神奈川県","管理市区町村":"横浜市","管理都道府県・整備局":"神奈川県","都市計画決定":"1"}},{"type":"Feature","geometry":{"type":"Point","coordinates":[139.676692955,35.514801912]},"properties":{"供用済面積":"7393","供用開始年":"1981","公園名":"佃野公園","公園種別":"街区公園","所在地市区町村名":"横浜市","所在地都道府県名":"神奈川県","管理市区町村":"横浜市","管理都道府県・整備局":"神奈川県","都市計画決定":"2"}},{"type":"Feature","geometry":{"type":"Point","coordinates":[139.677715176,35.510825104]},"properties":{"供用済面積":"1038","供用開始年":"1964","公園名":"鶴見神社公園","公園種別":"街区公園","所在地市区町村名":"横浜市","所在地都道府県名":"神奈川県","管理市区町村":"横浜市","管理都道府県・整備局":"神奈川県","都市計画決定":"2"}},{"type":"Feature","geometry":{"type":"Point","coordinates":[139.6844476,35.508798856]},"properties":{"供用済面積":"331","供用開始年":"1989","公園名":"鶴見中央三丁目公園","公園種別":"街区公園","所在地市区町村名":"横浜市","所在地都道府県名":"神奈川県","管理市区町村":"横浜市","管理都道府県・整備局":"神奈川県","都市計画決定":"2"}},{"type":"Feature","geometry":{"type":"Point","coordinates":[139.654668285,35.505920843]},"properties":{"供用済面積":"3299","供用開始年":"1994","公園名":"殿山公園","公園種別":"街区公園","所在地市区町村名":"横浜市","所在地都道府県名":"神奈川県","管理市区町村":"横浜市","管理都道府県・整備局":"神奈川県","都市計画決定":"2"}},{"type":"Feature","geometry":{"type":"Point","coordinates":[139.679863119,35.508192953]},"properties":{"供用済面積":"430","供用開始年":"1966","公園名":"中町公園","公園種別":"街区公園","所在地市区町村名":"横浜市","所在地都道府県名":"神奈川県","管理市区町村":"横浜市","管理都道府県・整備局":"神奈川県","都市計画決定":"2"}},{"type":"Feature","geometry":{"type":"Point","coordinates":[139.671394812,35.496004644]},"properties":{"供用済面積":"1599","供用開始年":"1950","公園名":"生麦公園","公園種別":"街区公園","所在地市区町村名":"横浜市","所在地都道府県名":"神奈川県","管理市区町村":"横浜市","管理都道府県・整備局":"神奈川県","都市計画決定":"2"}},{"type":"Feature","geometry":{"type":"Point","coordinates":[139.668136607,35.49349825]},"properties":{"供用済面積":"1262","供用開始年":"1998","公園名":"生麦神明公園","公園種別":"街区公園","所在地市区町村名":"横浜市","所在地都道府県名":"神奈川県","管理市区町村":"横浜市","管理都道府県・整備局":"神奈川県","都市計画決定":"2"}},{"type":"Feature","geometry":{"type":"Point","coordinates":[139.695171956,35.502235484]},"properties":{"供用済面積":"5639","供用開始年":"1988","公園名":"日東浜公園","公園種別":"街区公園","所在地市区町村名":"横浜市","所在地都道府県名":"神奈川県","管理市区町村":"横浜市","管理都道府県・整備局":"神奈川県","都市計画決定":"1"}},{"type":"Feature","geometry":{"type":"Point","coordinates":[139.659963413,35.508232945]},"properties":{"供用済面積":"3893","供用開始年":"1967","公園名":"二本木第二公園","公園種別":"街区公園","所在地市区町村名":"横浜市","所在地都道府県名":"神奈川県","管理市区町村":"横浜市","管理都道府県・整備局":"神奈川県","都市計画決定":"2"}},{"type":"Feature","geometry":{"type":"Point","coordinates":[139.643372234,35.506743152]},"properties":{"供用済面積":"361","供用開始年":"1976","公園名":"馬場一丁目公園","公園種別":"街区公園","所在地市区町村名":"横浜市","所在地都道府県名":"神奈川県","管理市区町村":"横浜市","管理都道府県・整備局":"神奈川県","都市計画決定":"2"}},{"type":"Feature","geometry":{"type":"Point","coordinates":[139.651392247,35.508611313]},"properties":{"供用済面積":"3714","供用開始年":"1993","公園名":"馬場二丁目公園","公園種別":"街区公園","所在地市区町村名":"横浜市","所在地都道府県名":"神奈川県","管理市区町村":"横浜市","管理都道府県・整備局":"神奈川県","都市計画決定":"2"}},{"type":"Feature","geometry":{"type":"Point","coordinates":[139.652762311,35.505980295]},"properties":{"供用済面積":"784","供用開始年":"1992","公園名":"馬場三丁目公園","公園種別":"街区公園","所在地市区町村名":"横浜市","所在地都道府県名":"神奈川県","管理市区町村":"横浜市","管理都道府県・整備局":"神奈川県","都市計画決定":"2"}},{"type":"Feature","geometry":{"type":"Point","coordinates":[139.65838084,35.512304474]},"properties":{"供用済面積":"1991","供用開始年":"1976","公園名":"馬場四丁目公園","公園種別":"街区公園","所在地市区町村名":"横浜市","所在地都道府県名":"神奈川県","管理市区町村":"横浜市","管理都道府県・整備局":"神奈川県","都市計画決定":"1"}},{"type":"Feature","geometry":{"type":"Point","coordinates":[139.654812884,35.512716927]},"properties":{"供用済面積":"1885","供用開始年":"1994","公園名":"馬場第一公園","公園種別":"街区公園","所在地市区町村名":"横浜市","所在地都道府県名":"神奈川県","管理市区町村":"横浜市","管理都道府県・整備局":"神奈川県","都市計画決定":"1"}},{"type":"Feature","geometry":{"type":"Point","coordinates":[139.657673175,35.507806288]},"properties":{"供用済面積":"5222","供用開始年":"1970","公園名":"馬場町公園","公園種別":"街区公園","所在地市区町村名":"横浜市","所在地都道府県名":"神奈川県","管理市区町村":"横浜市","管理都道府県・整備局":"神奈川県","都市計画決定":"1"}},{"type":"Feature","geometry":{"type":"Point","coordinates":[139.655579912,35.50795495]},"properties":{"供用済面積":"211","供用開始年":"1980","公園名":"馬場町第二公園","公園種別":"街区公園","所在地市区町村名":"横浜市","所在地都道府県名":"神奈川県","管理市区町村":"横浜市","管理都道府県・整備局":"神奈川県","都市計画決定":"2"}},{"type":"Feature","geometry":{"type":"Point","coordinates":[139.656848252,35.510259547]},"properties":{"供用済面積":"213","供用開始年":"1976","公園名":"馬場町第三公園","公園種別":"街区公園","所在地市区町村名":"横浜市","所在地都道府県名":"神奈川県","管理市区町村":"横浜市","管理都道府県・整備局":"神奈川県","都市計画決定":"2"}},{"type":"Feature","geometry":{"type":"Point","coordinates":[139.658605387,35.506461819]},"properties":{"供用済面積":"432","供用開始年":"1984","公園名":"馬場町第四公園","公園種別":"街区公園","所在地市区町村名":"横浜市","所在地都道府県名":"神奈川県","管理市区町村":"横浜市","管理都道府県・整備局":"神奈川県","都市計画決定":"2"}},{"type":"Feature","geometry":{"type":"Point","coordinates":[139.692174033,35.503628178]},"properties":{"供用済面積":"2122","供用開始年":"1958","公園名":"東潮田公園","公園種別":"街区公園","所在地市区町村名":"横浜市","所在地都道府県名":"神奈川県","管理市区町村":"横浜市","管理都道府県・整備局":"神奈川県","都市計画決定":"1"}},{"type":"Feature","geometry":{"type":"Point","coordinates":[139.679955614,35.510183781]},"properties":{"供用済面積":"272","供用開始年":"1974","公園名":"東上町公園","公園種別":"街区公園","所在地市区町村名":"横浜市","所在地都道府県名":"神奈川県","管理市区町村":"横浜市","管理都道府県・整備局":"神奈川県","都市計画決定":"2"}},{"type":"Feature","geometry":{"type":"Point","coordinates":[139.677326468,35.509978215]},"properties":{"供用済面積":"1054","供用開始年":"1980","公園名":"東口駅前通り公園","公園種別":"街区公園","所在地市区町村名":"横浜市","所在地都道府県名":"神奈川県","管理市区町村":"横浜市","管理都道府県・整備局":"神奈川県","都市計画決定":"1"}},{"type":"Feature","geometry":{"type":"Point","coordinates":[139.64812845,35.504535919]},"properties":{"供用済面積":"171","供用開始年":"1978","公園名":"東寺尾一丁目公園","公園種別":"街区公園","所在地市区町村名":"横浜市","所在地都道府県名":"神奈川県","管理市区町村":"横浜市","管理都道府県・整備局":"神奈川県","都市計画決定":"2"}},{"type":"Feature","geometry":{"type":"Point","coordinates":[139.647647234,35.502485102]},"properties":{"供用済面積":"1671","供用開始年":"1986","公園名":"東寺尾一丁目第二公園","公園種別":"街区公園","所在地市区町村名":"横浜市","所在地都道府県名":"神奈川県","管理市区町村":"横浜市","管理都道府県・整備局":"神奈川県","都市計画決定":"2"}},{"type":"Feature","geometry":{"type":"Point","coordinates":[139.652831824,35.502382797]},"properties":{"供用済面積":"1594","供用開始年":"1985","公園名":"東寺尾一丁目第三公園","公園種別":"街区公園","所在地市区町村名":"横浜市","所在地都道府県名":"神奈川県","管理市区町村":"横浜市","管理都道府県・整備局":"神奈川県","都市計画決定":"2"}},{"type":"Feature","geometry":{"type":"Point","coordinates":[139.658076102,35.497904507]},"properties":{"供用済面積":"1166","供用開始年":"1986","公園名":"東寺尾三丁目公園","公園種別":"街区公園","所在地市区町村名":"横浜市","所在地都道府県名":"神奈川県","管理市区町村":"横浜市","管理都道府県・整備局":"神奈川県","都市計画決定":"2"}},{"type":"Feature","geometry":{"type":"Point","coordinates":[139.658066257,35.495867798]},"properties":{"供用済面積":"1077","供用開始年":"1992","公園名":"東寺尾四丁目公園","公園種別":"街区公園","所在地市区町村名":"横浜市","所在地都道府県名":"神奈川県","管理市区町村":"横浜市","管理都道府県・整備局":"神奈川県","都市計画決定":"2"}},{"type":"Feature","geometry":{"type":"Point","coordinates":[139.662066828,35.500348682]},"properties":{"供用済面積":"207","供用開始年":"1975","公園名":"東寺尾五丁目公園","公園種別":"街区公園","所在地市区町村名":"横浜市","所在地都道府県名":"神奈川県","管理市区町村":"横浜市","管理都道府県・整備局":"神奈川県","都市計画決定":"2"}},{"type":"Feature","geometry":{"type":"Point","coordinates":[139.666677783,35.507868379]},"properties":{"供用済面積":"119","供用開始年":"1987","公園名":"東寺尾中台公園","公園種別":"街区公園","所在地市区町村名":"横浜市","所在地都道府県名":"神奈川県","管理市区町村":"横浜市","管理都道府県・整備局":"神奈川県","都市計画決定":"2"}},{"type":"Feature","geometry":{"type":"Point","coordinates":[139.665556338,35.514045206]},"properties":{"供用済面積":"1275","供用開始年":"1983","公園名":"東寺尾別所公園","公園種別":"街区公園","所在地市区町村名":"横浜市","所在地都道府県名":"神奈川県","管理市区町村":"横浜市","管理都道府県・整備局":"神奈川県","都市計画決定":"2"}},{"type":"Feature","geometry":{"type":"Point","coordinates":[139.675690273,35.503088833]},"properties":{"供用済面積":"2325","供用開始年":"1988","公園名":"本山前桜公園","公園種別":"街区公園","所在地市区町村名":"横浜市","所在地都道府県名":"神奈川県","管理市区町村":"横浜市","管理都道府県・整備局":"神奈川県","都市計画決定":"2"}},{"type":"Feature","geometry":{"type":"Point","coordinates":[139.684051189,35.502188002]},"properties":{"供用済面積":"150","供用開始年":"2001","公園名":"本町通三丁目公園","公園種別":"街区公園","所在地市区町村名":"横浜市","所在地都道府県名":"神奈川県","管理市区町村":"横浜市","管理都道府県・整備局":"神奈川県","都市計画決定":"2"}},{"type":"Feature","geometry":{"type":"Point","coordinates":[139.673336422,35.497016191]},"properties":{"供用済面積":"607","供用開始年":"1981","公園名":"南仲町公園","公園種別":"街区公園","所在地市区町村名":"横浜市","所在地都道府県名":"神奈川県","管理市区町村":"横浜市","管理都道府県・整備局":"神奈川県","都市計画決定":"2"}},{"type":"Feature","geometry":{"type":"Point","coordinates":[139.659622676,35.503464761]},"properties":{"供用済面積":"783","供用開始年":"1984","公園名":"宮台第三公園","公園種別":"街区公園","所在地市区町村名":"横浜市","所在地都道府県名":"神奈川県","管理市区町村":"横浜市","管理都道府県・整備局":"神奈川県","都市計画決定":"2"}},{"type":"Feature","geometry":{"type":"Point","coordinates":[139.681519192,35.521073041]},"properties":{"供用済面積":"3065","供用開始年":"1978","公園名":"元宮二丁目公園","公園種別":"街区公園","所在地市区町村名":"横浜市","所在地都道府県名":"神奈川県","管理市区町村":"横浜市","管理都道府県・整備局":"神奈川県","都市計画決定":"2"}},{"type":"Feature","geometry":{"type":"Point","coordinates":[139.675780772,35.519759241]},"properties":{"供用済面積":"532","供用開始年":"2001","公園名":"森永橋ひろば公園","公園種別":"街区公園","所在地市区町村名":"横浜市","所在地都道府県名":"神奈川県","管理市区町村":"横浜市","管理都道府県・整備局":"神奈川県","都市計画決定":"2"}},{"type":"Feature","geometry":{"type":"Point","coordinates":[139.675454557,35.527295877]},"properties":{"供用済面積":"6045","供用開始年":"1985","公園名":"矢向一丁目公園","公園種別":"街区公園","所在地市区町村名":"横浜市","所在地都道府県名":"神奈川県","管理市区町村":"横浜市","管理都道府県・整備局":"神奈川県","都市計画決定":"1"}},{"type":"Feature","geometry":{"type":"Point","coordinates":[139.682082931,35.539635062]},"properties":{"供用済面積":"1163","供用開始年":"1979","公園名":"矢向五丁目公園","公園種別":"街区公園","所在地市区町村名":"横浜市","所在地都道府県名":"神奈川県","管理市区町村":"横浜市","管理都道府県・整備局":"神奈川県","都市計画決定":"1"}},{"type":"Feature","geometry":{"type":"Point","coordinates":[139.677234211,35.53946195]},"properties":{"供用済面積":"279","供用開始年":"1975","公園名":"矢向二ケ領公園","公園種別":"街区公園","所在地市区町村名":"横浜市","所在地都道府県名":"神奈川県","管理市区町村":"横浜市","管理都道府県・整備局":"神奈川県","都市計画決定":"2"}},{"type":"Feature","geometry":{"type":"Point","coordinates":[139.680087957,35.539591786]},"properties":{"供用済面積":"358","供用開始年":"1994","公園名":"矢向六丁目公園","公園種別":"街区公園","所在地市区町村名":"横浜市","所在地都道府県名":"神奈川県","管理市区町村":"横浜市","管理都道府県・整備局":"神奈川県","都市計画決定":"2"}},{"type":"Feature","geometry":{"type":"Point","coordinates":[139.683126634,35.537049142]},"properties":{"供用済面積":"592","供用開始年":"1959","公園名":"矢向北公園","公園種別":"街区公園","所在地市区町村名":"横浜市","所在地都道府県名":"神奈川県","管理市区町村":"横浜市","管理都道府県・整備局":"神奈川県","都市計画決定":"2"}},{"type":"Feature","geometry":{"type":"Point","coordinates":[139.678963651,35.530902371]},"properties":{"供用済面積":"1733","供用開始年":"1956","公園名":"矢向南公園","公園種別":"街区公園","所在地市区町村名":"横浜市","所在地都道府県名":"神奈川県","管理市区町村":"横浜市","管理都道府県・整備局":"神奈川県","都市計画決定":"1"}},{"type":"Feature","geometry":{"type":"Point","coordinates":[139.658843039,35.531626914]},"properties":{"供用済面積":"1916","供用開始年":"1987","公園名":"八千代田公園","公園種別":"街区公園","所在地市区町村名":"横浜市","所在地都道府県名":"神奈川県","管理市区町村":"横浜市","管理都道府県・整備局":"神奈川県","都市計画決定":"2"}},{"type":"Feature","geometry":{"type":"Point","coordinates":[139.605268301,35.4776931]},"properties":{"供用済面積":"4658","供用開始年":"2006","公園名":"三ツ沢みずき緑地","公園種別":"都市緑地","所在地市区町村名":"横浜市","所在地都道府県名":"神奈川県","管理市区町村":"横浜市","管理都道府県・整備局":"神奈川県","都市計画決定":"2"}},{"type":"Feature","geometry":{"type":"Point","coordinates":[139.630444258,35.476983359]},"properties":{"供用済面積":"2653","供用開始年":"1997","公園名":"滝の川せせらぎ緑道","公園種別":"緑道","所在地市区町村名":"横浜市","所在地都道府県名":"神奈川県","管理市区町村":"横浜市","管理都道府県・整備局":"神奈川県","都市計画決定":"2"}},{"type":"Feature","geometry":{"type":"Point","coordinates":[139.602982572,35.470606231]},"properties":{"供用済面積":"300055","供用開始年":"1949","公園名":"三ツ沢公園","公園種別":"運動公園","所在地市区町村名":"横浜市","所在地都道府県名":"神奈川県","管理市区町村":"横浜市","管理都道府県・整備局":"神奈川県","都市計画決定":"1"}},{"type":"Feature","geometry":{"type":"Point","coordinates":[139.600063363,35.483381937]},"properties":{"供用済面積":"35195","供用開始年":"2001","公園名":"片倉うさぎ山公園","公園種別":"地区公園（カントリーパーク）","所在地市区町村名":"横浜市","所在地都道府県名":"神奈川県","管理市区町村":"横浜市","管理都道府県・整備局":"神奈川県","都市計画決定":"1"}},{"type":"Feature","geometry":{"type":"Point","coordinates":[139.652355422,35.495360644]},"properties":{"供用済面積":"42634","供用開始年":"1942","公園名":"神の木公園","公園種別":"地区公園（カントリーパーク）","所在地市区町村名":"横浜市","所在地都道府県名":"神奈川県","管理市区町村":"横浜市","管理都道府県・整備局":"神奈川県","都市計画決定":"1"}},{"type":"Feature","geometry":{"type":"Point","coordinates":[139.650969439,35.48853405]},"properties":{"供用済面積":"13041","供用開始年":"1959","公園名":"入江町公園","公園種別":"近隣公園","所在地市区町村名":"横浜市","所在地都道府県名":"神奈川県","管理市区町村":"横浜市","管理都道府県・整備局":"神奈川県","都市計画決定":"1"}},{"type":"Feature","geometry":{"type":"Point","coordinates":[139.609814117,35.493307862]},"properties":{"供用済面積":"11113","供用開始年":"1995","公園名":"片倉北公園","公園種別":"近隣公園","所在地市区町村名":"横浜市","所在地都道府県名":"神奈川県","管理市区町村":"横浜市","管理都道府県・整備局":"神奈川県","都市計画決定":"1"}},{"type":"Feature","geometry":{"type":"Point","coordinates":[139.631497431,35.470396916]},"properties":{"供用済面積":"14190","供用開始年":"1930","公園名":"神奈川公園","公園種別":"近隣公園","所在地市区町村名":"横浜市","所在地都道府県名":"神奈川県","管理市区町村":"横浜市","管理都道府県・整備局":"神奈川県","都市計画決定":"1"}},{"type":"Feature","geometry":{"type":"Point","coordinates":[139.606252041,35.483900344]},"properties":{"供用済面積":"15038","供用開始年":"1986","公園名":"神大寺中央公園","公園種別":"近隣公園","所在地市区町村名":"横浜市","所在地都道府県名":"神奈川県","管理市区町村":"横浜市","管理都道府県・整備局":"神奈川県","都市計画決定":"1"}},{"type":"Feature","geometry":{"type":"Point","coordinates":[139.629010625,35.471773506]},"properties":{"供用済面積":"18139","供用開始年":"1959","公園名":"幸ヶ谷公園","公園種別":"近隣公園","所在地市区町村名":"横浜市","所在地都道府県名":"神奈川県","管理市区町村":"横浜市","管理都道府県・整備局":"神奈川県","都市計画決定":"1"}},{"type":"Feature","geometry":{"type":"Point","coordinates":[139.660346634,35.492188849]},"properties":{"供用済面積":"26382","供用開始年":"1975","公園名":"子安台公園","公園種別":"近隣公園","所在地市区町村名":"横浜市","所在地都道府県名":"神奈川県","管理市区町村":"横浜市","管理都道府県・整備局":"神奈川県","都市計画決定":"1"}},{"type":"Feature","geometry":{"type":"Point","coordinates":[139.617638088,35.470525724]},"properties":{"供用済面積":"15109","供用開始年":"1984","公園名":"沢渡中央公園","公園種別":"近隣公園","所在地市区町村名":"横浜市","所在地都道府県名":"神奈川県","管理市区町村":"横浜市","管理都道府県・整備局":"神奈川県","都市計画決定":"1"}},{"type":"Feature","geometry":{"type":"Point","coordinates":[139.572843124,35.494301828]},"properties":{"供用済面積":"18819","供用開始年":"1979","公園名":"菅田いでど公園","公園種別":"近隣公園","所在地市区町村名":"横浜市","所在地都道府県名":"神奈川県","管理市区町村":"横浜市","管理都道府県・整備局":"神奈川県","都市計画決定":"2"}},{"type":"Feature","geometry":{"type":"Point","coordinates":[139.578011397,35.497518134]},"properties":{"供用済面積":"24000","供用開始年":"2001","公園名":"菅田みどりの丘公園","公園種別":"近隣公園","所在地市区町村名":"横浜市","所在地都道府県名":"神奈川県","管理市区町村":"横浜市","管理都道府県・整備局":"神奈川県","都市計画決定":"2"}},{"type":"Feature","geometry":{"type":"Point","coordinates":[139.619761235,35.47209954]},"properties":{"供用済面積":"11422","供用開始年":"1958","公園名":"台町公園","公園種別":"近隣公園","所在地市区町村名":"横浜市","所在地都道府県名":"神奈川県","管理市区町村":"横浜市","管理都道府県・整備局":"神奈川県","都市計画決定":"1"}},{"type":"Feature","geometry":{"type":"Point","coordinates":[139.629111403,35.475571191]},"properties":{"供用済面積":"24130","供用開始年":"1963","公園名":"反町公園","公園種別":"近隣公園","所在地市区町村名":"横浜市","所在地都道府県名":"神奈川県","管理市区町村":"横浜市","管理都道府県・整備局":"神奈川県","都市計画決定":"1"}},{"type":"Feature","geometry":{"type":"Point","coordinates":[139.648807079,35.500043863]},"properties":{"供用済面積":"14102","供用開始年":"2000","公園名":"西寺尾の丘公園","公園種別":"近隣公園","所在地市区町村名":"横浜市","所在地都道府県名":"神奈川県","管理市区町村":"横浜市","管理都道府県・整備局":"神奈川県","都市計画決定":"1"}},{"type":"Feature","geometry":{"type":"Point","coordinates":[139.579092514,35.482866732]},"properties":{"供用済面積":"16709","供用開始年":"1997","公園名":"羽沢町公園","公園種別":"近隣公園","所在地市区町村名":"横浜市","所在地都道府県名":"神奈川県","管理市区町村":"横浜市","管理都道府県・整備局":"神奈川県","都市計画決定":"2"}},{"type":"Feature","geometry":{"type":"Point","coordinates":[139.630462879,35.467581351]},"properties":{"供用済面積":"16068","供用開始年":"1998","公園名":"ポートサイド公園","公園種別":"近隣公園","所在地市区町村名":"横浜市","所在地都道府県名":"神奈川県","管理市区町村":"横浜市","管理都道府県・整備局":"神奈川県","都市計画決定":"1"}},{"type":"Feature","geometry":{"type":"Point","coordinates":[139.6410203,35.501244808]},"properties":{"供用済面積":"12243","供用開始年":"1998","公園名":"松見みはらし公園","公園種別":"近隣公園","所在地市区町村名":"横浜市","所在地都道府県名":"神奈川県","管理市区町村":"横浜市","管理都道府県・整備局":"神奈川県","都市計画決定":"2"}},{"type":"Feature","geometry":{"type":"Point","coordinates":[139.574509734,35.502267768]},"properties":{"供用済面積":"193","供用開始年":"1970","公園名":"赤坂公園","公園種別":"街区公園","所在地市区町村名":"横浜市","所在地都道府県名":"神奈川県","管理市区町村":"横浜市","管理都道府県・整備局":"神奈川県","都市計画決定":"2"}},{"type":"Feature","geometry":{"type":"Point","coordinates":[139.649343809,35.487635523]},"properties":{"供用済面積":"338","供用開始年":"1989","公園名":"入江一丁目公園","公園種別":"街区公園","所在地市区町村名":"横浜市","所在地都道府県名":"神奈川県","管理市区町村":"横浜市","管理都道府県・整備局":"神奈川県","都市計画決定":"2"}},{"type":"Feature","geometry":{"type":"Point","coordinates":[139.646447999,35.4940062]},"properties":{"供用済面積":"3236","供用開始年":"1954","公園名":"入江川公園","公園種別":"街区公園","所在地市区町村名":"横浜市","所在地都道府県名":"神奈川県","管理市区町村":"横浜市","管理都道府県・整備局":"神奈川県","都市計画決定":"1"}},{"type":"Feature","geometry":{"type":"Point","coordinates":[139.648871513,35.49105455]},"properties":{"供用済面積":"408","供用開始年":"1995","公園名":"入江二丁目公園","公園種別":"街区公園","所在地市区町村名":"横浜市","所在地都道府県名":"神奈川県","管理市区町村":"横浜市","管理都道府県・整備局":"神奈川県","都市計画決定":"2"}},{"type":"Feature","geometry":{"type":"Point","coordinates":[139.655242208,35.491360304]},"properties":{"供用済面積":"4932","供用開始年":"1960","公園名":"打越公園","公園種別":"街区公園","所在地市区町村名":"横浜市","所在地都道府県名":"神奈川県","管理市区町村":"横浜市","管理都道府県・整備局":"神奈川県","都市計画決定":"1"}},{"type":"Feature","geometry":{"type":"Point","coordinates":[139.639112784,35.481779928]},"properties":{"供用済面積":"2066","供用開始年":"1967","公園名":"浦島公園","公園種別":"街区公園","所在地市区町村名":"横浜市","所在地都道府県名":"神奈川県","管理市区町村":"横浜市","管理都道府県・整備局":"神奈川県","都市計画決定":"1"}},{"type":"Feature","geometry":{"type":"Point","coordinates":[139.641975582,35.483369843]},"properties":{"供用済面積":"1421","供用開始年":"1970","公園名":"浦島第二公園","公園種別":"街区公園","所在地市区町村名":"横浜市","所在地都道府県名":"神奈川県","管理市区町村":"横浜市","管理都道府県・整備局":"神奈川県","都市計画決定":"1"}},{"type":"Feature","geometry":{"type":"Point","coordinates":[139.639689311,35.486645522]},"properties":{"供用済面積":"995","供用開始年":"1965","公園名":"浦島丘公園","公園種別":"街区公園","所在地市区町村名":"横浜市","所在地都道府県名":"神奈川県","管理市区町村":"横浜市","管理都道府県・整備局":"神奈川県","都市計画決定":"2"}},{"type":"Feature","geometry":{"type":"Point","coordinates":[139.641225162,35.484981992]},"properties":{"供用済面積":"704","供用開始年":"2000","公園名":"浦島丘第二公園","公園種別":"街区公園","所在地市区町村名":"横浜市","所在地都道府県名":"神奈川県","管理市区町村":"横浜市","管理都道府県・整備局":"神奈川県","都市計画決定":"2"}},{"type":"Feature","geometry":{"type":"Point","coordinates":[139.642761013,35.482033624]},"properties":{"供用済面積":"423","供用開始年":"1969","公園名":"浦島町浜公園","公園種別":"街区公園","所在地市区町村名":"横浜市","所在地都道府県名":"神奈川県","管理市区町村":"横浜市","管理都道府県・整備局":"神奈川県","都市計画決定":"2"}},{"type":"Feature","geometry":{"type":"Point","coordinates":[139.644082242,35.489742665]},"properties":{"供用済面積":"2495","供用開始年":"1951","公園名":"大口公園","公園種別":"街区公園","所在地市区町村名":"横浜市","所在地都道府県名":"神奈川県","管理市区町村":"横浜市","管理都道府県・整備局":"神奈川県","都市計画決定":"1"}},{"type":"Feature","geometry":{"type":"Point","coordinates":[139.644972196,35.492650312]},"properties":{"供用済面積":"5976","供用開始年":"1952","公園名":"大口駅前公園","公園種別":"街区公園","所在地市区町村名":"横浜市","所在地都道府県名":"神奈川県","管理市区町村":"横浜市","管理都道府県・整備局":"神奈川県","都市計画決定":"1"}},{"type":"Feature","geometry":{"type":"Point","coordinates":[139.639641191,35.493593626]},"properties":{"供用済面積":"1160","供用開始年":"1994","公園名":"大口池下公園","公園種別":"街区公園","所在地市区町村名":"横浜市","所在地都道府県名":"神奈川県","管理市区町村":"横浜市","管理都道府県・整備局":"神奈川県","都市計画決定":"2"}},{"type":"Feature","geometry":{"type":"Point","coordinates":[139.643289569,35.493583663]},"properties":{"供用済面積":"454","供用開始年":"1980","公園名":"大口通公園","公園種別":"街区公園","所在地市区町村名":"横浜市","所在地都道府県名":"神奈川県","管理市区町村":"横浜市","管理都道府県・整備局":"神奈川県","都市計画決定":"2"}},{"type":"Feature","geometry":{"type":"Point","coordinates":[139.641471887,35.491168496]},"properties":{"供用済面積":"2208","供用開始年":"1954","公園名":"大口西公園","公園種別":"街区公園","所在地市区町村名":"横浜市","所在地都道府県名":"神奈川県","管理市区町村":"横浜市","管理都道府県・整備局":"神奈川県","都市計画決定":"1"}},{"type":"Feature","geometry":{"type":"Point","coordinates":[139.596379924,35.495726963]},"properties":{"供用済面積":"4681","供用開始年":"1992","公園名":"織茂公園","公園種別":"街区公園","所在地市区町村名":"横浜市","所在地都道府県名":"神奈川県","管理市区町村":"横浜市","管理都道府県・整備局":"神奈川県","都市計画決定":"2"}},{"type":"Feature","geometry":{"type":"Point","coordinates":[139.622497394,35.470956951]},"properties":{"供用済面積":"548","供用開始年":"2008","公園名":"かえもん公園","公園種別":"街区公園","所在地市区町村名":"横浜市","所在地都道府県名":"神奈川県","管理市区町村":"横浜市","管理都道府県・整備局":"神奈川県","都市計画決定":"2"}},{"type":"Feature","geometry":{"type":"Point","coordinates":[139.602668429,35.484932384]},"properties":{"供用済面積":"709","供用開始年":"1966","公園名":"片倉公園","公園種別":"街区公園","所在地市区町村名":"横浜市","所在地都道府県名":"神奈川県","管理市区町村":"横浜市","管理都道府県・整備局":"神奈川県","都市計画決定":"2"}},{"type":"Feature","geometry":{"type":"Point","coordinates":[139.610792112,35.492320333]},"properties":{"供用済面積":"173","供用開始年":"1973","公園名":"片倉第二公園","公園種別":"街区公園","所在地市区町村名":"横浜市","所在地都道府県名":"神奈川県","管理市区町村":"横浜市","管理都道府県・整備局":"神奈川県","都市計画決定":"2"}},{"type":"Feature","geometry":{"type":"Point","coordinates":[139.603592162,35.493140824]},"properties":{"供用済面積":"1025","供用開始年":"1983","公園名":"片倉内山公園","公園種別":"街区公園","所在地市区町村名":"横浜市","所在地都道府県名":"神奈川県","管理市区町村":"横浜市","管理都道府県・整備局":"神奈川県","都市計画決定":"2"}},{"type":"Feature","geometry":{"type":"Point","coordinates":[139.607485662,35.489188178]},"properties":{"供用済面積":"279","供用開始年":"1997","公園名":"片倉一丁目公園","公園種別":"街区公園","所在地市区町村名":"横浜市","所在地都道府県名":"神奈川県","管理市区町村":"横浜市","管理都道府県・整備局":"神奈川県","都市計画決定":"2"}},{"type":"Feature","geometry":{"type":"Point","coordinates":[139.606184648,35.493201193]},"properties":{"供用済面積":"745","供用開始年":"2005","公園名":"片倉内山第二公園","公園種別":"街区公園","所在地市区町村名":"横浜市","所在地都道府県名":"神奈川県","管理市区町村":"横浜市","管理都道府県・整備局":"神奈川県","都市計画決定":"2"}},{"type":"Feature","geometry":{"type":"Point","coordinates":[139.604265289,35.488430799]},"properties":{"供用済面積":"276","供用開始年":"1978","公園名":"片倉大丸公園","公園種別":"街区公園","所在地市区町村名":"横浜市","所在地都道府県名":"神奈川県","管理市区町村":"横浜市","管理都道府県・整備局":"神奈川県","都市計画決定":"2"}},{"type":"Feature","geometry":{"type":"Point","coordinates":[139.610702118,35.493180333]},"properties":{"供用済面積":"470","供用開始年":"2004","公園名":"片倉向原公園","公園種別":"街区公園","所在地市区町村名":"横浜市","所在地都道府県名":"神奈川県","管理市区町村":"横浜市","管理都道府県・整備局":"神奈川県","都市計画決定":"2"}},{"type":"Feature","geometry":{"type":"Point","coordinates":[139.635279778,35.471376203]},"properties":{"供用済面積":"1849","供用開始年":"1995","公園名":"神奈川台場公園","公園種別":"街区公園","所在地市区町村名":"横浜市","所在地都道府県名":"神奈川県","管理市区町村":"横浜市","管理都道府県・整備局":"神奈川県","都市計画決定":"2"}},{"type":"Feature","geometry":{"type":"Point","coordinates":[139.637862084,35.479440331]},"properties":{"供用済面積":"1933","供用開始年":"1972","公園名":"神奈川通公園","公園種別":"街区公園","所在地市区町村名":"横浜市","所在地都道府県名":"神奈川県","管理市区町村":"横浜市","管理都道府県・整備局":"神奈川県","都市計画決定":"1"}},{"type":"Feature","geometry":{"type":"Point","coordinates":[139.640882107,35.481780326]},"properties":{"供用済面積":"1580","供用開始年":"1971","公園名":"神奈川通東公園","公園種別":"街区公園","所在地市区町村名":"横浜市","所在地都道府県名":"神奈川県","管理市区町村":"横浜市","管理都道府県・整備局":"神奈川県","都市計画決定":"1"}},{"type":"Feature","geometry":{"type":"Point","coordinates":[139.621407642,35.471193891]},"properties":{"供用済面積":"3733","供用開始年":"1958","公園名":"上台町公園","公園種別":"街区公園","所在地市区町村名":"横浜市","所在地都道府県名":"神奈川県","管理市区町村":"横浜市","管理都道府県・整備局":"神奈川県","都市計画決定":"1"}},{"type":"Feature","geometry":{"type":"Point","coordinates":[139.654618656,35.493854152]},"properties":{"供用済面積":"222","供用開始年":"1979","公園名":"神之木台公園","公園種別":"街区公園","所在地市区町村名":"横浜市","所在地都道府県名":"神奈川県","管理市区町村":"横浜市","管理都道府県・整備局":"神奈川県","都市計画決定":"2"}},{"type":"Feature","geometry":{"type":"Point","coordinates":[139.608919076,35.482514154]},"properties":{"供用済面積":"903","供用開始年":"1977","公園名":"神大寺第一公園","公園種別":"街区公園","所在地市区町村名":"横浜市","所在地都道府県名":"神奈川県","管理市区町村":"横浜市","管理都道府県・整備局":"神奈川県","都市計画決定":"2"}},{"type":"Feature","geometry":{"type":"Point","coordinates":[139.607138802,35.482601675]},"properties":{"供用済面積":"876","供用開始年":"1985","公園名":"神大寺第二公園","公園種別":"街区公園","所在地市区町村名":"横浜市","所在地都道府県名":"神奈川県","管理市区町村":"横浜市","管理都道府県・整備局":"神奈川県","都市計画決定":"2"}},{"type":"Feature","geometry":{"type":"Point","coordinates":[139.615164963,35.484197579]},"properties":{"供用済面積":"216","供用開始年":"1983","公園名":"神大寺第三公園","公園種別":"街区公園","所在地市区町村名":"横浜市","所在地都道府県名":"神奈川県","管理市区町村":"横浜市","管理都道府県・整備局":"神奈川県","都市計画決定":"2"}},{"type":"Feature","geometry":{"type":"Point","coordinates":[139.608806043,35.482082144]},"properties":{"供用済面積":"1080","供用開始年":"2000","公園名":"神大寺二丁目公園","公園種別":"街区公園","所在地市区町村名":"横浜市","所在地都道府県名":"神奈川県","管理市区町村":"横浜市","管理都道府県・整備局":"神奈川県","都市計画決定":"2"}},{"type":"Feature","geometry":{"type":"Point","coordinates":[139.62698201,35.473060346]},"properties":{"供用済面積":"1342","供用開始年":"1949","公園名":"桐畑公園","公園種別":"街区公園","所在地市区町村名":"横浜市","所在地都道府県名":"神奈川県","管理市区町村":"横浜市","管理都道府県・整備局":"神奈川県","都市計画決定":"1"}},{"type":"Feature","geometry":{"type":"Point","coordinates":[139.627699507,35.468333172]},"properties":{"供用済面積":"422","供用開始年":"1963","公園名":"金港公園","公園種別":"街区公園","所在地市区町村名":"横浜市","所在地都道府県名":"神奈川県","管理市区町村":"横浜市","管理都道府県・整備局":"神奈川県","都市計画決定":"1"}},{"type":"Feature","geometry":{"type":"Point","coordinates":[139.618649539,35.481235681]},"properties":{"供用済面積":"984","供用開始年":"1996","公園名":"栗田谷公園","公園種別":"街区公園","所在地市区町村名":"横浜市","所在地都道府県名":"神奈川県","管理市区町村":"横浜市","管理都道府県・整備局":"神奈川県","都市計画決定":"2"}},{"type":"Feature","geometry":{"type":"Point","coordinates":[139.616946335,35.481241762]},"properties":{"供用済面積":"310","供用開始年":"2008","公園名":"栗田谷第二公園","公園種別":"街区公園","所在地市区町村名":"横浜市","所在地都道府県名":"神奈川県","管理市区町村":"横浜市","管理都道府県・整備局":"神奈川県","都市計画決定":"2"}},{"type":"Feature","geometry":{"type":"Point","coordinates":[139.656938904,35.492913191]},"properties":{"供用済面積":"1962","供用開始年":"1942","公園名":"子安台第二公園","公園種別":"街区公園","所在地市区町村名":"横浜市","所在地都道府県名":"神奈川県","管理市区町村":"横浜市","管理都道府県・整備局":"神奈川県","都市計画決定":"2"}},{"type":"Feature","geometry":{"type":"Point","coordinates":[139.625750889,35.484224624]},"properties":{"供用済面積":"156","供用開始年":"1975","公園名":"斎藤分町公園","公園種別":"街区公園","所在地市区町村名":"横浜市","所在地都道府県名":"神奈川県","管理市区町村":"横浜市","管理都道府県・整備局":"神奈川県","都市計画決定":"2"}},{"type":"Feature","geometry":{"type":"Point","coordinates":[139.619035352,35.470618473]},"properties":{"供用済面積":"1027","供用開始年":"1960","公園名":"沢渡公園","公園種別":"街区公園","所在地市区町村名":"横浜市","所在地都道府県名":"神奈川県","管理市区町村":"横浜市","管理都道府県・整備局":"神奈川県","都市計画決定":"1"}},{"type":"Feature","geometry":{"type":"Point","coordinates":[139.616634659,35.469685635]},"properties":{"供用済面積":"412","供用開始年":"1982","公園名":"沢渡第二公園","公園種別":"街区公園","所在地市区町村名":"横浜市","所在地都道府県名":"神奈川県","管理市区町村":"横浜市","管理都道府県・整備局":"神奈川県","都市計画決定":"2"}},{"type":"Feature","geometry":{"type":"Point","coordinates":[139.606865763,35.49653902]},"properties":{"供用済面積":"2307","供用開始年":"1986","公園名":"山王森公園","公園種別":"街区公園","所在地市区町村名":"横浜市","所在地都道府県名":"神奈川県","管理市区町村":"横浜市","管理都道府県・整備局":"神奈川県","都市計画決定":"2"}},{"type":"Feature","geometry":{"type":"Point","coordinates":[139.593056961,35.488037703]},"properties":{"供用済面積":"1047","供用開始年":"1984","公園名":"三枚町第一公園","公園種別":"街区公園","所在地市区町村名":"横浜市","所在地都道府県名":"神奈川県","管理市区町村":"横浜市","管理都道府県・整備局":"神奈川県","都市計画決定":"2"}},{"type":"Feature","geometry":{"type":"Point","coordinates":[139.593712406,35.48986441]},"properties":{"供用済面積":"345","供用開始年":"1991","公園名":"三枚町第二公園","公園種別":"街区公園","所在地市区町村名":"横浜市","所在地都道府県名":"神奈川県","管理市区町村":"横浜市","管理都道府県・整備局":"神奈川県","都市計画決定":"2"}},{"type":"Feature","geometry":{"type":"Point","coordinates":[139.598544305,35.492376916]},"properties":{"供用済面積":"1940","供用開始年":"2005","公園名":"三枚町第三公園","公園種別":"街区公園","所在地市区町村名":"横浜市","所在地都道府県名":"神奈川県","管理市区町村":"横浜市","管理都道府県・整備局":"神奈川県","都市計画決定":"2"}},{"type":"Feature","geometry":{"type":"Point","coordinates":[139.6276071,35.491879474]},"properties":{"供用済面積":"4542","供用開始年":"1968","公園名":"白幡池公園","公園種別":"街区公園","所在地市区町村名":"横浜市","所在地都道府県名":"神奈川県","管理市区町村":"横浜市","管理都道府県・整備局":"神奈川県","都市計画決定":"2"}},{"type":"Feature","geometry":{"type":"Point","coordinates":[139.634973004,35.489981722]},"properties":{"供用済面積":"2142","供用開始年":"1964","公園名":"白幡仲町公園","公園種別":"街区公園","所在地市区町村名":"横浜市","所在地都道府県名":"神奈川県","管理市区町村":"横浜市","管理都道府県・整備局":"神奈川県","都市計画決定":"2"}},{"type":"Feature","geometry":{"type":"Point","coordinates":[139.631960429,35.486293888]},"properties":{"供用済面積":"1162","供用開始年":"1974","公園名":"白幡西町公園","公園種別":"街区公園","所在地市区町村名":"横浜市","所在地都道府県名":"神奈川県","管理市区町村":"横浜市","管理都道府県・整備局":"神奈川県","都市計画決定":"1"}},{"type":"Feature","geometry":{"type":"Point","coordinates":[139.635329422,35.485563556]},"properties":{"供用済面積":"512","供用開始年":"1984","公園名":"白幡南町公園","公園種別":"街区公園","所在地市区町村名":"横浜市","所在地都道府県名":"神奈川県","管理市区町村":"横浜市","管理都道府県・整備局":"神奈川県","都市計画決定":"2"}},{"type":"Feature","geometry":{"type":"Point","coordinates":[139.638070862,35.485928725]},"properties":{"供用済面積":"910","供用開始年":"1984","公園名":"白幡南町第二公園","公園種別":"街区公園","所在地市区町村名":"横浜市","所在地都道府県名":"神奈川県","管理市区町村":"横浜市","管理都道府県・整備局":"神奈川県","都市計画決定":"2"}},{"type":"Feature","geometry":{"type":"Point","coordinates":[139.65469218,35.487650308]},"properties":{"供用済面積":"1170","供用開始年":"1963","公園名":"新子安公園","公園種別":"街区公園","所在地市区町村名":"横浜市","所在地都道府県名":"神奈川県","管理市区町村":"横浜市","管理都道府県・整備局":"神奈川県","都市計画決定":"1"}},{"type":"Feature","geometry":{"type":"Point","coordinates":[139.654453471,35.489336917]},"properties":{"供用済面積":"985","供用開始年":"1960","公園名":"新子安一丁目公園","公園種別":"街区公園","所在地市区町村名":"横浜市","所在地都道府県名":"神奈川県","管理市区町村":"横浜市","管理都道府県・整備局":"神奈川県","都市計画決定":"1"}},{"type":"Feature","geometry":{"type":"Point","coordinates":[139.651348681,35.486036903]},"properties":{"供用済面積":"904","供用開始年":"2001","公園名":"新子安さくら公園","公園種別":"街区公園","所在地市区町村名":"横浜市","所在地都道府県名":"神奈川県","管理市区町村":"横浜市","管理都道府県・整備局":"神奈川県","都市計画決定":"2"}},{"type":"Feature","geometry":{"type":"Point","coordinates":[139.651596436,35.490635288]},"properties":{"供用済面積":"572","供用開始年":"1973","公園名":"新子安二丁目公園","公園種別":"街区公園","所在地市区町村名":"横浜市","所在地都道府県名":"神奈川県","管理市区町村":"横浜市","管理都道府県・整備局":"神奈川県","都市計画決定":"2"}},{"type":"Feature","geometry":{"type":"Point","coordinates":[139.65161293,35.487254121]},"properties":{"供用済面積":"1062","供用開始年":"2001","公園名":"新子安もくれん公園","公園種別":"街区公園","所在地市区町村名":"横浜市","所在地都道府県名":"神奈川県","管理市区町村":"横浜市","管理都道府県・整備局":"神奈川県","都市計画決定":"2"}},{"type":"Feature","geometry":{"type":"Point","coordinates":[139.636188136,35.478922953]},"properties":{"供用済面積":"495","供用開始年":"1972","公園名":"神明町公園","公園種別":"街区公園","所在地市区町村名":"横浜市","所在地都道府県名":"神奈川県","管理市区町村":"横浜市","管理都道府県・整備局":"神奈川県","都市計画決定":"1"}},{"type":"Feature","geometry":{"type":"Point","coordinates":[139.58684239,35.502496427]},"properties":{"供用済面積":"3411","供用開始年":"1955","公園名":"菅田公園","公園種別":"街区公園","所在地市区町村名":"横浜市","所在地都道府県名":"神奈川県","管理市区町村":"横浜市","管理都道府県・整備局":"神奈川県","都市計画決定":"1"}},{"type":"Feature","geometry":{"type":"Point","coordinates":[139.599013687,35.498236169]},"properties":{"供用済面積":"218","供用開始年":"1975","公園名":"菅田第二公園","公園種別":"街区公園","所在地市区町村名":"横浜市","所在地都道府県名":"神奈川県","管理市区町村":"横浜市","管理都道府県・整備局":"神奈川県","都市計画決定":"2"}},{"type":"Feature","geometry":{"type":"Point","coordinates":[139.580219986,35.501062819]},"properties":{"供用済面積":"510","供用開始年":"1976","公園名":"菅田第三公園","公園種別":"街区公園","所在地市区町村名":"横浜市","所在地都道府県名":"神奈川県","管理市区町村":"横浜市","管理都道府県・整備局":"神奈川県","都市計画決定":"2"}},{"type":"Feature","geometry":{"type":"Point","coordinates":[139.583125062,35.501079949]},"properties":{"供用済面積":"1659","供用開始年":"2008","公園名":"菅田廻三戸公園","公園種別":"街区公園","所在地市区町村名":"横浜市","所在地都道府県名":"神奈川県","管理市区町村":"横浜市","管理都道府県・整備局":"神奈川県","都市計画決定":"2"}},{"type":"Feature","geometry":{"type":"Point","coordinates":[139.579509851,35.50046774]},"properties":{"供用済面積":"469","供用開始年":"1993","公園名":"菅田台町公園","公園種別":"街区公園","所在地市区町村名":"横浜市","所在地都道府県名":"神奈川県","管理市区町村":"横浜市","管理都道府県・整備局":"神奈川県","都市計画決定":"2"}},{"type":"Feature","geometry":{"type":"Point","coordinates":[139.601065208,35.494797673]},"properties":{"供用済面積":"310","供用開始年":"1990","公園名":"菅田町松葉公園","公園種別":"街区公園","所在地市区町村名":"横浜市","所在地都道府県名":"神奈川県","管理市区町村":"横浜市","管理都道府県・整備局":"神奈川県","都市計画決定":"2"}},{"type":"Feature","geometry":{"type":"Point","coordinates":[139.585252132,35.503270327]},"properties":{"供用済面積":"500","供用開始年":"1984","公園名":"菅田利倉公園","公園種別":"街区公園","所在地市区町村名":"横浜市","所在地都道府県名":"神奈川県","管理市区町村":"横浜市","管理都道府県・整備局":"神奈川県","都市計画決定":"2"}},{"type":"Feature","geometry":{"type":"Point","coordinates":[139.580897071,35.498560763]},"properties":{"供用済面積":"460","供用開始年":"1984","公園名":"菅田西長谷公園","公園種別":"街区公園","所在地市区町村名":"横浜市","所在地都道府県名":"神奈川県","管理市区町村":"横浜市","管理都道府県・整備局":"神奈川県","都市計画決定":"2"}},{"type":"Feature","geometry":{"type":"Point","coordinates":[139.573652655,35.503970465]},"properties":{"供用済面積":"862","供用開始年":"1991","公園名":"菅田日向根公園","公園種別":"街区公園","所在地市区町村名":"横浜市","所在地都道府県名":"神奈川県","管理市区町村":"横浜市","管理都道府県・整備局":"神奈川県","都市計画決定":"2"}},{"type":"Feature","geometry":{"type":"Point","coordinates":[139.578320803,35.502401758]},"properties":{"供用済面積":"237","供用開始年":"2000","公園名":"菅田日向根第二公園","公園種別":"街区公園","所在地市区町村名":"横浜市","所在地都道府県名":"神奈川県","管理市区町村":"横浜市","管理都道府県・整備局":"神奈川県","都市計画決定":"2"}},{"type":"Feature","geometry":{"type":"Point","coordinates":[139.590293963,35.503240286]},"properties":{"供用済面積":"555","供用開始年":"2000","公園名":"菅田的場公園","公園種別":"街区公園","所在地市区町村名":"横浜市","所在地都道府県名":"神奈川県","管理市区町村":"横浜市","管理都道府県・整備局":"神奈川県","都市計画決定":"2"}},{"type":"Feature","geometry":{"type":"Point","coordinates":[139.648491123,35.485713225]},"properties":{"供用済面積":"1968","供用開始年":"1953","公園名":"大安寺公園","公園種別":"街区公園","所在地市区町村名":"横浜市","所在地都道府県名":"神奈川県","管理市区町村":"横浜市","管理都道府県・整備局":"神奈川県","都市計画決定":"1"}},{"type":"Feature","geometry":{"type":"Point","coordinates":[139.62091199,35.47228237]},"properties":{"供用済面積":"152","供用開始年":"1977","公園名":"高島台公園","公園種別":"街区公園","所在地市区町村名":"横浜市","所在地都道府県名":"神奈川県","管理市区町村":"横浜市","管理都道府県・整備局":"神奈川県","都市計画決定":"2"}},{"type":"Feature","geometry":{"type":"Point","coordinates":[139.624234212,35.471569659]},"properties":{"供用済面積":"2784","供用開始年":"1959","公園名":"高島山公園","公園種別":"街区公園","所在地市区町村名":"横浜市","所在地都道府県名":"神奈川県","管理市区町村":"横浜市","管理都道府県・整備局":"神奈川県","都市計画決定":"1"}},{"type":"Feature","geometry":{"type":"Point","coordinates":[139.631942028,35.473880341]},"properties":{"供用済面積":"2185","供用開始年":"1962","公園名":"滝ノ川公園","公園種別":"街区公園","所在地市区町村名":"横浜市","所在地都道府県名":"神奈川県","管理市区町村":"横浜市","管理都道府県・整備局":"神奈川県","都市計画決定":"1"}},{"type":"Feature","geometry":{"type":"Point","coordinates":[139.635638848,35.483450749]},"properties":{"供用済面積":"6047","供用開始年":"1987","公園名":"立町みはらし公園","公園種別":"街区公園","所在地市区町村名":"横浜市","所在地都道府県名":"神奈川県","管理市区町村":"横浜市","管理都道府県・整備局":"神奈川県","都市計画決定":"2"}},{"type":"Feature","geometry":{"type":"Point","coordinates":[139.622629505,35.469861453]},"properties":{"供用済面積":"561","供用開始年":"1960","公園名":"鶴屋町公園","公園種別":"街区公園","所在地市区町村名":"横浜市","所在地都道府県名":"神奈川県","管理市区町村":"横浜市","管理都道府県・整備局":"神奈川県","都市計画決定":"1"}},{"type":"Feature","geometry":{"type":"Point","coordinates":[139.633142236,35.481466533]},"properties":{"供用済面積":"1519","供用開始年":"1958","公園名":"富家町公園","公園種別":"街区公園","所在地市区町村名":"横浜市","所在地都道府県名":"神奈川県","管理市区町村":"横浜市","管理都道府県・整備局":"神奈川県","都市計画決定":"1"}},{"type":"Feature","geometry":{"type":"Point","coordinates":[139.635252061,35.477200336]},"properties":{"供用済面積":"1004","供用開始年":"1959","公園名":"仲木戸公園","公園種別":"街区公園","所在地市区町村名":"横浜市","所在地都道府県名":"神奈川県","管理市区町村":"横浜市","管理都道府県・整備局":"神奈川県","都市計画決定":"1"}},{"type":"Feature","geometry":{"type":"Point","coordinates":[139.642360456,35.48659645]},"properties":{"供用済面積":"2476","供用開始年":"1984","公園名":"七島町公園","公園種別":"街区公園","所在地市区町村名":"横浜市","所在地都道府県名":"神奈川県","管理市区町村":"横浜市","管理都道府県・整備局":"神奈川県","都市計画決定":"2"}},{"type":"Feature","geometry":{"type":"Point","coordinates":[139.63947466,35.492150057]},"properties":{"供用済面積":"156","供用開始年":"1970","公園名":"西大口第一公園","公園種別":"街区公園","所在地市区町村名":"横浜市","所在地都道府県名":"神奈川県","管理市区町村":"横浜市","管理都道府県・整備局":"神奈川県","都市計画決定":"2"}},{"type":"Feature","geometry":{"type":"Point","coordinates":[139.639788436,35.491473827]},"properties":{"供用済面積":"175","供用開始年":"1971","公園名":"西大口第二公園","公園種別":"街区公園","所在地市区町村名":"横浜市","所在地都道府県名":"神奈川県","管理市区町村":"横浜市","管理都道府県・整備局":"神奈川県","都市計画決定":"2"}},{"type":"Feature","geometry":{"type":"Point","coordinates":[139.636601119,35.494259908]},"properties":{"供用済面積":"225","供用開始年":"1974","公園名":"西大口第三公園","公園種別":"街区公園","所在地市区町村名":"横浜市","所在地都道府県名":"神奈川県","管理市区町村":"横浜市","管理都道府県・整備局":"神奈川県","都市計画決定":"2"}},{"type":"Feature","geometry":{"type":"Point","coordinates":[139.626716126,35.484854223]},"properties":{"供用済面積":"690","供用開始年":"1966","公園名":"西神奈川三丁目公園","公園種別":"街区公園","所在地市区町村名":"横浜市","所在地都道府県名":"神奈川県","管理市区町村":"横浜市","管理都道府県・整備局":"神奈川県","都市計画決定":"1"}},{"type":"Feature","geometry":{"type":"Point","coordinates":[139.627454777,35.486160901]},"properties":{"供用済面積":"1730","供用開始年":"1964","公園名":"西神奈川公園","公園種別":"街区公園","所在地市区町村名":"横浜市","所在地都道府県名":"神奈川県","管理市区町村":"横浜市","管理都道府県・整備局":"神奈川県","都市計画決定":"1"}},{"type":"Feature","geometry":{"type":"Point","coordinates":[139.606122029,35.482410346]},"properties":{"供用済面積":"3784","供用開始年":"1984","公園名":"西神大寺公園","公園種別":"街区公園","所在地市区町村名":"横浜市","所在地都道府県名":"神奈川県","管理市区町村":"横浜市","管理都道府県・整備局":"神奈川県","都市計画決定":"1"}},{"type":"Feature","geometry":{"type":"Point","coordinates":[139.646328316,35.499020576]},"properties":{"供用済面積":"1355","供用開始年":"1959","公園名":"西寺尾公園","公園種別":"街区公園","所在地市区町村名":"横浜市","所在地都道府県名":"神奈川県","管理市区町村":"横浜市","管理都道府県・整備局":"神奈川県","都市計画決定":"2"}},{"type":"Feature","geometry":{"type":"Point","coordinates":[139.650721223,35.498641883]},"properties":{"供用済面積":"1615","供用開始年":"1972","公園名":"西寺尾第二公園","公園種別":"街区公園","所在地市区町村名":"横浜市","所在地都道府県名":"神奈川県","管理市区町村":"横浜市","管理都道府県・整備局":"神奈川県","都市計画決定":"1"}},{"type":"Feature","geometry":{"type":"Point","coordinates":[139.646179691,35.501103364]},"properties":{"供用済面積":"494","供用開始年":"1975","公園名":"西寺尾第三公園","公園種別":"街区公園","所在地市区町村名":"横浜市","所在地都道府県名":"神奈川県","管理市区町村":"横浜市","管理都道府県・整備局":"神奈川県","都市計画決定":"2"}},{"type":"Feature","geometry":{"type":"Point","coordinates":[139.656054826,35.494944671]},"properties":{"供用済面積":"1359","供用開始年":"1973","公園名":"西寺尾第四公園","公園種別":"街区公園","所在地市区町村名":"横浜市","所在地都道府県名":"神奈川県","管理市区町村":"横浜市","管理都道府県・整備局":"神奈川県","都市計画決定":"1"}},{"type":"Feature","geometry":{"type":"Point","coordinates":[139.654402252,35.497530301]},"properties":{"供用済面積":"855","供用開始年":"1990","公園名":"西寺尾第五公園","公園種別":"街区公園","所在地市区町村名":"横浜市","所在地都道府県名":"神奈川県","管理市区町村":"横浜市","管理都道府県・整備局":"神奈川県","都市計画決定":"2"}},{"type":"Feature","geometry":{"type":"Point","coordinates":[139.657541772,35.496707848]},"properties":{"供用済面積":"697","供用開始年":"1983","公園名":"西寺尾蕪谷公園","公園種別":"街区公園","所在地市区町村名":"横浜市","所在地都道府県名":"神奈川県","管理市区町村":"横浜市","管理都道府県・整備局":"神奈川県","都市計画決定":"2"}},{"type":"Feature","geometry":{"type":"Point","coordinates":[139.6560059,35.495436531]},"properties":{"供用済面積":"717","供用開始年":"1988","公園名":"西寺尾蕪谷第二公園","公園種別":"街区公園","所在地市区町村名":"横浜市","所在地都道府県名":"神奈川県","管理市区町村":"横浜市","管理都道府県・整備局":"神奈川県","都市計画決定":"2"}},{"type":"Feature","geometry":{"type":"Point","coordinates":[139.649978071,35.500048443]},"properties":{"供用済面積":"344","供用開始年":"1984","公園名":"西寺尾駒形公園","公園種別":"街区公園","所在地市区町村名":"横浜市","所在地都道府県名":"神奈川県","管理市区町村":"横浜市","管理都道府県・整備局":"神奈川県","都市計画決定":"2"}},{"type":"Feature","geometry":{"type":"Point","coordinates":[139.65342776,35.496210012]},"properties":{"供用済面積":"1312","供用開始年":"1996","公園名":"西寺尾三丁目公園","公園種別":"街区公園","所在地市区町村名":"横浜市","所在地都道府県名":"神奈川県","管理市区町村":"横浜市","管理都道府県・整備局":"神奈川県","都市計画決定":"2"}},{"type":"Feature","geometry":{"type":"Point","coordinates":[139.650307845,35.496380355]},"properties":{"供用済面積":"1575","供用開始年":"2002","公園名":"西寺尾三丁目第二公園","公園種別":"街区公園","所在地市区町村名":"横浜市","所在地都道府県名":"神奈川県","管理市区町村":"横浜市","管理都道府県・整備局":"神奈川県","都市計画決定":"2"}},{"type":"Feature","geometry":{"type":"Point","coordinates":[139.645787793,35.496081968]},"properties":{"供用済面積":"733","供用開始年":"1992","公園名":"西寺尾二丁目公園","公園種別":"街区公園","所在地市区町村名":"横浜市","所在地都道府県名":"神奈川県","管理市区町村":"横浜市","管理都道府県・整備局":"神奈川県","都市計画決定":"2"}},{"type":"Feature","geometry":{"type":"Point","coordinates":[139.629153635,35.485362371]},"properties":{"供用済面積":"1654","供用開始年":"1963","公園名":"白楽公園","公園種別":"街区公園","所在地市区町村名":"横浜市","所在地都道府県名":"神奈川県","管理市区町村":"横浜市","管理都道府県・整備局":"神奈川県","都市計画決定":"1"}},{"type":"Feature","geometry":{"type":"Point","coordinates":[139.574420737,35.490044664]},"properties":{"供用済面積":"721","供用開始年":"1977","公園名":"羽沢稲荷公園","公園種別":"街区公園","所在地市区町村名":"横浜市","所在地都道府県名":"神奈川県","管理市区町村":"横浜市","管理都道府県・整備局":"神奈川県","都市計画決定":"2"}},{"type":"Feature","geometry":{"type":"Point","coordinates":[139.590316165,35.488048343]},"properties":{"供用済面積":"982","供用開始年":"2002","公園名":"羽沢大道公園","公園種別":"街区公園","所在地市区町村名":"横浜市","所在地都道府県名":"神奈川県","管理市区町村":"横浜市","管理都道府県・整備局":"神奈川県","都市計画決定":"2"}},{"type":"Feature","geometry":{"type":"Point","coordinates":[139.590591128,35.489580391]},"properties":{"供用済面積":"221","供用開始年":"1997","公園名":"羽沢大道第二公園","公園種別":"街区公園","所在地市区町村名":"横浜市","所在地都道府県名":"神奈川県","管理市区町村":"横浜市","管理都道府県・整備局":"神奈川県","都市計画決定":"2"}},{"type":"Feature","geometry":{"type":"Point","coordinates":[139.58518997,35.479409746]},"properties":{"供用済面積":"428","供用開始年":"1989","公園名":"羽沢長谷公園","公園種別":"街区公園","所在地市区町村名":"横浜市","所在地都道府県名":"神奈川県","管理市区町村":"横浜市","管理都道府県・整備局":"神奈川県","都市計画決定":"2"}},{"type":"Feature","geometry":{"type":"Point","coordinates":[139.58430358,35.475743791]},"properties":{"供用済面積":"478","供用開始年":"1984","公園名":"羽沢長谷第二公園","公園種別":"街区公園","所在地市区町村名":"横浜市","所在地都道府県名":"神奈川県","管理市区町村":"横浜市","管理都道府県・整備局":"神奈川県","都市計画決定":"2"}},{"type":"Feature","geometry":{"type":"Point","coordinates":[139.582146741,35.473880564]},"properties":{"供用済面積":"2002","供用開始年":"1988","公園名":"羽沢長谷第三公園","公園種別":"街区公園","所在地市区町村名":"横浜市","所在地都道府県名":"神奈川県","管理市区町村":"横浜市","管理都道府県・整備局":"神奈川県","都市計画決定":"1"}},{"type":"Feature","geometry":{"type":"Point","coordinates":[139.576058188,35.488371296]},"properties":{"供用済面積":"362","供用開始年":"1972","公園名":"羽沢松原公園","公園種別":"街区公園","所在地市区町村名":"横浜市","所在地都道府県名":"神奈川県","管理市区町村":"横浜市","管理都道府県・整備局":"神奈川県","都市計画決定":"2"}},{"type":"Feature","geometry":{"type":"Point","coordinates":[139.633895603,35.475211408]},"properties":{"供用済面積":"2340","供用開始年":"1959","公園名":"東神奈川公園","公園種別":"街区公園","所在地市区町村名":"横浜市","所在地都道府県名":"神奈川県","管理市区町村":"横浜市","管理都道府県・整備局":"神奈川県","都市計画決定":"1"}},{"type":"Feature","geometry":{"type":"Point","coordinates":[139.62956723,35.480389736]},"properties":{"供用済面積":"4694","供用開始年":"1961","公園名":"平川町公園","公園種別":"街区公園","所在地市区町村名":"横浜市","所在地都道府県名":"神奈川県","管理市区町村":"横浜市","管理都道府県・整備局":"神奈川県","都市計画決定":"1"}},{"type":"Feature","geometry":{"type":"Point","coordinates":[139.628535255,35.482701744]},"properties":{"供用済面積":"572","供用開始年":"1974","公園名":"平川町北公園","公園種別":"街区公園","所在地市区町村名":"横浜市","所在地都道府県名":"神奈川県","管理市区町村":"横浜市","管理都道府県・整備局":"神奈川県","都市計画決定":"2"}},{"type":"Feature","geometry":{"type":"Point","coordinates":[139.630113817,35.479784797]},"properties":{"供用済面積":"2245","供用開始年":"1963","公園名":"二ッ谷公園","公園種別":"街区公園","所在地市区町村名":"横浜市","所在地都道府県名":"神奈川県","管理市区町村":"横浜市","管理都道府県・整備局":"神奈川県","都市計画決定":"1"}},{"type":"Feature","geometry":{"type":"Point","coordinates":[139.637204659,35.470843712]},"properties":{"供用済面積":"4264","供用開始年":"2006","公園名":"星野町公園","公園種別":"街区公園","所在地市区町村名":"横浜市","所在地都道府県名":"神奈川県","管理市区町村":"横浜市","管理都道府県・整備局":"神奈川県","都市計画決定":"2"}},{"type":"Feature","geometry":{"type":"Point","coordinates":[139.61945201,35.475610346]},"properties":{"供用済面積":"681","供用開始年":"2002","公園名":"松ケ丘公園","公園種別":"街区公園","所在地市区町村名":"横浜市","所在地都道府県名":"神奈川県","管理市区町村":"横浜市","管理都道府県・整備局":"神奈川県","都市計画決定":"2"}},{"type":"Feature","geometry":{"type":"Point","coordinates":[139.644904727,35.496994578]},"properties":{"供用済面積":"595","供用開始年":"1961","公園名":"松見北公園","公園種別":"街区公園","所在地市区町村名":"横浜市","所在地都道府県名":"神奈川県","管理市区町村":"横浜市","管理都道府県・整備局":"神奈川県","都市計画決定":"1"}},{"type":"Feature","geometry":{"type":"Point","coordinates":[139.642523016,35.494799492]},"properties":{"供用済面積":"4773","供用開始年":"1966","公園名":"松見台公園","公園種別":"街区公園","所在地市区町村名":"横浜市","所在地都道府県名":"神奈川県","管理市区町村":"横浜市","管理都道府県・整備局":"神奈川県","都市計画決定":"1"}},{"type":"Feature","geometry":{"type":"Point","coordinates":[139.643773347,35.494449881]},"properties":{"供用済面積":"936","供用開始年":"1987","公園名":"松見町一丁目公園","公園種別":"街区公園","所在地市区町村名":"横浜市","所在地都道府県名":"神奈川県","管理市区町村":"横浜市","管理都道府県・整備局":"神奈川県","都市計画決定":"2"}},{"type":"Feature","geometry":{"type":"Point","coordinates":[139.640144608,35.495743203]},"properties":{"供用済面積":"2616","供用開始年":"1988","公園名":"松見町一丁目第二公園","公園種別":"街区公園","所在地市区町村名":"横浜市","所在地都道府県名":"神奈川県","管理市区町村":"横浜市","管理都道府県・整備局":"神奈川県","都市計画決定":"1"}},{"type":"Feature","geometry":{"type":"Point","coordinates":[139.641892452,35.49718934]},"properties":{"供用済面積":"797","供用開始年":"1989","公園名":"松見町一丁目第三公園","公園種別":"街区公園","所在地市区町村名":"横浜市","所在地都道府県名":"神奈川県","管理市区町村":"横浜市","管理都道府県・整備局":"神奈川県","都市計画決定":"2"}},{"type":"Feature","geometry":{"type":"Point","coordinates":[139.637294763,35.497319174]},"properties":{"供用済面積":"358","供用開始年":"1984","公園名":"松見町二丁目公園","公園種別":"街区公園","所在地市区町村名":"横浜市","所在地都道府県名":"神奈川県","管理市区町村":"横浜市","管理都道府県・整備局":"神奈川県","都市計画決定":"2"}},{"type":"Feature","geometry":{"type":"Point","coordinates":[139.638194641,35.499518061]},"properties":{"供用済面積":"917","供用開始年":"1990","公園名":"松見町三丁目公園","公園種別":"街区公園","所在地市区町村名":"横浜市","所在地都道府県名":"神奈川県","管理市区町村":"横浜市","管理都道府県・整備局":"神奈川県","都市計画決定":"2"}},{"type":"Feature","geometry":{"type":"Point","coordinates":[139.643261659,35.49623926]},"properties":{"供用済面積":"4273","供用開始年":"2006","公園名":"松見町一丁目中央公園","公園種別":"街区公園","所在地市区町村名":"横浜市","所在地都道府県名":"神奈川県","管理市区町村":"横浜市","管理都道府県・整備局":"神奈川県","都市計画決定":"2"}},{"type":"Feature","geometry":{"type":"Point","coordinates":[139.639819679,35.504369706]},"properties":{"供用済面積":"1176","供用開始年":"1996","公園名":"松見町四丁目公園","公園種別":"街区公園","所在地市区町村名":"横浜市","所在地都道府県名":"神奈川県","管理市区町村":"横浜市","管理都道府県・整備局":"神奈川県","都市計画決定":"2"}},{"type":"Feature","geometry":{"type":"Point","coordinates":[139.64193213,35.49819928]},"properties":{"供用済面積":"2499","供用開始年":"1964","公園名":"松見八幡公園","公園種別":"街区公園","所在地市区町村名":"横浜市","所在地都道府県名":"神奈川県","管理市区町村":"横浜市","管理都道府県・整備局":"神奈川県","都市計画決定":"1"}},{"type":"Feature","geometry":{"type":"Point","coordinates":[139.619220927,35.477973534]},"properties":{"供用済面積":"614","供用開始年":"1952","公園名":"松本公園","公園種別":"街区公園","所在地市区町村名":"横浜市","所在地都道府県名":"神奈川県","管理市区町村":"横浜市","管理都道府県・整備局":"神奈川県","都市計画決定":"1"}},{"type":"Feature","geometry":{"type":"Point","coordinates":[139.603247915,35.4788283]},"properties":{"供用済面積":"3283","供用開始年":"2000","公園名":"三ツ沢上町公園","公園種別":"街区公園","所在地市区町村名":"横浜市","所在地都道府県名":"神奈川県","管理市区町村":"横浜市","管理都道府県・整備局":"神奈川県","都市計画決定":"2"}},{"type":"Feature","geometry":{"type":"Point","coordinates":[139.603591424,35.47982372]},"properties":{"供用済面積":"252","供用開始年":"1990","公園名":"三ツ沢上町ひろば公園","公園種別":"街区公園","所在地市区町村名":"横浜市","所在地都道府県名":"神奈川県","管理市区町村":"横浜市","管理都道府県・整備局":"神奈川県","都市計画決定":"2"}},{"type":"Feature","geometry":{"type":"Point","coordinates":[139.615640537,35.477746326]},"properties":{"供用済面積":"2170","供用開始年":"1999","公園名":"三ツ沢下町公園","公園種別":"街区公園","所在地市区町村名":"横浜市","所在地都道府県名":"神奈川県","管理市区町村":"横浜市","管理都道府県・整備局":"神奈川県","都市計画決定":"2"}},{"type":"Feature","geometry":{"type":"Point","coordinates":[139.610580445,35.479120427]},"properties":{"供用済面積":"1783","供用開始年":"1954","公園名":"三ッ沢中公園","公園種別":"街区公園","所在地市区町村名":"横浜市","所在地都道府県名":"神奈川県","管理市区町村":"横浜市","管理都道府県・整備局":"神奈川県","都市計画決定":"2"}},{"type":"Feature","geometry":{"type":"Point","coordinates":[139.609520641,35.480377646]},"properties":{"供用済面積":"1739","供用開始年":"1967","公園名":"三ッ沢中町北公園","公園種別":"街区公園","所在地市区町村名":"横浜市","所在地都道府県名":"神奈川県","管理市区町村":"横浜市","管理都道府県・整備局":"神奈川県","都市計画決定":"1"}},{"type":"Feature","geometry":{"type":"Point","coordinates":[139.612007319,35.479261086]},"properties":{"供用済面積":"343","供用開始年":"1981","公園名":"三ツ沢中町東公園","公園種別":"街区公園","所在地市区町村名":"横浜市","所在地都道府県名":"神奈川県","管理市区町村":"横浜市","管理都道府県・整備局":"神奈川県","都市計画決定":"2"}},{"type":"Feature","geometry":{"type":"Point","coordinates":[139.631573923,35.477345987]},"properties":{"供用済面積":"321","供用開始年":"1967","公園名":"南二ッ谷公園","公園種別":"街区公園","所在地市区町村名":"横浜市","所在地都道府県名":"神奈川県","管理市区町村":"横浜市","管理都道府県・整備局":"神奈川県","都市計画決定":"1"}},{"type":"Feature","geometry":{"type":"Point","coordinates":[139.616221946,35.489723753]},"properties":{"供用済面積":"873","供用開始年":"1974","公園名":"六角橋五丁目公園","公園種別":"街区公園","所在地市区町村名":"横浜市","所在地都道府県名":"神奈川県","管理市区町村":"横浜市","管理都道府県・整備局":"神奈川県","都市計画決定":"1"}},{"type":"Feature","geometry":{"type":"Point","coordinates":[139.621309358,35.491073048]},"properties":{"供用済面積":"2549","供用開始年":"1938","公園名":"六角橋公園","公園種別":"街区公園","所在地市区町村名":"横浜市","所在地都道府県名":"神奈川県","管理市区町村":"横浜市","管理都道府県・整備局":"神奈川県","都市計画決定":"2"}},{"type":"Feature","geometry":{"type":"Point","coordinates":[139.616644731,35.491509]},"properties":{"供用済面積":"708","供用開始年":"2002","公園名":"六角橋六丁目公園","公園種別":"街区公園","所在地市区町村名":"横浜市","所在地都道府県名":"神奈川県","管理市区町村":"横浜市","管理都道府県・整備局":"神奈川県","都市計画決定":"2"}},{"type":"Feature","geometry":{"type":"Point","coordinates":[139.614883047,35.467516538]},"properties":{"供用済面積":"4472","供用開始年":"1993","公園名":"新田間川緑地","公園種別":"都市緑地","所在地市区町村名":"横浜市","所在地都道府県名":"神奈川県","管理市区町村":"横浜市","管理都道府県・整備局":"神奈川県","都市計画決定":"2"}},{"type":"Feature","geometry":{"type":"Point","coordinates":[139.608855747,35.464213547]},"properties":{"供用済面積":"8733","供用開始年":"1996","公園名":"浅間台みはらし公園","公園種別":"特殊公園（風致公園、動植物公園、歴史公園、墓園）","所在地市区町村名":"横浜市","所在地都道府県名":"神奈川県","管理市区町村":"横浜市","管理都道府県・整備局":"神奈川県","都市計画決定":"2"}},{"type":"Feature","geometry":{"type":"Point","coordinates":[139.622476048,35.444952138]},"properties":{"供用済面積":"96605","供用開始年":"1926","公園名":"野毛山公園","公園種別":"総合公園","所在地市区町村名":"横浜市","所在地都道府県名":"神奈川県","管理市区町村":"横浜市","管理都道府県・整備局":"神奈川県","都市計画決定":"1"}},{"type":"Feature","geometry":{"type":"Point","coordinates":[139.612901884,35.461430368]},"properties":{"供用済面積":"20301","供用開始年":"1963","公園名":"岡野公園","公園種別":"近隣公園","所在地市区町村名":"横浜市","所在地都道府県名":"神奈川県","管理市区町村":"横浜市","管理都道府県・整備局":"神奈川県","都市計画決定":"1"}},{"type":"Feature","geometry":{"type":"Point","coordinates":[139.625415896,35.453348753]},"properties":{"供用済面積":"24727","供用開始年":"1914","公園名":"掃部山公園","公園種別":"近隣公園","所在地市区町村名":"横浜市","所在地都道府県名":"神奈川県","管理市区町村":"横浜市","管理都道府県・整備局":"神奈川県","都市計画決定":"2"}},{"type":"Feature","geometry":{"type":"Point","coordinates":[139.631251154,35.457377674]},"properties":{"供用済面積":"23102","供用開始年":"1991","公園名":"グランモ－ル公園","公園種別":"近隣公園","所在地市区町村名":"横浜市","所在地都道府県名":"神奈川県","管理市区町村":"横浜市","管理都道府県・整備局":"神奈川県","都市計画決定":"1"}},{"type":"Feature","geometry":{"type":"Point","coordinates":[139.612149912,35.445569183]},"properties":{"供用済面積":"9353","供用開始年":"1976","公園名":"境之谷公園","公園種別":"近隣公園","所在地市区町村名":"横浜市","所在地都道府県名":"神奈川県","管理市区町村":"横浜市","管理都道府県・整備局":"神奈川県","都市計画決定":"1"}},{"type":"Feature","geometry":{"type":"Point","coordinates":[139.630394366,35.461914748]},"properties":{"供用済面積":"13962","供用開始年":"2007","公園名":"高島中央公園","公園種別":"近隣公園","所在地市区町村名":"横浜市","所在地都道府県名":"神奈川県","管理市区町村":"横浜市","管理都道府県・整備局":"神奈川県","都市計画決定":"1"}},{"type":"Feature","geometry":{"type":"Point","coordinates":[139.616079536,35.454244067]},"properties":{"供用済面積":"8380","供用開始年":"1982","公園名":"戸部公園","公園種別":"近隣公園","所在地市区町村名":"横浜市","所在地都道府県名":"神奈川県","管理市区町村":"横浜市","管理都道府県・整備局":"神奈川県","都市計画決定":"1"}},{"type":"Feature","geometry":{"type":"Point","coordinates":[139.612814885,35.470444466]},"properties":{"供用済面積":"3206","供用開始年":"1980","公園名":"北軽井沢第二公園","公園種別":"街区公園","所在地市区町村名":"横浜市","所在地都道府県名":"神奈川県","管理市区町村":"横浜市","管理都道府県・整備局":"神奈川県","都市計画決定":"1"}},{"type":"Feature","geometry":{"type":"Point","coordinates":[139.611972789,35.463499716]},"properties":{"供用済面積":"1397","供用開始年":"1965","公園名":"新田間公園","公園種別":"街区公園","所在地市区町村名":"横浜市","所在地都道府県名":"神奈川県","管理市区町村":"横浜市","管理都道府県・整備局":"神奈川県","都市計画決定":"1"}},{"type":"Feature","geometry":{"type":"Point","coordinates":[139.609131764,35.447900391]},"properties":{"供用済面積":"2413","供用開始年":"1953","公園名":"池ノ上公園","公園種別":"街区公園","所在地市区町村名":"横浜市","所在地都道府県名":"神奈川県","管理市区町村":"横浜市","管理都道府県・整備局":"神奈川県","都市計画決定":"1"}},{"type":"Feature","geometry":{"type":"Point","coordinates":[139.607185746,35.459715514]},"properties":{"供用済面積":"759","供用開始年":"1958","公園名":"追分公園","公園種別":"街区公園","所在地市区町村名":"横浜市","所在地都道府県名":"神奈川県","管理市区町村":"横浜市","管理都道府県・整備局":"神奈川県","都市計画決定":"1"}},{"type":"Feature","geometry":{"type":"Point","coordinates":[139.61105187,35.449101438]},"properties":{"供用済面積":"2049","供用開始年":"1950","公園名":"大谷公園","公園種別":"街区公園","所在地市区町村名":"横浜市","所在地都道府県名":"神奈川県","管理市区町村":"横浜市","管理都道府県・整備局":"神奈川県","都市計画決定":"1"}},{"type":"Feature","geometry":{"type":"Point","coordinates":[139.614874812,35.469428286]},"properties":{"供用済面積":"2436","供用開始年":"1965","公園名":"軽井沢公園","公園種別":"街区公園","所在地市区町村名":"横浜市","所在地都道府県名":"神奈川県","管理市区町村":"横浜市","管理都道府県・整備局":"神奈川県","都市計画決定":"1"}},{"type":"Feature","geometry":{"type":"Point","coordinates":[139.609256488,35.469499439]},"properties":{"供用済面積":"426","供用開始年":"1980","公園名":"北軽井沢第三公園","公園種別":"街区公園","所在地市区町村名":"横浜市","所在地都道府県名":"神奈川県","管理市区町村":"横浜市","管理都道府県・整備局":"神奈川県","都市計画決定":"2"}},{"type":"Feature","geometry":{"type":"Point","coordinates":[139.609444594,35.451295406]},"properties":{"供用済面積":"2580","供用開始年":"1952","公園名":"久保町公園","公園種別":"街区公園","所在地市区町村名":"横浜市","所在地都道府県名":"神奈川県","管理市区町村":"横浜市","管理都道府県・整備局":"神奈川県","都市計画決定":"1"}},{"type":"Feature","geometry":{"type":"Point","coordinates":[139.623186337,35.454366963]},"properties":{"供用済面積":"2520","供用開始年":"1986","公園名":"御所山公園","公園種別":"街区公園","所在地市区町村名":"横浜市","所在地都道府県名":"神奈川県","管理市区町村":"横浜市","管理都道府県・整備局":"神奈川県","都市計画決定":"1"}},{"type":"Feature","geometry":{"type":"Point","coordinates":[139.608822016,35.460427072]},"properties":{"供用済面積":"1853","供用開始年":"1956","公園名":"霜下公園","公園種別":"街区公園","所在地市区町村名":"横浜市","所在地都道府県名":"神奈川県","管理市区町村":"横浜市","管理都道府県・整備局":"神奈川県","都市計画決定":"1"}},{"type":"Feature","geometry":{"type":"Point","coordinates":[139.606201812,35.454570382]},"properties":{"供用済面積":"6287","供用開始年":"1953","公園名":"社宮司公園","公園種別":"街区公園","所在地市区町村名":"横浜市","所在地都道府県名":"神奈川県","管理市区町村":"横浜市","管理都道府県・整備局":"神奈川県","都市計画決定":"1"}},{"type":"Feature","geometry":{"type":"Point","coordinates":[139.608706198,35.463273308]},"properties":{"供用済面積":"1510","供用開始年":"1963","公園名":"神明下公園","公園種別":"街区公園","所在地市区町村名":"横浜市","所在地都道府県名":"神奈川県","管理市区町村":"横浜市","管理都道府県・整備局":"神奈川県","都市計画決定":"1"}},{"type":"Feature","geometry":{"type":"Point","coordinates":[139.611591913,35.465330364]},"properties":{"供用済面積":"1004","供用開始年":"1961","公園名":"浅間下公園","公園種別":"街区公園","所在地市区町村名":"横浜市","所在地都道府県名":"神奈川県","管理市区町村":"横浜市","管理都道府県・整備局":"神奈川県","都市計画決定":"1"}},{"type":"Feature","geometry":{"type":"Point","coordinates":[139.60818487,35.458588874]},"properties":{"供用済面積":"1731","供用開始年":"1964","公園名":"浅間車庫前公園","公園種別":"街区公園","所在地市区町村名":"横浜市","所在地都道府県名":"神奈川県","管理市区町村":"横浜市","管理都道府県・整備局":"神奈川県","都市計画決定":"1"}},{"type":"Feature","geometry":{"type":"Point","coordinates":[139.609082626,35.456584658]},"properties":{"供用済面積":"1328","供用開始年":"1958","公園名":"大新田公園","公園種別":"街区公園","所在地市区町村名":"横浜市","所在地都道府県名":"神奈川県","管理市区町村":"横浜市","管理都道府県・整備局":"神奈川県","都市計画決定":"1"}},{"type":"Feature","geometry":{"type":"Point","coordinates":[139.617191465,35.446492379]},"properties":{"供用済面積":"1100","供用開始年":"2000","公園名":"西戸部町二丁目公園","公園種別":"街区公園","所在地市区町村名":"横浜市","所在地都道府県名":"神奈川県","管理市区町村":"横浜市","管理都道府県・整備局":"神奈川県","都市計画決定":"2"}},{"type":"Feature","geometry":{"type":"Point","coordinates":[139.610892618,35.452635502]},"properties":{"供用済面積":"2419","供用開始年":"1951","公園名":"浜松町公園","公園種別":"街区公園","所在地市区町村名":"横浜市","所在地都道府県名":"神奈川県","管理市区町村":"横浜市","管理都道府県・整備局":"神奈川県","都市計画決定":"1"}},{"type":"Feature","geometry":{"type":"Point","coordinates":[139.612919813,35.44766646]},"properties":{"供用済面積":"1154","供用開始年":"1987","公園名":"藤棚町二丁目公園","公園種別":"街区公園","所在地市区町村名":"横浜市","所在地都道府県名":"神奈川県","管理市区町村":"横浜市","管理都道府県・整備局":"神奈川県","都市計画決定":"2"}},{"type":"Feature","geometry":{"type":"Point","coordinates":[139.611225783,35.466771802]},"properties":{"供用済面積":"1502","供用開始年":"1958","公園名":"南軽井沢公園","公園種別":"街区公園","所在地市区町村名":"横浜市","所在地都道府県名":"神奈川県","管理市区町村":"横浜市","管理都道府県・整備局":"神奈川県","都市計画決定":"1"}},{"type":"Feature","geometry":{"type":"Point","coordinates":[139.609763275,35.466344863]},"properties":{"供用済面積":"2400","供用開始年":"1966","公園名":"宮ケ谷公園","公園種別":"街区公園","所在地市区町村名":"横浜市","所在地都道府県名":"神奈川県","管理市区町村":"横浜市","管理都道府県・整備局":"神奈川県","都市計画決定":"1"}},{"type":"Feature","geometry":{"type":"Point","coordinates":[139.651652875,35.441198215]},"properties":{"供用済面積":"5519","供用開始年":"2009","公園名":"アメリカ山公園","公園種別":"特殊公園（風致公園、動植物公園、歴史公園、墓園）","所在地市区町村名":"横浜市","所在地都道府県名":"神奈川県","管理市区町村":"横浜市","管理都道府県・整備局":"神奈川県","都市計画決定":"2"}},{"type":"Feature","geometry":{"type":"Point","coordinates":[139.664541472,35.41476873]},"properties":{"供用済面積":"40998","供用開始年":"1944","公園名":"本牧臨海公園","公園種別":"特殊公園（風致公園、動植物公園、歴史公園、墓園）","所在地市区町村名":"横浜市","所在地都道府県名":"神奈川県","管理市区町村":"横浜市","管理都道府県・整備局":"神奈川県","都市計画決定":"1"}},{"type":"Feature","geometry":{"type":"Point","coordinates":[139.655086136,35.439613965]},"properties":{"供用済面積":"57765","供用開始年":"1962","公園名":"港の見える丘公園","公園種別":"特殊公園（風致公園、動植物公園、歴史公園、墓園）","所在地市区町村名":"横浜市","所在地都道府県名":"神奈川県","管理市区町村":"横浜市","管理都道府県・整備局":"神奈川県","都市計画決定":"1"}},{"type":"Feature","geometry":{"type":"Point","coordinates":[139.649627145,35.445768948]},"properties":{"供用済面積":"74121","供用開始年":"1930","公園名":"山下公園","公園種別":"特殊公園（風致公園、動植物公園、歴史公園、墓園）","所在地市区町村名":"横浜市","所在地都道府県名":"神奈川県","管理市区町村":"横浜市","管理都道府県・整備局":"神奈川県","都市計画決定":"1"}},{"type":"Feature","geometry":{"type":"Point","coordinates":[139.638781259,35.422844921]},"properties":{"供用済面積":"193102","供用開始年":"1977","公園名":"根岸森林公園","公園種別":"総合公園","所在地市区町村名":"横浜市","所在地都道府県名":"神奈川県","管理市区町村":"横浜市","管理都道府県・整備局":"神奈川県","都市計画決定":"1"}},{"type":"Feature","geometry":{"type":"Point","coordinates":[139.66319492,35.425726723]},"properties":{"供用済面積":"168900","供用開始年":"1998","公園名":"本牧山頂公園","公園種別":"総合公園","所在地市区町村名":"横浜市","所在地都道府県名":"神奈川県","管理市区町村":"横浜市","管理都道府県・整備局":"神奈川県","都市計画決定":"1"}},{"type":"Feature","geometry":{"type":"Point","coordinates":[139.660834525,35.413523505]},"properties":{"供用済面積":"103336","供用開始年":"1969","公園名":"本牧市民公園","公園種別":"総合公園","所在地市区町村名":"横浜市","所在地都道府県名":"神奈川県","管理市区町村":"横浜市","管理都道府県・整備局":"神奈川県","都市計画決定":"2"}},{"type":"Feature","geometry":{"type":"Point","coordinates":[139.640287393,35.443657998]},"properties":{"供用済面積":"63787","供用開始年":"1876","公園名":"横浜公園","公園種別":"総合公園","所在地市区町村名":"横浜市","所在地都道府県名":"神奈川県","管理市区町村":"横浜市","管理都道府県・整備局":"神奈川県","都市計画決定":"1"}},{"type":"Feature","geometry":{"type":"Point","coordinates":[139.632989339,35.441025237]},"properties":{"供用済面積":"35718","供用開始年":"1978","公園名":"大通り公園","公園種別":"地区公園（カントリーパーク）","所在地市区町村名":"横浜市","所在地都道府県名":"神奈川県","管理市区町村":"横浜市","管理都道府県・整備局":"神奈川県","都市計画決定":"1"}},{"type":"Feature","geometry":{"type":"Point","coordinates":[139.642039391,35.43089738]},"properties":{"供用済面積":"8471","供用開始年":"1976","公園名":"柏葉公園","公園種別":"近隣公園","所在地市区町村名":"横浜市","所在地都道府県名":"神奈川県","管理市区町村":"横浜市","管理都道府県・整備局":"神奈川県","都市計画決定":"1"}},{"type":"Feature","geometry":{"type":"Point","coordinates":[139.666062891,35.431060287]},"properties":{"供用済面積":"9215","供用開始年":"1986","公園名":"小港南公園","公園種別":"近隣公園","所在地市区町村名":"横浜市","所在地都道府県名":"神奈川県","管理市区町村":"横浜市","管理都道府県・整備局":"神奈川県","都市計画決定":"2"}},{"type":"Feature","geometry":{"type":"Point","coordinates":[139.660168527,35.422761901]},"properties":{"供用済面積":"14700","供用開始年":"1991","公園名":"新本牧公園","公園種別":"近隣公園","所在地市区町村名":"横浜市","所在地都道府県名":"神奈川県","管理市区町村":"横浜市","管理都道府県・整備局":"神奈川県","都市計画決定":"1"}},{"type":"Feature","geometry":{"type":"Point","coordinates":[139.651411813,35.43823038]},"properties":{"供用済面積":"23389","供用開始年":"1930","公園名":"元町公園","公園種別":"近隣公園","所在地市区町村名":"横浜市","所在地都道府県名":"神奈川県","管理市区町村":"横浜市","管理都道府県・整備局":"神奈川県","都市計画決定":"2"}},{"type":"Feature","geometry":{"type":"Point","coordinates":[139.64358883,35.436815177]},"properties":{"供用済面積":"13286","供用開始年":"1998","公園名":"山手イタリア山庭園","公園種別":"近隣公園","所在地市区町村名":"横浜市","所在地都道府県名":"神奈川県","管理市区町村":"横浜市","管理都道府県・整備局":"神奈川県","都市計画決定":"2"}},{"type":"Feature","geometry":{"type":"Point","coordinates":[139.64813561,35.434621198]},"properties":{"供用済面積":"27753","供用開始年":"1900","公園名":"山手公園","公園種別":"近隣公園","所在地市区町村名":"横浜市","所在地都道府県名":"神奈川県","管理市区町村":"横浜市","管理都道府県・整備局":"神奈川県","都市計画決定":"1"}},{"type":"Feature","geometry":{"type":"Point","coordinates":[139.660545138,35.43549878]},"properties":{"供用済面積":"7953","供用開始年":"1993","公園名":"山手見晴らし公園","公園種別":"近隣公園","所在地市区町村名":"横浜市","所在地都道府県名":"神奈川県","管理市区町村":"横浜市","管理都道府県・整備局":"神奈川県","都市計画決定":"1"}},{"type":"Feature","geometry":{"type":"Point","coordinates":[139.649887801,35.420890319]},"properties":{"供用済面積":"682","供用開始年":"2005","公園名":"池袋第三公園","公園種別":"街区公園","所在地市区町村名":"横浜市","所在地都道府県名":"神奈川県","管理市区町村":"横浜市","管理都道府県・整備局":"神奈川県","都市計画決定":"2"}},{"type":"Feature","geometry":{"type":"Point","coordinates":[139.650322751,35.421709347]},"properties":{"供用済面積":"454","供用開始年":"1986","公園名":"池袋公園","公園種別":"街区公園","所在地市区町村名":"横浜市","所在地都道府県名":"神奈川県","管理市区町村":"横浜市","管理都道府県・整備局":"神奈川県","都市計画決定":"2"}},{"type":"Feature","geometry":{"type":"Point","coordinates":[139.649069701,35.421969117]},"properties":{"供用済面積":"347","供用開始年":"2000","公園名":"池袋第二公園","公園種別":"街区公園","所在地市区町村名":"横浜市","所在地都道府県名":"神奈川県","管理市区町村":"横浜市","管理都道府県・整備局":"神奈川県","都市計画決定":"2"}},{"type":"Feature","geometry":{"type":"Point","coordinates":[139.636461747,35.435970393]},"properties":{"供用済面積":"484","供用開始年":"1986","公園名":"石川町五丁目公園","公園種別":"街区公園","所在地市区町村名":"横浜市","所在地都道府県名":"神奈川県","管理市区町村":"横浜市","管理都道府県・整備局":"神奈川県","都市計画決定":"2"}},{"type":"Feature","geometry":{"type":"Point","coordinates":[139.638761756,35.436040392]},"properties":{"供用済面積":"1006","供用開始年":"1961","公園名":"牛坂下公園","公園種別":"街区公園","所在地市区町村名":"横浜市","所在地都道府県名":"神奈川県","管理市区町村":"横浜市","管理都道府県・整備局":"神奈川県","都市計画決定":"1"}},{"type":"Feature","geometry":{"type":"Point","coordinates":[139.639157924,35.441547043]},"properties":{"供用済面積":"3140","供用開始年":"1958","公園名":"扇町公園","公園種別":"街区公園","所在地市区町村名":"横浜市","所在地都道府県名":"神奈川県","管理市区町村":"横浜市","管理都道府県・整備局":"神奈川県","都市計画決定":"1"}},{"type":"Feature","geometry":{"type":"Point","coordinates":[139.634958535,35.427683522]},"properties":{"供用済面積":"2314","供用開始年":"1985","公園名":"大芝台公園","公園種別":"街区公園","所在地市区町村名":"横浜市","所在地都道府県名":"神奈川県","管理市区町村":"横浜市","管理都道府県・整備局":"神奈川県","都市計画決定":"1"}},{"type":"Feature","geometry":{"type":"Point","coordinates":[139.644153641,35.447239499]},"properties":{"供用済面積":"2479","供用開始年":"1982","公園名":"開港広場公園","公園種別":"街区公園","所在地市区町村名":"横浜市","所在地都道府県名":"神奈川県","管理市区町村":"横浜市","管理都道府県・整備局":"神奈川県","都市計画決定":"1"}},{"type":"Feature","geometry":{"type":"Point","coordinates":[139.647237681,35.419702204]},"properties":{"供用済面積":"464","供用開始年":"1980","公園名":"加曽台公園","公園種別":"街区公園","所在地市区町村名":"横浜市","所在地都道府県名":"神奈川県","管理市区町村":"横浜市","管理都道府県・整備局":"神奈川県","都市計画決定":"2"}},{"type":"Feature","geometry":{"type":"Point","coordinates":[139.65308784,35.434917675]},"properties":{"供用済面積":"1061","供用開始年":"1937","公園名":"キリン園","公園種別":"街区公園","所在地市区町村名":"横浜市","所在地都道府県名":"神奈川県","管理市区町村":"横浜市","管理都道府県・整備局":"神奈川県","都市計画決定":"2"}},{"type":"Feature","geometry":{"type":"Point","coordinates":[139.639131783,35.439030386]},"properties":{"供用済面積":"763","供用開始年":"1967","公園名":"寿公園","公園種別":"街区公園","所在地市区町村名":"横浜市","所在地都道府県名":"神奈川県","管理市区町村":"横浜市","管理都道府県・整備局":"神奈川県","都市計画決定":"1"}},{"type":"Feature","geometry":{"type":"Point","coordinates":[139.661645615,35.433957072]},"properties":{"供用済面積":"3650","供用開始年":"1994","公園名":"小港一丁目公園","公園種別":"街区公園","所在地市区町村名":"横浜市","所在地都道府県名":"神奈川県","管理市区町村":"横浜市","管理都道府県・整備局":"神奈川県","都市計画決定":"2"}},{"type":"Feature","geometry":{"type":"Point","coordinates":[139.64600174,35.431240397]},"properties":{"供用済面積":"310","供用開始年":"1980","公園名":"鷺山公園","公園種別":"街区公園","所在地市区町村名":"横浜市","所在地都道府県名":"神奈川県","管理市区町村":"横浜市","管理都道府県・整備局":"神奈川県","都市計画決定":"2"}},{"type":"Feature","geometry":{"type":"Point","coordinates":[139.64603595,35.432225624]},"properties":{"供用済面積":"1214","供用開始年":"2002","公園名":"鷺山さくら公園","公園種別":"街区公園","所在地市区町村名":"横浜市","所在地都道府県名":"神奈川県","管理市区町村":"横浜市","管理都道府県・整備局":"神奈川県","都市計画決定":"2"}},{"type":"Feature","geometry":{"type":"Point","coordinates":[139.666105393,35.421765711]},"properties":{"供用済面積":"1140","供用開始年":"1951","公園名":"三之谷北公園","公園種別":"街区公園","所在地市区町村名":"横浜市","所在地都道府県名":"神奈川県","管理市区町村":"横浜市","管理都道府県・整備局":"神奈川県","都市計画決定":"1"}},{"type":"Feature","geometry":{"type":"Point","coordinates":[139.66487723,35.420492865]},"properties":{"供用済面積":"519","供用開始年":"1953","公園名":"三之谷公園","公園種別":"街区公園","所在地市区町村名":"横浜市","所在地都道府県名":"神奈川県","管理市区町村":"横浜市","管理都道府県・整備局":"神奈川県","都市計画決定":"1"}},{"type":"Feature","geometry":{"type":"Point","coordinates":[139.66469696,35.419573057]},"properties":{"供用済面積":"204","供用開始年":"1967","公園名":"三之谷南公園","公園種別":"街区公園","所在地市区町村名":"横浜市","所在地都道府県名":"神奈川県","管理市区町村":"横浜市","管理都道府県・整備局":"神奈川県","都市計画決定":"1"}},{"type":"Feature","geometry":{"type":"Point","coordinates":[139.643038485,35.434009272]},"properties":{"供用済面積":"1058","供用開始年":"1982","公園名":"地蔵坂公園","公園種別":"街区公園","所在地市区町村名":"横浜市","所在地都道府県名":"神奈川県","管理市区町村":"横浜市","管理都道府県・整備局":"神奈川県","都市計画決定":"2"}},{"type":"Feature","geometry":{"type":"Point","coordinates":[139.657701826,35.439200375]},"properties":{"供用済面積":"1094","供用開始年":"2009","公園名":"新山下公園","公園種別":"街区公園","所在地市区町村名":"横浜市","所在地都道府県名":"神奈川県","管理市区町村":"横浜市","管理都道府県・整備局":"神奈川県","都市計画決定":"2"}},{"type":"Feature","geometry":{"type":"Point","coordinates":[139.658551817,35.437990376]},"properties":{"供用済面積":"1290","供用開始年":"2003","公園名":"新山下二丁目ベイサイド公園","公園種別":"街区公園","所在地市区町村名":"横浜市","所在地都道府県名":"神奈川県","管理市区町村":"横浜市","管理都道府県・整備局":"神奈川県","都市計画決定":"2"}},{"type":"Feature","geometry":{"type":"Point","coordinates":[139.641457099,35.421196933]},"properties":{"供用済面積":"339","供用開始年":"1977","公園名":"滝ノ上公園","公園種別":"街区公園","所在地市区町村名":"横浜市","所在地都道府県名":"神奈川県","管理市区町村":"横浜市","管理都道府県・整備局":"神奈川県","都市計画決定":"2"}},{"type":"Feature","geometry":{"type":"Point","coordinates":[139.645573816,35.429129351]},"properties":{"供用済面積":"308","供用開始年":"1984","公園名":"竹の丸公園","公園種別":"街区公園","所在地市区町村名":"横浜市","所在地都道府県名":"神奈川県","管理市区町村":"横浜市","管理都道府県・整備局":"神奈川県","都市計画決定":"2"}},{"type":"Feature","geometry":{"type":"Point","coordinates":[139.666641666,35.420950412]},"properties":{"供用済面積":"740","供用開始年":"1953","公園名":"多聞院前公園","公園種別":"街区公園","所在地市区町村名":"横浜市","所在地都道府県名":"神奈川県","管理市区町村":"横浜市","管理都道府県・整備局":"神奈川県","都市計画決定":"1"}},{"type":"Feature","geometry":{"type":"Point","coordinates":[139.63333684,35.437526733]},"properties":{"供用済面積":"2310","供用開始年":"1957","公園名":"千歳公園","公園種別":"街区公園","所在地市区町村名":"横浜市","所在地都道府県名":"神奈川県","管理市区町村":"横浜市","管理都道府県・整備局":"神奈川県","都市計画決定":"1"}},{"type":"Feature","geometry":{"type":"Point","coordinates":[139.641928569,35.422832149]},"properties":{"供用済面積":"1202","供用開始年":"1987","公園名":"仲尾台第二公園","公園種別":"街区公園","所在地市区町村名":"横浜市","所在地都道府県名":"神奈川県","管理市区町村":"横浜市","管理都道府県・整備局":"神奈川県","都市計画決定":"2"}},{"type":"Feature","geometry":{"type":"Point","coordinates":[139.645558022,35.424967731]},"properties":{"供用済面積":"1362","供用開始年":"1953","公園名":"仲尾台公園","公園種別":"街区公園","所在地市区町村名":"横浜市","所在地都道府県名":"神奈川県","管理市区町村":"横浜市","管理都道府県・整備局":"神奈川県","都市計画決定":"1"}},{"type":"Feature","geometry":{"type":"Point","coordinates":[139.64470362,35.418397678]},"properties":{"供用済面積":"1046","供用開始年":"1967","公園名":"七曲公園","公園種別":"街区公園","所在地市区町村名":"横浜市","所在地都道府県名":"神奈川県","管理市区町村":"横浜市","管理都道府県・整備局":"神奈川県","都市計画決定":"1"}},{"type":"Feature","geometry":{"type":"Point","coordinates":[139.674055087,35.429059178]},"properties":{"供用済面積":"1359","供用開始年":"1987","公園名":"錦町第一公園","公園種別":"街区公園","所在地市区町村名":"横浜市","所在地都道府県名":"神奈川県","管理市区町村":"横浜市","管理都道府県・整備局":"神奈川県","都市計画決定":"2"}},{"type":"Feature","geometry":{"type":"Point","coordinates":[139.672013394,35.429948627]},"properties":{"供用済面積":"1718","供用開始年":"1987","公園名":"錦町第二公園","公園種別":"街区公園","所在地市区町村名":"横浜市","所在地都道府県名":"神奈川県","管理市区町村":"横浜市","管理都道府県・整備局":"神奈川県","都市計画決定":"2"}},{"type":"Feature","geometry":{"type":"Point","coordinates":[139.633930341,35.418765323]},"properties":{"供用済面積":"475","供用開始年":"1985","公園名":"根岸旭台公園","公園種別":"街区公園","所在地市区町村名":"横浜市","所在地都道府県名":"神奈川県","管理市区町村":"横浜市","管理都道府県・整備局":"神奈川県","都市計画決定":"2"}},{"type":"Feature","geometry":{"type":"Point","coordinates":[139.625316625,35.443558329]},"properties":{"供用済面積":"278","供用開始年":"1981","公園名":"子の前公園","公園種別":"街区公園","所在地市区町村名":"横浜市","所在地都道府県名":"神奈川県","管理市区町村":"横浜市","管理都道府県・整備局":"神奈川県","都市計画決定":"2"}},{"type":"Feature","geometry":{"type":"Point","coordinates":[139.628691826,35.448440378]},"properties":{"供用済面積":"355","供用開始年":"1984","公園名":"野毛三丁目公園","公園種別":"街区公園","所在地市区町村名":"横浜市","所在地都道府県名":"神奈川県","管理市区町村":"横浜市","管理都道府県・整備局":"神奈川県","都市計画決定":"2"}},{"type":"Feature","geometry":{"type":"Point","coordinates":[139.658311904,35.436491379]},"properties":{"供用済面積":"1686","供用開始年":"1988","公園名":"聖坂公園","公園種別":"街区公園","所在地市区町村名":"横浜市","所在地都道府県名":"神奈川県","管理市区町村":"横浜市","管理都道府県・整備局":"神奈川県","都市計画決定":"2"}},{"type":"Feature","geometry":{"type":"Point","coordinates":[139.634336004,35.440977797]},"properties":{"供用済面積":"4654","供用開始年":"1956","公園名":"日ノ出川公園","公園種別":"街区公園","所在地市区町村名":"横浜市","所在地都道府県名":"神奈川県","管理市区町村":"横浜市","管理都道府県・整備局":"神奈川県","都市計画決定":"1"}},{"type":"Feature","geometry":{"type":"Point","coordinates":[139.631367598,35.4463975]},"properties":{"供用済面積":"2634","供用開始年":"1958","公園名":"福富町西公園","公園種別":"街区公園","所在地市区町村名":"横浜市","所在地都道府県名":"神奈川県","管理市区町村":"横浜市","管理都道府県・整備局":"神奈川県","都市計画決定":"1"}},{"type":"Feature","geometry":{"type":"Point","coordinates":[139.622273944,35.43768092]},"properties":{"供用済面積":"2498","供用開始年":"1974","公園名":"富士見川公園","公園種別":"街区公園","所在地市区町村名":"横浜市","所在地都道府県名":"神奈川県","管理市区町村":"横浜市","管理都道府県・整備局":"神奈川県","都市計画決定":"2"}},{"type":"Feature","geometry":{"type":"Point","coordinates":[139.639548652,35.417081304]},"properties":{"供用済面積":"3495","供用開始年":"1966","公園名":"不動下公園","公園種別":"街区公園","所在地市区町村名":"横浜市","所在地都道府県名":"神奈川県","管理市区町村":"横浜市","管理都道府県・整備局":"神奈川県","都市計画決定":"1"}},{"type":"Feature","geometry":{"type":"Point","coordinates":[139.652536364,35.420721249]},"properties":{"供用済面積":"955","供用開始年":"2000","公園名":"本牧荒井公園","公園種別":"街区公園","所在地市区町村名":"横浜市","所在地都道府県名":"神奈川県","管理市区町村":"横浜市","管理都道府県・整備局":"神奈川県","都市計画決定":"2"}},{"type":"Feature","geometry":{"type":"Point","coordinates":[139.666612263,35.427944405]},"properties":{"供用済面積":"8171","供用開始年":"1999","公園名":"本牧いずみ公園","公園種別":"街区公園","所在地市区町村名":"横浜市","所在地都道府県名":"神奈川県","管理市区町村":"横浜市","管理都道府県・整備局":"神奈川県","都市計画決定":"2"}},{"type":"Feature","geometry":{"type":"Point","coordinates":[139.656548506,35.425133757]},"properties":{"供用済面積":"589","供用開始年":"2006","公園名":"本牧大鳥公園","公園種別":"街区公園","所在地市区町村名":"横浜市","所在地都道府県名":"神奈川県","管理市区町村":"横浜市","管理都道府県・整備局":"神奈川県","都市計画決定":"2"}},{"type":"Feature","geometry":{"type":"Point","coordinates":[139.66777065,35.425430231]},"properties":{"供用済面積":"1273","供用開始年":"1989","公園名":"本牧くすのき公園","公園種別":"街区公園","所在地市区町村名":"横浜市","所在地都道府県名":"神奈川県","管理市区町村":"横浜市","管理都道府県・整備局":"神奈川県","都市計画決定":"2"}},{"type":"Feature","geometry":{"type":"Point","coordinates":[139.665077353,35.427031238]},"properties":{"供用済面積":"5279","供用開始年":"1989","公園名":"本牧せせらぎ公園","公園種別":"街区公園","所在地市区町村名":"横浜市","所在地都道府県名":"神奈川県","管理市区町村":"横浜市","管理都道府県・整備局":"神奈川県","都市計画決定":"2"}},{"type":"Feature","geometry":{"type":"Point","coordinates":[139.667015101,35.426570818]},"properties":{"供用済面積":"700","供用開始年":"1989","公園名":"本牧たき公園","公園種別":"街区公園","所在地市区町村名":"横浜市","所在地都道府県名":"神奈川県","管理市区町村":"横浜市","管理都道府県・整備局":"神奈川県","都市計画決定":"2"}},{"type":"Feature","geometry":{"type":"Point","coordinates":[139.66299152,35.431133169]},"properties":{"供用済面積":"385","供用開始年":"2003","公園名":"本牧町二丁目公園","公園種別":"街区公園","所在地市区町村名":"横浜市","所在地都道府県名":"神奈川県","管理市区町村":"横浜市","管理都道府県・整備局":"神奈川県","都市計画決定":"2"}},{"type":"Feature","geometry":{"type":"Point","coordinates":[139.664512596,35.423200689]},"properties":{"供用済面積":"3000","供用開始年":"1989","公園名":"本牧なかよし公園","公園種別":"街区公園","所在地市区町村名":"横浜市","所在地都道府県名":"神奈川県","管理市区町村":"横浜市","管理都道府県・整備局":"神奈川県","都市計画決定":"2"}},{"type":"Feature","geometry":{"type":"Point","coordinates":[139.667727187,35.422987217]},"properties":{"供用済面積":"409","供用開始年":"1952","公園名":"本牧原南公園","公園種別":"街区公園","所在地市区町村名":"横浜市","所在地都道府県名":"神奈川県","管理市区町村":"横浜市","管理都道府県・整備局":"神奈川県","都市計画決定":"1"}},{"type":"Feature","geometry":{"type":"Point","coordinates":[139.66610532,35.41430622]},"properties":{"供用済面積":"3498","供用開始年":"1992","公園名":"本牧ひろば公園","公園種別":"街区公園","所在地市区町村名":"横浜市","所在地都道府県名":"神奈川県","管理市区町村":"横浜市","管理都道府県・整備局":"神奈川県","都市計画決定":"2"}},{"type":"Feature","geometry":{"type":"Point","coordinates":[139.655303402,35.41999664]},"properties":{"供用済面積":"282","供用開始年":"2001","公園名":"本牧間門公園","公園種別":"街区公園","所在地市区町村名":"横浜市","所在地都道府県名":"神奈川県","管理市区町村":"横浜市","管理都道府県・整備局":"神奈川県","都市計画決定":"2"}},{"type":"Feature","geometry":{"type":"Point","coordinates":[139.648875614,35.426068527]},"properties":{"供用済面積":"622","供用開始年":"1995","公園名":"本牧緑ケ丘公園","公園種別":"街区公園","所在地市区町村名":"横浜市","所在地都道府県名":"神奈川県","管理市区町村":"横浜市","管理都道府県・整備局":"神奈川県","都市計画決定":"2"}},{"type":"Feature","geometry":{"type":"Point","coordinates":[139.667625816,35.42188431]},"properties":{"供用済面積":"1451","供用開始年":"1952","公園名":"本牧元町公園","公園種別":"街区公園","所在地市区町村名":"横浜市","所在地都道府県名":"神奈川県","管理市区町村":"横浜市","管理都道府県・整備局":"神奈川県","都市計画決定":"1"}},{"type":"Feature","geometry":{"type":"Point","coordinates":[139.667423042,35.416381593]},"properties":{"供用済面積":"1834","供用開始年":"1970","公園名":"本牧元町東公園","公園種別":"街区公園","所在地市区町村名":"横浜市","所在地都道府県名":"神奈川県","管理市区町村":"横浜市","管理都道府県・整備局":"神奈川県","都市計画決定":"1"}},{"type":"Feature","geometry":{"type":"Point","coordinates":[139.666551657,35.420010415]},"properties":{"供用済面積":"214","供用開始年":"1952","公園名":"本牧元町南公園","公園種別":"街区公園","所在地市区町村名":"横浜市","所在地都道府県名":"神奈川県","管理市区町村":"横浜市","管理都道府県・整備局":"神奈川県","都市計画決定":"1"}},{"type":"Feature","geometry":{"type":"Point","coordinates":[139.658081676,35.422990412]},"properties":{"供用済面積":"113","供用開始年":"1998","公園名":"本牧和田公園","公園種別":"街区公園","所在地市区町村名":"横浜市","所在地都道府県名":"神奈川県","管理市区町村":"横浜市","管理都道府県・整備局":"神奈川県","都市計画決定":"2"}},{"type":"Feature","geometry":{"type":"Point","coordinates":[139.644874742,35.422312099]},"properties":{"供用済面積":"674","供用開始年":"1952","公園名":"豆口台公園","公園種別":"街区公園","所在地市区町村名":"横浜市","所在地都道府県名":"神奈川県","管理市区町村":"横浜市","管理都道府県・整備局":"神奈川県","都市計画決定":"2"}},{"type":"Feature","geometry":{"type":"Point","coordinates":[139.643681864,35.422847648]},"properties":{"供用済面積":"214","供用開始年":"1971","公園名":"豆口台第二公園","公園種別":"街区公園","所在地市区町村名":"横浜市","所在地都道府県名":"神奈川県","管理市区町村":"横浜市","管理都道府県・整備局":"神奈川県","都市計画決定":"2"}},{"type":"Feature","geometry":{"type":"Point","coordinates":[139.644003615,35.422847648]},"properties":{"供用済面積":"316","供用開始年":"1984","公園名":"豆口台第三公園","公園種別":"街区公園","所在地市区町村名":"横浜市","所在地都道府県名":"神奈川県","管理市区町村":"横浜市","管理都道府県・整備局":"神奈川県","都市計画決定":"2"}},{"type":"Feature","geometry":{"type":"Point","coordinates":[139.646654817,35.422289037]},"properties":{"供用済面積":"436","供用開始年":"1988","公園名":"豆口台第四公園","公園種別":"街区公園","所在地市区町村名":"横浜市","所在地都道府県名":"神奈川県","管理市区町村":"横浜市","管理都道府県・整備局":"神奈川県","都市計画決定":"2"}},{"type":"Feature","geometry":{"type":"Point","coordinates":[139.634726801,35.423319292]},"properties":{"供用済面積":"475","供用開始年":"1973","公園名":"簑沢公園","公園種別":"街区公園","所在地市区町村名":"横浜市","所在地都道府県名":"神奈川県","管理市区町村":"横浜市","管理都道府県・整備局":"神奈川県","都市計画決定":"2"}},{"type":"Feature","geometry":{"type":"Point","coordinates":[139.648731816,35.439360379]},"properties":{"供用済面積":"750","供用開始年":"1987","公園名":"元町百段公園","公園種別":"街区公園","所在地市区町村名":"横浜市","所在地都道府県名":"神奈川県","管理市区町村":"横浜市","管理都道府県・整備局":"神奈川県","都市計画決定":"1"}},{"type":"Feature","geometry":{"type":"Point","coordinates":[139.648070539,35.42486074]},"properties":{"供用済面積":"225","供用開始年":"1988","公園名":"矢口台公園","公園種別":"街区公園","所在地市区町村名":"横浜市","所在地都道府県名":"神奈川県","管理市区町村":"横浜市","管理都道府県・整備局":"神奈川県","都市計画決定":"2"}},{"type":"Feature","geometry":{"type":"Point","coordinates":[139.644785198,35.441251129]},"properties":{"供用済面積":"126","供用開始年":"1990","公園名":"山下町風の広場公園","公園種別":"街区公園","所在地市区町村名":"横浜市","所在地都道府県名":"神奈川県","管理市区町村":"横浜市","管理都道府県・整備局":"神奈川県","都市計画決定":"2"}},{"type":"Feature","geometry":{"type":"Point","coordinates":[139.647614371,35.442009546]},"properties":{"供用済面積":"1331","供用開始年":"1960","公園名":"山下町公園","公園種別":"街区公園","所在地市区町村名":"横浜市","所在地都道府県名":"神奈川県","管理市区町村":"横浜市","管理都道府県・整備局":"神奈川県","都市計画決定":"1"}},{"type":"Feature","geometry":{"type":"Point","coordinates":[139.656101486,35.435548072]},"properties":{"供用済面積":"192","供用開始年":"1984","公園名":"山手町公園","公園種別":"街区公園","所在地市区町村名":"横浜市","所在地都道府県名":"神奈川県","管理市区町村":"横浜市","管理都道府県・整備局":"神奈川県","都市計画決定":"2"}},{"type":"Feature","geometry":{"type":"Point","coordinates":[139.631729555,35.43996976]},"properties":{"供用済面積":"2713","供用開始年":"1957","公園名":"山吹公園","公園種別":"街区公園","所在地市区町村名":"横浜市","所在地都道府県名":"神奈川県","管理市区町村":"横浜市","管理都道府県・整備局":"神奈川県","都市計画決定":"1"}},{"type":"Feature","geometry":{"type":"Point","coordinates":[139.641531661,35.425130414]},"properties":{"供用済面積":"969","供用開始年":"1979","公園名":"山元町五丁目公園","公園種別":"街区公園","所在地市区町村名":"横浜市","所在地都道府県名":"神奈川県","管理市区町村":"横浜市","管理都道府県・整備局":"神奈川県","都市計画決定":"2"}},{"type":"Feature","geometry":{"type":"Point","coordinates":[139.641461792,35.439290385]},"properties":{"供用済面積":"3066","供用開始年":"1986","公園名":"吉浜町公園","公園種別":"街区公園","所在地市区町村名":"横浜市","所在地都道府県名":"神奈川県","管理市区町村":"横浜市","管理都道府県・整備局":"神奈川県","都市計画決定":"1"}},{"type":"Feature","geometry":{"type":"Point","coordinates":[139.6594541,35.43584911]},"properties":{"供用済面積":"1170","供用開始年":"1988","公園名":"ワシン坂上公園","公園種別":"街区公園","所在地市区町村名":"横浜市","所在地都道府県名":"神奈川県","管理市区町村":"横浜市","管理都道府県・整備局":"神奈川県","都市計画決定":"1"}},{"type":"Feature","geometry":{"type":"Point","coordinates":[139.660213086,35.432895615]},"properties":{"供用済面積":"156","供用開始年":"1991","公園名":"ワシン坂公園","公園種別":"街区公園","所在地市区町村名":"横浜市","所在地都道府県名":"神奈川県","管理市区町村":"横浜市","管理都道府県・整備局":"神奈川県","都市計画決定":"2"}},{"type":"Feature","geometry":{"type":"Point","coordinates":[139.602740114,35.436174795]},"properties":{"供用済面積":"13170","供用開始年":"1999","公園名":"南太田四丁目公園","公園種別":"都市緑地","所在地市区町村名":"横浜市","所在地都道府県名":"神奈川県","管理市区町村":"横浜市","管理都道府県・整備局":"神奈川県","都市計画決定":"2"}},{"type":"Feature","geometry":{"type":"Point","coordinates":[139.577718294,35.432569586]},"properties":{"供用済面積":"25829","供用開始年":"1979","公園名":"横浜市こども植物園","公園種別":"特殊公園（風致公園、動植物公園、歴史公園、墓園）","所在地市区町村名":"横浜市","所在地都道府県名":"神奈川県","管理市区町村":"横浜市","管理都道府県・整備局":"神奈川県","都市計画決定":"1"}},{"type":"Feature","geometry":{"type":"Point","coordinates":[139.605042494,35.438819419]},"properties":{"供用済面積":"95494","供用開始年":"1983","公園名":"清水ケ丘公園","公園種別":"運動公園","所在地市区町村名":"横浜市","所在地都道府県名":"神奈川県","管理市区町村":"横浜市","管理都道府県・整備局":"神奈川県","都市計画決定":"1"}},{"type":"Feature","geometry":{"type":"Point","coordinates":[139.595890861,35.423426052]},"properties":{"供用済面積":"45543","供用開始年":"1943","公園名":"弘明寺公園","公園種別":"地区公園（カントリーパーク）","所在地市区町村名":"横浜市","所在地都道府県名":"神奈川県","管理市区町村":"横浜市","管理都道府県・整備局":"神奈川県","都市計画決定":"1"}},{"type":"Feature","geometry":{"type":"Point","coordinates":[139.633264399,35.432913471]},"properties":{"供用済面積":"9461","供用開始年":"1997","公園名":"唐沢公園","公園種別":"近隣公園","所在地市区町村名":"横浜市","所在地都道府県名":"神奈川県","管理市区町村":"横浜市","管理都道府県・整備局":"神奈川県","都市計画決定":"2"}},{"type":"Feature","geometry":{"type":"Point","coordinates":[139.59082287,35.431869879]},"properties":{"供用済面積":"11619","供用開始年":"1989","公園名":"永田みなみ台公園","公園種別":"近隣公園","所在地市区町村名":"横浜市","所在地都道府県名":"神奈川県","管理市区町村":"横浜市","管理都道府県・整備局":"神奈川県","都市計画決定":"1"}},{"type":"Feature","geometry":{"type":"Point","coordinates":[139.623012426,35.436494981]},"properties":{"供用済面積":"11203","供用開始年":"1991","公園名":"阪東橋公園","公園種別":"近隣公園","所在地市区町村名":"横浜市","所在地都道府県名":"神奈川県","管理市区町村":"横浜市","管理都道府県・整備局":"神奈川県","都市計画決定":"2"}},{"type":"Feature","geometry":{"type":"Point","coordinates":[139.613614745,35.434170572]},"properties":{"供用済面積":"23243","供用開始年":"1959","公園名":"蒔田公園","公園種別":"近隣公園","所在地市区町村名":"横浜市","所在地都道府県名":"神奈川県","管理市区町村":"横浜市","管理都道府県・整備局":"神奈川県","都市計画決定":"1"}},{"type":"Feature","geometry":{"type":"Point","coordinates":[139.589273392,35.4216946]},"properties":{"供用済面積":"23838","供用開始年":"1996","公園名":"六ツ川中央公園","公園種別":"近隣公園","所在地市区町村名":"横浜市","所在地都道府県名":"神奈川県","管理市区町村":"横浜市","管理都道府県・整備局":"神奈川県","都市計画決定":"2"}},{"type":"Feature","geometry":{"type":"Point","coordinates":[139.634625562,35.436151054]},"properties":{"供用済面積":"673","供用開始年":"1965","公園名":"東橋公園","公園種別":"街区公園","所在地市区町村名":"横浜市","所在地都道府県名":"神奈川県","管理市区町村":"横浜市","管理都道府県・整備局":"神奈川県","都市計画決定":"1"}},{"type":"Feature","geometry":{"type":"Point","coordinates":[139.616577811,35.430565306]},"properties":{"供用済面積":"410","供用開始年":"1965","公園名":"石畠公園","公園種別":"街区公園","所在地市区町村名":"横浜市","所在地都道府県名":"神奈川県","管理市区町村":"横浜市","管理都道府県・整備局":"神奈川県","都市計画決定":"1"}},{"type":"Feature","geometry":{"type":"Point","coordinates":[139.606171903,35.432901628]},"properties":{"供用済面積":"2416","供用開始年":"1958","公園名":"井土ヶ谷公園","公園種別":"街区公園","所在地市区町村名":"横浜市","所在地都道府県名":"神奈川県","管理市区町村":"横浜市","管理都道府県・整備局":"神奈川県","都市計画決定":"1"}},{"type":"Feature","geometry":{"type":"Point","coordinates":[139.597440314,35.430980427]},"properties":{"供用済面積":"1750","供用開始年":"1982","公園名":"井土ヶ谷上町公園","公園種別":"街区公園","所在地市区町村名":"横浜市","所在地都道府県名":"神奈川県","管理市区町村":"横浜市","管理都道府県・整備局":"神奈川県","都市計画決定":"1"}},{"type":"Feature","geometry":{"type":"Point","coordinates":[139.601306534,35.431099015]},"properties":{"供用済面積":"1193","供用開始年":"2003","公園名":"井土ヶ谷中町公園","公園種別":"街区公園","所在地市区町村名":"横浜市","所在地都道府県名":"神奈川県","管理市区町村":"横浜市","管理都道府県・整備局":"神奈川県","都市計画決定":"2"}},{"type":"Feature","geometry":{"type":"Point","coordinates":[139.614671613,35.429280421]},"properties":{"供用済面積":"228","供用開始年":"1960","公園名":"榎町公園","公園種別":"街区公園","所在地市区町村名":"横浜市","所在地都道府県名":"神奈川県","管理市区町村":"横浜市","管理都道府県・整備局":"神奈川県","都市計画決定":"1"}},{"type":"Feature","geometry":{"type":"Point","coordinates":[139.602204166,35.416488352]},"properties":{"供用済面積":"950","供用開始年":"1983","公園名":"大岡三丁目公園","公園種別":"街区公園","所在地市区町村名":"横浜市","所在地都道府県名":"神奈川県","管理市区町村":"横浜市","管理都道府県・整備局":"神奈川県","都市計画決定":"1"}},{"type":"Feature","geometry":{"type":"Point","coordinates":[139.606301036,35.417453939]},"properties":{"供用済面積":"860","供用開始年":"1991","公園名":"大岡三丁目第二公園","公園種別":"街区公園","所在地市区町村名":"横浜市","所在地都道府県名":"神奈川県","管理市区町村":"横浜市","管理都道府県・整備局":"神奈川県","都市計画決定":"2"}},{"type":"Feature","geometry":{"type":"Point","coordinates":[139.605273884,35.408518907]},"properties":{"供用済面積":"1840","供用開始年":"1985","公園名":"大岡四丁目第二公園","公園種別":"街区公園","所在地市区町村名":"横浜市","所在地都道府県名":"神奈川県","管理市区町村":"横浜市","管理都道府県・整備局":"神奈川県","都市計画決定":"2"}},{"type":"Feature","geometry":{"type":"Point","coordinates":[139.600311414,35.41274046]},"properties":{"供用済面積":"926","供用開始年":"1989","公園名":"大岡五丁目公園","公園種別":"街区公園","所在地市区町村名":"横浜市","所在地都道府県名":"神奈川県","管理市区町村":"横浜市","管理都道府県・整備局":"神奈川県","都市計画決定":"2"}},{"type":"Feature","geometry":{"type":"Point","coordinates":[139.600336178,35.41302544]},"properties":{"供用済面積":"273","供用開始年":"2004","公園名":"大岡五丁目第二公園","公園種別":"街区公園","所在地市区町村名":"横浜市","所在地都道府県名":"神奈川県","管理市区町村":"横浜市","管理都道府県・整備局":"神奈川県","都市計画決定":"2"}},{"type":"Feature","geometry":{"type":"Point","coordinates":[139.603701424,35.412850459]},"properties":{"供用済面積":"585","供用開始年":"1992","公園名":"大岡四丁目第三公園","公園種別":"街区公園","所在地市区町村名":"横浜市","所在地都道府県名":"神奈川県","管理市区町村":"横浜市","管理都道府県・整備局":"神奈川県","都市計画決定":"2"}},{"type":"Feature","geometry":{"type":"Point","coordinates":[139.602363394,35.411234683]},"properties":{"供用済面積":"2571","供用開始年":"1974","公園名":"大谷戸公園","公園種別":"街区公園","所在地市区町村名":"横浜市","所在地都道府県名":"神奈川県","管理市区町村":"横浜市","管理都道府県・整備局":"神奈川県","都市計画決定":"1"}},{"type":"Feature","geometry":{"type":"Point","coordinates":[139.613592068,35.440016962]},"properties":{"供用済面積":"226","供用開始年":"1991","公園名":"庚台公園","公園種別":"街区公園","所在地市区町村名":"横浜市","所在地都道府県名":"神奈川県","管理市区町村":"横浜市","管理都道府県・整備局":"神奈川県","都市計画決定":"2"}},{"type":"Feature","geometry":{"type":"Point","coordinates":[139.615631644,35.432300414]},"properties":{"供用済面積":"719","供用開始年":"1958","公園名":"共進第一公園","公園種別":"街区公園","所在地市区町村名":"横浜市","所在地都道府県名":"神奈川県","管理市区町村":"横浜市","管理都道府県・整備局":"神奈川県","都市計画決定":"1"}},{"type":"Feature","geometry":{"type":"Point","coordinates":[139.599473566,35.421224544]},"properties":{"供用済面積":"619","供用開始年":"1978","公園名":"弘明寺前田公園","公園種別":"街区公園","所在地市区町村名":"横浜市","所在地都道府県名":"神奈川県","管理市区町村":"横浜市","管理都道府県・整備局":"神奈川県","都市計画決定":"2"}},{"type":"Feature","geometry":{"type":"Point","coordinates":[139.588650915,35.440693194]},"properties":{"供用済面積":"481","供用開始年":"1977","公園名":"山王下公園","公園種別":"街区公園","所在地市区町村名":"横浜市","所在地都道府県名":"神奈川県","管理市区町村":"横浜市","管理都道府県・整備局":"神奈川県","都市計画決定":"2"}},{"type":"Feature","geometry":{"type":"Point","coordinates":[139.614179484,35.436068058]},"properties":{"供用済面積":"2542","供用開始年":"1953","公園名":"山王橋公園","公園種別":"街区公園","所在地市区町村名":"横浜市","所在地都道府県名":"神奈川県","管理市区町村":"横浜市","管理都道府県・整備局":"神奈川県","都市計画決定":"1"}},{"type":"Feature","geometry":{"type":"Point","coordinates":[139.609531691,35.439390405]},"properties":{"供用済面積":"1070","供用開始年":"1997","公園名":"清水ケ丘ふれあい公園","公園種別":"街区公園","所在地市区町村名":"横浜市","所在地都道府県名":"神奈川県","管理市区町村":"横浜市","管理都道府県・整備局":"神奈川県","都市計画決定":"2"}},{"type":"Feature","geometry":{"type":"Point","coordinates":[139.607851615,35.433636906]},"properties":{"供用済面積":"3279","供用開始年":"1952","公園名":"下の前公園","公園種別":"街区公園","所在地市区町村名":"横浜市","所在地都道府県名":"神奈川県","管理市区町村":"横浜市","管理都道府県・整備局":"神奈川県","都市計画決定":"1"}},{"type":"Feature","geometry":{"type":"Point","coordinates":[139.606389089,35.431276901]},"properties":{"供用済面積":"1206","供用開始年":"1952","公園名":"宿の前公園","公園種別":"街区公園","所在地市区町村名":"横浜市","所在地都道府県名":"神奈川県","管理市区町村":"横浜市","管理都道府県・整備局":"神奈川県","都市計画決定":"1"}},{"type":"Feature","geometry":{"type":"Point","coordinates":[139.593691561,35.429260432]},"properties":{"供用済面積":"771","供用開始年":"1983","公園名":"長者ヶ谷公園","公園種別":"街区公園","所在地市区町村名":"横浜市","所在地都道府県名":"神奈川県","管理市区町村":"横浜市","管理都道府県・整備局":"神奈川県","都市計画決定":"2"}},{"type":"Feature","geometry":{"type":"Point","coordinates":[139.605650581,35.429486145]},"properties":{"供用済面積":"1276","供用開始年":"1952","公園名":"鶴巻橋公園","公園種別":"街区公園","所在地市区町村名":"横浜市","所在地都道府県名":"神奈川県","管理市区町村":"横浜市","管理都道府県・整備局":"神奈川県","都市計画決定":"1"}},{"type":"Feature","geometry":{"type":"Point","coordinates":[139.601567153,35.428798309]},"properties":{"供用済面積":"852","供用開始年":"1965","公園名":"鳥井戸公園","公園種別":"街区公園","所在地市区町村名":"横浜市","所在地都道府県名":"神奈川県","管理市区町村":"横浜市","管理都道府県・整備局":"神奈川県","都市計画決定":"2"}},{"type":"Feature","geometry":{"type":"Point","coordinates":[139.631553428,35.434648719]},"properties":{"供用済面積":"1696","供用開始年":"1958","公園名":"中居公園","公園種別":"街区公園","所在地市区町村名":"横浜市","所在地都道府県名":"神奈川県","管理市区町村":"横浜市","管理都道府県・整備局":"神奈川県","都市計画決定":"1"}},{"type":"Feature","geometry":{"type":"Point","coordinates":[139.597150541,35.421187326]},"properties":{"供用済面積":"915","供用開始年":"1976","公園名":"中里町第一公園","公園種別":"街区公園","所在地市区町村名":"横浜市","所在地都道府県名":"神奈川県","管理市区町村":"横浜市","管理都道府県・整備局":"神奈川県","都市計画決定":"2"}},{"type":"Feature","geometry":{"type":"Point","coordinates":[139.594391461,35.418540453]},"properties":{"供用済面積":"201","供用開始年":"1975","公園名":"中里町第三公園","公園種別":"街区公園","所在地市区町村名":"横浜市","所在地都道府県名":"神奈川県","管理市区町村":"横浜市","管理都道府県・整備局":"神奈川県","都市計画決定":"2"}},{"type":"Feature","geometry":{"type":"Point","coordinates":[139.594581094,35.420880658]},"properties":{"供用済面積":"769","供用開始年":"1990","公園名":"中里町第四公園","公園種別":"街区公園","所在地市区町村名":"横浜市","所在地都道府県名":"神奈川県","管理市区町村":"横浜市","管理都道府県・整備局":"神奈川県","都市計画決定":"2"}},{"type":"Feature","geometry":{"type":"Point","coordinates":[139.591688827,35.418617654]},"properties":{"供用済面積":"1072","供用開始年":"1994","公園名":"中里二丁目公園","公園種別":"街区公園","所在地市区町村名":"横浜市","所在地都道府県名":"神奈川県","管理市区町村":"横浜市","管理都道府県・整備局":"神奈川県","都市計画決定":"2"}},{"type":"Feature","geometry":{"type":"Point","coordinates":[139.591371467,35.419770452]},"properties":{"供用済面積":"298","供用開始年":"1991","公園名":"中里四丁目公園","公園種別":"街区公園","所在地市区町村名":"横浜市","所在地都道府県名":"神奈川県","管理市区町村":"横浜市","管理都道府県・整備局":"神奈川県","都市計画決定":"2"}},{"type":"Feature","geometry":{"type":"Point","coordinates":[139.602702659,35.425819064]},"properties":{"供用済面積":"653","供用開始年":"1970","公園名":"中島町公園","公園種別":"街区公園","所在地市区町村名":"横浜市","所在地都道府県名":"神奈川県","管理市区町村":"横浜市","管理都道府県・整備局":"神奈川県","都市計画決定":"1"}},{"type":"Feature","geometry":{"type":"Point","coordinates":[139.593948589,35.440105582]},"properties":{"供用済面積":"1242","供用開始年":"1996","公園名":"永田北一丁目第二公園","公園種別":"街区公園","所在地市区町村名":"横浜市","所在地都道府県名":"神奈川県","管理市区町村":"横浜市","管理都道府県・整備局":"神奈川県","都市計画決定":"2"}},{"type":"Feature","geometry":{"type":"Point","coordinates":[139.589945926,35.439449946]},"properties":{"供用済面積":"741","供用開始年":"1995","公園名":"永田北三丁目公園","公園種別":"街区公園","所在地市区町村名":"横浜市","所在地都道府県名":"神奈川県","管理市区町村":"横浜市","管理都道府県・整備局":"神奈川県","都市計画決定":"2"}},{"type":"Feature","geometry":{"type":"Point","coordinates":[139.586976919,35.428254589]},"properties":{"供用済面積":"410","供用開始年":"2000","公園名":"永田山王台公園","公園種別":"街区公園","所在地市区町村名":"横浜市","所在地都道府県名":"神奈川県","管理市区町村":"横浜市","管理都道府県・整備局":"神奈川県","都市計画決定":"2"}},{"type":"Feature","geometry":{"type":"Point","coordinates":[139.58277985,35.434617288]},"properties":{"供用済面積":"921","供用開始年":"1974","公園名":"永田台第一公園","公園種別":"街区公園","所在地市区町村名":"横浜市","所在地都道府県名":"神奈川県","管理市区町村":"横浜市","管理都道府県・整備局":"神奈川県","都市計画決定":"2"}},{"type":"Feature","geometry":{"type":"Point","coordinates":[139.582676524,35.431677494]},"properties":{"供用済面積":"1048","供用開始年":"1972","公園名":"永田台第二公園","公園種別":"街区公園","所在地市区町村名":"横浜市","所在地都道府県名":"神奈川県","管理市区町村":"横浜市","管理都道府県・整備局":"神奈川県","都市計画決定":"1"}},{"type":"Feature","geometry":{"type":"Point","coordinates":[139.584987738,35.431793823]},"properties":{"供用済面積":"1093","供用開始年":"1973","公園名":"永田台第三公園","公園種別":"街区公園","所在地市区町村名":"横浜市","所在地都道府県名":"神奈川県","管理市区町村":"横浜市","管理都道府県・整備局":"神奈川県","都市計画決定":"1"}},{"type":"Feature","geometry":{"type":"Point","coordinates":[139.584961925,35.433718429]},"properties":{"供用済面積":"2231","供用開始年":"1993","公園名":"永田台第四公園","公園種別":"街区公園","所在地市区町村名":"横浜市","所在地都道府県名":"神奈川県","管理市区町村":"横浜市","管理都道府県・整備局":"神奈川県","都市計画決定":"2"}},{"type":"Feature","geometry":{"type":"Point","coordinates":[139.58766055,35.440369956]},"properties":{"供用済面積":"1101","供用開始年":"1976","公園名":"永田台公園","公園種別":"街区公園","所在地市区町村名":"横浜市","所在地都道府県名":"神奈川県","管理市区町村":"横浜市","管理都道府県・整備局":"神奈川県","都市計画決定":"2"}},{"type":"Feature","geometry":{"type":"Point","coordinates":[139.588938775,35.435071994]},"properties":{"供用済面積":"868","供用開始年":"1991","公園名":"永田堂ノ谷第二公園","公園種別":"街区公園","所在地市区町村名":"横浜市","所在地都道府県名":"神奈川県","管理市区町村":"横浜市","管理都道府県・整備局":"神奈川県","都市計画決定":"2"}},{"type":"Feature","geometry":{"type":"Point","coordinates":[139.590551632,35.437720419]},"properties":{"供用済面積":"704","供用開始年":"1976","公園名":"永田堂ノ谷公園","公園種別":"街区公園","所在地市区町村名":"横浜市","所在地都道府県名":"神奈川県","管理市区町村":"横浜市","管理都道府県・整備局":"神奈川県","都市計画決定":"2"}},{"type":"Feature","geometry":{"type":"Point","coordinates":[139.585723747,35.435928554]},"properties":{"供用済面積":"320","供用開始年":"1979","公園名":"永田西ノ谷公園","公園種別":"街区公園","所在地市区町村名":"横浜市","所在地都道府県名":"神奈川県","管理市区町村":"横浜市","管理都道府県・整備局":"神奈川県","都市計画決定":"2"}},{"type":"Feature","geometry":{"type":"Point","coordinates":[139.598772285,35.435121249]},"properties":{"供用済面積":"282","供用開始年":"1988","公園名":"永田東一丁目公園","公園種別":"街区公園","所在地市区町村名":"横浜市","所在地都道府県名":"神奈川県","管理市区町村":"横浜市","管理都道府県・整備局":"神奈川県","都市計画決定":"2"}},{"type":"Feature","geometry":{"type":"Point","coordinates":[139.594241629,35.436600419]},"properties":{"供用済面積":"460","供用開始年":"1996","公園名":"永田東かつら公園","公園種別":"街区公園","所在地市区町村名":"横浜市","所在地都道府県名":"神奈川県","管理市区町村":"横浜市","管理都道府県・整備局":"神奈川県","都市計画決定":"2"}},{"type":"Feature","geometry":{"type":"Point","coordinates":[139.599397338,35.437514764]},"properties":{"供用済面積":"1275","供用開始年":"1985","公園名":"永田東三丁目公園","公園種別":"街区公園","所在地市区町村名":"横浜市","所在地都道府県名":"神奈川県","管理市区町村":"横浜市","管理都道府県・整備局":"神奈川県","都市計画決定":"1"}},{"type":"Feature","geometry":{"type":"Point","coordinates":[139.590307374,35.430313352]},"properties":{"供用済面積":"1019","供用開始年":"1981","公園名":"永田南二丁目公園","公園種別":"街区公園","所在地市区町村名":"横浜市","所在地都道府県名":"神奈川県","管理市区町村":"横浜市","管理都道府県・整備局":"神奈川県","都市計画決定":"2"}},{"type":"Feature","geometry":{"type":"Point","coordinates":[139.594151571,35.430200431]},"properties":{"供用済面積":"515","供用開始年":"1991","公園名":"永田三繩田第二公園","公園種別":"街区公園","所在地市区町村名":"横浜市","所在地都道府県名":"神奈川県","管理市区町村":"横浜市","管理都道府県・整備局":"神奈川県","都市計画決定":"2"}},{"type":"Feature","geometry":{"type":"Point","coordinates":[139.594911599,35.433140425]},"properties":{"供用済面積":"195","供用開始年":"1982","公園名":"永田三縄田公園","公園種別":"街区公園","所在地市区町村名":"横浜市","所在地都道府県名":"神奈川県","管理市区町村":"横浜市","管理都道府県・整備局":"神奈川県","都市計画決定":"2"}},{"type":"Feature","geometry":{"type":"Point","coordinates":[139.626137624,35.431931267]},"properties":{"供用済面積":"6351","供用開始年":"1956","公園名":"中村公園","公園種別":"街区公園","所在地市区町村名":"横浜市","所在地都道府県名":"神奈川県","管理市区町村":"横浜市","管理都道府県・整備局":"神奈川県","都市計画決定":"1"}},{"type":"Feature","geometry":{"type":"Point","coordinates":[139.622573963,35.430863222]},"properties":{"供用済面積":"412","供用開始年":"1958","公園名":"中村稲荷公園","公園種別":"街区公園","所在地市区町村名":"横浜市","所在地都道府県名":"神奈川県","管理市区町村":"横浜市","管理都道府県・整備局":"神奈川県","都市計画決定":"1"}},{"type":"Feature","geometry":{"type":"Point","coordinates":[139.629507623,35.433697252]},"properties":{"供用済面積":"1584","供用開始年":"1953","公園名":"中村東公園","公園種別":"街区公園","所在地市区町村名":"横浜市","所在地都道府県名":"神奈川県","管理市区町村":"横浜市","管理都道府県・整備局":"神奈川県","都市計画決定":"1"}},{"type":"Feature","geometry":{"type":"Point","coordinates":[139.628373116,35.429087202]},"properties":{"供用済面積":"2896","供用開始年":"1987","公園名":"中村冒険パ－ク","公園種別":"街区公園","所在地市区町村名":"横浜市","所在地都道府県名":"神奈川県","管理市区町村":"横浜市","管理都道府県・整備局":"神奈川県","都市計画決定":"2"}},{"type":"Feature","geometry":{"type":"Point","coordinates":[139.618752046,35.429329878]},"properties":{"供用済面積":"753","供用開始年":"1962","公園名":"西ノ谷公園","公園種別":"街区公園","所在地市区町村名":"横浜市","所在地都道府県名":"神奈川県","管理市区町村":"横浜市","管理都道府県・整備局":"神奈川県","都市計画決定":"1"}},{"type":"Feature","geometry":{"type":"Point","coordinates":[139.630941684,35.431160406]},"properties":{"供用済面積":"1187","供用開始年":"1961","公園名":"八幡公園","公園種別":"街区公園","所在地市区町村名":"横浜市","所在地都道府県名":"神奈川県","管理市区町村":"横浜市","管理都道府県・整備局":"神奈川県","都市計画決定":"1"}},{"type":"Feature","geometry":{"type":"Point","coordinates":[139.628855753,35.430826268]},"properties":{"供用済面積":"226","供用開始年":"1976","公園名":"八幡第二公園","公園種別":"街区公園","所在地市区町村名":"横浜市","所在地都道府県名":"神奈川県","管理市区町村":"横浜市","管理都道府県・整備局":"神奈川県","都市計画決定":"2"}},{"type":"Feature","geometry":{"type":"Point","coordinates":[139.597886655,35.436510157]},"properties":{"供用済面積":"2333","供用開始年":"1978","公園名":"東永田公園","公園種別":"街区公園","所在地市区町村名":"横浜市","所在地都道府県名":"神奈川県","管理市区町村":"横浜市","管理都道府県・整備局":"神奈川県","都市計画決定":"2"}},{"type":"Feature","geometry":{"type":"Point","coordinates":[139.616905687,35.432206213]},"properties":{"供用済面積":"1160","供用開始年":"1960","公園名":"東蒔田公園","公園種別":"街区公園","所在地市区町村名":"横浜市","所在地都道府県名":"神奈川県","管理市区町村":"横浜市","管理都道府県・整備局":"神奈川県","都市計画決定":"1"}},{"type":"Feature","geometry":{"type":"Point","coordinates":[139.615240051,35.429900919]},"properties":{"供用済面積":"1190","供用開始年":"1960","公園名":"東蒔田第二公園","公園種別":"街区公園","所在地市区町村名":"横浜市","所在地都道府県名":"神奈川県","管理市区町村":"横浜市","管理都道府県・整備局":"神奈川県","都市計画決定":"1"}},{"type":"Feature","geometry":{"type":"Point","coordinates":[139.62787168,35.431920406]},"properties":{"供用済面積":"495","供用開始年":"1968","公園名":"双葉公園","公園種別":"街区公園","所在地市区町村名":"横浜市","所在地都道府県名":"神奈川県","管理市区町村":"横浜市","管理都道府県・整備局":"神奈川県","都市計画決定":"1"}},{"type":"Feature","geometry":{"type":"Point","coordinates":[139.630643825,35.429319301]},"properties":{"供用済面積":"2086","供用開始年":"1986","公園名":"平楽公園","公園種別":"街区公園","所在地市区町村名":"横浜市","所在地都道府県名":"神奈川県","管理市区町村":"横浜市","管理都道府県・整備局":"神奈川県","都市計画決定":"2"}},{"type":"Feature","geometry":{"type":"Point","coordinates":[139.584180818,35.416689813]},"properties":{"供用済面積":"2459","供用開始年":"1984","公園名":"別所第一公園","公園種別":"街区公園","所在地市区町村名":"横浜市","所在地都道府県名":"神奈川県","管理市区町村":"横浜市","管理都道府県・整備局":"神奈川県","都市計画決定":"2"}},{"type":"Feature","geometry":{"type":"Point","coordinates":[139.588501391,35.412340469]},"properties":{"供用済面積":"514","供用開始年":"1973","公園名":"別所第二公園","公園種別":"街区公園","所在地市区町村名":"横浜市","所在地都道府県名":"神奈川県","管理市区町村":"横浜市","管理都道府県・整備局":"神奈川県","都市計画決定":"2"}},{"type":"Feature","geometry":{"type":"Point","coordinates":[139.58267638,35.416037426]},"properties":{"供用済面積":"1244","供用開始年":"1977","公園名":"別所第三公園","公園種別":"街区公園","所在地市区町村名":"横浜市","所在地都道府県名":"神奈川県","管理市区町村":"横浜市","管理都道府県・整備局":"神奈川県","都市計画決定":"2"}},{"type":"Feature","geometry":{"type":"Point","coordinates":[139.581701408,35.414930469]},"properties":{"供用済面積":"627","供用開始年":"1986","公園名":"別所第四公園","公園種別":"街区公園","所在地市区町村名":"横浜市","所在地都道府県名":"神奈川県","管理市区町村":"横浜市","管理都道府県・整備局":"神奈川県","都市計画決定":"2"}},{"type":"Feature","geometry":{"type":"Point","coordinates":[139.57924201,35.41985175]},"properties":{"供用済面積":"233","供用開始年":"1980","公園名":"別所第五公園","公園種別":"街区公園","所在地市区町村名":"横浜市","所在地都道府県名":"神奈川県","管理市区町村":"横浜市","管理都道府県・整備局":"神奈川県","都市計画決定":"2"}},{"type":"Feature","geometry":{"type":"Point","coordinates":[139.581541399,35.414040471]},"properties":{"供用済面積":"525","供用開始年":"1996","公園名":"別所桑原公園","公園種別":"街区公園","所在地市区町村名":"横浜市","所在地都道府県名":"神奈川県","管理市区町村":"横浜市","管理都道府県・整備局":"神奈川県","都市計画決定":"2"}},{"type":"Feature","geometry":{"type":"Point","coordinates":[139.592579724,35.417094887]},"properties":{"供用済面積":"647","供用開始年":"1977","公園名":"別所小最戸公園","公園種別":"街区公園","所在地市区町村名":"横浜市","所在地都道府県名":"神奈川県","管理市区町村":"横浜市","管理都道府県・整備局":"神奈川県","都市計画決定":"2"}},{"type":"Feature","geometry":{"type":"Point","coordinates":[139.585271635,35.414282007]},"properties":{"供用済面積":"1729","供用開始年":"1988","公園名":"別所五丁目公園","公園種別":"街区公園","所在地市区町村名":"横浜市","所在地都道府県名":"神奈川県","管理市区町村":"横浜市","管理都道府県・整備局":"神奈川県","都市計画決定":"2"}},{"type":"Feature","geometry":{"type":"Point","coordinates":[139.579655047,35.418300423]},"properties":{"供用済面積":"826","供用開始年":"1984","公園名":"別所さくら公園","公園種別":"街区公園","所在地市区町村名":"横浜市","所在地都道府県名":"神奈川県","管理市区町村":"横浜市","管理都道府県・整備局":"神奈川県","都市計画決定":"2"}},{"type":"Feature","geometry":{"type":"Point","coordinates":[139.589956153,35.412381678]},"properties":{"供用済面積":"311","供用開始年":"1998","公園名":"別所三丁目公園","公園種別":"街区公園","所在地市区町村名":"横浜市","所在地都道府県名":"神奈川県","管理市区町村":"横浜市","管理都道府県・整備局":"神奈川県","都市計画決定":"2"}},{"type":"Feature","geometry":{"type":"Point","coordinates":[139.58700183,35.416661331]},"properties":{"供用済面積":"1579","供用開始年":"1986","公園名":"別所中里台公園","公園種別":"街区公園","所在地市区町村名":"横浜市","所在地都道府県名":"神奈川県","管理市区町村":"横浜市","管理都道府県・整備局":"神奈川県","都市計画決定":"1"}},{"type":"Feature","geometry":{"type":"Point","coordinates":[139.585361439,35.417740461]},"properties":{"供用済面積":"198","供用開始年":"1980","公園名":"別所矢畑公園","公園種別":"街区公園","所在地市区町村名":"横浜市","所在地都道府県名":"神奈川県","管理市区町村":"横浜市","管理都道府県・整備局":"神奈川県","都市計画決定":"2"}},{"type":"Feature","geometry":{"type":"Point","coordinates":[139.582218124,35.413448841]},"properties":{"供用済面積":"385","供用開始年":"1986","公園名":"別所四丁目第二公園","公園種別":"街区公園","所在地市区町村名":"横浜市","所在地都道府県名":"神奈川県","管理市区町村":"横浜市","管理都道府県・整備局":"神奈川県","都市計画決定":"2"}},{"type":"Feature","geometry":{"type":"Point","coordinates":[139.583457617,35.412568452]},"properties":{"供用済面積":"304","供用開始年":"1982","公園名":"別所四丁目公園","公園種別":"街区公園","所在地市区町村名":"横浜市","所在地都道府県名":"神奈川県","管理市区町村":"横浜市","管理都道府県・整備局":"神奈川県","都市計画決定":"2"}},{"type":"Feature","geometry":{"type":"Point","coordinates":[139.617691622,35.429210418]},"properties":{"供用済面積":"1762","供用開始年":"1959","公園名":"堀ノ内公園","公園種別":"街区公園","所在地市区町村名":"横浜市","所在地都道府県名":"神奈川県","管理市区町村":"横浜市","管理都道府県・整備局":"神奈川県","都市計画決定":"1"}},{"type":"Feature","geometry":{"type":"Point","coordinates":[139.616681614,35.428670421]},"properties":{"供用済面積":"363","供用開始年":"1960","公園名":"堀ノ内第二公園","公園種別":"街区公園","所在地市区町村名":"横浜市","所在地都道府県名":"神奈川県","管理市区町村":"横浜市","管理都道府県・整備局":"神奈川県","都市計画決定":"1"}},{"type":"Feature","geometry":{"type":"Point","coordinates":[139.613011265,35.427806425]},"properties":{"供用済面積":"3420","供用開始年":"1966","公園名":"蒔田伊勢山公園","公園種別":"街区公園","所在地市区町村名":"横浜市","所在地都道府県名":"神奈川県","管理市区町村":"横浜市","管理都道府県・整備局":"神奈川県","都市計画決定":"2"}},{"type":"Feature","geometry":{"type":"Point","coordinates":[139.614090834,35.423291693]},"properties":{"供用済面積":"1526","供用開始年":"1992","公園名":"蒔田三度台公園","公園種別":"街区公園","所在地市区町村名":"横浜市","所在地都道府県名":"神奈川県","管理市区町村":"横浜市","管理都道府県・整備局":"神奈川県","都市計画決定":"2"}},{"type":"Feature","geometry":{"type":"Point","coordinates":[139.610713215,35.428555164]},"properties":{"供用済面積":"6400","供用開始年":"2000","公園名":"蒔田の森公園","公園種別":"街区公園","所在地市区町村名":"横浜市","所在地都道府県名":"神奈川県","管理市区町村":"横浜市","管理都道府県・整備局":"神奈川県","都市計画決定":"2"}},{"type":"Feature","geometry":{"type":"Point","coordinates":[139.613818422,35.423158803]},"properties":{"供用済面積":"633","供用開始年":"1996","公園名":"蒔田見晴らし公園","公園種別":"街区公園","所在地市区町村名":"横浜市","所在地都道府県名":"神奈川県","管理市区町村":"横浜市","管理都道府県・整備局":"神奈川県","都市計画決定":"2"}},{"type":"Feature","geometry":{"type":"Point","coordinates":[139.613101841,35.424224582]},"properties":{"供用済面積":"1268","供用開始年":"1996","公園名":"蒔田谷戸田上第二公園","公園種別":"街区公園","所在地市区町村名":"横浜市","所在地都道府県名":"神奈川県","管理市区町村":"横浜市","管理都道府県・整備局":"神奈川県","都市計画決定":"2"}},{"type":"Feature","geometry":{"type":"Point","coordinates":[139.613307751,35.423145314]},"properties":{"供用済面積":"614","供用開始年":"1989","公園名":"蒔田谷戸田上公園","公園種別":"街区公園","所在地市区町村名":"横浜市","所在地都道府県名":"神奈川県","管理市区町村":"横浜市","管理都道府県・整備局":"神奈川県","都市計画決定":"2"}},{"type":"Feature","geometry":{"type":"Point","coordinates":[139.630153238,35.436319797]},"properties":{"供用済面積":"999","供用開始年":"1974","公園名":"真金町公園","公園種別":"街区公園","所在地市区町村名":"横浜市","所在地都道府県名":"神奈川県","管理市区町村":"横浜市","管理都道府県・整備局":"神奈川県","都市計画決定":"1"}},{"type":"Feature","geometry":{"type":"Point","coordinates":[139.606817298,35.436487832]},"properties":{"供用済面積":"1341","供用開始年":"1991","公園名":"南太田二丁目フレンド公園","公園種別":"街区公園","所在地市区町村名":"横浜市","所在地都道府県名":"神奈川県","管理市区町村":"横浜市","管理都道府県・整備局":"神奈川県","都市計画決定":"2"}},{"type":"Feature","geometry":{"type":"Point","coordinates":[139.611121225,35.434818193]},"properties":{"供用済面積":"1804","供用開始年":"1958","公園名":"南太田公園","公園種別":"街区公園","所在地市区町村名":"横浜市","所在地都道府県名":"神奈川県","管理市区町村":"横浜市","管理都道府県・整備局":"神奈川県","都市計画決定":"1"}},{"type":"Feature","geometry":{"type":"Point","coordinates":[139.618687603,35.441078447]},"properties":{"供用済面積":"3197","供用開始年":"1989","公園名":"三春台第二公園","公園種別":"街区公園","所在地市区町村名":"横浜市","所在地都道府県名":"神奈川県","管理市区町村":"横浜市","管理都道府県・整備局":"神奈川県","都市計画決定":"1"}},{"type":"Feature","geometry":{"type":"Point","coordinates":[139.614994838,35.442907886]},"properties":{"供用済面積":"3026","供用開始年":"1969","公園名":"三春台公園","公園種別":"街区公園","所在地市区町村名":"横浜市","所在地都道府県名":"神奈川県","管理市区町村":"横浜市","管理都道府県・整備局":"神奈川県","都市計画決定":"1"}},{"type":"Feature","geometry":{"type":"Point","coordinates":[139.593012384,35.426491068]},"properties":{"供用済面積":"1323","供用開始年":"1985","公園名":"六ツ川一丁目第二公園","公園種別":"街区公園","所在地市区町村名":"横浜市","所在地都道府県名":"神奈川県","管理市区町村":"横浜市","管理都道府県・整備局":"神奈川県","都市計画決定":"2"}},{"type":"Feature","geometry":{"type":"Point","coordinates":[139.585826929,35.424000218]},"properties":{"供用済面積":"2180","供用開始年":"1978","公園名":"六ツ川一丁目公園","公園種別":"街区公園","所在地市区町村名":"横浜市","所在地都道府県名":"神奈川県","管理市区町村":"横浜市","管理都道府県・整備局":"神奈川県","都市計画決定":"2"}},{"type":"Feature","geometry":{"type":"Point","coordinates":[139.584845608,35.420944114]},"properties":{"供用済面積":"2227","供用開始年":"1974","公園名":"六ツ川二丁目第一公園","公園種別":"街区公園","所在地市区町村名":"横浜市","所在地都道府県名":"神奈川県","管理市区町村":"横浜市","管理都道府県・整備局":"神奈川県","都市計画決定":"2"}},{"type":"Feature","geometry":{"type":"Point","coordinates":[139.581165746,35.420214458]},"properties":{"供用済面積":"1049","供用開始年":"1976","公園名":"六ツ川二丁目第二公園","公園種別":"街区公園","所在地市区町村名":"横浜市","所在地都道府県名":"神奈川県","管理市区町村":"横浜市","管理都道府県・整備局":"神奈川県","都市計画決定":"2"}},{"type":"Feature","geometry":{"type":"Point","coordinates":[139.581451453,35.419800459]},"properties":{"供用済面積":"673","供用開始年":"1984","公園名":"六ツ川二丁目第四公園","公園種別":"街区公園","所在地市区町村名":"横浜市","所在地都道府県名":"神奈川県","管理市区町村":"横浜市","管理都道府県・整備局":"神奈川県","都市計画決定":"2"}},{"type":"Feature","geometry":{"type":"Point","coordinates":[139.584021895,35.41861912]},"properties":{"供用済面積":"166","供用開始年":"1977","公園名":"六ッ川二丁目南公園","公園種別":"街区公園","所在地市区町村名":"横浜市","所在地都道府県名":"神奈川県","管理市区町村":"横浜市","管理都道府県・整備局":"神奈川県","都市計画決定":"2"}},{"type":"Feature","geometry":{"type":"Point","coordinates":[139.576724161,35.427944615]},"properties":{"供用済面積":"6836","供用開始年":"1977","公園名":"六ツ川三丁目公園","公園種別":"街区公園","所在地市区町村名":"横浜市","所在地都道府県名":"神奈川県","管理市区町村":"横浜市","管理都道府県・整備局":"神奈川県","都市計画決定":"2"}},{"type":"Feature","geometry":{"type":"Point","coordinates":[139.570978386,35.423545508]},"properties":{"供用済面積":"1526","供用開始年":"1979","公園名":"六ツ川四丁目公園","公園種別":"街区公園","所在地市区町村名":"横浜市","所在地都道府県名":"神奈川県","管理市区町村":"横浜市","管理都道府県・整備局":"神奈川県","都市計画決定":"2"}},{"type":"Feature","geometry":{"type":"Point","coordinates":[139.588757918,35.425554703]},"properties":{"供用済面積":"429","供用開始年":"2000","公園名":"六ッ川一丁目第三公園","公園種別":"街区公園","所在地市区町村名":"横浜市","所在地都道府県名":"神奈川県","管理市区町村":"横浜市","管理都道府県・整備局":"神奈川県","都市計画決定":"2"}},{"type":"Feature","geometry":{"type":"Point","coordinates":[139.595153948,35.426484317]},"properties":{"供用済面積":"281","供用開始年":"2000","公園名":"六ッ川一丁目第四公園","公園種別":"街区公園","所在地市区町村名":"横浜市","所在地都道府県名":"神奈川県","管理市区町村":"横浜市","管理都道府県・整備局":"神奈川県","都市計画決定":"2"}},{"type":"Feature","geometry":{"type":"Point","coordinates":[139.591431509,35.424080444]},"properties":{"供用済面積":"506","供用開始年":"1998","公園名":"六ツ川一丁目はなみずき公園","公園種別":"街区公園","所在地市区町村名":"横浜市","所在地都道府県名":"神奈川県","管理市区町村":"横浜市","管理都道府県・整備局":"神奈川県","都市計画決定":"2"}},{"type":"Feature","geometry":{"type":"Point","coordinates":[139.582017985,35.427521613]},"properties":{"供用済面積":"7097","供用開始年":"1970","公園名":"六ッ川公園","公園種別":"街区公園","所在地市区町村名":"横浜市","所在地都道府県名":"神奈川県","管理市区町村":"横浜市","管理都道府県・整備局":"神奈川県","都市計画決定":"1"}},{"type":"Feature","geometry":{"type":"Point","coordinates":[139.583661633,35.429293808]},"properties":{"供用済面積":"1057","供用開始年":"1992","公園名":"六ツ川三丁目第二公園","公園種別":"街区公園","所在地市区町村名":"横浜市","所在地都道府県名":"神奈川県","管理市区町村":"横浜市","管理都道府県・整備局":"神奈川県","都市計画決定":"2"}},{"type":"Feature","geometry":{"type":"Point","coordinates":[139.579022413,35.423471483]},"properties":{"供用済面積":"1267","供用開始年":"1993","公園名":"六ツ川二丁目ふれあい公園","公園種別":"街区公園","所在地市区町村名":"横浜市","所在地都道府県名":"神奈川県","管理市区町村":"横浜市","管理都道府県・整備局":"神奈川県","都市計画決定":"2"}},{"type":"Feature","geometry":{"type":"Point","coordinates":[139.621983172,35.427717038]},"properties":{"供用済面積":"252","供用開始年":"1981","公園名":"睦町二丁目公園","公園種別":"街区公園","所在地市区町村名":"横浜市","所在地都道府県名":"神奈川県","管理市区町村":"横浜市","管理都道府県・整備局":"神奈川県","都市計画決定":"2"}},{"type":"Feature","geometry":{"type":"Point","coordinates":[139.618029008,35.430831496]},"properties":{"供用済面積":"3953","供用開始年":"1957","公園名":"睦町公園","公園種別":"街区公園","所在地市区町村名":"横浜市","所在地都道府県名":"神奈川県","管理市区町村":"横浜市","管理都道府県・整備局":"神奈川県","都市計画決定":"1"}},{"type":"Feature","geometry":{"type":"Point","coordinates":[139.591843726,35.414398322]},"properties":{"供用済面積":"1609","供用開始年":"1987","公園名":"餅井坂公園","公園種別":"街区公園","所在地市区町村名":"横浜市","所在地都道府県名":"神奈川県","管理市区町村":"横浜市","管理都道府県・整備局":"神奈川県","都市計画決定":"2"}},{"type":"Feature","geometry":{"type":"Point","coordinates":[139.617280083,35.427310103]},"properties":{"供用済面積":"725","供用開始年":"1960","公園名":"門前公園","公園種別":"街区公園","所在地市区町村名":"横浜市","所在地都道府県名":"神奈川県","管理市区町村":"横浜市","管理都道府県・整備局":"神奈川県","都市計画決定":"1"}},{"type":"Feature","geometry":{"type":"Point","coordinates":[139.611619213,35.423826603]},"properties":{"供用済面積":"392","供用開始年":"1979","公園名":"谷戸田第二公園","公園種別":"街区公園","所在地市区町村名":"横浜市","所在地都道府県名":"神奈川県","管理市区町村":"横浜市","管理都道府県・整備局":"神奈川県","都市計画決定":"2"}},{"type":"Feature","geometry":{"type":"Point","coordinates":[139.61295459,35.423207094]},"properties":{"供用済面積":"496","供用開始年":"1998","公園名":"谷戸田公園","公園種別":"街区公園","所在地市区町村名":"横浜市","所在地都道府県名":"神奈川県","管理市区町村":"横浜市","管理都道府県・整備局":"神奈川県","都市計画決定":"2"}},{"type":"Feature","geometry":{"type":"Point","coordinates":[139.632831716,35.433820399]},"properties":{"供用済面積":"893","供用開始年":"1956","公園名":"山ノ下公園","公園種別":"街区公園","所在地市区町村名":"横浜市","所在地都道府県名":"神奈川県","管理市区町村":"横浜市","管理都道府県・整備局":"神奈川県","都市計画決定":"1"}},{"type":"Feature","geometry":{"type":"Point","coordinates":[139.568809051,35.406530716]},"properties":{"供用済面積":"12130","供用開始年":"1994","公園名":"上永谷緑地","公園種別":"都市緑地","所在地市区町村名":"横浜市","所在地都道府県名":"神奈川県","管理市区町村":"横浜市","管理都道府県・整備局":"神奈川県","都市計画決定":"2"}},{"type":"Feature","geometry":{"type":"Point","coordinates":[139.583051204,35.393880513]},"properties":{"供用済面積":"391","供用開始年":"1999","公園名":"日野五丁目緑地","公園種別":"都市緑地","所在地市区町村名":"横浜市","所在地都道府県名":"神奈川県","管理市区町村":"横浜市","管理都道府県・整備局":"神奈川県","都市計画決定":"2"}},{"type":"Feature","geometry":{"type":"Point","coordinates":[139.607376518,35.405473212]},"properties":{"供用済面積":"230762","供用開始年":"1973","公園名":"久良岐公園","公園種別":"総合公園","所在地市区町村名":"横浜市","所在地都道府県名":"神奈川県","管理市区町村":"横浜市","管理都道府県・整備局":"神奈川県","都市計画決定":"1"}},{"type":"Feature","geometry":{"type":"Point","coordinates":[139.588473253,35.364622937]},"properties":{"供用済面積":"35025","供用開始年":"1994","公園名":"港南台さえずりの丘公園","公園種別":"地区公園（カントリーパーク）","所在地市区町村名":"横浜市","所在地都道府県名":"神奈川県","管理市区町村":"横浜市","管理都道府県・整備局":"神奈川県","都市計画決定":"2"}},{"type":"Feature","geometry":{"type":"Point","coordinates":[139.580674666,35.375747584]},"properties":{"供用済面積":"41400","供用開始年":"1980","公園名":"港南台中央公園","公園種別":"地区公園（カントリーパーク）","所在地市区町村名":"横浜市","所在地都道府県名":"神奈川県","管理市区町村":"横浜市","管理都道府県・整備局":"神奈川県","都市計画決定":"1"}},{"type":"Feature","geometry":{"type":"Point","coordinates":[139.583786502,35.38663958]},"properties":{"供用済面積":"54221","供用開始年":"1990","公園名":"日野中央公園","公園種別":"地区公園（カントリーパーク）","所在地市区町村名":"横浜市","所在地都道府県名":"神奈川県","管理市区町村":"横浜市","管理都道府県・整備局":"神奈川県","都市計画決定":"1"}},{"type":"Feature","geometry":{"type":"Point","coordinates":[139.560596879,35.3731145]},"properties":{"供用済面積":"20008","供用開始年":"1977","公園名":"鍛冶ヶ谷南公園","公園種別":"近隣公園","所在地市区町村名":"横浜市","所在地都道府県名":"神奈川県","管理市区町村":"横浜市","管理都道府県・整備局":"神奈川県","都市計画決定":"2"}},{"type":"Feature","geometry":{"type":"Point","coordinates":[139.57979672,35.381394509]},"properties":{"供用済面積":"21801","供用開始年":"1988","公園名":"港南台北公園","公園種別":"近隣公園","所在地市区町村名":"横浜市","所在地都道府県名":"神奈川県","管理市区町村":"横浜市","管理都道府県・整備局":"神奈川県","都市計画決定":"1"}},{"type":"Feature","geometry":{"type":"Point","coordinates":[139.572424031,35.372955865]},"properties":{"供用済面積":"26016","供用開始年":"1983","公園名":"港南台西公園","公園種別":"近隣公園","所在地市区町村名":"横浜市","所在地都道府県名":"神奈川県","管理市区町村":"横浜市","管理都道府県・整備局":"神奈川県","都市計画決定":"1"}},{"type":"Feature","geometry":{"type":"Point","coordinates":[139.588120957,35.369320571]},"properties":{"供用済面積":"21622","供用開始年":"1978","公園名":"港南台南公園","公園種別":"近隣公園","所在地市区町村名":"横浜市","所在地都道府県名":"神奈川県","管理市区町村":"横浜市","管理都道府県・整備局":"神奈川県","都市計画決定":"1"}},{"type":"Feature","geometry":{"type":"Point","coordinates":[139.593612512,35.401666307]},"properties":{"供用済面積":"9701","供用開始年":"2002","公園名":"港南ふれあい公園","公園種別":"近隣公園","所在地市区町村名":"横浜市","所在地都道府県名":"神奈川県","管理市区町村":"横浜市","管理都道府県・整備局":"神奈川県","都市計画決定":"2"}},{"type":"Feature","geometry":{"type":"Point","coordinates":[139.59663378,35.392392236]},"properties":{"供用済面積":"7384","供用開始年":"1996","公園名":"笹下中央公園","公園種別":"近隣公園","所在地市区町村名":"横浜市","所在地都道府県名":"神奈川県","管理市区町村":"横浜市","管理都道府県・整備局":"神奈川県","都市計画決定":"2"}},{"type":"Feature","geometry":{"type":"Point","coordinates":[139.558247221,35.405378079]},"properties":{"供用済面積":"11231","供用開始年":"1983","公園名":"下永谷八木中央公園","公園種別":"近隣公園","所在地市区町村名":"横浜市","所在地都道府県名":"神奈川県","管理市区町村":"横浜市","管理都道府県・整備局":"神奈川県","都市計画決定":"1"}},{"type":"Feature","geometry":{"type":"Point","coordinates":[139.578350951,35.417792835]},"properties":{"供用済面積":"8477","供用開始年":"2000","公園名":"芹が谷一丁目公園","公園種別":"近隣公園","所在地市区町村名":"横浜市","所在地都道府県名":"神奈川県","管理市区町村":"横浜市","管理都道府県・整備局":"神奈川県","都市計画決定":"2"}},{"type":"Feature","geometry":{"type":"Point","coordinates":[139.571287949,35.389145808]},"properties":{"供用済面積":"20064","供用開始年":"1975","公園名":"野庭中央公園","公園種別":"近隣公園","所在地市区町村名":"横浜市","所在地都道府県名":"神奈川県","管理市区町村":"横浜市","管理都道府県・整備局":"神奈川県","都市計画決定":"2"}},{"type":"Feature","geometry":{"type":"Point","coordinates":[139.560416347,35.399382192]},"properties":{"供用済面積":"11168","供用開始年":"1978","公園名":"日限山公園","公園種別":"近隣公園","所在地市区町村名":"横浜市","所在地都道府県名":"神奈川県","管理市区町村":"横浜市","管理都道府県・整備局":"神奈川県","都市計画決定":"1"}},{"type":"Feature","geometry":{"type":"Point","coordinates":[139.560441059,35.376680588]},"properties":{"供用済面積":"10576","供用開始年":"1977","公園名":"日野南公園","公園種別":"近隣公園","所在地市区町村名":"横浜市","所在地都道府県名":"神奈川県","管理市区町村":"横浜市","管理都道府県・整備局":"神奈川県","都市計画決定":"2"}},{"type":"Feature","geometry":{"type":"Point","coordinates":[139.563101947,35.39516286]},"properties":{"供用済面積":"23597","供用開始年":"1984","公園名":"丸山台公園","公園種別":"近隣公園","所在地市区町村名":"横浜市","所在地都道府県名":"神奈川県","管理市区町村":"横浜市","管理都道府県・整備局":"神奈川県","都市計画決定":"1"}},{"type":"Feature","geometry":{"type":"Point","coordinates":[139.58185137,35.410880477]},"properties":{"供用済面積":"401","供用開始年":"1979","公園名":"井土ノ久保公園","公園種別":"街区公園","所在地市区町村名":"横浜市","所在地都道府県名":"神奈川県","管理市区町村":"横浜市","管理都道府県・整備局":"神奈川県","都市計画決定":"2"}},{"type":"Feature","geometry":{"type":"Point","coordinates":[139.582291372,35.411160476]},"properties":{"供用済面積":"261","供用開始年":"1978","公園名":"井土ノ久保北公園","公園種別":"街区公園","所在地市区町村名":"横浜市","所在地都道府県名":"神奈川県","管理市区町村":"横浜市","管理都道府県・整備局":"神奈川県","都市計画決定":"2"}},{"type":"Feature","geometry":{"type":"Point","coordinates":[139.587944046,35.382219326]},"properties":{"供用済面積":"1853","供用開始年":"1987","公園名":"兎ヶ谷公園","公園種別":"街区公園","所在地市区町村名":"横浜市","所在地都道府県名":"神奈川県","管理市区町村":"横浜市","管理都道府県・整備局":"神奈川県","都市計画決定":"2"}},{"type":"Feature","geometry":{"type":"Point","coordinates":[139.589250985,35.372280562]},"properties":{"供用済面積":"2807","供用開始年":"1978","公園名":"臼杵公園","公園種別":"街区公園","所在地市区町村名":"横浜市","所在地都道府県名":"神奈川県","管理市区町村":"横浜市","管理都道府県・整備局":"神奈川県","都市計画決定":"1"}},{"type":"Feature","geometry":{"type":"Point","coordinates":[139.584948372,35.367404093]},"properties":{"供用済面積":"3200","供用開始年":"1979","公園名":"榎戸公園","公園種別":"街区公園","所在地市区町村名":"横浜市","所在地都道府県名":"神奈川県","管理市区町村":"横浜市","管理都道府県・整備局":"神奈川県","都市計画決定":"1"}},{"type":"Feature","geometry":{"type":"Point","coordinates":[139.58196601,35.392497998]},"properties":{"供用済面積":"1159","供用開始年":"1983","公園名":"大北公園","公園種別":"街区公園","所在地市区町村名":"横浜市","所在地都道府県名":"神奈川県","管理市区町村":"横浜市","管理都道府県・整備局":"神奈川県","都市計画決定":"2"}},{"type":"Feature","geometry":{"type":"Point","coordinates":[139.592258551,35.408737023]},"properties":{"供用済面積":"1270","供用開始年":"1994","公園名":"大久保公園","公園種別":"街区公園","所在地市区町村名":"横浜市","所在地都道府県名":"神奈川県","管理市区町村":"横浜市","管理都道府県・整備局":"神奈川県","都市計画決定":"2"}},{"type":"Feature","geometry":{"type":"Point","coordinates":[139.582920129,35.408686441]},"properties":{"供用済面積":"736","供用開始年":"1984","公園名":"大久保三丁目公園","公園種別":"街区公園","所在地市区町村名":"横浜市","所在地都道府県名":"神奈川県","管理市区町村":"横浜市","管理都道府県・整備局":"神奈川県","都市計画決定":"2"}},{"type":"Feature","geometry":{"type":"Point","coordinates":[139.568211275,35.401530509]},"properties":{"供用済面積":"2709","供用開始年":"1981","公園名":"籠森公園","公園種別":"街区公園","所在地市区町村名":"横浜市","所在地都道府県名":"神奈川県","管理市区町村":"横浜市","管理都道府県・整備局":"神奈川県","都市計画決定":"1"}},{"type":"Feature","geometry":{"type":"Point","coordinates":[139.572656548,35.383953601]},"properties":{"供用済面積":"1624","供用開始年":"1976","公園名":"金井谷第二公園","公園種別":"街区公園","所在地市区町村名":"横浜市","所在地都道府県名":"神奈川県","管理市区町村":"横浜市","管理都道府県・整備局":"神奈川県","都市計画決定":"2"}},{"type":"Feature","geometry":{"type":"Point","coordinates":[139.575961967,35.385180274]},"properties":{"供用済面積":"2488","供用開始年":"1976","公園名":"金井谷第一公園","公園種別":"街区公園","所在地市区町村名":"横浜市","所在地都道府県名":"神奈川県","管理市区町村":"横浜市","管理都道府県・整備局":"神奈川県","都市計画決定":"2"}},{"type":"Feature","geometry":{"type":"Point","coordinates":[139.572359564,35.382377966]},"properties":{"供用済面積":"1675","供用開始年":"1987","公園名":"金井谷第三公園","公園種別":"街区公園","所在地市区町村名":"横浜市","所在地都道府県名":"神奈川県","管理市区町村":"横浜市","管理都道府県・整備局":"神奈川県","都市計画決定":"2"}},{"type":"Feature","geometry":{"type":"Point","coordinates":[139.596001214,35.403474592]},"properties":{"供用済面積":"1329","供用開始年":"1951","公園名":"上大岡公園","公園種別":"街区公園","所在地市区町村名":"横浜市","所在地都道府県名":"神奈川県","管理市区町村":"横浜市","管理都道府県・整備局":"神奈川県","都市計画決定":"2"}},{"type":"Feature","geometry":{"type":"Point","coordinates":[139.597519721,35.403020242]},"properties":{"供用済面積":"74","供用開始年":"1991","公園名":"上大岡第三公園","公園種別":"街区公園","所在地市区町村名":"横浜市","所在地都道府県名":"神奈川県","管理市区町村":"横浜市","管理都道府県・整備局":"神奈川県","都市計画決定":"2"}},{"type":"Feature","geometry":{"type":"Point","coordinates":[139.598105881,35.407810242]},"properties":{"供用済面積":"1090","供用開始年":"1984","公園名":"上大岡東一丁目公園","公園種別":"街区公園","所在地市区町村名":"横浜市","所在地都道府県名":"神奈川県","管理市区町村":"横浜市","管理都道府県・整備局":"神奈川県","都市計画決定":"2"}},{"type":"Feature","geometry":{"type":"Point","coordinates":[139.603439945,35.408054039]},"properties":{"供用済面積":"457","供用開始年":"1978","公園名":"上大岡東公園","公園種別":"街区公園","所在地市区町村名":"横浜市","所在地都道府県名":"神奈川県","管理市区町村":"横浜市","管理都道府県・整備局":"神奈川県","都市計画決定":"2"}},{"type":"Feature","geometry":{"type":"Point","coordinates":[139.576227744,35.405524512]},"properties":{"供用済面積":"177","供用開始年":"1983","公園名":"上永谷第二公園","公園種別":"街区公園","所在地市区町村名":"横浜市","所在地都道府県名":"神奈川県","管理市区町村":"横浜市","管理都道府県・整備局":"神奈川県","都市計画決定":"2"}},{"type":"Feature","geometry":{"type":"Point","coordinates":[139.576917564,35.405558241]},"properties":{"供用済面積":"468","供用開始年":"1988","公園名":"上永谷第三公園","公園種別":"街区公園","所在地市区町村名":"横浜市","所在地都道府県名":"神奈川県","管理市区町村":"横浜市","管理都道府県・整備局":"神奈川県","都市計画決定":"2"}},{"type":"Feature","geometry":{"type":"Point","coordinates":[139.565903862,35.402321969]},"properties":{"供用済面積":"2341","供用開始年":"1975","公園名":"上永谷中里公園","公園種別":"街区公園","所在地市区町村名":"横浜市","所在地都道府県名":"神奈川県","管理市区町村":"横浜市","管理都道府県・整備局":"神奈川県","都市計画決定":"2"}},{"type":"Feature","geometry":{"type":"Point","coordinates":[139.5639671,35.402078753]},"properties":{"供用済面積":"1839","供用開始年":"1976","公園名":"上永谷中里第二公園","公園種別":"街区公園","所在地市区町村名":"横浜市","所在地都道府県名":"神奈川県","管理市区町村":"横浜市","管理都道府県・整備局":"神奈川県","都市計画決定":"2"}},{"type":"Feature","geometry":{"type":"Point","coordinates":[139.566562345,35.400492534]},"properties":{"供用済面積":"276","供用開始年":"1984","公園名":"上永谷中里第三公園","公園種別":"街区公園","所在地市区町村名":"横浜市","所在地都道府県名":"神奈川県","管理市区町村":"横浜市","管理都道府県・整備局":"神奈川県","都市計画決定":"2"}},{"type":"Feature","geometry":{"type":"Point","coordinates":[139.566178866,35.400465424]},"properties":{"供用済面積":"337","供用開始年":"1985","公園名":"上永谷中里第四公園","公園種別":"街区公園","所在地市区町村名":"横浜市","所在地都道府県名":"神奈川県","管理市区町村":"横浜市","管理都道府県・整備局":"神奈川県","都市計画決定":"2"}},{"type":"Feature","geometry":{"type":"Point","coordinates":[139.566425968,35.400701524]},"properties":{"供用済面積":"223","供用開始年":"1989","公園名":"上永谷中里第五公園","公園種別":"街区公園","所在地市区町村名":"横浜市","所在地都道府県名":"神奈川県","管理市区町村":"横浜市","管理都道府県・整備局":"神奈川県","都市計画決定":"2"}},{"type":"Feature","geometry":{"type":"Point","coordinates":[139.568331339,35.408613951]},"properties":{"供用済面積":"597","供用開始年":"1978","公園名":"上永谷半在家公園","公園種別":"街区公園","所在地市区町村名":"横浜市","所在地都道府県名":"神奈川県","管理市区町村":"横浜市","管理都道府県・整備局":"神奈川県","都市計画決定":"2"}},{"type":"Feature","geometry":{"type":"Point","coordinates":[139.564840443,35.405659432]},"properties":{"供用済面積":"314","供用開始年":"2001","公園名":"上永谷六丁目公園","公園種別":"街区公園","所在地市区町村名":"横浜市","所在地都道府県名":"神奈川県","管理市区町村":"横浜市","管理都道府県・整備局":"神奈川県","都市計画決定":"2"}},{"type":"Feature","geometry":{"type":"Point","coordinates":[139.575936315,35.403485176]},"properties":{"供用済面積":"3752","供用開始年":"1983","公園名":"勧永公園","公園種別":"街区公園","所在地市区町村名":"横浜市","所在地都道府県名":"神奈川県","管理市区町村":"横浜市","管理都道府県・整備局":"神奈川県","都市計画決定":"2"}},{"type":"Feature","geometry":{"type":"Point","coordinates":[139.589287103,35.405430932]},"properties":{"供用済面積":"899","供用開始年":"1986","公園名":"港南一丁目公園","公園種別":"街区公園","所在地市区町村名":"横浜市","所在地都道府県名":"神奈川県","管理市区町村":"横浜市","管理都道府県・整備局":"神奈川県","都市計画決定":"2"}},{"type":"Feature","geometry":{"type":"Point","coordinates":[139.588778494,35.405617253]},"properties":{"供用済面積":"260","供用開始年":"1997","公園名":"港南一丁目第二公園","公園種別":"街区公園","所在地市区町村名":"横浜市","所在地都道府県名":"神奈川県","管理市区町村":"横浜市","管理都道府県・整備局":"神奈川県","都市計画決定":"2"}},{"type":"Feature","geometry":{"type":"Point","coordinates":[139.584876328,35.405347436]},"properties":{"供用済面積":"425","供用開始年":"1996","公園名":"港南二丁目第二公園","公園種別":"街区公園","所在地市区町村名":"横浜市","所在地都道府県名":"神奈川県","管理市区町村":"横浜市","管理都道府県・整備局":"神奈川県","都市計画決定":"2"}},{"type":"Feature","geometry":{"type":"Point","coordinates":[139.589458002,35.403231047]},"properties":{"供用済面積":"501","供用開始年":"1988","公園名":"港南二丁目公園","公園種別":"街区公園","所在地市区町村名":"横浜市","所在地都道府県名":"神奈川県","管理市区町村":"横浜市","管理都道府県・整備局":"神奈川県","都市計画決定":"2"}},{"type":"Feature","geometry":{"type":"Point","coordinates":[139.590436135,35.393513168]},"properties":{"供用済面積":"1523","供用開始年":"1979","公園名":"港南六丁目公園","公園種別":"街区公園","所在地市区町村名":"横浜市","所在地都道府県名":"神奈川県","管理市区町村":"横浜市","管理都道府県・整備局":"神奈川県","都市計画決定":"1"}},{"type":"Feature","geometry":{"type":"Point","coordinates":[139.587401988,35.405134835]},"properties":{"供用済面積":"1125","供用開始年":"1994","公園名":"港南荻久保公園","公園種別":"街区公園","所在地市区町村名":"横浜市","所在地都道府県名":"神奈川県","管理市区町村":"横浜市","管理都道府県・整備局":"神奈川県","都市計画決定":"2"}},{"type":"Feature","geometry":{"type":"Point","coordinates":[139.580946768,35.36739003]},"properties":{"供用済面積":"697","供用開始年":"1999","公園名":"港南台九丁目公園","公園種別":"街区公園","所在地市区町村名":"横浜市","所在地都道府県名":"神奈川県","管理市区町村":"横浜市","管理都道府県・整備局":"神奈川県","都市計画決定":"2"}},{"type":"Feature","geometry":{"type":"Point","coordinates":[139.575303332,35.370121821]},"properties":{"供用済面積":"3122","供用開始年":"1984","公園名":"港南台大久保公園","公園種別":"街区公園","所在地市区町村名":"横浜市","所在地都道府県名":"神奈川県","管理市区町村":"横浜市","管理都道府県・整備局":"神奈川県","都市計画決定":"1"}},{"type":"Feature","geometry":{"type":"Point","coordinates":[139.568279372,35.373622079]},"properties":{"供用済面積":"3000","供用開始年":"1984","公園名":"港南台原公園","公園種別":"街区公園","所在地市区町村名":"横浜市","所在地都道府県名":"神奈川県","管理市区町村":"横浜市","管理都道府県・整備局":"神奈川県","都市計画決定":"1"}},{"type":"Feature","geometry":{"type":"Point","coordinates":[139.587659908,35.374690097]},"properties":{"供用済面積":"2700","供用開始年":"1978","公園名":"港南台宮田公園","公園種別":"街区公園","所在地市区町村名":"横浜市","所在地都道府県名":"神奈川県","管理市区町村":"横浜市","管理都道府県・整備局":"神奈川県","都市計画決定":"1"}},{"type":"Feature","geometry":{"type":"Point","coordinates":[139.573198762,35.375514956]},"properties":{"供用済面積":"3450","供用開始年":"1981","公園名":"小坪公園","公園種別":"街区公園","所在地市区町村名":"横浜市","所在地都道府県名":"神奈川県","管理市区町村":"横浜市","管理都道府県・整備局":"神奈川県","都市計画決定":"1"}},{"type":"Feature","geometry":{"type":"Point","coordinates":[139.590901384,35.411300469]},"properties":{"供用済面積":"543","供用開始年":"2003","公園名":"最戸二丁目第二公園","公園種別":"街区公園","所在地市区町村名":"横浜市","所在地都道府県名":"神奈川県","管理市区町村":"横浜市","管理都道府県・整備局":"神奈川県","都市計画決定":"2"}},{"type":"Feature","geometry":{"type":"Point","coordinates":[139.59006188,35.412114178]},"properties":{"供用済面積":"1538","供用開始年":"1994","公園名":"最戸二丁目公園","公園種別":"街区公園","所在地市区町村名":"横浜市","所在地都道府県名":"神奈川県","管理市区町村":"横浜市","管理都道府県・整備局":"神奈川県","都市計画決定":"2"}},{"type":"Feature","geometry":{"type":"Point","coordinates":[139.591311168,35.389870516]},"properties":{"供用済面積":"151","供用開始年":"1983","公園名":"笹下七丁目公園","公園種別":"街区公園","所在地市区町村名":"横浜市","所在地都道府県名":"神奈川県","管理市区町村":"横浜市","管理都道府県・整備局":"神奈川県","都市計画決定":"2"}},{"type":"Feature","geometry":{"type":"Point","coordinates":[139.591714365,35.389505337]},"properties":{"供用済面積":"1678","供用開始年":"1975","公園名":"笹下明ヶ沢公園","公園種別":"街区公園","所在地市区町村名":"横浜市","所在地都道府県名":"神奈川県","管理市区町村":"横浜市","管理都道府県・整備局":"神奈川県","都市計画決定":"2"}},{"type":"Feature","geometry":{"type":"Point","coordinates":[139.598402662,35.389463032]},"properties":{"供用済面積":"537","供用開始年":"1972","公園名":"笹下御下公園","公園種別":"街区公園","所在地市区町村名":"横浜市","所在地都道府県名":"神奈川県","管理市区町村":"横浜市","管理都道府県・整備局":"神奈川県","都市計画決定":"2"}},{"type":"Feature","geometry":{"type":"Point","coordinates":[139.595843966,35.393963413]},"properties":{"供用済面積":"385","供用開始年":"1984","公園名":"笹下杉本公園","公園種別":"街区公園","所在地市区町村名":"横浜市","所在地都道府県名":"神奈川県","管理市区町村":"横浜市","管理都道府県・整備局":"神奈川県","都市計画決定":"2"}},{"type":"Feature","geometry":{"type":"Point","coordinates":[139.596281209,35.393190505]},"properties":{"供用済面積":"282","供用開始年":"1977","公園名":"笹下杉本第二公園","公園種別":"街区公園","所在地市区町村名":"横浜市","所在地都道府県名":"神奈川県","管理市区町村":"横浜市","管理都道府県・整備局":"神奈川県","都市計画決定":"2"}},{"type":"Feature","geometry":{"type":"Point","coordinates":[139.600798927,35.397246552]},"properties":{"供用済面積":"7396","供用開始年":"1999","公園名":"笹下天王谷公園","公園種別":"街区公園","所在地市区町村名":"横浜市","所在地都道府県名":"神奈川県","管理市区町村":"横浜市","管理都道府県・整備局":"神奈川県","都市計画決定":"2"}},{"type":"Feature","geometry":{"type":"Point","coordinates":[139.594709865,35.387379809]},"properties":{"供用済面積":"1460","供用開始年":"1973","公園名":"笹下奈良郷公園","公園種別":"街区公園","所在地市区町村名":"横浜市","所在地都道府県名":"神奈川県","管理市区町村":"横浜市","管理都道府県・整備局":"神奈川県","都市計画決定":"1"}},{"type":"Feature","geometry":{"type":"Point","coordinates":[139.592061138,35.386930522]},"properties":{"供用済面積":"546","供用開始年":"1978","公園名":"笹下奈良郷第二公園","公園種別":"街区公園","所在地市区町村名":"横浜市","所在地都道府県名":"神奈川県","管理市区町村":"横浜市","管理都道府県・整備局":"神奈川県","都市計画決定":"2"}},{"type":"Feature","geometry":{"type":"Point","coordinates":[139.592587791,35.386190333]},"properties":{"供用済面積":"683","供用開始年":"1977","公園名":"笹下奈良郷第三公園","公園種別":"街区公園","所在地市区町村名":"横浜市","所在地都道府県名":"神奈川県","管理市区町村":"横浜市","管理都道府県・整備局":"神奈川県","都市計画決定":"2"}},{"type":"Feature","geometry":{"type":"Point","coordinates":[139.595148983,35.392724996]},"properties":{"供用済面積":"403","供用開始年":"1977","公園名":"笹下菱田公園","公園種別":"街区公園","所在地市区町村名":"横浜市","所在地都道府県名":"神奈川県","管理市区町村":"横浜市","管理都道府県・整備局":"神奈川県","都市計画決定":"2"}},{"type":"Feature","geometry":{"type":"Point","coordinates":[139.593540338,35.402274026]},"properties":{"供用済面積":"417","供用開始年":"1967","公園名":"笹下松本公園","公園種別":"街区公園","所在地市区町村名":"横浜市","所在地都道府県名":"神奈川県","管理市区町村":"横浜市","管理都道府県・整備局":"神奈川県","都市計画決定":"2"}},{"type":"Feature","geometry":{"type":"Point","coordinates":[139.584703395,35.401962413]},"properties":{"供用済面積":"1258","供用開始年":"1973","公園名":"笹下室ノ木公園","公園種別":"街区公園","所在地市区町村名":"横浜市","所在地都道府県名":"神奈川県","管理市区町村":"横浜市","管理都道府県・整備局":"神奈川県","都市計画決定":"1"}},{"type":"Feature","geometry":{"type":"Point","coordinates":[139.592896861,35.404582242]},"properties":{"供用済面積":"458","供用開始年":"1999","公園名":"笹野橋公園","公園種別":"街区公園","所在地市区町村名":"横浜市","所在地都道府県名":"神奈川県","管理市区町村":"横浜市","管理都道府県・整備局":"神奈川県","都市計画決定":"2"}},{"type":"Feature","geometry":{"type":"Point","coordinates":[139.578461041,35.377110563]},"properties":{"供用済面積":"2738","供用開始年":"1981","公園名":"四反田公園","公園種別":"街区公園","所在地市区町村名":"横浜市","所在地都道府県名":"神奈川県","管理市区町村":"横浜市","管理都道府県・整備局":"神奈川県","都市計画決定":"1"}},{"type":"Feature","geometry":{"type":"Point","coordinates":[139.582141064,35.37984055]},"properties":{"供用済面積":"4084","供用開始年":"1982","公園名":"四ッ切公園","公園種別":"街区公園","所在地市区町村名":"横浜市","所在地都道府県名":"神奈川県","管理市区町村":"横浜市","管理都道府県・整備局":"神奈川県","都市計画決定":"1"}},{"type":"Feature","geometry":{"type":"Point","coordinates":[139.55712397,35.4132457]},"properties":{"供用済面積":"1615","供用開始年":"1974","公園名":"下永谷第一公園","公園種別":"街区公園","所在地市区町村名":"横浜市","所在地都道府県名":"神奈川県","管理市区町村":"横浜市","管理都道府県・整備局":"神奈川県","都市計画決定":"1"}},{"type":"Feature","geometry":{"type":"Point","coordinates":[139.554580338,35.411913285]},"properties":{"供用済面積":"2616","供用開始年":"1973","公園名":"下永谷第二公園","公園種別":"街区公園","所在地市区町村名":"横浜市","所在地都道府県名":"神奈川県","管理市区町村":"横浜市","管理都道府県・整備局":"神奈川県","都市計画決定":"1"}},{"type":"Feature","geometry":{"type":"Point","coordinates":[139.555689959,35.408545223]},"properties":{"供用済面積":"323","供用開始年":"1976","公園名":"下永谷第三公園","公園種別":"街区公園","所在地市区町村名":"横浜市","所在地都道府県名":"神奈川県","管理市区町村":"横浜市","管理都道府県・整備局":"神奈川県","都市計画決定":"2"}},{"type":"Feature","geometry":{"type":"Point","coordinates":[139.568238145,35.411306636]},"properties":{"供用済面積":"604","供用開始年":"1974","公園名":"下永谷第四公園","公園種別":"街区公園","所在地市区町村名":"横浜市","所在地都道府県名":"神奈川県","管理市区町村":"横浜市","管理都道府県・整備局":"神奈川県","都市計画決定":"2"}},{"type":"Feature","geometry":{"type":"Point","coordinates":[139.565452065,35.41481076]},"properties":{"供用済面積":"485","供用開始年":"1980","公園名":"下永谷第五公園","公園種別":"街区公園","所在地市区町村名":"横浜市","所在地都道府県名":"神奈川県","管理市区町村":"横浜市","管理都道府県・整備局":"神奈川県","都市計画決定":"2"}},{"type":"Feature","geometry":{"type":"Point","coordinates":[139.582030707,35.407503583]},"properties":{"供用済面積":"3005","供用開始年":"1976","公園名":"下永谷東公園","公園種別":"街区公園","所在地市区町村名":"横浜市","所在地都道府県名":"神奈川県","管理市区町村":"横浜市","管理都道府県・整備局":"神奈川県","都市計画決定":"1"}},{"type":"Feature","geometry":{"type":"Point","coordinates":[139.561790362,35.415649031]},"properties":{"供用済面積":"548","供用開始年":"2001","公園名":"下永谷一丁目公園","公園種別":"街区公園","所在地市区町村名":"横浜市","所在地都道府県名":"神奈川県","管理市区町村":"横浜市","管理都道府県・整備局":"神奈川県","都市計画決定":"2"}},{"type":"Feature","geometry":{"type":"Point","coordinates":[139.563297673,35.404620577]},"properties":{"供用済面積":"2386","供用開始年":"1992","公園名":"下永谷三丁目公園","公園種別":"街区公園","所在地市区町村名":"横浜市","所在地都道府県名":"神奈川県","管理市区町村":"横浜市","管理都道府県・整備局":"神奈川県","都市計画決定":"2"}},{"type":"Feature","geometry":{"type":"Point","coordinates":[139.565031412,35.416730476]},"properties":{"供用済面積":"329","供用開始年":"1986","公園名":"下永谷角田公園","公園種別":"街区公園","所在地市区町村名":"横浜市","所在地都道府県名":"神奈川県","管理市区町村":"横浜市","管理都道府県・整備局":"神奈川県","都市計画決定":"2"}},{"type":"Feature","geometry":{"type":"Point","coordinates":[139.563626813,35.412342957]},"properties":{"供用済面積":"1891","供用開始年":"1987","公園名":"下永谷長町公園","公園種別":"街区公園","所在地市区町村名":"横浜市","所在地都道府県名":"神奈川県","管理市区町村":"横浜市","管理都道府県・整備局":"神奈川県","都市計画決定":"2"}},{"type":"Feature","geometry":{"type":"Point","coordinates":[139.562588292,35.41565957]},"properties":{"供用済面積":"255","供用開始年":"1989","公園名":"下永谷長町第二公園","公園種別":"街区公園","所在地市区町村名":"横浜市","所在地都道府県名":"神奈川県","管理市区町村":"横浜市","管理都道府県・整備局":"神奈川県","都市計画決定":"2"}},{"type":"Feature","geometry":{"type":"Point","coordinates":[139.558931238,35.406175426]},"properties":{"供用済面積":"2577","供用開始年":"1978","公園名":"下永谷八木第二公園","公園種別":"街区公園","所在地市区町村名":"横浜市","所在地都道府県名":"神奈川県","管理市区町村":"横浜市","管理都道府県・整備局":"神奈川県","都市計画決定":"1"}},{"type":"Feature","geometry":{"type":"Point","coordinates":[139.556842933,35.406755896]},"properties":{"供用済面積":"584","供用開始年":"1978","公園名":"下永谷八木第三公園","公園種別":"街区公園","所在地市区町村名":"横浜市","所在地都道府県名":"神奈川県","管理市区町村":"横浜市","管理都道府県・整備局":"神奈川県","都市計画決定":"2"}},{"type":"Feature","geometry":{"type":"Point","coordinates":[139.563631365,35.411470489]},"properties":{"供用済面積":"195","供用開始年":"1985","公園名":"下永谷松原公園","公園種別":"街区公園","所在地市区町村名":"横浜市","所在地都道府県名":"神奈川県","管理市区町村":"横浜市","管理都道府県・整備局":"神奈川県","都市計画決定":"2"}},{"type":"Feature","geometry":{"type":"Point","coordinates":[139.566309935,35.409264372]},"properties":{"供用済面積":"1311","供用開始年":"1984","公園名":"下永谷松原第二公園","公園種別":"街区公園","所在地市区町村名":"横浜市","所在地都道府県名":"神奈川県","管理市区町村":"横浜市","管理都道府県・整備局":"神奈川県","都市計画決定":"2"}},{"type":"Feature","geometry":{"type":"Point","coordinates":[139.577751206,35.397375]},"properties":{"供用済面積":"5024","供用開始年":"1990","公園名":"下野庭公園","公園種別":"街区公園","所在地市区町村名":"横浜市","所在地都道府県名":"神奈川県","管理市区町村":"横浜市","管理都道府県・整備局":"神奈川県","都市計画決定":"2"}},{"type":"Feature","geometry":{"type":"Point","coordinates":[139.57686544,35.416872718]},"properties":{"供用済面積":"809","供用開始年":"1986","公園名":"芹が谷第一公園","公園種別":"街区公園","所在地市区町村名":"横浜市","所在地都道府県名":"神奈川県","管理市区町村":"横浜市","管理都道府県・整備局":"神奈川県","都市計画決定":"2"}},{"type":"Feature","geometry":{"type":"Point","coordinates":[139.572901768,35.418065608]},"properties":{"供用済面積":"516","供用開始年":"1973","公園名":"芹が谷第二公園","公園種別":"街区公園","所在地市区町村名":"横浜市","所在地都道府県名":"神奈川県","管理市区町村":"横浜市","管理都道府県・整備局":"神奈川県","都市計画決定":"2"}},{"type":"Feature","geometry":{"type":"Point","coordinates":[139.571381433,35.418720468]},"properties":{"供用済面積":"504","供用開始年":"1975","公園名":"芹が谷第三公園","公園種別":"街区公園","所在地市区町村名":"横浜市","所在地都道府県名":"神奈川県","管理市区町村":"横浜市","管理都道府県・整備局":"神奈川県","都市計画決定":"2"}},{"type":"Feature","geometry":{"type":"Point","coordinates":[139.574865707,35.414530094]},"properties":{"供用済面積":"793","供用開始年":"1975","公園名":"芹が谷第四公園","公園種別":"街区公園","所在地市区町村名":"横浜市","所在地都道府県名":"神奈川県","管理市区町村":"横浜市","管理都道府県・整備局":"神奈川県","都市計画決定":"2"}},{"type":"Feature","geometry":{"type":"Point","coordinates":[139.575966799,35.412560627]},"properties":{"供用済面積":"787","供用開始年":"1975","公園名":"芹が谷第五公園","公園種別":"街区公園","所在地市区町村名":"横浜市","所在地都道府県名":"神奈川県","管理市区町村":"横浜市","管理都道府県・整備局":"神奈川県","都市計画決定":"2"}},{"type":"Feature","geometry":{"type":"Point","coordinates":[139.579421991,35.412446605]},"properties":{"供用済面積":"887","供用開始年":"1972","公園名":"芹が谷第六公園","公園種別":"街区公園","所在地市区町村名":"横浜市","所在地都道府県名":"神奈川県","管理市区町村":"横浜市","管理都道府県・整備局":"神奈川県","都市計画決定":"2"}},{"type":"Feature","geometry":{"type":"Point","coordinates":[139.572921358,35.410440483]},"properties":{"供用済面積":"465","供用開始年":"1984","公園名":"芹が谷第七公園","公園種別":"街区公園","所在地市区町村名":"横浜市","所在地都道府県名":"神奈川県","管理市区町村":"横浜市","管理都道府県・整備局":"神奈川県","都市計画決定":"2"}},{"type":"Feature","geometry":{"type":"Point","coordinates":[139.578156372,35.414789231]},"properties":{"供用済面積":"2505","供用開始年":"1983","公園名":"芹が谷台公園","公園種別":"街区公園","所在地市区町村名":"横浜市","所在地都道府県名":"神奈川県","管理市区町村":"横浜市","管理都道府県・整備局":"神奈川県","都市計画決定":"2"}},{"type":"Feature","geometry":{"type":"Point","coordinates":[139.572638225,35.418842187]},"properties":{"供用済面積":"1010","供用開始年":"1987","公園名":"芹が谷二丁目公園","公園種別":"街区公園","所在地市区町村名":"横浜市","所在地都道府県名":"神奈川県","管理市区町村":"横浜市","管理都道府県・整備局":"神奈川県","都市計画決定":"2"}},{"type":"Feature","geometry":{"type":"Point","coordinates":[139.590862945,35.370320756]},"properties":{"供用済面積":"2700","供用開始年":"1978","公園名":"たかのす公園","公園種別":"街区公園","所在地市区町村名":"横浜市","所在地都道府県名":"神奈川県","管理市区町村":"横浜市","管理都道府県・整備局":"神奈川県","都市計画決定":"1"}},{"type":"Feature","geometry":{"type":"Point","coordinates":[139.605380012,35.386439266]},"properties":{"供用済面積":"887","供用開始年":"1973","公園名":"立野第一公園","公園種別":"街区公園","所在地市区町村名":"横浜市","所在地都道府県名":"神奈川県","管理市区町村":"横浜市","管理都道府県・整備局":"神奈川県","都市計画決定":"2"}},{"type":"Feature","geometry":{"type":"Point","coordinates":[139.603621159,35.387420515]},"properties":{"供用済面積":"618","供用開始年":"1973","公園名":"立野第二公園","公園種別":"街区公園","所在地市区町村名":"横浜市","所在地都道府県名":"神奈川県","管理市区町村":"横浜市","管理都道府県・整備局":"神奈川県","都市計画決定":"2"}},{"type":"Feature","geometry":{"type":"Point","coordinates":[139.605011151,35.386300517]},"properties":{"供用済面積":"203","供用開始年":"2003","公園名":"立野第三公園","公園種別":"街区公園","所在地市区町村名":"横浜市","所在地都道府県名":"神奈川県","管理市区町村":"横浜市","管理都道府県・整備局":"神奈川県","都市計画決定":"2"}},{"type":"Feature","geometry":{"type":"Point","coordinates":[139.603131157,35.387320515]},"properties":{"供用済面積":"239","供用開始年":"1981","公園名":"立野第四公園","公園種別":"街区公園","所在地市区町村名":"横浜市","所在地都道府県名":"神奈川県","管理市区町村":"横浜市","管理都道府県・整備局":"神奈川県","都市計画決定":"2"}},{"type":"Feature","geometry":{"type":"Point","coordinates":[139.584623576,35.391995246]},"properties":{"供用済面積":"673","供用開始年":"1983","公園名":"寺尾公園","公園種別":"街区公園","所在地市区町村名":"横浜市","所在地都道府県名":"神奈川県","管理市区町村":"横浜市","管理都道府県・整備局":"神奈川県","都市計画決定":"2"}},{"type":"Feature","geometry":{"type":"Point","coordinates":[139.561715699,35.413099647]},"properties":{"供用済面積":"2705","供用開始年":"1992","公園名":"殿屋敷公園","公園種別":"街区公園","所在地市区町村名":"横浜市","所在地都道府県名":"神奈川県","管理市区町村":"横浜市","管理都道府県・整備局":"神奈川県","都市計画決定":"2"}},{"type":"Feature","geometry":{"type":"Point","coordinates":[139.57821621,35.400825981]},"properties":{"供用済面積":"455","供用開始年":"1978","公園名":"永作公園","公園種別":"街区公園","所在地市区町村名":"横浜市","所在地都道府県名":"神奈川県","管理市区町村":"横浜市","管理都道府県・整備局":"神奈川県","都市計画決定":"2"}},{"type":"Feature","geometry":{"type":"Point","coordinates":[139.580190447,35.403474344]},"properties":{"供用済面積":"303","供用開始年":"2000","公園名":"南高台公園","公園種別":"街区公園","所在地市区町村名":"横浜市","所在地都道府県名":"神奈川県","管理市区町村":"横浜市","管理都道府県・整備局":"神奈川県","都市計画決定":"2"}},{"type":"Feature","geometry":{"type":"Point","coordinates":[139.560829587,35.393809255]},"properties":{"供用済面積":"6708","供用開始年":"1975","公園名":"西洗第一公園","公園種別":"街区公園","所在地市区町村名":"横浜市","所在地都道府県名":"神奈川県","管理市区町村":"横浜市","管理都道府県・整備局":"神奈川県","都市計画決定":"1"}},{"type":"Feature","geometry":{"type":"Point","coordinates":[139.560968774,35.390191655]},"properties":{"供用済面積":"3294","供用開始年":"1975","公園名":"西洗第二公園","公園種別":"街区公園","所在地市区町村名":"横浜市","所在地都道府県名":"神奈川県","管理市区町村":"横浜市","管理都道府県・整備局":"神奈川県","都市計画決定":"1"}},{"type":"Feature","geometry":{"type":"Point","coordinates":[139.557424964,35.387558797]},"properties":{"供用済面積":"4342","供用開始年":"1975","公園名":"西洗第三公園","公園種別":"街区公園","所在地市区町村名":"横浜市","所在地都道府県名":"神奈川県","管理市区町村":"横浜市","管理都道府県・整備局":"神奈川県","都市計画決定":"1"}},{"type":"Feature","geometry":{"type":"Point","coordinates":[139.5669678,35.380209569]},"properties":{"供用済面積":"4247","供用開始年":"1976","公園名":"野庭表町公園","公園種別":"街区公園","所在地市区町村名":"横浜市","所在地都道府県名":"神奈川県","管理市区町村":"横浜市","管理都道府県・整備局":"神奈川県","都市計画決定":"2"}},{"type":"Feature","geometry":{"type":"Point","coordinates":[139.574161164,35.389930533]},"properties":{"供用済面積":"712","供用開始年":"1986","公園名":"野庭しいのき公園","公園種別":"街区公園","所在地市区町村名":"横浜市","所在地都道府県名":"神奈川県","管理市区町村":"横浜市","管理都道府県・整備局":"神奈川県","都市計画決定":"2"}},{"type":"Feature","geometry":{"type":"Point","coordinates":[139.565955366,35.388533155]},"properties":{"供用済面積":"2911","供用開始年":"1977","公園名":"野庭すずかけ公園","公園種別":"街区公園","所在地市区町村名":"横浜市","所在地都道府県名":"神奈川県","管理市区町村":"横浜市","管理都道府県・整備局":"神奈川県","都市計画決定":"2"}},{"type":"Feature","geometry":{"type":"Point","coordinates":[139.568220891,35.391290405]},"properties":{"供用済面積":"4525","供用開始年":"1976","公園名":"野庭チビッコ公園","公園種別":"街区公園","所在地市区町村名":"横浜市","所在地都道府県名":"神奈川県","管理市区町村":"横浜市","管理都道府県・整備局":"神奈川県","都市計画決定":"2"}},{"type":"Feature","geometry":{"type":"Point","coordinates":[139.577725899,35.398639606]},"properties":{"供用済面積":"1420","供用開始年":"1984","公園名":"野庭永作公園","公園種別":"街区公園","所在地市区町村名":"横浜市","所在地都道府県名":"神奈川県","管理市区町村":"横浜市","管理都道府県・整備局":"神奈川県","都市計画決定":"2"}},{"type":"Feature","geometry":{"type":"Point","coordinates":[139.575271271,35.401050503]},"properties":{"供用済面積":"1126","供用開始年":"1995","公園名":"野庭永作第二公園","公園種別":"街区公園","所在地市区町村名":"横浜市","所在地都道府県名":"神奈川県","管理市区町村":"横浜市","管理都道府県・整備局":"神奈川県","都市計画決定":"2"}},{"type":"Feature","geometry":{"type":"Point","coordinates":[139.568600542,35.387216716]},"properties":{"供用済面積":"4267","供用開始年":"1976","公園名":"野庭なかよし公園","公園種別":"街区公園","所在地市区町村名":"横浜市","所在地都道府県名":"神奈川県","管理市区町村":"横浜市","管理都道府県・整備局":"神奈川県","都市計画決定":"2"}},{"type":"Feature","geometry":{"type":"Point","coordinates":[139.573357139,35.398759141]},"properties":{"供用済面積":"399","供用開始年":"1985","公園名":"野庭はなみずき公園","公園種別":"街区公園","所在地市区町村名":"横浜市","所在地都道府県名":"神奈川県","管理市区町村":"横浜市","管理都道府県・整備局":"神奈川県","都市計画決定":"2"}},{"type":"Feature","geometry":{"type":"Point","coordinates":[139.562031806,35.378996798]},"properties":{"供用済面積":"3160","供用開始年":"1977","公園名":"野庭三谷町公園","公園種別":"街区公園","所在地市区町村名":"横浜市","所在地都道府県名":"神奈川県","管理市区町村":"横浜市","管理都道府県・整備局":"神奈川県","都市計画決定":"2"}},{"type":"Feature","geometry":{"type":"Point","coordinates":[139.564801172,35.390140541]},"properties":{"供用済面積":"357","供用開始年":"1987","公園名":"野庭もくせい公園","公園種別":"街区公園","所在地市区町村名":"横浜市","所在地都道府県名":"神奈川県","管理市区町村":"横浜市","管理都道府県・整備局":"神奈川県","都市計画決定":"2"}},{"type":"Feature","geometry":{"type":"Point","coordinates":[139.573574591,35.396918925]},"properties":{"供用済面積":"2600","供用開始年":"1977","公園名":"野庭ゆりのき公園","公園種別":"街区公園","所在地市区町村名":"横浜市","所在地都道府県名":"神奈川県","管理市区町村":"横浜市","管理都道府県・整備局":"神奈川県","都市計画決定":"2"}},{"type":"Feature","geometry":{"type":"Point","coordinates":[139.569537079,35.383796065]},"properties":{"供用済面積":"4497","供用開始年":"1976","公園名":"野庭わんぱく公園","公園種別":"街区公園","所在地市区町村名":"横浜市","所在地都道府県名":"神奈川県","管理市区町村":"横浜市","管理都道府県・整備局":"神奈川県","都市計画決定":"2"}},{"type":"Feature","geometry":{"type":"Point","coordinates":[139.578510742,35.413607553]},"properties":{"供用済面積":"2657","供用開始年":"1987","公園名":"東芹が谷公園","公園種別":"街区公園","所在地市区町村名":"横浜市","所在地都道府県名":"神奈川県","管理市区町村":"横浜市","管理都道府県・整備局":"神奈川県","都市計画決定":"2"}},{"type":"Feature","geometry":{"type":"Point","coordinates":[139.577181816,35.413130735]},"properties":{"供用済面積":"610","供用開始年":"1998","公園名":"東芹が谷第二公園","公園種別":"街区公園","所在地市区町村名":"横浜市","所在地都道府県名":"神奈川県","管理市区町村":"横浜市","管理都道府県・整備局":"神奈川県","都市計画決定":"2"}},{"type":"Feature","geometry":{"type":"Point","coordinates":[139.577677364,35.407477826]},"properties":{"供用済面積":"161","供用開始年":"1980","公園名":"東永谷二丁目公園","公園種別":"街区公園","所在地市区町村名":"横浜市","所在地都道府県名":"神奈川県","管理市区町村":"横浜市","管理都道府県・整備局":"神奈川県","都市計画決定":"2"}},{"type":"Feature","geometry":{"type":"Point","coordinates":[139.575283338,35.411389309]},"properties":{"供用済面積":"2445","供用開始年":"1987","公園名":"東永谷三丁目公園","公園種別":"街区公園","所在地市区町村名":"横浜市","所在地都道府県名":"神奈川県","管理市区町村":"横浜市","管理都道府県・整備局":"神奈川県","都市計画決定":"2"}},{"type":"Feature","geometry":{"type":"Point","coordinates":[139.577901371,35.411500478]},"properties":{"供用済面積":"1455","供用開始年":"1995","公園名":"東永谷三丁目第二公園","公園種別":"街区公園","所在地市区町村名":"横浜市","所在地都道府県名":"神奈川県","管理市区町村":"横浜市","管理都道府県・整備局":"神奈川県","都市計画決定":"2"}},{"type":"Feature","geometry":{"type":"Point","coordinates":[139.578915683,35.407305256]},"properties":{"供用済面積":"3521","供用開始年":"1990","公園名":"東永谷桜台公園","公園種別":"街区公園","所在地市区町村名":"横浜市","所在地都道府県名":"神奈川県","管理市区町村":"横浜市","管理都道府県・整備局":"神奈川県","都市計画決定":"2"}},{"type":"Feature","geometry":{"type":"Point","coordinates":[139.561411809,35.397499406]},"properties":{"供用済面積":"1313","供用開始年":"1995","公園名":"日限山二丁目公園","公園種別":"街区公園","所在地市区町村名":"横浜市","所在地都道府県名":"神奈川県","管理市区町村":"横浜市","管理都道府県・整備局":"神奈川県","都市計画決定":"2"}},{"type":"Feature","geometry":{"type":"Point","coordinates":[139.562981232,35.401168836]},"properties":{"供用済面積":"912","供用開始年":"1974","公園名":"日限山八木公園","公園種別":"街区公園","所在地市区町村名":"横浜市","所在地都道府県名":"神奈川県","管理市区町村":"横浜市","管理都道府県・整備局":"神奈川県","都市計画決定":"1"}},{"type":"Feature","geometry":{"type":"Point","coordinates":[139.576201131,35.38659054]},"properties":{"供用済面積":"1184","供用開始年":"1987","公園名":"日野八丁目公園","公園種別":"街区公園","所在地市区町村名":"横浜市","所在地都道府県名":"神奈川県","管理市区町村":"横浜市","管理都道府県・整備局":"神奈川県","都市計画決定":"2"}},{"type":"Feature","geometry":{"type":"Point","coordinates":[139.573194716,35.377027322]},"properties":{"供用済面積":"727","供用開始年":"1976","公園名":"日野大多良公園","公園種別":"街区公園","所在地市区町村名":"横浜市","所在地都道府県名":"神奈川県","管理市区町村":"横浜市","管理都道府県・整備局":"神奈川県","都市計画決定":"2"}},{"type":"Feature","geometry":{"type":"Point","coordinates":[139.572561895,35.376996233]},"properties":{"供用済面積":"300","供用開始年":"1983","公園名":"日野大多良第二公園","公園種別":"街区公園","所在地市区町村名":"横浜市","所在地都道府県名":"神奈川県","管理市区町村":"横浜市","管理都道府県・整備局":"神奈川県","都市計画決定":"2"}},{"type":"Feature","geometry":{"type":"Point","coordinates":[139.578890195,35.388989231]},"properties":{"供用済面積":"1480","供用開始年":"1985","公園名":"日野御所ヶ谷公園","公園種別":"街区公園","所在地市区町村名":"横浜市","所在地都道府県名":"神奈川県","管理市区町村":"横浜市","管理都道府県・整備局":"神奈川県","都市計画決定":"2"}},{"type":"Feature","geometry":{"type":"Point","coordinates":[139.577421133,35.386720538]},"properties":{"供用済面積":"1436","供用開始年":"1987","公園名":"日野御所ヶ谷第二公園","公園種別":"街区公園","所在地市区町村名":"横浜市","所在地都道府県名":"神奈川県","管理市区町村":"横浜市","管理都道府県・整備局":"神奈川県","都市計画決定":"2"}},{"type":"Feature","geometry":{"type":"Point","coordinates":[139.579131123,35.385790538]},"properties":{"供用済面積":"351","供用開始年":"1992","公園名":"日野御所ヶ谷第三公園","公園種別":"街区公園","所在地市区町村名":"横浜市","所在地都道府県名":"神奈川県","管理市区町村":"横浜市","管理都道府県・整備局":"神奈川県","都市計画決定":"2"}},{"type":"Feature","geometry":{"type":"Point","coordinates":[139.585431062,35.379860546]},"properties":{"供用済面積":"2721","供用開始年":"1975","公園名":"日野沢ケ谷公園","公園種別":"街区公園","所在地市区町村名":"横浜市","所在地都道府県名":"神奈川県","管理市区町村":"横浜市","管理都道府県・整備局":"神奈川県","都市計画決定":"2"}},{"type":"Feature","geometry":{"type":"Point","coordinates":[139.579510237,35.398319995]},"properties":{"供用済面積":"940","供用開始年":"1997","公園名":"日野三丁目公園","公園種別":"街区公園","所在地市区町村名":"横浜市","所在地都道府県名":"神奈川県","管理市区町村":"横浜市","管理都道府県・整備局":"神奈川県","都市計画決定":"2"}},{"type":"Feature","geometry":{"type":"Point","coordinates":[139.578962935,35.397086529]},"properties":{"供用済面積":"1155","供用開始年":"2002","公園名":"日野三丁目第二公園","公園種別":"街区公園","所在地市区町村名":"横浜市","所在地都道府県名":"神奈川県","管理市区町村":"横浜市","管理都道府県・整備局":"神奈川県","都市計画決定":"2"}},{"type":"Feature","geometry":{"type":"Point","coordinates":[139.583531265,35.400000498]},"properties":{"供用済面積":"188","供用開始年":"1976","公園名":"日野下根公園","公園種別":"街区公園","所在地市区町村名":"横浜市","所在地都道府県名":"神奈川県","管理市区町村":"横浜市","管理都道府県・整備局":"神奈川県","都市計画決定":"2"}},{"type":"Feature","geometry":{"type":"Point","coordinates":[139.583041254,35.398880501]},"properties":{"供用済面積":"226","供用開始年":"1983","公園名":"日野下根第三公園","公園種別":"街区公園","所在地市区町村名":"横浜市","所在地都道府県名":"神奈川県","管理市区町村":"横浜市","管理都道府県・整備局":"神奈川県","都市計画決定":"2"}},{"type":"Feature","geometry":{"type":"Point","coordinates":[139.588597595,35.383972261]},"properties":{"供用済面積":"3798","供用開始年":"1999","公園名":"日野中央二丁目公園","公園種別":"街区公園","所在地市区町村名":"横浜市","所在地都道府県名":"神奈川県","管理市区町村":"横浜市","管理都道府県・整備局":"神奈川県","都市計画決定":"2"}},{"type":"Feature","geometry":{"type":"Point","coordinates":[139.590533982,35.379743091]},"properties":{"供用済面積":"2156","供用開始年":"1998","公園名":"日野中央三丁目第一公園","公園種別":"街区公園","所在地市区町村名":"横浜市","所在地都道府県名":"神奈川県","管理市区町村":"横浜市","管理都道府県・整備局":"神奈川県","都市計画決定":"2"}},{"type":"Feature","geometry":{"type":"Point","coordinates":[139.591175633,35.37984047]},"properties":{"供用済面積":"607","供用開始年":"1998","公園名":"日野中央三丁目第二公園","公園種別":"街区公園","所在地市区町村名":"横浜市","所在地都道府県名":"神奈川県","管理市区町村":"横浜市","管理都道府県・整備局":"神奈川県","都市計画決定":"2"}},{"type":"Feature","geometry":{"type":"Point","coordinates":[139.589268526,35.398736326]},"properties":{"供用済面積":"258","供用開始年":"1983","公園名":"日野町清水公園","公園種別":"街区公園","所在地市区町村名":"横浜市","所在地都道府県名":"神奈川県","管理市区町村":"横浜市","管理都道府県・整備局":"神奈川県","都市計画決定":"2"}},{"type":"Feature","geometry":{"type":"Point","coordinates":[139.587775055,35.395778695]},"properties":{"供用済面積":"805","供用開始年":"1979","公園名":"日野町清水第二公園","公園種別":"街区公園","所在地市区町村名":"横浜市","所在地都道府県名":"神奈川県","管理市区町村":"横浜市","管理都道府県・整備局":"神奈川県","都市計画決定":"2"}},{"type":"Feature","geometry":{"type":"Point","coordinates":[139.564208668,35.37470544]},"properties":{"供用済面積":"2760","供用開始年":"1976","公園名":"日野町原第一公園","公園種別":"街区公園","所在地市区町村名":"横浜市","所在地都道府県名":"神奈川県","管理市区町村":"横浜市","管理都道府県・整備局":"神奈川県","都市計画決定":"2"}},{"type":"Feature","geometry":{"type":"Point","coordinates":[139.563626493,35.376550525]},"properties":{"供用済面積":"1134","供用開始年":"1976","公園名":"日野町原第二公園","公園種別":"街区公園","所在地市区町村名":"横浜市","所在地都道府県名":"神奈川県","管理市区町村":"横浜市","管理都道府県・整備局":"神奈川県","都市計画決定":"2"}},{"type":"Feature","geometry":{"type":"Point","coordinates":[139.588926643,35.381857676]},"properties":{"供用済面積":"1074","供用開始年":"1974","公園名":"日野町東公園","公園種別":"街区公園","所在地市区町村名":"横浜市","所在地都道府県名":"神奈川県","管理市区町村":"横浜市","管理都道府県・整備局":"神奈川県","都市計画決定":"1"}},{"type":"Feature","geometry":{"type":"Point","coordinates":[139.581615242,35.396672008]},"properties":{"供用済面積":"718","供用開始年":"1976","公園名":"日野町吉原公園","公園種別":"街区公園","所在地市区町村名":"横浜市","所在地都道府県名":"神奈川県","管理市区町村":"横浜市","管理都道府県・整備局":"神奈川県","都市計画決定":"2"}},{"type":"Feature","geometry":{"type":"Point","coordinates":[139.585711264,35.399800497]},"properties":{"供用済面積":"481","供用開始年":"1996","公園名":"日野二丁目公園","公園種別":"街区公園","所在地市区町村名":"横浜市","所在地都道府県名":"神奈川県","管理市区町村":"横浜市","管理都道府県・整備局":"神奈川県","都市計画決定":"2"}},{"type":"Feature","geometry":{"type":"Point","coordinates":[139.568059939,35.381309754]},"properties":{"供用済面積":"524","供用開始年":"1977","公園名":"日野藤ヶ沢公園","公園種別":"街区公園","所在地市区町村名":"横浜市","所在地都道府県名":"神奈川県","管理市区町村":"横浜市","管理都道府県・整備局":"神奈川県","都市計画決定":"2"}},{"type":"Feature","geometry":{"type":"Point","coordinates":[139.570511084,35.381100562]},"properties":{"供用済面積":"178","供用開始年":"1983","公園名":"日野藤ヶ沢第二公園","公園種別":"街区公園","所在地市区町村名":"横浜市","所在地都道府県名":"神奈川県","管理市区町村":"横浜市","管理都道府県・整備局":"神奈川県","都市計画決定":"2"}},{"type":"Feature","geometry":{"type":"Point","coordinates":[139.574741054,35.378170566]},"properties":{"供用済面積":"424","供用開始年":"1986","公園名":"日野南一丁目公園","公園種別":"街区公園","所在地市区町村名":"横浜市","所在地都道府県名":"神奈川県","管理市区町村":"横浜市","管理都道府県・整備局":"神奈川県","都市計画決定":"2"}},{"type":"Feature","geometry":{"type":"Point","coordinates":[139.571997912,35.38103617]},"properties":{"供用済面積":"1333","供用開始年":"1995","公園名":"日野南四丁目公園","公園種別":"街区公園","所在地市区町村名":"横浜市","所在地都道府県名":"神奈川県","管理市区町村":"横浜市","管理都道府県・整備局":"神奈川県","都市計画決定":"2"}},{"type":"Feature","geometry":{"type":"Point","coordinates":[139.59309094,35.36785057]},"properties":{"供用済面積":"2900","供用開始年":"1978","公園名":"日の峰第一公園","公園種別":"街区公園","所在地市区町村名":"横浜市","所在地都道府県名":"神奈川県","管理市区町村":"横浜市","管理都道府県・整備局":"神奈川県","都市計画決定":"1"}},{"type":"Feature","geometry":{"type":"Point","coordinates":[139.591060917,35.36540058]},"properties":{"供用済面積":"3236","供用開始年":"1980","公園名":"日の峰第二公園","公園種別":"街区公園","所在地市区町村名":"横浜市","所在地都道府県名":"神奈川県","管理市区町村":"横浜市","管理都道府県・整備局":"神奈川県","都市計画決定":"1"}},{"type":"Feature","geometry":{"type":"Point","coordinates":[139.583538553,35.383863207]},"properties":{"供用済面積":"470","供用開始年":"1988","公園名":"日野宮下公園","公園種別":"街区公園","所在地市区町村名":"横浜市","所在地都道府県名":"神奈川県","管理市区町村":"横浜市","管理都道府県・整備局":"神奈川県","都市計画決定":"2"}},{"type":"Feature","geometry":{"type":"Point","coordinates":[139.583281919,35.384366156]},"properties":{"供用済面積":"698","供用開始年":"1986","公園名":"日野宮ノ前公園","公園種別":"街区公園","所在地市区町村名":"横浜市","所在地都道府県名":"神奈川県","管理市区町村":"横浜市","管理都道府県・整備局":"神奈川県","都市計画決定":"2"}},{"type":"Feature","geometry":{"type":"Point","coordinates":[139.584623529,35.387351457]},"properties":{"供用済面積":"1034","供用開始年":"1983","公園名":"日野宮ノ脇公園","公園種別":"街区公園","所在地市区町村名":"横浜市","所在地都道府県名":"神奈川県","管理市区町村":"横浜市","管理都道府県・整備局":"神奈川県","都市計画決定":"2"}},{"type":"Feature","geometry":{"type":"Point","coordinates":[139.568119682,35.395757974]},"properties":{"供用済面積":"1473","供用開始年":"1981","公園名":"深田公園","公園種別":"街区公園","所在地市区町村名":"横浜市","所在地都道府県名":"神奈川県","管理市区町村":"横浜市","管理都道府県・整備局":"神奈川県","都市計画決定":"1"}},{"type":"Feature","geometry":{"type":"Point","coordinates":[139.564537143,35.395735197]},"properties":{"供用済面積":"317","供用開始年":"1986","公園名":"丸山台四丁目公園","公園種別":"街区公園","所在地市区町村名":"横浜市","所在地都道府県名":"神奈川県","管理市区町村":"横浜市","管理都道府県・整備局":"神奈川県","都市計画決定":"2"}},{"type":"Feature","geometry":{"type":"Point","coordinates":[139.565661199,35.393300532]},"properties":{"供用済面積":"202","供用開始年":"1986","公園名":"丸山台四丁目第二公園","公園種別":"街区公園","所在地市区町村名":"横浜市","所在地都道府県名":"神奈川県","管理市区町村":"横浜市","管理都道府県・整備局":"神奈川県","都市計画決定":"2"}},{"type":"Feature","geometry":{"type":"Point","coordinates":[139.581332692,35.369968341]},"properties":{"供用済面積":"4623","供用開始年":"1978","公園名":"みなみが丘公園","公園種別":"街区公園","所在地市区町村名":"横浜市","所在地都道府県名":"神奈川県","管理市区町村":"横浜市","管理都道府県・整備局":"神奈川県","都市計画決定":"1"}},{"type":"Feature","geometry":{"type":"Point","coordinates":[139.572751329,35.40733049]},"properties":{"供用済面積":"2154","供用開始年":"1979","公園名":"美晴台公園","公園種別":"街区公園","所在地市区町村名":"横浜市","所在地都道府県名":"神奈川県","管理市区町村":"横浜市","管理都道府県・整備局":"神奈川県","都市計画決定":"1"}},{"type":"Feature","geometry":{"type":"Point","coordinates":[139.571551247,35.398490514]},"properties":{"供用済面積":"2121","供用開始年":"1981","公園名":"六反田公園","公園種別":"街区公園","所在地市区町村名":"横浜市","所在地都道府県名":"神奈川県","管理市区町村":"横浜市","管理都道府県・整備局":"神奈川県","都市計画決定":"1"}},{"type":"Feature","geometry":{"type":"Point","coordinates":[139.579671367,35.410870478]},"properties":{"供用済面積":"397","供用開始年":"1969","公園名":"渡戸公園","公園種別":"街区公園","所在地市区町村名":"横浜市","所在地都道府県名":"神奈川県","管理市区町村":"横浜市","管理都道府県・整備局":"神奈川県","都市計画決定":"2"}},{"type":"Feature","geometry":{"type":"Point","coordinates":[139.579864933,35.409336921]},"properties":{"供用済面積":"494","供用開始年":"1973","公園名":"渡戸第二公園","公園種別":"街区公園","所在地市区町村名":"横浜市","所在地都道府県名":"神奈川県","管理市区町村":"横浜市","管理都道府県・整備局":"神奈川県","都市計画決定":"2"}},{"type":"Feature","geometry":{"type":"Point","coordinates":[139.57252425,35.411700282]},"properties":{"供用済面積":"981","供用開始年":"1975","公園名":"渡戸東公園","公園種別":"街区公園","所在地市区町村名":"横浜市","所在地都道府県名":"神奈川県","管理市区町村":"横浜市","管理都道府県・整備局":"神奈川県","都市計画決定":"2"}},{"type":"Feature","geometry":{"type":"Point","coordinates":[139.570631367,35.411540484]},"properties":{"供用済面積":"180","供用開始年":"1976","公園名":"渡戸東第二公園","公園種別":"街区公園","所在地市区町村名":"横浜市","所在地都道府県名":"神奈川県","管理市区町村":"横浜市","管理都道府県・整備局":"神奈川県","都市計画決定":"2"}},{"type":"Feature","geometry":{"type":"Point","coordinates":[139.577474208,35.454216018]},"properties":{"供用済面積":"2565","供用開始年":"1996","公園名":"仏向緑地","公園種別":"都市緑地","所在地市区町村名":"横浜市","所在地都道府県名":"神奈川県","管理市区町村":"横浜市","管理都道府県・整備局":"神奈川県","都市計画決定":"1"}},{"type":"Feature","geometry":{"type":"Point","coordinates":[139.572281858,35.469280374]},"properties":{"供用済面積":"28000","供用開始年":"2004","公園名":"陣ケ下渓谷公園","公園種別":"特殊公園（風致公園、動植物公園、歴史公園、墓園）","所在地市区町村名":"横浜市","所在地都道府県名":"神奈川県","管理市区町村":"横浜市","管理都道府県・整備局":"神奈川県","都市計画決定":"1"}},{"type":"Feature","geometry":{"type":"Point","coordinates":[139.57790344,35.436712497]},"properties":{"供用済面積":"140842","供用開始年":"1929","公園名":"横浜市児童遊園地","公園種別":"特殊公園（風致公園、動植物公園、歴史公園、墓園）","所在地市区町村名":"横浜市","所在地都道府県名":"神奈川県","管理市区町村":"横浜市","管理都道府県・整備局":"神奈川県","都市計画決定":"1"}},{"type":"Feature","geometry":{"type":"Point","coordinates":[139.589648854,35.468296529]},"properties":{"供用済面積":"49226","供用開始年":"1942","公園名":"常盤公園","公園種別":"地区公園（カントリーパーク）","所在地市区町村名":"横浜市","所在地都道府県名":"神奈川県","管理市区町村":"横浜市","管理都道府県・整備局":"神奈川県","都市計画決定":"1"}},{"type":"Feature","geometry":{"type":"Point","coordinates":[139.561078142,35.487307887]},"properties":{"供用済面積":"19187","供用開始年":"1995","公園名":"新井町公園","公園種別":"近隣公園","所在地市区町村名":"横浜市","所在地都道府県名":"神奈川県","管理市区町村":"横浜市","管理都道府県・整備局":"神奈川県","都市計画決定":"1"}},{"type":"Feature","geometry":{"type":"Point","coordinates":[139.563348677,35.448093954]},"properties":{"供用済面積":"11211","供用開始年":"1994","公園名":"今井の丘公園","公園種別":"近隣公園","所在地市区町村名":"横浜市","所在地都道府県名":"神奈川県","管理市区町村":"横浜市","管理都道府県・整備局":"神奈川県","都市計画決定":"1"}},{"type":"Feature","geometry":{"type":"Point","coordinates":[139.579587043,35.473507845]},"properties":{"供用済面積":"17340","供用開始年":"2004","公園名":"上星川あおぞら公園","公園種別":"近隣公園","所在地市区町村名":"横浜市","所在地都道府県名":"神奈川県","管理市区町村":"横浜市","管理都道府県・整備局":"神奈川県","都市計画決定":"2"}},{"type":"Feature","geometry":{"type":"Point","coordinates":[139.570047264,35.47191414]},"properties":{"供用済面積":"11681","供用開始年":"1976","公園名":"川島町公園","公園種別":"近隣公園","所在地市区町村名":"横浜市","所在地都道府県名":"神奈川県","管理市区町村":"横浜市","管理都道府県・整備局":"神奈川県","都市計画決定":"1"}},{"type":"Feature","geometry":{"type":"Point","coordinates":[139.562991077,35.441853855]},"properties":{"供用済面積":"16611","供用開始年":"1992","公園名":"境木町公園","公園種別":"近隣公園","所在地市区町村名":"横浜市","所在地都道府県名":"神奈川県","管理市区町村":"横浜市","管理都道府県・整備局":"神奈川県","都市計画決定":"2"}},{"type":"Feature","geometry":{"type":"Point","coordinates":[139.604440912,35.452569286]},"properties":{"供用済面積":"9000","供用開始年":"1988","公園名":"西久保町公園","公園種別":"近隣公園","所在地市区町村名":"横浜市","所在地都道府県名":"神奈川県","管理市区町村":"横浜市","管理都道府県・整備局":"神奈川県","都市計画決定":"1"}},{"type":"Feature","geometry":{"type":"Point","coordinates":[139.572135488,35.461626267]},"properties":{"供用済面積":"9556","供用開始年":"1994","公園名":"仏向行坐谷公園","公園種別":"近隣公園","所在地市区町村名":"横浜市","所在地都道府県名":"神奈川県","管理市区町村":"横浜市","管理都道府県・整備局":"神奈川県","都市計画決定":"2"}},{"type":"Feature","geometry":{"type":"Point","coordinates":[139.571186261,35.460797008]},"properties":{"供用済面積":"9950","供用開始年":"2006","公園名":"仏向倉沢北公園","公園種別":"近隣公園","所在地市区町村名":"横浜市","所在地都道府県名":"神奈川県","管理市区町村":"横浜市","管理都道府県・整備局":"神奈川県","都市計画決定":"2"}},{"type":"Feature","geometry":{"type":"Point","coordinates":[139.575900772,35.461263467]},"properties":{"供用済面積":"24997","供用開始年":"1996","公園名":"仏向矢シ塚公園","公園種別":"近隣公園","所在地市区町村名":"横浜市","所在地都道府県名":"神奈川県","管理市区町村":"横浜市","管理都道府県・整備局":"神奈川県","都市計画決定":"1"}},{"type":"Feature","geometry":{"type":"Point","coordinates":[139.551301997,35.492980339]},"properties":{"供用済面積":"668","供用開始年":"1976","公園名":"新井町西公園","公園種別":"街区公園","所在地市区町村名":"横浜市","所在地都道府県名":"神奈川県","管理市区町村":"横浜市","管理都道府県・整備局":"神奈川県","都市計画決定":"2"}},{"type":"Feature","geometry":{"type":"Point","coordinates":[139.559637501,35.490313114]},"properties":{"供用済面積":"1801","供用開始年":"1974","公園名":"新井町第一公園","公園種別":"街区公園","所在地市区町村名":"横浜市","所在地都道府県名":"神奈川県","管理市区町村":"横浜市","管理都道府県・整備局":"神奈川県","都市計画決定":"2"}},{"type":"Feature","geometry":{"type":"Point","coordinates":[139.557346382,35.490875533]},"properties":{"供用済面積":"366","供用開始年":"1973","公園名":"新井町第二公園","公園種別":"街区公園","所在地市区町村名":"横浜市","所在地都道府県名":"神奈川県","管理市区町村":"横浜市","管理都道府県・整備局":"神奈川県","都市計画決定":"2"}},{"type":"Feature","geometry":{"type":"Point","coordinates":[139.554538719,35.489677294]},"properties":{"供用済面積":"169","供用開始年":"1978","公園名":"新井町第三公園","公園種別":"街区公園","所在地市区町村名":"横浜市","所在地都道府県名":"神奈川県","管理市区町村":"横浜市","管理都道府県・整備局":"神奈川県","都市計画決定":"2"}},{"type":"Feature","geometry":{"type":"Point","coordinates":[139.551909038,35.49298054]},"properties":{"供用済面積":"256","供用開始年":"1978","公園名":"新井町第四公園","公園種別":"街区公園","所在地市区町村名":"横浜市","所在地都道府県名":"神奈川県","管理市区町村":"横浜市","管理都道府県・整備局":"神奈川県","都市計画決定":"2"}},{"type":"Feature","geometry":{"type":"Point","coordinates":[139.551731086,35.49268908]},"properties":{"供用済面積":"781","供用開始年":"1985","公園名":"新井町第五公園","公園種別":"街区公園","所在地市区町村名":"横浜市","所在地都道府県名":"神奈川県","管理市区町村":"横浜市","管理都道府県・整備局":"神奈川県","都市計画決定":"2"}},{"type":"Feature","geometry":{"type":"Point","coordinates":[139.559303558,35.453795024]},"properties":{"供用済面積":"447","供用開始年":"1992","公園名":"今井町大久保公園","公園種別":"街区公園","所在地市区町村名":"横浜市","所在地都道府県名":"神奈川県","管理市区町村":"横浜市","管理都道府県・整備局":"神奈川県","都市計画決定":"2"}},{"type":"Feature","geometry":{"type":"Point","coordinates":[139.560632914,35.451746948]},"properties":{"供用済面積":"3000","供用開始年":"1993","公園名":"今井町大久保第二公園","公園種別":"街区公園","所在地市区町村名":"横浜市","所在地都道府県名":"神奈川県","管理市区町村":"横浜市","管理都道府県・整備局":"神奈川県","都市計画決定":"2"}},{"type":"Feature","geometry":{"type":"Point","coordinates":[139.5565908,35.453163396]},"properties":{"供用済面積":"1309","供用開始年":"1980","公園名":"今井町公園","公園種別":"街区公園","所在地市区町村名":"横浜市","所在地都道府県名":"神奈川県","管理市区町村":"横浜市","管理都道府県・整備局":"神奈川県","都市計画決定":"2"}},{"type":"Feature","geometry":{"type":"Point","coordinates":[139.55705648,35.453072197]},"properties":{"供用済面積":"487","供用開始年":"1998","公園名":"今井町第二公園","公園種別":"街区公園","所在地市区町村名":"横浜市","所在地都道府県名":"神奈川県","管理市区町村":"横浜市","管理都道府県・整備局":"神奈川県","都市計画決定":"2"}},{"type":"Feature","geometry":{"type":"Point","coordinates":[139.600367058,35.444075961]},"properties":{"供用済面積":"3003","供用開始年":"1956","公園名":"岩井町公園","公園種別":"街区公園","所在地市区町村名":"横浜市","所在地都道府県名":"神奈川県","管理市区町村":"横浜市","管理都道府県・整備局":"神奈川県","都市計画決定":"1"}},{"type":"Feature","geometry":{"type":"Point","coordinates":[139.602127062,35.440561367]},"properties":{"供用済面積":"1500","供用開始年":"1972","公園名":"岩井町第二公園","公園種別":"街区公園","所在地市区町村名":"横浜市","所在地都道府県名":"神奈川県","管理市区町村":"横浜市","管理都道府県・整備局":"神奈川県","都市計画決定":"2"}},{"type":"Feature","geometry":{"type":"Point","coordinates":[139.59803351,35.441338797]},"properties":{"供用済面積":"2963","供用開始年":"1961","公園名":"岩井町第三公園","公園種別":"街区公園","所在地市区町村名":"横浜市","所在地都道府県名":"神奈川県","管理市区町村":"横浜市","管理都道府県・整備局":"神奈川県","都市計画決定":"2"}},{"type":"Feature","geometry":{"type":"Point","coordinates":[139.596861672,35.44083041]},"properties":{"供用済面積":"364","供用開始年":"1977","公園名":"岩井町第四公園","公園種別":"街区公園","所在地市区町村名":"横浜市","所在地都道府県名":"神奈川県","管理市区町村":"横浜市","管理都道府県・整備局":"神奈川県","都市計画決定":"2"}},{"type":"Feature","geometry":{"type":"Point","coordinates":[139.59961899,35.444452011]},"properties":{"供用済面積":"1049","供用開始年":"1980","公園名":"岩井町第五公園","公園種別":"街区公園","所在地市区町村名":"横浜市","所在地都道府県名":"神奈川県","管理市区町村":"横浜市","管理都道府県・整備局":"神奈川県","都市計画決定":"1"}},{"type":"Feature","geometry":{"type":"Point","coordinates":[139.601241715,35.4445704]},"properties":{"供用済面積":"440","供用開始年":"1985","公園名":"岩井町第六公園","公園種別":"街区公園","所在地市区町村名":"横浜市","所在地都道府県名":"神奈川県","管理市区町村":"横浜市","管理都道府県・整備局":"神奈川県","都市計画決定":"2"}},{"type":"Feature","geometry":{"type":"Point","coordinates":[139.58575051,35.447886634]},"properties":{"供用済面積":"775","供用開始年":"1991","公園名":"岩崎町第一公園","公園種別":"街区公園","所在地市区町村名":"横浜市","所在地都道府県名":"神奈川県","管理市区町村":"横浜市","管理都道府県・整備局":"神奈川県","都市計画決定":"2"}},{"type":"Feature","geometry":{"type":"Point","coordinates":[139.58510171,35.448120404]},"properties":{"供用済面積":"151","供用開始年":"1985","公園名":"岩崎町第二公園","公園種別":"街区公園","所在地市区町村名":"横浜市","所在地都道府県名":"神奈川県","管理市区町村":"横浜市","管理都道府県・整備局":"神奈川県","都市計画決定":"2"}},{"type":"Feature","geometry":{"type":"Point","coordinates":[139.603791006,35.453374005]},"properties":{"供用済面積":"1497","供用開始年":"1969","公園名":"岩間町公園","公園種別":"街区公園","所在地市区町村名":"横浜市","所在地都道府県名":"神奈川県","管理市区町村":"横浜市","管理都道府県・整備局":"神奈川県","都市計画決定":"1"}},{"type":"Feature","geometry":{"type":"Point","coordinates":[139.594559604,35.475977457]},"properties":{"供用済面積":"4699","供用開始年":"1978","公園名":"桜美林公園","公園種別":"街区公園","所在地市区町村名":"横浜市","所在地都道府県名":"神奈川県","管理市区町村":"横浜市","管理都道府県・整備局":"神奈川県","都市計画決定":"2"}},{"type":"Feature","geometry":{"type":"Point","coordinates":[139.59257233,35.448632949]},"properties":{"供用済面積":"1601","供用開始年":"1966","公園名":"霞台公園","公園種別":"街区公園","所在地市区町村名":"横浜市","所在地都道府県名":"神奈川県","管理市区町村":"横浜市","管理都道府県・整備局":"神奈川県","都市計画決定":"2"}},{"type":"Feature","geometry":{"type":"Point","coordinates":[139.594834138,35.446605601]},"properties":{"供用済面積":"217","供用開始年":"2000","公園名":"霞台第二公園","公園種別":"街区公園","所在地市区町村名":"横浜市","所在地都道府県名":"神奈川県","管理市区町村":"横浜市","管理都道府県・整備局":"神奈川県","都市計画決定":"2"}},{"type":"Feature","geometry":{"type":"Point","coordinates":[139.601609052,35.453556616]},"properties":{"供用済面積":"3365","供用開始年":"1968","公園名":"帷子公園","公園種別":"街区公園","所在地市区町村名":"横浜市","所在地都道府県名":"神奈川県","管理市区町村":"横浜市","管理都道府県・整備局":"神奈川県","都市計画決定":"1"}},{"type":"Feature","geometry":{"type":"Point","coordinates":[139.599900458,35.455961443]},"properties":{"供用済面積":"7143","供用開始年":"1979","公園名":"帷子川公園","公園種別":"街区公園","所在地市区町村名":"横浜市","所在地都道府県名":"神奈川県","管理市区町村":"横浜市","管理都道府県・整備局":"神奈川県","都市計画決定":"2"}},{"type":"Feature","geometry":{"type":"Point","coordinates":[139.583054857,35.467861173]},"properties":{"供用済面積":"3600","供用開始年":"1988","公園名":"釜台公園","公園種別":"街区公園","所在地市区町村名":"横浜市","所在地都道府県名":"神奈川県","管理市区町村":"横浜市","管理都道府県・整備局":"神奈川県","都市計画決定":"2"}},{"type":"Feature","geometry":{"type":"Point","coordinates":[139.599976457,35.464523442]},"properties":{"供用済面積":"5500","供用開始年":"1996","公園名":"鎌谷町公園","公園種別":"街区公園","所在地市区町村名":"横浜市","所在地都道府県名":"神奈川県","管理市区町村":"横浜市","管理都道府県・整備局":"神奈川県","都市計画決定":"2"}},{"type":"Feature","geometry":{"type":"Point","coordinates":[139.568563445,35.491308212]},"properties":{"供用済面積":"820","供用開始年":"1974","公園名":"上菅田第二公園","公園種別":"街区公園","所在地市区町村名":"横浜市","所在地都道府県名":"神奈川県","管理市区町村":"横浜市","管理都道府県・整備局":"神奈川県","都市計画決定":"2"}},{"type":"Feature","geometry":{"type":"Point","coordinates":[139.564133658,35.485886989]},"properties":{"供用済面積":"1158","供用開始年":"1982","公園名":"上菅田第三公園","公園種別":"街区公園","所在地市区町村名":"横浜市","所在地都道府県名":"神奈川県","管理市区町村":"横浜市","管理都道府県・整備局":"神奈川県","都市計画決定":"2"}},{"type":"Feature","geometry":{"type":"Point","coordinates":[139.567436978,35.485047371]},"properties":{"供用済面積":"1650","供用開始年":"1990","公園名":"上菅田第四公園","公園種別":"街区公園","所在地市区町村名":"横浜市","所在地都道府県名":"神奈川県","管理市区町村":"横浜市","管理都道府県・整備局":"神奈川県","都市計画決定":"2"}},{"type":"Feature","geometry":{"type":"Point","coordinates":[139.572107187,35.483658382]},"properties":{"供用済面積":"3961","供用開始年":"1999","公園名":"上菅田みはらし公園","公園種別":"街区公園","所在地市区町村名":"横浜市","所在地都道府県名":"神奈川県","管理市区町村":"横浜市","管理都道府県・整備局":"神奈川県","都市計画決定":"2"}},{"type":"Feature","geometry":{"type":"Point","coordinates":[139.568791183,35.481305385]},"properties":{"供用済面積":"2060","供用開始年":"1992","公園名":"上菅田山崎公園","公園種別":"街区公園","所在地市区町村名":"横浜市","所在地都道府県名":"神奈川県","管理市区町村":"横浜市","管理都道府県・整備局":"神奈川県","都市計画決定":"2"}},{"type":"Feature","geometry":{"type":"Point","coordinates":[139.57640187,35.470090372]},"properties":{"供用済面積":"425","供用開始年":"1974","公園名":"上星川公園","公園種別":"街区公園","所在地市区町村名":"横浜市","所在地都道府県名":"神奈川県","管理市区町村":"横浜市","管理都道府県・整備局":"神奈川県","都市計画決定":"2"}},{"type":"Feature","geometry":{"type":"Point","coordinates":[139.579763995,35.443761123]},"properties":{"供用済面積":"2395","供用開始年":"1978","公園名":"狩場町第一公園","公園種別":"街区公園","所在地市区町村名":"横浜市","所在地都道府県名":"神奈川県","管理市区町村":"横浜市","管理都道府県・整備局":"神奈川県","都市計画決定":"2"}},{"type":"Feature","geometry":{"type":"Point","coordinates":[139.580903066,35.442413586]},"properties":{"供用済面積":"3521","供用開始年":"1984","公園名":"狩場町第二公園","公園種別":"街区公園","所在地市区町村名":"横浜市","所在地都道府県名":"神奈川県","管理市区町村":"横浜市","管理都道府県・整備局":"神奈川県","都市計画決定":"2"}},{"type":"Feature","geometry":{"type":"Point","coordinates":[139.582826811,35.439210611]},"properties":{"供用済面積":"1743","供用開始年":"1987","公園名":"狩場町第三公園","公園種別":"街区公園","所在地市区町村名":"横浜市","所在地都道府県名":"神奈川県","管理市区町村":"横浜市","管理都道府県・整備局":"神奈川県","都市計画決定":"2"}},{"type":"Feature","geometry":{"type":"Point","coordinates":[139.579143805,35.44040266]},"properties":{"供用済面積":"3254","供用開始年":"1997","公園名":"狩場町第五公園","公園種別":"街区公園","所在地市区町村名":"横浜市","所在地都道府県名":"神奈川県","管理市区町村":"横浜市","管理都道府県・整備局":"神奈川県","都市計画決定":"2"}},{"type":"Feature","geometry":{"type":"Point","coordinates":[139.582430557,35.437662244]},"properties":{"供用済面積":"300","供用開始年":"1994","公園名":"狩場町第四公園","公園種別":"街区公園","所在地市区町村名":"横浜市","所在地都道府県名":"神奈川県","管理市区町村":"横浜市","管理都道府県・整備局":"神奈川県","都市計画決定":"2"}},{"type":"Feature","geometry":{"type":"Point","coordinates":[139.582966049,35.441180077]},"properties":{"供用済面積":"1227","供用開始年":"1988","公園名":"狩場町東公園","公園種別":"街区公園","所在地市区町村名":"横浜市","所在地都道府県名":"神奈川県","管理市区町村":"横浜市","管理都道府県・整備局":"神奈川県","都市計画決定":"2"}},{"type":"Feature","geometry":{"type":"Point","coordinates":[139.573271452,35.467031928]},"properties":{"供用済面積":"3540","供用開始年":"1976","公園名":"川島町第二公園","公園種別":"街区公園","所在地市区町村名":"横浜市","所在地都道府県名":"神奈川県","管理市区町村":"横浜市","管理都道府県・整備局":"神奈川県","都市計画決定":"2"}},{"type":"Feature","geometry":{"type":"Point","coordinates":[139.575005374,35.466928277]},"properties":{"供用済面積":"580","供用開始年":"1984","公園名":"川島町第三公園","公園種別":"街区公園","所在地市区町村名":"横浜市","所在地都道府県名":"神奈川県","管理市区町村":"横浜市","管理都道府県・整備局":"神奈川県","都市計画決定":"2"}},{"type":"Feature","geometry":{"type":"Point","coordinates":[139.597321819,35.458000382]},"properties":{"供用済面積":"8570","供用開始年":"1963","公園名":"川辺公園","公園種別":"街区公園","所在地市区町村名":"横浜市","所在地都道府県名":"神奈川県","管理市区町村":"横浜市","管理都道府県・整備局":"神奈川県","都市計画決定":"1"}},{"type":"Feature","geometry":{"type":"Point","coordinates":[139.5628806,35.475502715]},"properties":{"供用済面積":"824","供用開始年":"1965","公園名":"北原公園","公園種別":"街区公園","所在地市区町村名":"横浜市","所在地都道府県名":"神奈川県","管理市区町村":"横浜市","管理都道府県・整備局":"神奈川県","都市計画決定":"2"}},{"type":"Feature","geometry":{"type":"Point","coordinates":[139.598622119,35.45163898]},"properties":{"供用済面積":"1201","供用開始年":"1971","公園名":"神戸町公園","公園種別":"街区公園","所在地市区町村名":"横浜市","所在地都道府県名":"神奈川県","管理市区町村":"横浜市","管理都道府県・整備局":"神奈川県","都市計画決定":"1"}},{"type":"Feature","geometry":{"type":"Point","coordinates":[139.596875564,35.455225487]},"properties":{"供用済面積":"2500","供用開始年":"1989","公園名":"神戸町第二公園","公園種別":"街区公園","所在地市区町村名":"横浜市","所在地都道府県名":"神奈川県","管理市区町村":"横浜市","管理都道府県・整備局":"神奈川県","都市計画決定":"2"}},{"type":"Feature","geometry":{"type":"Point","coordinates":[139.569601607,35.438780428]},"properties":{"供用済面積":"1072","供用開始年":"1970","公園名":"権太坂第一公園","公園種別":"街区公園","所在地市区町村名":"横浜市","所在地都道府県名":"神奈川県","管理市区町村":"横浜市","管理都道府県・整備局":"神奈川県","都市計画決定":"2"}},{"type":"Feature","geometry":{"type":"Point","coordinates":[139.566525374,35.441055694]},"properties":{"供用済面積":"1517","供用開始年":"1976","公園名":"権太坂第二公園","公園種別":"街区公園","所在地市区町村名":"横浜市","所在地都道府県名":"神奈川県","管理市区町村":"横浜市","管理都道府県・整備局":"神奈川県","都市計画決定":"2"}},{"type":"Feature","geometry":{"type":"Point","coordinates":[139.574460897,35.435738132]},"properties":{"供用済面積":"2797","供用開始年":"1986","公園名":"権太坂三丁目公園","公園種別":"街区公園","所在地市区町村名":"横浜市","所在地都道府県名":"神奈川県","管理市区町村":"横浜市","管理都道府県・整備局":"神奈川県","都市計画決定":"2"}},{"type":"Feature","geometry":{"type":"Point","coordinates":[139.575306225,35.435340912]},"properties":{"供用済面積":"557","供用開始年":"1977","公園名":"権太坂南公園","公園種別":"街区公園","所在地市区町村名":"横浜市","所在地都道府県名":"神奈川県","管理市区町村":"横浜市","管理都道府県・整備局":"神奈川県","都市計画決定":"2"}},{"type":"Feature","geometry":{"type":"Point","coordinates":[139.56620893,35.437251522]},"properties":{"供用済面積":"2679","供用開始年":"1978","公園名":"境木第一公園","公園種別":"街区公園","所在地市区町村名":"横浜市","所在地都道府県名":"神奈川県","管理市区町村":"横浜市","管理都道府県・整備局":"神奈川県","都市計画決定":"1"}},{"type":"Feature","geometry":{"type":"Point","coordinates":[139.563905468,35.437324083]},"properties":{"供用済面積":"2601","供用開始年":"1985","公園名":"境木第二公園","公園種別":"街区公園","所在地市区町村名":"横浜市","所在地都道府県名":"神奈川県","管理市区町村":"横浜市","管理都道府県・整備局":"神奈川県","都市計画決定":"2"}},{"type":"Feature","geometry":{"type":"Point","coordinates":[139.563867538,35.441895314]},"properties":{"供用済面積":"915","供用開始年":"1974","公園名":"境木第三公園","公園種別":"街区公園","所在地市区町村名":"横浜市","所在地都道府県名":"神奈川県","管理市区町村":"横浜市","管理都道府県・整備局":"神奈川県","都市計画決定":"2"}},{"type":"Feature","geometry":{"type":"Point","coordinates":[139.566435685,35.442346372]},"properties":{"供用済面積":"150","供用開始年":"1975","公園名":"境木第四公園","公園種別":"街区公園","所在地市区町村名":"横浜市","所在地都道府県名":"神奈川県","管理市区町村":"横浜市","管理都道府県・整備局":"神奈川県","都市計画決定":"2"}},{"type":"Feature","geometry":{"type":"Point","coordinates":[139.562260136,35.437241154]},"properties":{"供用済面積":"3397","供用開始年":"1985","公園名":"境木第五公園","公園種別":"街区公園","所在地市区町村名":"横浜市","所在地都道府県名":"神奈川県","管理市区町村":"横浜市","管理都道府県・整備局":"神奈川県","都市計画決定":"2"}},{"type":"Feature","geometry":{"type":"Point","coordinates":[139.56358937,35.476578664]},"properties":{"供用済面積":"7059","供用開始年":"1987","公園名":"逆田橋公園","公園種別":"街区公園","所在地市区町村名":"横浜市","所在地都道府県名":"神奈川県","管理市区町村":"横浜市","管理都道府県・整備局":"神奈川県","都市計画決定":"2"}},{"type":"Feature","geometry":{"type":"Point","coordinates":[139.563070543,35.488312546]},"properties":{"供用済面積":"2284","供用開始年":"2006","公園名":"笹山西公園","公園種別":"街区公園","所在地市区町村名":"横浜市","所在地都道府県名":"神奈川県","管理市区町村":"横浜市","管理都道府県・整備局":"神奈川県","都市計画決定":"2"}},{"type":"Feature","geometry":{"type":"Point","coordinates":[139.567361064,35.488644245]},"properties":{"供用済面積":"1618","供用開始年":"2006","公園名":"笹山東公園","公園種別":"街区公園","所在地市区町村名":"横浜市","所在地都道府県名":"神奈川県","管理市区町村":"横浜市","管理都道府県・整備局":"神奈川県","都市計画決定":"2"}},{"type":"Feature","geometry":{"type":"Point","coordinates":[139.566373713,35.468628236]},"properties":{"供用済面積":"2705","供用開始年":"2005","公園名":"陣ヶ下渓谷ひろば公園","公園種別":"街区公園","所在地市区町村名":"横浜市","所在地都道府県名":"神奈川県","管理市区町村":"横浜市","管理都道府県・整備局":"神奈川県","都市計画決定":"2"}},{"type":"Feature","geometry":{"type":"Point","coordinates":[139.566829192,35.44934819]},"properties":{"供用済面積":"1132","供用開始年":"1976","公園名":"新桜ケ丘第一公園","公園種別":"街区公園","所在地市区町村名":"横浜市","所在地都道府県名":"神奈川県","管理市区町村":"横浜市","管理都道府県・整備局":"神奈川県","都市計画決定":"1"}},{"type":"Feature","geometry":{"type":"Point","coordinates":[139.564032126,35.448943933]},"properties":{"供用済面積":"1919","供用開始年":"1976","公園名":"新桜ケ丘第二公園","公園種別":"街区公園","所在地市区町村名":"横浜市","所在地都道府県名":"神奈川県","管理市区町村":"横浜市","管理都道府県・整備局":"神奈川県","都市計画決定":"1"}},{"type":"Feature","geometry":{"type":"Point","coordinates":[139.561716018,35.45093413]},"properties":{"供用済面積":"2070","供用開始年":"1976","公園名":"新桜ケ丘第三公園","公園種別":"街区公園","所在地市区町村名":"横浜市","所在地都道府県名":"神奈川県","管理市区町村":"横浜市","管理都道府県・整備局":"神奈川県","都市計画決定":"1"}},{"type":"Feature","geometry":{"type":"Point","coordinates":[139.568297364,35.451825575]},"properties":{"供用済面積":"960","供用開始年":"1977","公園名":"新桜ケ丘第四公園","公園種別":"街区公園","所在地市区町村名":"横浜市","所在地都道府県名":"神奈川県","管理市区町村":"横浜市","管理都道府県・整備局":"神奈川県","都市計画決定":"1"}},{"type":"Feature","geometry":{"type":"Point","coordinates":[139.564943436,35.45511147]},"properties":{"供用済面積":"7818","供用開始年":"1978","公園名":"新桜ケ丘第五公園","公園種別":"街区公園","所在地市区町村名":"横浜市","所在地都道府県名":"神奈川県","管理市区町村":"横浜市","管理都道府県・整備局":"神奈川県","都市計画決定":"1"}},{"type":"Feature","geometry":{"type":"Point","coordinates":[139.562905245,35.452896026]},"properties":{"供用済面積":"888","供用開始年":"1978","公園名":"新桜ケ丘第六公園","公園種別":"街区公園","所在地市区町村名":"横浜市","所在地都道府県名":"神奈川県","管理市区町村":"横浜市","管理都道府県・整備局":"神奈川県","都市計画決定":"2"}},{"type":"Feature","geometry":{"type":"Point","coordinates":[139.567209026,35.466181951]},"properties":{"供用済面積":"2034","供用開始年":"1987","公園名":"水道みち向台公園","公園種別":"街区公園","所在地市区町村名":"横浜市","所在地都道府県名":"神奈川県","管理市区町村":"横浜市","管理都道府県・整備局":"神奈川県","都市計画決定":"2"}},{"type":"Feature","geometry":{"type":"Point","coordinates":[139.591990073,35.44201969]},"properties":{"供用済面積":"243","供用開始年":"1993","公園名":"瀬戸ヶ谷紫陽花公園","公園種別":"街区公園","所在地市区町村名":"横浜市","所在地都道府県名":"神奈川県","管理市区町村":"横浜市","管理都道府県・整備局":"神奈川県","都市計画決定":"2"}},{"type":"Feature","geometry":{"type":"Point","coordinates":[139.590192874,35.442506871]},"properties":{"供用済面積":"304","供用開始年":"1993","公園名":"瀬戸ヶ谷菫公園","公園種別":"街区公園","所在地市区町村名":"横浜市","所在地都道府県名":"神奈川県","管理市区町村":"横浜市","管理都道府県・整備局":"神奈川県","都市計画決定":"2"}},{"type":"Feature","geometry":{"type":"Point","coordinates":[139.587636276,35.442247733]},"properties":{"供用済面積":"2731","供用開始年":"1976","公園名":"瀬戸ケ谷町公園","公園種別":"街区公園","所在地市区町村名":"横浜市","所在地都道府県名":"神奈川県","管理市区町村":"横浜市","管理都道府県・整備局":"神奈川県","都市計画決定":"2"}},{"type":"Feature","geometry":{"type":"Point","coordinates":[139.589724601,35.444621457]},"properties":{"供用済面積":"1401","供用開始年":"1988","公園名":"瀬戸ケ谷町第三公園","公園種別":"街区公園","所在地市区町村名":"横浜市","所在地都道府県名":"神奈川県","管理市区町村":"横浜市","管理都道府県・整備局":"神奈川県","都市計画決定":"2"}},{"type":"Feature","geometry":{"type":"Point","coordinates":[139.587049405,35.444574429]},"properties":{"供用済面積":"556","供用開始年":"1995","公園名":"瀬戸ケ谷町第四公園","公園種別":"街区公園","所在地市区町村名":"横浜市","所在地都道府県名":"神奈川県","管理市区町村":"横浜市","管理都道府県・整備局":"神奈川県","都市計画決定":"2"}},{"type":"Feature","geometry":{"type":"Point","coordinates":[139.588863957,35.44330503]},"properties":{"供用済面積":"1524","供用開始年":"1997","公園名":"瀬戸ヶ谷町第五公園","公園種別":"街区公園","所在地市区町村名":"横浜市","所在地都道府県名":"神奈川県","管理市区町村":"横浜市","管理都道府県・整備局":"神奈川県","都市計画決定":"2"}},{"type":"Feature","geometry":{"type":"Point","coordinates":[139.595419968,35.442952597]},"properties":{"供用済面積":"1323","供用開始年":"1996","公園名":"瀬戸ケ谷町第二公園","公園種別":"街区公園","所在地市区町村名":"横浜市","所在地都道府県名":"神奈川県","管理市区町村":"横浜市","管理都道府県・整備局":"神奈川県","都市計画決定":"2"}},{"type":"Feature","geometry":{"type":"Point","coordinates":[139.593420239,35.441200801]},"properties":{"供用済面積":"539","供用開始年":"1993","公園名":"瀬戸ケ谷つつじ公園","公園種別":"街区公園","所在地市区町村名":"横浜市","所在地都道府県名":"神奈川県","管理市区町村":"横浜市","管理都道府県・整備局":"神奈川県","都市計画決定":"2"}},{"type":"Feature","geometry":{"type":"Point","coordinates":[139.595002287,35.44070325]},"properties":{"供用済面積":"927","供用開始年":"1993","公園名":"瀬戸ケ谷弥生公園","公園種別":"街区公園","所在地市区町村名":"横浜市","所在地都道府県名":"神奈川県","管理市区町村":"横浜市","管理都道府県・整備局":"神奈川県","都市計画決定":"2"}},{"type":"Feature","geometry":{"type":"Point","coordinates":[139.597324666,35.449237825]},"properties":{"供用済面積":"502","供用開始年":"1986","公園名":"月見台公園","公園種別":"街区公園","所在地市区町村名":"横浜市","所在地都道府県名":"神奈川県","管理市区町村":"横浜市","管理都道府県・整備局":"神奈川県","都市計画決定":"2"}},{"type":"Feature","geometry":{"type":"Point","coordinates":[139.603456913,35.456780321]},"properties":{"供用済面積":"2442","供用開始年":"1952","公園名":"天王町公園","公園種別":"街区公園","所在地市区町村名":"横浜市","所在地都道府県名":"神奈川県","管理市区町村":"横浜市","管理都道府県・整備局":"神奈川県","都市計画決定":"1"}},{"type":"Feature","geometry":{"type":"Point","coordinates":[139.602664781,35.453103266]},"properties":{"供用済面積":"667","供用開始年":"1983","公園名":"天王町駅前公園","公園種別":"街区公園","所在地市区町村名":"横浜市","所在地都道府県名":"神奈川県","管理市区町村":"横浜市","管理都道府県・整備局":"神奈川県","都市計画決定":"1"}},{"type":"Feature","geometry":{"type":"Point","coordinates":[139.600875019,35.45814859]},"properties":{"供用済面積":"2147","供用開始年":"1953","公園名":"天王北公園","公園種別":"街区公園","所在地市区町村名":"横浜市","所在地都道府県名":"神奈川県","管理市区町村":"横浜市","管理都道府県・整備局":"神奈川県","都市計画決定":"1"}},{"type":"Feature","geometry":{"type":"Point","coordinates":[139.601874848,35.455308404]},"properties":{"供用済面積":"4958","供用開始年":"1979","公園名":"天王町南公園","公園種別":"街区公園","所在地市区町村名":"横浜市","所在地都道府県名":"神奈川県","管理市区町村":"横浜市","管理都道府県・整備局":"神奈川県","都市計画決定":"2"}},{"type":"Feature","geometry":{"type":"Point","coordinates":[139.584181069,35.442092254]},"properties":{"供用済面積":"3505","供用開始年":"1989","公園名":"東伸ふれあい公園","公園種別":"街区公園","所在地市区町村名":"横浜市","所在地都道府県名":"神奈川県","管理市区町村":"横浜市","管理都道府県・整備局":"神奈川県","都市計画決定":"2"}},{"type":"Feature","geometry":{"type":"Point","coordinates":[139.593376761,35.474637819]},"properties":{"供用済面積":"1948","供用開始年":"2002","公園名":"常盤台第一公園","公園種別":"街区公園","所在地市区町村名":"横浜市","所在地都道府県名":"神奈川県","管理市区町村":"横浜市","管理都道府県・整備局":"神奈川県","都市計画決定":"2"}},{"type":"Feature","geometry":{"type":"Point","coordinates":[139.595242981,35.467726419]},"properties":{"供用済面積":"1206","供用開始年":"1974","公園名":"常盤台南公園","公園種別":"街区公園","所在地市区町村名":"横浜市","所在地都道府県名":"神奈川県","管理市区町村":"横浜市","管理都道府県・整備局":"神奈川県","都市計画決定":"2"}},{"type":"Feature","geometry":{"type":"Point","coordinates":[139.570398533,35.47824753]},"properties":{"供用済面積":"979","供用開始年":"1997","公園名":"西谷梅の木公園","公園種別":"街区公園","所在地市区町村名":"横浜市","所在地都道府県名":"神奈川県","管理市区町村":"横浜市","管理都道府県・整備局":"神奈川県","都市計画決定":"2"}},{"type":"Feature","geometry":{"type":"Point","coordinates":[139.568921904,35.476080364]},"properties":{"供用済面積":"786","供用開始年":"1996","公園名":"西谷町第三公園","公園種別":"街区公園","所在地市区町村名":"横浜市","所在地都道府県名":"神奈川県","管理市区町村":"横浜市","管理都道府県・整備局":"神奈川県","都市計画決定":"2"}},{"type":"Feature","geometry":{"type":"Point","coordinates":[139.564285466,35.475967095]},"properties":{"供用済面積":"477","供用開始年":"1984","公園名":"西谷町公園","公園種別":"街区公園","所在地市区町村名":"横浜市","所在地都道府県名":"神奈川県","管理市区町村":"横浜市","管理都道府県・整備局":"神奈川県","都市計画決定":"2"}},{"type":"Feature","geometry":{"type":"Point","coordinates":[139.574005622,35.480020047]},"properties":{"供用済面積":"1692","供用開始年":"1993","公園名":"西谷町第二公園","公園種別":"街区公園","所在地市区町村名":"横浜市","所在地都道府県名":"神奈川県","管理市区町村":"横浜市","管理都道府県・整備局":"神奈川県","都市計画決定":"2"}},{"type":"Feature","geometry":{"type":"Point","coordinates":[139.579599512,35.449462205]},"properties":{"供用済面積":"785","供用開始年":"1972","公園名":"初音ヶ丘公園","公園種別":"街区公園","所在地市区町村名":"横浜市","所在地都道府県名":"神奈川県","管理市区町村":"横浜市","管理都道府県・整備局":"神奈川県","都市計画決定":"2"}},{"type":"Feature","geometry":{"type":"Point","coordinates":[139.577651712,35.449830405]},"properties":{"供用済面積":"404","供用開始年":"1975","公園名":"初音ヶ丘第二公園","公園種別":"街区公園","所在地市区町村名":"横浜市","所在地都道府県名":"神奈川県","管理市区町村":"横浜市","管理都道府県・整備局":"神奈川県","都市計画決定":"2"}},{"type":"Feature","geometry":{"type":"Point","coordinates":[139.58028295,35.449068315]},"properties":{"供用済面積":"1164","供用開始年":"1992","公園名":"初音ケ丘第三公園","公園種別":"街区公園","所在地市区町村名":"横浜市","所在地都道府県名":"神奈川県","管理市区町村":"横浜市","管理都道府県・整備局":"神奈川県","都市計画決定":"2"}},{"type":"Feature","geometry":{"type":"Point","coordinates":[139.575410478,35.479035318]},"properties":{"供用済面積":"846","供用開始年":"1985","公園名":"東川島町第一公園","公園種別":"街区公園","所在地市区町村名":"横浜市","所在地都道府県名":"神奈川県","管理市区町村":"横浜市","管理都道府県・整備局":"神奈川県","都市計画決定":"2"}},{"type":"Feature","geometry":{"type":"Point","coordinates":[139.576420148,35.478886699]},"properties":{"供用済面積":"246","供用開始年":"1990","公園名":"東川島町第二公園","公園種別":"街区公園","所在地市区町村名":"横浜市","所在地都道府県名":"神奈川県","管理市区町村":"横浜市","管理都道府県・整備局":"神奈川県","都市計画決定":"2"}},{"type":"Feature","geometry":{"type":"Point","coordinates":[139.575157114,35.449389647]},"properties":{"供用済面積":"3058","供用開始年":"1987","公園名":"藤塚第二公園","公園種別":"街区公園","所在地市区町村名":"横浜市","所在地都道府県名":"神奈川県","管理市区町村":"横浜市","管理都道府県・整備局":"神奈川県","都市計画決定":"2"}},{"type":"Feature","geometry":{"type":"Point","coordinates":[139.602532863,35.441687984]},"properties":{"供用済面積":"3735","供用開始年":"1965","公園名":"富士見台公園","公園種別":"街区公園","所在地市区町村名":"横浜市","所在地都道府県名":"神奈川県","管理市区町村":"横浜市","管理都道府県・整備局":"神奈川県","都市計画決定":"1"}},{"type":"Feature","geometry":{"type":"Point","coordinates":[139.572689198,35.460035139]},"properties":{"供用済面積":"739","供用開始年":"1989","公園名":"仏向倉沢公園","公園種別":"街区公園","所在地市区町村名":"横浜市","所在地都道府県名":"神奈川県","管理市区町村":"横浜市","管理都道府県・整備局":"神奈川県","都市計画決定":"2"}},{"type":"Feature","geometry":{"type":"Point","coordinates":[139.576650609,35.454530997]},"properties":{"供用済面積":"337","供用開始年":"1997","公園名":"仏向栗ノ沢公園","公園種別":"街区公園","所在地市区町村名":"横浜市","所在地都道府県名":"神奈川県","管理市区町村":"横浜市","管理都道府県・整備局":"神奈川県","都市計画決定":"2"}},{"type":"Feature","geometry":{"type":"Point","coordinates":[139.580004563,35.455577924]},"properties":{"供用済面積":"2515","供用開始年":"1993","公園名":"仏向けやき公園","公園種別":"街区公園","所在地市区町村名":"横浜市","所在地都道府県名":"神奈川県","管理市区町村":"横浜市","管理都道府県・整備局":"神奈川県","都市計画決定":"1"}},{"type":"Feature","geometry":{"type":"Point","coordinates":[139.574261825,35.464560382]},"properties":{"供用済面積":"425","供用開始年":"2001","公園名":"仏向坂本台公園","公園種別":"街区公園","所在地市区町村名":"横浜市","所在地都道府県名":"神奈川県","管理市区町村":"横浜市","管理都道府県・整備局":"神奈川県","都市計画決定":"2"}},{"type":"Feature","geometry":{"type":"Point","coordinates":[139.569474418,35.453307852]},"properties":{"供用済面積":"309","供用開始年":"1984","公園名":"仏向外野公園","公園種別":"街区公園","所在地市区町村名":"横浜市","所在地都道府県名":"神奈川県","管理市区町村":"横浜市","管理都道府県・整備局":"神奈川県","都市計画決定":"2"}},{"type":"Feature","geometry":{"type":"Point","coordinates":[139.578101969,35.454264597]},"properties":{"供用済面積":"2843","供用開始年":"1996","公園名":"仏向町第二こなら公園","公園種別":"街区公園","所在地市区町村名":"横浜市","所在地都道府県名":"神奈川県","管理市区町村":"横浜市","管理都道府県・整備局":"神奈川県","都市計画決定":"1"}},{"type":"Feature","geometry":{"type":"Point","coordinates":[139.573537133,35.454406609]},"properties":{"供用済面積":"1000","供用開始年":"1986","公園名":"仏向横谷公園","公園種別":"街区公園","所在地市区町村名":"横浜市","所在地都道府県名":"神奈川県","管理市区町村":"横浜市","管理都道府県・整備局":"神奈川県","都市計画決定":"2"}},{"type":"Feature","geometry":{"type":"Point","coordinates":[139.572786117,35.44785582]},"properties":{"供用済面積":"614","供用開始年":"1989","公園名":"法泉一丁目公園","公園種別":"街区公園","所在地市区町村名":"横浜市","所在地都道府県名":"神奈川県","管理市区町村":"横浜市","管理都道府県・整備局":"神奈川県","都市計画決定":"2"}},{"type":"Feature","geometry":{"type":"Point","coordinates":[139.569841406,35.448166511]},"properties":{"供用済面積":"1344","供用開始年":"1975","公園名":"法泉二丁目公園","公園種別":"街区公園","所在地市区町村名":"横浜市","所在地都道府県名":"神奈川県","管理市区町村":"横浜市","管理都道府県・整備局":"神奈川県","都市計画決定":"2"}},{"type":"Feature","geometry":{"type":"Point","coordinates":[139.57347379,35.446808612]},"properties":{"供用済面積":"2416","供用開始年":"1999","公園名":"法泉一丁目第二公園","公園種別":"街区公園","所在地市区町村名":"横浜市","所在地都道府県名":"神奈川県","管理市区町村":"横浜市","管理都道府県・整備局":"神奈川県","都市計画決定":"2"}},{"type":"Feature","geometry":{"type":"Point","coordinates":[139.567234164,35.444517818]},"properties":{"供用済面積":"6520","供用開始年":"2006","公園名":"法泉公園","公園種別":"街区公園","所在地市区町村名":"横浜市","所在地都道府県名":"神奈川県","管理市区町村":"横浜市","管理都道府県・整備局":"神奈川県","都市計画決定":"1"}},{"type":"Feature","geometry":{"type":"Point","coordinates":[139.594812586,35.457174225]},"properties":{"供用済面積":"1144","供用開始年":"1984","公園名":"星川一丁目公園","公園種別":"街区公園","所在地市区町村名":"横浜市","所在地都道府県名":"神奈川県","管理市区町村":"横浜市","管理都道府県・整備局":"神奈川県","都市計画決定":"1"}},{"type":"Feature","geometry":{"type":"Point","coordinates":[139.590131777,35.454850391]},"properties":{"供用済面積":"186","供用開始年":"1985","公園名":"星川一丁目第二公園","公園種別":"街区公園","所在地市区町村名":"横浜市","所在地都道府県名":"神奈川県","管理市区町村":"横浜市","管理都道府県・整備局":"神奈川県","都市計画決定":"2"}},{"type":"Feature","geometry":{"type":"Point","coordinates":[139.599261727,35.446580398]},"properties":{"供用済面積":"1000","供用開始年":"1988","公園名":"保土ケ谷駅前公園","公園種別":"街区公園","所在地市区町村名":"横浜市","所在地都道府県名":"神奈川県","管理市区町村":"横浜市","管理都道府県・整備局":"神奈川県","都市計画決定":"2"}},{"type":"Feature","geometry":{"type":"Point","coordinates":[139.563753856,35.470805013]},"properties":{"供用済面積":"802","供用開始年":"2004","公園名":"南原ふれあい公園","公園種別":"街区公園","所在地市区町村名":"横浜市","所在地都道府県名":"神奈川県","管理市区町村":"横浜市","管理都道府県・整備局":"神奈川県","都市計画決定":"2"}},{"type":"Feature","geometry":{"type":"Point","coordinates":[139.598311851,35.461700376]},"properties":{"供用済面積":"3896","供用開始年":"1958","公園名":"峰岡公園","公園種別":"街区公園","所在地市区町村名":"横浜市","所在地都道府県名":"神奈川県","管理市区町村":"横浜市","管理都道府県・整備局":"神奈川県","都市計画決定":"1"}},{"type":"Feature","geometry":{"type":"Point","coordinates":[139.594281077,35.464761854]},"properties":{"供用済面積":"1937","供用開始年":"1977","公園名":"峰岡第二公園","公園種別":"街区公園","所在地市区町村名":"横浜市","所在地都道府県名":"神奈川県","管理市区町村":"横浜市","管理都道府県・整備局":"神奈川県","都市計画決定":"1"}},{"type":"Feature","geometry":{"type":"Point","coordinates":[139.599919419,35.461055257]},"properties":{"供用済面積":"510","供用開始年":"1999","公園名":"峰岡町一丁目公園","公園種別":"街区公園","所在地市区町村名":"横浜市","所在地都道府県名":"神奈川県","管理市区町村":"横浜市","管理都道府県・整備局":"神奈川県","都市計画決定":"2"}},{"type":"Feature","geometry":{"type":"Point","coordinates":[139.591787775,35.466524012]},"properties":{"供用済面積":"7248","供用開始年":"1997","公園名":"峰岡町三丁目公園","公園種別":"街区公園","所在地市区町村名":"横浜市","所在地都道府県名":"神奈川県","管理市区町村":"横浜市","管理都道府県・整備局":"神奈川県","都市計画決定":"2"}},{"type":"Feature","geometry":{"type":"Point","coordinates":[139.592561866,35.465200373]},"properties":{"供用済面積":"153","供用開始年":"1981","公園名":"峰岡橋公園","公園種別":"街区公園","所在地市区町村名":"横浜市","所在地都道府県名":"神奈川県","管理市区町村":"横浜市","管理都道府県・整備局":"神奈川県","都市計画決定":"2"}},{"type":"Feature","geometry":{"type":"Point","coordinates":[139.596863121,35.482704739]},"properties":{"供用済面積":"1011","供用開始年":"1978","公園名":"峰沢町北公園","公園種別":"街区公園","所在地市区町村名":"横浜市","所在地都道府県名":"神奈川県","管理市区町村":"横浜市","管理都道府県・整備局":"神奈川県","都市計画決定":"2"}},{"type":"Feature","geometry":{"type":"Point","coordinates":[139.602550958,35.461337795]},"properties":{"供用済面積":"353","供用開始年":"1986","公園名":"宮田町三丁目公園","公園種別":"街区公園","所在地市区町村名":"横浜市","所在地都道府県名":"神奈川県","管理市区町村":"横浜市","管理都道府県・整備局":"神奈川県","都市計画決定":"2"}},{"type":"Feature","geometry":{"type":"Point","coordinates":[139.604051839,35.458420378]},"properties":{"供用済面積":"1944","供用開始年":"1952","公園名":"宮田町公園","公園種別":"街区公園","所在地市区町村名":"横浜市","所在地都道府県名":"神奈川県","管理市区町村":"横浜市","管理都道府県・整備局":"神奈川県","都市計画決定":"1"}},{"type":"Feature","geometry":{"type":"Point","coordinates":[139.591218155,35.456635207]},"properties":{"供用済面積":"5760","供用開始年":"2009","公園名":"明神台公園","公園種別":"街区公園","所在地市区町村名":"横浜市","所在地都道府県名":"神奈川県","管理市区町村":"横浜市","管理都道府県・整備局":"神奈川県","都市計画決定":"2"}},{"type":"Feature","geometry":{"type":"Point","coordinates":[139.603336191,35.446978015]},"properties":{"供用済面積":"1064","供用開始年":"1994","公園名":"みらいの見える丘公園","公園種別":"街区公園","所在地市区町村名":"横浜市","所在地都道府県名":"神奈川県","管理市区町村":"横浜市","管理都道府県・整備局":"神奈川県","都市計画決定":"2"}},{"type":"Feature","geometry":{"type":"Point","coordinates":[139.570145324,35.468016667]},"properties":{"供用済面積":"1012","供用開始年":"1978","公園名":"向台公園","公園種別":"街区公園","所在地市区町村名":"横浜市","所在地都道府県名":"神奈川県","管理市区町村":"横浜市","管理都道府県・整備局":"神奈川県","都市計画決定":"2"}},{"type":"Feature","geometry":{"type":"Point","coordinates":[139.57375242,35.470659902]},"properties":{"供用済面積":"1884","供用開始年":"1990","公園名":"向台第二公園","公園種別":"街区公園","所在地市区町村名":"横浜市","所在地都道府県名":"神奈川県","管理市区町村":"横浜市","管理都道府県・整備局":"神奈川県","都市計画決定":"2"}},{"type":"Feature","geometry":{"type":"Point","coordinates":[139.590069179,35.463720926]},"properties":{"供用済面積":"1447","供用開始年":"1999","公園名":"和田一丁目公園","公園種別":"街区公園","所在地市区町村名":"横浜市","所在地都道府県名":"神奈川県","管理市区町村":"横浜市","管理都道府県・整備局":"神奈川県","都市計画決定":"2"}},{"type":"Feature","geometry":{"type":"Point","coordinates":[139.588509739,35.462968598]},"properties":{"供用済面積":"865","供用開始年":"1965","公園名":"和田公園","公園種別":"街区公園","所在地市区町村名":"横浜市","所在地都道府県名":"神奈川県","管理市区町村":"横浜市","管理都道府県・整備局":"神奈川県","都市計画決定":"1"}},{"type":"Feature","geometry":{"type":"Point","coordinates":[139.586573343,35.467653861]},"properties":{"供用済面積":"1188","供用開始年":"1995","公園名":"和田二丁目公園","公園種別":"街区公園","所在地市区町村名":"横浜市","所在地都道府県名":"神奈川県","管理市区町村":"横浜市","管理都道府県・整備局":"神奈川県","都市計画決定":"2"}},{"type":"Feature","geometry":{"type":"Point","coordinates":[139.547737074,35.474988927]},"properties":{"供用済面積":"65","供用開始年":"1995","公園名":"鶴ヶ峰まちかど広場","公園種別":"広場公園","所在地市区町村名":"横浜市","所在地都道府県名":"神奈川県","管理市区町村":"横浜市","管理都道府県・整備局":"神奈川県","都市計画決定":"2"}},{"type":"Feature","geometry":{"type":"Point","coordinates":[139.550591236,35.476226234]},"properties":{"供用済面積":"15359","供用開始年":"1989","公園名":"帷子川親水緑道","公園種別":"緑道","所在地市区町村名":"横浜市","所在地都道府県名":"神奈川県","管理市区町村":"横浜市","管理都道府県・整備局":"神奈川県","都市計画決定":"2"}},{"type":"Feature","geometry":{"type":"Point","coordinates":[139.537668885,35.453618828]},"properties":{"供用済面積":"464118","供用開始年":"1972","公園名":"こども自然公園","公園種別":"広域公園","所在地市区町村名":"横浜市","所在地都道府県名":"神奈川県","管理市区町村":"横浜市","管理都道府県・整備局":"神奈川県","都市計画決定":"1"}},{"type":"Feature","geometry":{"type":"Point","coordinates":[139.520773024,35.501221496]},"properties":{"供用済面積":"541132","供用開始年":"1999","公園名":"横浜動物の森公園","公園種別":"広域公園","所在地市区町村名":"横浜市","所在地都道府県名":"神奈川県","管理市区町村":"横浜市","管理都道府県・整備局":"神奈川県","都市計画決定":"1"}},{"type":"Feature","geometry":{"type":"Point","coordinates":[139.530618637,35.475205225]},"properties":{"供用済面積":"83009","供用開始年":"1992","公園名":"今川公園","公園種別":"地区公園（カントリーパーク）","所在地市区町村名":"横浜市","所在地都道府県名":"神奈川県","管理市区町村":"横浜市","管理都道府県・整備局":"神奈川県","都市計画決定":"1"}},{"type":"Feature","geometry":{"type":"Point","coordinates":[139.53823214,35.459624405]},"properties":{"供用済面積":"27842","供用開始年":"1989","公園名":"南本宿公園","公園種別":"地区公園（カントリーパーク）","所在地市区町村名":"横浜市","所在地都道府県名":"神奈川県","管理市区町村":"横浜市","管理都道府県・整備局":"神奈川県","都市計画決定":"2"}},{"type":"Feature","geometry":{"type":"Point","coordinates":[139.497118909,35.502690276]},"properties":{"供用済面積":"46441","供用開始年":"1985","公園名":"若葉台公園","公園種別":"地区公園（カントリーパーク）","所在地市区町村名":"横浜市","所在地都道府県名":"神奈川県","管理市区町村":"横浜市","管理都道府県・整備局":"神奈川県","都市計画決定":"2"}},{"type":"Feature","geometry":{"type":"Point","coordinates":[139.539715483,35.483109003]},"properties":{"供用済面積":"30455","供用開始年":"2000","公園名":"今宿東公園","公園種別":"近隣公園","所在地市区町村名":"横浜市","所在地都道府県名":"神奈川県","管理市区町村":"横浜市","管理都道府県・整備局":"神奈川県","都市計画決定":"1"}},{"type":"Feature","geometry":{"type":"Point","coordinates":[139.493855957,35.505897138]},"properties":{"供用済面積":"31551","供用開始年":"1985","公園名":"大貫谷公園","公園種別":"近隣公園","所在地市区町村名":"横浜市","所在地都道府県名":"神奈川県","管理市区町村":"横浜市","管理都道府県・整備局":"神奈川県","都市計画決定":"2"}},{"type":"Feature","geometry":{"type":"Point","coordinates":[139.531706433,35.494478791]},"properties":{"供用済面積":"14981","供用開始年":"1972","公園名":"上白根大池公園","公園種別":"近隣公園","所在地市区町村名":"横浜市","所在地都道府県名":"神奈川県","管理市区町村":"横浜市","管理都道府県・整備局":"神奈川県","都市計画決定":"1"}},{"type":"Feature","geometry":{"type":"Point","coordinates":[139.553814704,35.469754707]},"properties":{"供用済面積":"12846","供用開始年":"1997","公園名":"椚谷公園","公園種別":"近隣公園","所在地市区町村名":"横浜市","所在地都道府県名":"神奈川県","管理市区町村":"横浜市","管理都道府県・整備局":"神奈川県","都市計画決定":"2"}},{"type":"Feature","geometry":{"type":"Point","coordinates":[139.506927425,35.473796138]},"properties":{"供用済面積":"9879","供用開始年":"1989","公園名":"笹野台北公園","公園種別":"近隣公園","所在地市区町村名":"横浜市","所在地都道府県名":"神奈川県","管理市区町村":"横浜市","管理都道府県・整備局":"神奈川県","都市計画決定":"2"}},{"type":"Feature","geometry":{"type":"Point","coordinates":[139.546597386,35.481035876]},"properties":{"供用済面積":"24252","供用開始年":"1970","公園名":"白根公園","公園種別":"近隣公園","所在地市区町村名":"横浜市","所在地都道府県名":"神奈川県","管理市区町村":"横浜市","管理都道府県・整備局":"神奈川県","都市計画決定":"1"}},{"type":"Feature","geometry":{"type":"Point","coordinates":[139.553182709,35.487158077]},"properties":{"供用済面積":"9105","供用開始年":"2001","公園名":"白根東公園","公園種別":"近隣公園","所在地市区町村名":"横浜市","所在地都道府県名":"神奈川県","管理市区町村":"横浜市","管理都道府県・整備局":"神奈川県","都市計画決定":"2"}},{"type":"Feature","geometry":{"type":"Point","coordinates":[139.557256315,35.462815068]},"properties":{"供用済面積":"18727","供用開始年":"1990","公園名":"神田公園","公園種別":"近隣公園","所在地市区町村名":"横浜市","所在地都道府県名":"神奈川県","管理市区町村":"横浜市","管理都道府県・整備局":"神奈川県","都市計画決定":"2"}},{"type":"Feature","geometry":{"type":"Point","coordinates":[139.520295578,35.450408734]},"properties":{"供用済面積":"13124","供用開始年":"1986","公園名":"善部町南公園","公園種別":"近隣公園","所在地市区町村名":"横浜市","所在地都道府県名":"神奈川県","管理市区町村":"横浜市","管理都道府県・整備局":"神奈川県","都市計画決定":"1"}},{"type":"Feature","geometry":{"type":"Point","coordinates":[139.503763531,35.5034677]},"properties":{"供用済面積":"16215","供用開始年":"1981","公園名":"日向根公園","公園種別":"近隣公園","所在地市区町村名":"横浜市","所在地都道府県名":"神奈川県","管理市区町村":"横浜市","管理都道府県・整備局":"神奈川県","都市計画決定":"2"}},{"type":"Feature","geometry":{"type":"Point","coordinates":[139.50226061,35.508180821]},"properties":{"供用済面積":"26394","供用開始年":"1983","公園名":"桧山公園","公園種別":"近隣公園","所在地市区町村名":"横浜市","所在地都道府県名":"神奈川県","管理市区町村":"横浜市","管理都道府県・整備局":"神奈川県","都市計画決定":"2"}},{"type":"Feature","geometry":{"type":"Point","coordinates":[139.545015426,35.493960507]},"properties":{"供用済面積":"6750","供用開始年":"1976","公園名":"旭台中央公園","公園種別":"街区公園","所在地市区町村名":"横浜市","所在地都道府県名":"神奈川県","管理市区町村":"横浜市","管理都道府県・整備局":"神奈川県","都市計画決定":"2"}},{"type":"Feature","geometry":{"type":"Point","coordinates":[139.554507656,35.483562502]},"properties":{"供用済面積":"2418","供用開始年":"1976","公園名":"あたご公園","公園種別":"街区公園","所在地市区町村名":"横浜市","所在地都道府県名":"神奈川県","管理市区町村":"横浜市","管理都道府県・整備局":"神奈川県","都市計画決定":"2"}},{"type":"Feature","geometry":{"type":"Point","coordinates":[139.551521525,35.482558334]},"properties":{"供用済面積":"3049","供用開始年":"1987","公園名":"あたご第二公園","公園種別":"街区公園","所在地市区町村名":"横浜市","所在地都道府県名":"神奈川県","管理市区町村":"横浜市","管理都道府県・整備局":"神奈川県","都市計画決定":"2"}},{"type":"Feature","geometry":{"type":"Point","coordinates":[139.561863995,35.456741468]},"properties":{"供用済面積":"1298","供用開始年":"1972","公園名":"市沢第一公園","公園種別":"街区公園","所在地市区町村名":"横浜市","所在地都道府県名":"神奈川県","管理市区町村":"横浜市","管理都道府県・整備局":"神奈川県","都市計画決定":"2"}},{"type":"Feature","geometry":{"type":"Point","coordinates":[139.559767764,35.455672511]},"properties":{"供用済面積":"808","供用開始年":"1970","公園名":"市沢第二公園","公園種別":"街区公園","所在地市区町村名":"横浜市","所在地都道府県名":"神奈川県","管理市区町村":"横浜市","管理都道府県・整備局":"神奈川県","都市計画決定":"2"}},{"type":"Feature","geometry":{"type":"Point","coordinates":[139.559137478,35.455142222]},"properties":{"供用済面積":"334","供用開始年":"1976","公園名":"市沢第三公園","公園種別":"街区公園","所在地市区町村名":"横浜市","所在地都道府県名":"神奈川県","管理市区町村":"横浜市","管理都道府県・整備局":"神奈川県","都市計画決定":"2"}},{"type":"Feature","geometry":{"type":"Point","coordinates":[139.568216921,35.461437818]},"properties":{"供用済面積":"347","供用開始年":"1974","公園名":"市沢町東公園","公園種別":"街区公園","所在地市区町村名":"横浜市","所在地都道府県名":"神奈川県","管理市区町村":"横浜市","管理都道府県・整備局":"神奈川県","都市計画決定":"2"}},{"type":"Feature","geometry":{"type":"Point","coordinates":[139.562833177,35.480485207]},"properties":{"供用済面積":"4998","供用開始年":"1975","公園名":"猪子山第一公園","公園種別":"街区公園","所在地市区町村名":"横浜市","所在地都道府県名":"神奈川県","管理市区町村":"横浜市","管理都道府県・整備局":"神奈川県","都市計画決定":"2"}},{"type":"Feature","geometry":{"type":"Point","coordinates":[139.561547787,35.483562502]},"properties":{"供用済面積":"3884","供用開始年":"1975","公園名":"猪子山第二公園","公園種別":"街区公園","所在地市区町村名":"横浜市","所在地都道府県名":"神奈川県","管理市区町村":"横浜市","管理都道府県・整備局":"神奈川県","都市計画決定":"2"}},{"type":"Feature","geometry":{"type":"Point","coordinates":[139.559517304,35.482151085]},"properties":{"供用済面積":"150","供用開始年":"1981","公園名":"猪子山第三公園","公園種別":"街区公園","所在地市区町村名":"横浜市","所在地都道府県名":"神奈川県","管理市区町村":"横浜市","管理都道府県・整備局":"神奈川県","都市計画決定":"2"}},{"type":"Feature","geometry":{"type":"Point","coordinates":[139.517546946,35.475448159]},"properties":{"供用済面積":"5052","供用開始年":"1984","公園名":"今宿あきにれ公園","公園種別":"街区公園","所在地市区町村名":"横浜市","所在地都道府県名":"神奈川県","管理市区町村":"横浜市","管理都道府県・整備局":"神奈川県","都市計画決定":"2"}},{"type":"Feature","geometry":{"type":"Point","coordinates":[139.51600446,35.476322758]},"properties":{"供用済面積":"360","供用開始年":"1992","公園名":"今宿神成谷公園","公園種別":"街区公園","所在地市区町村名":"横浜市","所在地都道府県名":"神奈川県","管理市区町村":"横浜市","管理都道府県・整備局":"神奈川県","都市計画決定":"2"}},{"type":"Feature","geometry":{"type":"Point","coordinates":[139.514560838,35.476241776]},"properties":{"供用済面積":"1874","供用開始年":"1998","公園名":"今宿神成谷第三公園","公園種別":"街区公園","所在地市区町村名":"横浜市","所在地都道府県名":"神奈川県","管理市区町村":"横浜市","管理都道府県・整備局":"神奈川県","都市計画決定":"2"}},{"type":"Feature","geometry":{"type":"Point","coordinates":[139.518481839,35.475920359]},"properties":{"供用済面積":"300","供用開始年":"1993","公園名":"今宿神成谷第二公園","公園種別":"街区公園","所在地市区町村名":"横浜市","所在地都道府県名":"神奈川県","管理市区町村":"横浜市","管理都道府県・整備局":"神奈川県","都市計画決定":"2"}},{"type":"Feature","geometry":{"type":"Point","coordinates":[139.514026846,35.468726702]},"properties":{"供用済面積":"2876","供用開始年":"1989","公園名":"今宿公園","公園種別":"街区公園","所在地市区町村名":"横浜市","所在地都道府県名":"神奈川県","管理市区町村":"横浜市","管理都道府県・整備局":"神奈川県","都市計画決定":"2"}},{"type":"Feature","geometry":{"type":"Point","coordinates":[139.519840902,35.473310255]},"properties":{"供用済面積":"1467","供用開始年":"1984","公園名":"今宿こぶし公園","公園種別":"街区公園","所在地市区町村名":"横浜市","所在地都道府県名":"神奈川県","管理市区町村":"横浜市","管理都道府県・整備局":"神奈川県","都市計画決定":"2"}},{"type":"Feature","geometry":{"type":"Point","coordinates":[139.51624174,35.473520803]},"properties":{"供用済面積":"1263","供用開始年":"1985","公園名":"今宿しゃらの木公園","公園種別":"街区公園","所在地市区町村名":"横浜市","所在地都道府県名":"神奈川県","管理市区町村":"横浜市","管理都道府県・整備局":"神奈川県","都市計画決定":"2"}},{"type":"Feature","geometry":{"type":"Point","coordinates":[139.516251789,35.469060372]},"properties":{"供用済面積":"271","供用開始年":"1978","公園名":"今宿筑野公園","公園種別":"街区公園","所在地市区町村名":"横浜市","所在地都道府県名":"神奈川県","管理市区町村":"横浜市","管理都道府県・整備局":"神奈川県","都市計画決定":"2"}},{"type":"Feature","geometry":{"type":"Point","coordinates":[139.513224615,35.473128693]},"properties":{"供用済面積":"391","供用開始年":"1989","公園名":"今宿筑野第二公園","公園種別":"街区公園","所在地市区町村名":"横浜市","所在地都道府県名":"神奈川県","管理市区町村":"横浜市","管理都道府県・整備局":"神奈川県","都市計画決定":"2"}},{"type":"Feature","geometry":{"type":"Point","coordinates":[139.512820534,35.470006209]},"properties":{"供用済面積":"648","供用開始年":"1992","公園名":"今宿筑野第三公園","公園種別":"街区公園","所在地市区町村名":"横浜市","所在地都道府県名":"神奈川県","管理市区町村":"横浜市","管理都道府県・整備局":"神奈川県","都市計画決定":"2"}},{"type":"Feature","geometry":{"type":"Point","coordinates":[139.522913016,35.477743517]},"properties":{"供用済面積":"4723","供用開始年":"1973","公園名":"今宿中沢公園","公園種別":"街区公園","所在地市区町村名":"横浜市","所在地都道府県名":"神奈川県","管理市区町村":"横浜市","管理都道府県・整備局":"神奈川県","都市計画決定":"1"}},{"type":"Feature","geometry":{"type":"Point","coordinates":[139.529827678,35.485473656]},"properties":{"供用済面積":"3812","供用開始年":"1999","公園名":"今宿西町公園","公園種別":"街区公園","所在地市区町村名":"横浜市","所在地都道府県名":"神奈川県","管理市区町村":"横浜市","管理都道府県・整備局":"神奈川県","都市計画決定":"2"}},{"type":"Feature","geometry":{"type":"Point","coordinates":[139.5377577,35.484501881]},"properties":{"供用済面積":"2381","供用開始年":"1985","公園名":"今宿東町第一公園","公園種別":"街区公園","所在地市区町村名":"横浜市","所在地都道府県名":"神奈川県","管理市区町村":"横浜市","管理都道府県・整備局":"神奈川県","都市計画決定":"2"}},{"type":"Feature","geometry":{"type":"Point","coordinates":[139.535226415,35.48427514]},"properties":{"供用済面積":"818","供用開始年":"1985","公園名":"今宿東町第二公園","公園種別":"街区公園","所在地市区町村名":"横浜市","所在地都道府県名":"神奈川県","管理市区町村":"横浜市","管理都道府県・整備局":"神奈川県","都市計画決定":"2"}},{"type":"Feature","geometry":{"type":"Point","coordinates":[139.534791364,35.485619428]},"properties":{"供用済面積":"2772","供用開始年":"1994","公園名":"今宿東町第三公園","公園種別":"街区公園","所在地市区町村名":"横浜市","所在地都道府県名":"神奈川県","管理市区町村":"横浜市","管理都道府県・整備局":"神奈川県","都市計画決定":"2"}},{"type":"Feature","geometry":{"type":"Point","coordinates":[139.519609015,35.472253197]},"properties":{"供用済面積":"470","供用開始年":"1992","公園名":"今宿箒沢公園","公園種別":"街区公園","所在地市区町村名":"横浜市","所在地都道府県名":"神奈川県","管理市区町村":"横浜市","管理都道府県・整備局":"神奈川県","都市計画決定":"2"}},{"type":"Feature","geometry":{"type":"Point","coordinates":[139.512529014,35.471570345]},"properties":{"供用済面積":"151","供用開始年":"1984","公園名":"今宿南第一公園","公園種別":"街区公園","所在地市区町村名":"横浜市","所在地都道府県名":"神奈川県","管理市区町村":"横浜市","管理都道府県・整備局":"神奈川県","都市計画決定":"2"}},{"type":"Feature","geometry":{"type":"Point","coordinates":[139.501311353,35.504261317]},"properties":{"供用済面積":"5445","供用開始年":"1983","公園名":"えびね公園","公園種別":"街区公園","所在地市区町村名":"横浜市","所在地都道府県名":"神奈川県","管理市区町村":"横浜市","管理都道府県・整備局":"神奈川県","都市計画決定":"2"}},{"type":"Feature","geometry":{"type":"Point","coordinates":[139.54068456,35.494009095]},"properties":{"供用済面積":"3028","供用開始年":"1976","公園名":"大原西公園","公園種別":"街区公園","所在地市区町村名":"横浜市","所在地都道府県名":"神奈川県","管理市区町村":"横浜市","管理都道府県・整備局":"神奈川県","都市計画決定":"2"}},{"type":"Feature","geometry":{"type":"Point","coordinates":[139.542266594,35.49143389]},"properties":{"供用済面積":"2078","供用開始年":"1973","公園名":"大原南公園","公園種別":"街区公園","所在地市区町村名":"横浜市","所在地都道府県名":"神奈川県","管理市区町村":"横浜市","管理都道府県・整備局":"神奈川県","都市計画決定":"2"}},{"type":"Feature","geometry":{"type":"Point","coordinates":[139.542147977,35.496147012]},"properties":{"供用済面積":"1706","供用開始年":"1976","公園名":"大原北公園","公園種別":"街区公園","所在地市区町村名":"横浜市","所在地都道府県名":"神奈川県","管理市区町村":"横浜市","管理都道府県・整備局":"神奈川県","都市計画決定":"2"}},{"type":"Feature","geometry":{"type":"Point","coordinates":[139.546141917,35.482480354]},"properties":{"供用済面積":"1142","供用開始年":"1969","公園名":"鍛治久保公園","公園種別":"街区公園","所在地市区町村名":"横浜市","所在地都道府県名":"神奈川県","管理市区町村":"横浜市","管理都道府県・整備局":"神奈川県","都市計画決定":"2"}},{"type":"Feature","geometry":{"type":"Point","coordinates":[139.525733887,35.452579031]},"properties":{"供用済面積":"1675","供用開始年":"1984","公園名":"柏町北公園","公園種別":"街区公園","所在地市区町村名":"横浜市","所在地都道府県名":"神奈川県","管理市区町村":"横浜市","管理都道府県・整備局":"神奈川県","都市計画決定":"2"}},{"type":"Feature","geometry":{"type":"Point","coordinates":[139.522055612,35.450635475]},"properties":{"供用済面積":"2349","供用開始年":"1984","公園名":"柏町丸山公園","公園種別":"街区公園","所在地市区町村名":"横浜市","所在地都道府県名":"神奈川県","管理市区町村":"横浜市","管理都道府県・整備局":"神奈川県","都市計画決定":"2"}},{"type":"Feature","geometry":{"type":"Point","coordinates":[139.525654774,35.450781245]},"properties":{"供用済面積":"1501","供用開始年":"1983","公園名":"柏葉谷公園","公園種別":"街区公園","所在地市区町村名":"横浜市","所在地都道府県名":"神奈川県","管理市区町村":"横浜市","管理都道府県・整備局":"神奈川県","都市計画決定":"2"}},{"type":"Feature","geometry":{"type":"Point","coordinates":[139.512361847,35.477920352]},"properties":{"供用済面積":"4519","供用開始年":"1977","公園名":"金が谷公園","公園種別":"街区公園","所在地市区町村名":"横浜市","所在地都道府県名":"神奈川県","管理市区町村":"横浜市","管理都道府県・整備局":"神奈川県","都市計画決定":"2"}},{"type":"Feature","geometry":{"type":"Point","coordinates":[139.514351262,35.476824435]},"properties":{"供用済面積":"161","供用開始年":"1978","公園名":"金が谷第二公園","公園種別":"街区公園","所在地市区町村名":"横浜市","所在地都道府県名":"神奈川県","管理市区町村":"横浜市","管理都道府県・整備局":"神奈川県","都市計画決定":"2"}},{"type":"Feature","geometry":{"type":"Point","coordinates":[139.514591692,35.476969526]},"properties":{"供用済面積":"157","供用開始年":"1978","公園名":"金が谷第三公園","公園種別":"街区公園","所在地市区町村名":"横浜市","所在地都道府県名":"神奈川県","管理市区町村":"横浜市","管理都道府県・整備局":"神奈川県","都市計画決定":"2"}},{"type":"Feature","geometry":{"type":"Point","coordinates":[139.512801846,35.477800353]},"properties":{"供用済面積":"270","供用開始年":"1985","公園名":"金が谷第四公園","公園種別":"街区公園","所在地市区町村名":"横浜市","所在地都道府県名":"神奈川県","管理市区町村":"横浜市","管理都道府県・整備局":"神奈川県","都市計画決定":"2"}},{"type":"Feature","geometry":{"type":"Point","coordinates":[139.508153538,35.477035392]},"properties":{"供用済面積":"621","供用開始年":"1985","公園名":"金が谷第五公園","公園種別":"街区公園","所在地市区町村名":"横浜市","所在地都道府県名":"神奈川県","管理市区町村":"横浜市","管理都道府県・整備局":"神奈川県","都市計画決定":"2"}},{"type":"Feature","geometry":{"type":"Point","coordinates":[139.510741818,35.47388036]},"properties":{"供用済面積":"195","供用開始年":"1986","公園名":"金が谷第六公園","公園種別":"街区公園","所在地市区町村名":"横浜市","所在地都道府県名":"神奈川県","管理市区町村":"横浜市","管理都道府県・整備局":"神奈川県","都市計画決定":"2"}},{"type":"Feature","geometry":{"type":"Point","coordinates":[139.515391434,35.4800317]},"properties":{"供用済面積":"6293","供用開始年":"1994","公園名":"金が谷広町公園","公園種別":"街区公園","所在地市区町村名":"横浜市","所在地都道府県名":"神奈川県","管理市区町村":"横浜市","管理都道府県・整備局":"神奈川県","都市計画決定":"2"}},{"type":"Feature","geometry":{"type":"Point","coordinates":[139.551351954,35.486680348]},"properties":{"供用済面積":"1155","供用開始年":"1976","公園名":"金草沢公園","公園種別":"街区公園","所在地市区町村名":"横浜市","所在地都道府県名":"神奈川県","管理市区町村":"横浜市","管理都道府県・整備局":"神奈川県","都市計画決定":"2"}},{"type":"Feature","geometry":{"type":"Point","coordinates":[139.491673092,35.496202793]},"properties":{"供用済面積":"589","供用開始年":"2002","公園名":"上川井市坂公園","公園種別":"街区公園","所在地市区町村名":"横浜市","所在地都道府県名":"神奈川県","管理市区町村":"横浜市","管理都道府県・整備局":"神奈川県","都市計画決定":"2"}},{"type":"Feature","geometry":{"type":"Point","coordinates":[139.538463171,35.494597324]},"properties":{"供用済面積":"1754","供用開始年":"1989","公園名":"上白根おもて公園","公園種別":"街区公園","所在地市区町村名":"横浜市","所在地都道府県名":"神奈川県","管理市区町村":"横浜市","管理都道府県・整備局":"神奈川県","都市計画決定":"2"}},{"type":"Feature","geometry":{"type":"Point","coordinates":[139.534063126,35.488898212]},"properties":{"供用済面積":"987","供用開始年":"1965","公園名":"上白根公園","公園種別":"街区公園","所在地市区町村名":"横浜市","所在地都道府県名":"神奈川県","管理市区町村":"横浜市","管理都道府県・整備局":"神奈川県","都市計画決定":"1"}},{"type":"Feature","geometry":{"type":"Point","coordinates":[139.541431943,35.487160347]},"properties":{"供用済面積":"822","供用開始年":"1973","公園名":"上白根第二公園","公園種別":"街区公園","所在地市区町村名":"横浜市","所在地都道府県名":"神奈川県","管理市区町村":"横浜市","管理都道府県・整備局":"神奈川県","都市計画決定":"2"}},{"type":"Feature","geometry":{"type":"Point","coordinates":[139.540130154,35.497404009]},"properties":{"供用済面積":"863","供用開始年":"1978","公園名":"上白根長坂公園","公園種別":"街区公園","所在地市区町村名":"横浜市","所在地都道府県名":"神奈川県","管理市区町村":"横浜市","管理都道府県・整備局":"神奈川県","都市計画決定":"2"}},{"type":"Feature","geometry":{"type":"Point","coordinates":[139.53949201,35.49715033]},"properties":{"供用済面積":"181","供用開始年":"1985","公園名":"上白根長坂第二公園","公園種別":"街区公園","所在地市区町村名":"横浜市","所在地都道府県名":"神奈川県","管理市区町村":"横浜市","管理都道府県・整備局":"神奈川県","都市計画決定":"2"}},{"type":"Feature","geometry":{"type":"Point","coordinates":[139.537412006,35.49680033]},"properties":{"供用済面積":"990","供用開始年":"1985","公園名":"上白根長坂第三公園","公園種別":"街区公園","所在地市区町村名":"横浜市","所在地都道府県名":"神奈川県","管理市区町村":"横浜市","管理都道府県・整備局":"神奈川県","都市計画決定":"2"}},{"type":"Feature","geometry":{"type":"Point","coordinates":[139.538242006,35.496800331]},"properties":{"供用済面積":"505","供用開始年":"1995","公園名":"上白根長坂第四公園","公園種別":"街区公園","所在地市区町村名":"横浜市","所在地都道府県名":"神奈川県","管理市区町村":"横浜市","管理都道府県・整備局":"神奈川県","都市計画決定":"2"}},{"type":"Feature","geometry":{"type":"Point","coordinates":[139.517491959,35.493380327]},"properties":{"供用済面積":"468","供用開始年":"1989","公園名":"川井宿公園","公園種別":"街区公園","所在地市区町村名":"横浜市","所在地都道府県名":"神奈川県","管理市区町村":"横浜市","管理都道府県・整備局":"神奈川県","都市計画決定":"2"}},{"type":"Feature","geometry":{"type":"Point","coordinates":[139.515381953,35.492970327]},"properties":{"供用済面積":"5496","供用開始年":"1998","公園名":"川井本町公園","公園種別":"街区公園","所在地市区町村名":"横浜市","所在地都道府県名":"神奈川県","管理市区町村":"横浜市","管理都道府県・整備局":"神奈川県","都市計画決定":"2"}},{"type":"Feature","geometry":{"type":"Point","coordinates":[139.514832249,35.495312223]},"properties":{"供用済面積":"760","供用開始年":"1994","公園名":"川井本町五反田公園","公園種別":"街区公園","所在地市区町村名":"横浜市","所在地都道府県名":"神奈川県","管理市区町村":"横浜市","管理都道府県・整備局":"神奈川県","都市計画決定":"2"}},{"type":"Feature","geometry":{"type":"Point","coordinates":[139.513024298,35.457805556]},"properties":{"供用済面積":"5636","供用開始年":"1992","公園名":"希望が丘ふれあいの森公園","公園種別":"街区公園","所在地市区町村名":"横浜市","所在地都道府県名":"神奈川県","管理市区町村":"横浜市","管理都道府県・整備局":"神奈川県","都市計画決定":"2"}},{"type":"Feature","geometry":{"type":"Point","coordinates":[139.509938478,35.458123054]},"properties":{"供用済面積":"9046","供用開始年":"1998","公園名":"希望が丘水の森公園","公園種別":"街区公園","所在地市区町村名":"横浜市","所在地都道府県名":"神奈川県","管理市区町村":"横浜市","管理都道府県・整備局":"神奈川県","都市計画決定":"2"}},{"type":"Feature","geometry":{"type":"Point","coordinates":[139.510853465,35.472016794]},"properties":{"供用済面積":"607","供用開始年":"1973","公園名":"笹野台公園","公園種別":"街区公園","所在地市区町村名":"横浜市","所在地都道府県名":"神奈川県","管理市区町村":"横浜市","管理都道府県・整備局":"神奈川県","都市計画決定":"2"}},{"type":"Feature","geometry":{"type":"Point","coordinates":[139.508449971,35.476042674]},"properties":{"供用済面積":"1166","供用開始年":"1981","公園名":"笹野台第二公園","公園種別":"街区公園","所在地市区町村名":"横浜市","所在地都道府県名":"神奈川県","管理市区町村":"横浜市","管理都道府県・整備局":"神奈川県","都市計画決定":"2"}},{"type":"Feature","geometry":{"type":"Point","coordinates":[139.510419267,35.469476808]},"properties":{"供用済面積":"1429","供用開始年":"1987","公園名":"笹野台第三公園","公園種別":"街区公園","所在地市区町村名":"横浜市","所在地都道府県名":"神奈川県","管理市区町村":"横浜市","管理都道府県・整備局":"神奈川県","都市計画決定":"2"}},{"type":"Feature","geometry":{"type":"Point","coordinates":[139.50879603,35.471601423]},"properties":{"供用済面積":"435","供用開始年":"1986","公園名":"笹野台第四公園","公園種別":"街区公園","所在地市区町村名":"横浜市","所在地都道府県名":"神奈川県","管理市区町村":"横浜市","管理都道府県・整備局":"神奈川県","都市計画決定":"2"}},{"type":"Feature","geometry":{"type":"Point","coordinates":[139.511675289,35.468181411]},"properties":{"供用済面積":"868","供用開始年":"1987","公園名":"笹野台南公園","公園種別":"街区公園","所在地市区町村名":"横浜市","所在地都道府県名":"神奈川県","管理市区町村":"横浜市","管理都道府県・整備局":"神奈川県","都市計画決定":"2"}},{"type":"Feature","geometry":{"type":"Point","coordinates":[139.501611525,35.473261387]},"properties":{"供用済面積":"931","供用開始年":"1992","公園名":"笹野台大野公園","公園種別":"街区公園","所在地市区町村名":"横浜市","所在地都道府県名":"神奈川県","管理市区町村":"横浜市","管理都道府県・整備局":"神奈川県","都市計画決定":"2"}},{"type":"Feature","geometry":{"type":"Point","coordinates":[139.502380375,35.474482365]},"properties":{"供用済面積":"1065","供用開始年":"2003","公園名":"笹野台二丁目公園","公園種別":"街区公園","所在地市区町村名":"横浜市","所在地都道府県名":"神奈川県","管理市区町村":"横浜市","管理都道府県・整備局":"神奈川県","都市計画決定":"2"}},{"type":"Feature","geometry":{"type":"Point","coordinates":[139.522819919,35.454326137]},"properties":{"供用済面積":"158","供用開始年":"1981","公園名":"さちが丘公園","公園種別":"街区公園","所在地市区町村名":"横浜市","所在地都道府県名":"神奈川県","管理市区町村":"横浜市","管理都道府県・整備局":"神奈川県","都市計画決定":"2"}},{"type":"Feature","geometry":{"type":"Point","coordinates":[139.528872079,35.460523343]},"properties":{"供用済面積":"380","供用開始年":"1985","公園名":"さちが丘第二公園","公園種別":"街区公園","所在地市区町村名":"横浜市","所在地都道府県名":"神奈川県","管理市区町村":"横浜市","管理都道府県・整備局":"神奈川県","都市計画決定":"2"}},{"type":"Feature","geometry":{"type":"Point","coordinates":[139.523646366,35.463520537]},"properties":{"供用済面積":"813","供用開始年":"1994","公園名":"さちが丘蔵屋敷公園","公園種別":"街区公園","所在地市区町村名":"横浜市","所在地都道府県名":"神奈川県","管理市区町村":"横浜市","管理都道府県・整備局":"神奈川県","都市計画決定":"2"}},{"type":"Feature","geometry":{"type":"Point","coordinates":[139.530267672,35.459405745]},"properties":{"供用済面積":"1247","供用開始年":"1990","公園名":"さちが丘第三公園","公園種別":"街区公園","所在地市区町村名":"横浜市","所在地都道府県名":"神奈川県","管理市区町村":"横浜市","管理都道府県・整備局":"神奈川県","都市計画決定":"2"}},{"type":"Feature","geometry":{"type":"Point","coordinates":[139.525157811,35.458386397]},"properties":{"供用済面積":"321","供用開始年":"2002","公園名":"さちが丘第五公園","公園種別":"街区公園","所在地市区町村名":"横浜市","所在地都道府県名":"神奈川県","管理市区町村":"横浜市","管理都道府県・整備局":"神奈川県","都市計画決定":"2"}},{"type":"Feature","geometry":{"type":"Point","coordinates":[139.523677349,35.458427856]},"properties":{"供用済面積":"2826","供用開始年":"1996","公園名":"さちが丘第四公園","公園種別":"街区公園","所在地市区町村名":"横浜市","所在地都道府県名":"神奈川県","管理市区町村":"横浜市","管理都道府県・整備局":"神奈川県","都市計画決定":"2"}},{"type":"Feature","geometry":{"type":"Point","coordinates":[139.53322952,35.471038903]},"properties":{"供用済面積":"1762","供用開始年":"1970","公園名":"四季美台第一公園","公園種別":"街区公園","所在地市区町村名":"横浜市","所在地都道府県名":"神奈川県","管理市区町村":"横浜市","管理都道府県・整備局":"神奈川県","都市計画決定":"1"}},{"type":"Feature","geometry":{"type":"Point","coordinates":[139.53609825,35.472004102]},"properties":{"供用済面積":"1434","供用開始年":"1970","公園名":"四季美台第二公園","公園種別":"街区公園","所在地市区町村名":"横浜市","所在地都道府県名":"神奈川県","管理市区町村":"横浜市","管理都道府県・整備局":"神奈川県","都市計画決定":"1"}},{"type":"Feature","geometry":{"type":"Point","coordinates":[139.550984735,35.489936444]},"properties":{"供用済面積":"728","供用開始年":"1991","公園名":"白根八丁目公園","公園種別":"街区公園","所在地市区町村名":"横浜市","所在地都道府県名":"神奈川県","管理市区町村":"横浜市","管理都道府県・整備局":"神奈川県","都市計画決定":"2"}},{"type":"Feature","geometry":{"type":"Point","coordinates":[139.549502004,35.494390337]},"properties":{"供用済面積":"579","供用開始年":"1975","公園名":"白根五丁歩公園","公園種別":"街区公園","所在地市区町村名":"横浜市","所在地都道府県名":"神奈川県","管理市区町村":"横浜市","管理都道府県・整備局":"神奈川県","都市計画決定":"2"}},{"type":"Feature","geometry":{"type":"Point","coordinates":[139.549599648,35.491996041]},"properties":{"供用済面積":"287","供用開始年":"1985","公園名":"白根五丁歩第二公園","公園種別":"街区公園","所在地市区町村名":"横浜市","所在地都道府県名":"神奈川県","管理市区町村":"横浜市","管理都道府県・整備局":"神奈川県","都市計画決定":"2"}},{"type":"Feature","geometry":{"type":"Point","coordinates":[139.539144084,35.489185043]},"properties":{"供用済面積":"255","供用開始年":"1972","公園名":"白根寺下第一公園","公園種別":"街区公園","所在地市区町村名":"横浜市","所在地都道府県名":"神奈川県","管理市区町村":"横浜市","管理都道府県・整備局":"神奈川県","都市計画決定":"2"}},{"type":"Feature","geometry":{"type":"Point","coordinates":[139.52355322,35.449017189]},"properties":{"供用済面積":"1741","供用開始年":"1984","公園名":"須郷谷公園","公園種別":"街区公園","所在地市区町村名":"横浜市","所在地都道府県名":"神奈川県","管理市区町村":"横浜市","管理都道府県・整備局":"神奈川県","都市計画決定":"2"}},{"type":"Feature","geometry":{"type":"Point","coordinates":[139.512745128,35.451150781]},"properties":{"供用済面積":"980","供用開始年":"1973","公園名":"善部町第一公園","公園種別":"街区公園","所在地市区町村名":"横浜市","所在地都道府県名":"神奈川県","管理市区町村":"横浜市","管理都道府県・整備局":"神奈川県","都市計画決定":"1"}},{"type":"Feature","geometry":{"type":"Point","coordinates":[139.509302668,35.452674776]},"properties":{"供用済面積":"1008","供用開始年":"1974","公園名":"善部町第二公園","公園種別":"街区公園","所在地市区町村名":"横浜市","所在地都道府県名":"神奈川県","管理市区町村":"横浜市","管理都道府県・整備局":"神奈川県","都市計画決定":"2"}},{"type":"Feature","geometry":{"type":"Point","coordinates":[139.520035987,35.452991889]},"properties":{"供用済面積":"470","供用開始年":"1988","公園名":"善部町第三公園","公園種別":"街区公園","所在地市区町村名":"横浜市","所在地都道府県名":"神奈川県","管理市区町村":"横浜市","管理都道府県・整備局":"神奈川県","都市計画決定":"2"}},{"type":"Feature","geometry":{"type":"Point","coordinates":[139.514435348,35.450871382]},"properties":{"供用済面積":"6347","供用開始年":"1996","公園名":"善部町公園","公園種別":"街区公園","所在地市区町村名":"横浜市","所在地都道府県名":"神奈川県","管理市区町村":"横浜市","管理都道府県・整備局":"神奈川県","都市計画決定":"2"}},{"type":"Feature","geometry":{"type":"Point","coordinates":[139.520638002,35.45233188]},"properties":{"供用済面積":"1875","供用開始年":"1991","公園名":"善部町第四公園","公園種別":"街区公園","所在地市区町村名":"横浜市","所在地都道府県名":"神奈川県","管理市区町村":"横浜市","管理都道府県・整備局":"神奈川県","都市計画決定":"2"}},{"type":"Feature","geometry":{"type":"Point","coordinates":[139.513861603,35.45164608]},"properties":{"供用済面積":"392","供用開始年":"1995","公園名":"善部町第五公園","公園種別":"街区公園","所在地市区町村名":"横浜市","所在地都道府県名":"神奈川県","管理市区町村":"横浜市","管理都道府県・整備局":"神奈川県","都市計画決定":"2"}},{"type":"Feature","geometry":{"type":"Point","coordinates":[139.560273117,35.476918983]},"properties":{"供用済面積":"7150","供用開始年":"1988","公園名":"田原橋公園","公園種別":"街区公園","所在地市区町村名":"横浜市","所在地都道府県名":"神奈川県","管理市区町村":"横浜市","管理都道府県・整備局":"神奈川県","都市計画決定":"2"}},{"type":"Feature","geometry":{"type":"Point","coordinates":[139.504914639,35.503118972]},"properties":{"供用済面積":"2224","供用開始年":"1980","公園名":"たんぽぽ公園","公園種別":"街区公園","所在地市区町村名":"横浜市","所在地都道府県名":"神奈川県","管理市区町村":"横浜市","管理都道府県・整備局":"神奈川県","都市計画決定":"2"}},{"type":"Feature","geometry":{"type":"Point","coordinates":[139.52184778,35.488475938]},"properties":{"供用済面積":"3021","供用開始年":"1998","公園名":"都岡町公園","公園種別":"街区公園","所在地市区町村名":"横浜市","所在地都道府県名":"神奈川県","管理市区町村":"横浜市","管理都道府県・整備局":"神奈川県","都市計画決定":"2"}},{"type":"Feature","geometry":{"type":"Point","coordinates":[139.494215074,35.503779361]},"properties":{"供用済面積":"2574","供用開始年":"1986","公園名":"つくし公園","公園種別":"街区公園","所在地市区町村名":"横浜市","所在地都道府県名":"神奈川県","管理市区町村":"横浜市","管理都道府県・整備局":"神奈川県","都市計画決定":"2"}},{"type":"Feature","geometry":{"type":"Point","coordinates":[139.545898466,35.475534686]},"properties":{"供用済面積":"6266","供用開始年":"1958","公園名":"鶴ヶ峰公園","公園種別":"街区公園","所在地市区町村名":"横浜市","所在地都道府県名":"神奈川県","管理市区町村":"横浜市","管理都道府県・整備局":"神奈川県","都市計画決定":"2"}},{"type":"Feature","geometry":{"type":"Point","coordinates":[139.544968043,35.472474002]},"properties":{"供用済面積":"398","供用開始年":"1985","公園名":"鶴ヶ峰第二公園","公園種別":"街区公園","所在地市区町村名":"横浜市","所在地都道府県名":"神奈川県","管理市区町村":"横浜市","管理都道府県・整備局":"神奈川県","都市計画決定":"2"}},{"type":"Feature","geometry":{"type":"Point","coordinates":[139.538548326,35.476715784]},"properties":{"供用済面積":"5335","供用開始年":"1971","公園名":"鶴ヶ峰本町公園","公園種別":"街区公園","所在地市区町村名":"横浜市","所在地都道府県名":"神奈川県","管理市区町村":"横浜市","管理都道府県・整備局":"神奈川県","都市計画決定":"1"}},{"type":"Feature","geometry":{"type":"Point","coordinates":[139.507085321,35.466162113]},"properties":{"供用済面積":"1784","供用開始年":"1965","公園名":"出刈場公園","公園種別":"街区公園","所在地市区町村名":"横浜市","所在地都道府県名":"神奈川県","管理市区町村":"横浜市","管理都道府県・整備局":"神奈川県","都市計画決定":"2"}},{"type":"Feature","geometry":{"type":"Point","coordinates":[139.518746331,35.4703658]},"properties":{"供用済面積":"936","供用開始年":"1975","公園名":"中尾町公園","公園種別":"街区公園","所在地市区町村名":"横浜市","所在地都道府県名":"神奈川県","管理市区町村":"横浜市","管理都道府県・整備局":"神奈川県","都市計画決定":"2"}},{"type":"Feature","geometry":{"type":"Point","coordinates":[139.518932377,35.46562872]},"properties":{"供用済面積":"685","供用開始年":"1978","公園名":"中尾町第二公園","公園種別":"街区公園","所在地市区町村名":"横浜市","所在地都道府県名":"神奈川県","管理市区町村":"横浜市","管理都道府県・整備局":"神奈川県","都市計画決定":"2"}},{"type":"Feature","geometry":{"type":"Point","coordinates":[139.522221767,35.465190383]},"properties":{"供用済面積":"610","供用開始年":"1980","公園名":"中尾町第三公園","公園種別":"街区公園","所在地市区町村名":"横浜市","所在地都道府県名":"神奈川県","管理市区町村":"横浜市","管理都道府県・整備局":"神奈川県","都市計画決定":"2"}},{"type":"Feature","geometry":{"type":"Point","coordinates":[139.520716269,35.469883752]},"properties":{"供用済面積":"248","供用開始年":"2001","公園名":"中尾町第五公園","公園種別":"街区公園","所在地市区町村名":"横浜市","所在地都道府県名":"神奈川県","管理市区町村":"横浜市","管理都道府県・整備局":"神奈川県","都市計画決定":"2"}},{"type":"Feature","geometry":{"type":"Point","coordinates":[139.521273893,35.469019614]},"properties":{"供用済面積":"1295","供用開始年":"2000","公園名":"中尾町第四公園","公園種別":"街区公園","所在地市区町村名":"横浜市","所在地都道府県名":"神奈川県","管理市区町村":"横浜市","管理都道府県・整備局":"神奈川県","都市計画決定":"2"}},{"type":"Feature","geometry":{"type":"Point","coordinates":[139.516249681,35.459291453]},"properties":{"供用済面積":"1022","供用開始年":"1973","公園名":"中希望が丘第一公園","公園種別":"街区公園","所在地市区町村名":"横浜市","所在地都道府県名":"神奈川県","管理市区町村":"横浜市","管理都道府県・整備局":"神奈川県","都市計画決定":"1"}},{"type":"Feature","geometry":{"type":"Point","coordinates":[139.510086676,35.459248601]},"properties":{"供用済面積":"403","供用開始年":"1975","公園名":"中希望が丘第二公園","公園種別":"街区公園","所在地市区町村名":"横浜市","所在地都道府県名":"神奈川県","管理市区町村":"横浜市","管理都道府県・整備局":"神奈川県","都市計画決定":"2"}},{"type":"Feature","geometry":{"type":"Point","coordinates":[139.510513753,35.460233099]},"properties":{"供用済面積":"1038","供用開始年":"1975","公園名":"中希望が丘第三公園","公園種別":"街区公園","所在地市区町村名":"横浜市","所在地都道府県名":"神奈川県","管理市区町村":"横浜市","管理都道府県・整備局":"神奈川県","都市計画決定":"2"}},{"type":"Feature","geometry":{"type":"Point","coordinates":[139.508310314,35.462187034]},"properties":{"供用済面積":"3030","供用開始年":"1977","公園名":"中希望が丘第五公園","公園種別":"街区公園","所在地市区町村名":"横浜市","所在地都道府県名":"神奈川県","管理市区町村":"横浜市","管理都道府県・整備局":"神奈川県","都市計画決定":"2"}},{"type":"Feature","geometry":{"type":"Point","coordinates":[139.511004087,35.457862544]},"properties":{"供用済面積":"160","供用開始年":"1984","公園名":"中希望が丘第六公園","公園種別":"街区公園","所在地市区町村名":"横浜市","所在地都道府県名":"神奈川県","管理市区町村":"横浜市","管理都道府県・整備局":"神奈川県","都市計画決定":"2"}},{"type":"Feature","geometry":{"type":"Point","coordinates":[139.509256194,35.459037452]},"properties":{"供用済面積":"690","供用開始年":"1996","公園名":"中希望が丘くすのき公園","公園種別":"街区公園","所在地市区町村名":"横浜市","所在地都道府県名":"神奈川県","管理市区町村":"横浜市","管理都道府県・整備局":"神奈川県","都市計画決定":"2"}},{"type":"Feature","geometry":{"type":"Point","coordinates":[139.521320435,35.472029498]},"properties":{"供用済面積":"1580","供用開始年":"1969","公園名":"中沢町公園","公園種別":"街区公園","所在地市区町村名":"横浜市","所在地都道府県名":"神奈川県","管理市区町村":"横浜市","管理都道府県・整備局":"神奈川県","都市計画決定":"1"}},{"type":"Feature","geometry":{"type":"Point","coordinates":[139.525011028,35.473413797]},"properties":{"供用済面積":"2670","供用開始年":"1969","公園名":"中沢町第二公園","公園種別":"街区公園","所在地市区町村名":"横浜市","所在地都道府県名":"神奈川県","管理市区町村":"横浜市","管理都道府県・整備局":"神奈川県","都市計画決定":"1"}},{"type":"Feature","geometry":{"type":"Point","coordinates":[139.525538226,35.470213404]},"properties":{"供用済面積":"2282","供用開始年":"1977","公園名":"中沢町第三公園","公園種別":"街区公園","所在地市区町村名":"横浜市","所在地都道府県名":"神奈川県","管理市区町村":"横浜市","管理都道府県・整備局":"神奈川県","都市計画決定":"1"}},{"type":"Feature","geometry":{"type":"Point","coordinates":[139.530345291,35.471724702]},"properties":{"供用済面積":"2312","供用開始年":"1999","公園名":"中沢町清水ケ丘公園","公園種別":"街区公園","所在地市区町村名":"横浜市","所在地都道府県名":"神奈川県","管理市区町村":"横浜市","管理都道府県・整備局":"神奈川県","都市計画決定":"2"}},{"type":"Feature","geometry":{"type":"Point","coordinates":[139.511706205,35.453411376]},"properties":{"供用済面積":"1332","供用開始年":"1964","公園名":"中ノ原公園","公園種別":"街区公園","所在地市区町村名":"横浜市","所在地都道府県名":"神奈川県","管理市区町村":"横浜市","管理都道府県・整備局":"神奈川県","都市計画決定":"1"}},{"type":"Feature","geometry":{"type":"Point","coordinates":[139.500092105,35.506154262]},"properties":{"供用済面積":"3695","供用開始年":"1983","公園名":"なのはな公園","公園種別":"街区公園","所在地市区町村名":"横浜市","所在地都道府県名":"神奈川県","管理市区町村":"横浜市","管理都道府県・整備局":"神奈川県","都市計画決定":"2"}},{"type":"Feature","geometry":{"type":"Point","coordinates":[139.557745546,35.477299983]},"properties":{"供用済面積":"6713","供用開始年":"1996","公園名":"西川島町公園","公園種別":"街区公園","所在地市区町村名":"横浜市","所在地都道府県名":"神奈川県","管理市区町村":"横浜市","管理都道府県・整備局":"神奈川県","都市計画決定":"2"}},{"type":"Feature","geometry":{"type":"Point","coordinates":[139.545615568,35.489930093]},"properties":{"供用済面積":"2563","供用開始年":"1972","公園名":"日影山公園","公園種別":"街区公園","所在地市区町村名":"横浜市","所在地都道府県名":"神奈川県","管理市区町村":"横浜市","管理都道府県・整備局":"神奈川県","都市計画決定":"2"}},{"type":"Feature","geometry":{"type":"Point","coordinates":[139.511384506,35.463355432]},"properties":{"供用済面積":"1556","供用開始年":"1994","公園名":"東希望が丘こぶし公園","公園種別":"街区公園","所在地市区町村名":"横浜市","所在地都道府県名":"神奈川県","管理市区町村":"横浜市","管理都道府県・整備局":"神奈川県","都市計画決定":"2"}},{"type":"Feature","geometry":{"type":"Point","coordinates":[139.5118885,35.466863795]},"properties":{"供用済面積":"969","供用開始年":"1989","公園名":"東希望が丘神明下公園","公園種別":"街区公園","所在地市区町村名":"横浜市","所在地都道府県名":"神奈川県","管理市区町村":"横浜市","管理都道府県・整備局":"神奈川県","都市計画決定":"2"}},{"type":"Feature","geometry":{"type":"Point","coordinates":[139.512872436,35.463260793]},"properties":{"供用済面積":"875","供用開始年":"1976","公園名":"東希望が丘第一公園","公園種別":"街区公園","所在地市区町村名":"横浜市","所在地都道府県名":"神奈川県","管理市区町村":"横浜市","管理都道府県・整備局":"神奈川県","都市計画決定":"2"}},{"type":"Feature","geometry":{"type":"Point","coordinates":[139.515745761,35.46506992]},"properties":{"供用済面積":"414","供用開始年":"1977","公園名":"東希望が丘第二公園","公園種別":"街区公園","所在地市区町村名":"横浜市","所在地都道府県名":"神奈川県","管理市区町村":"横浜市","管理都道府県・整備局":"神奈川県","都市計画決定":"2"}},{"type":"Feature","geometry":{"type":"Point","coordinates":[139.513292368,35.465018479]},"properties":{"供用済面積":"369","供用開始年":"1983","公園名":"東希望が丘第三公園","公園種別":"街区公園","所在地市区町村名":"横浜市","所在地都道府県名":"神奈川県","管理市区町村":"横浜市","管理都道府県・整備局":"神奈川県","都市計画決定":"2"}},{"type":"Feature","geometry":{"type":"Point","coordinates":[139.51332173,35.460950389]},"properties":{"供用済面積":"453","供用開始年":"1983","公園名":"東希望が丘第四公園","公園種別":"街区公園","所在地市区町村名":"横浜市","所在地都道府県名":"神奈川県","管理市区町村":"横浜市","管理都道府県・整備局":"神奈川県","都市計画決定":"2"}},{"type":"Feature","geometry":{"type":"Point","coordinates":[139.515671896,35.46020395]},"properties":{"供用済面積":"330","供用開始年":"1985","公園名":"東希望が丘第五公園","公園種別":"街区公園","所在地市区町村名":"横浜市","所在地都道府県名":"神奈川県","管理市区町村":"横浜市","管理都道府県・整備局":"神奈川県","都市計画決定":"2"}},{"type":"Feature","geometry":{"type":"Point","coordinates":[139.510850602,35.467260163]},"properties":{"供用済面積":"948","供用開始年":"1987","公園名":"東希望が丘第七公園","公園種別":"街区公園","所在地市区町村名":"横浜市","所在地都道府県名":"神奈川県","管理市区町村":"横浜市","管理都道府県・整備局":"神奈川県","都市計画決定":"2"}},{"type":"Feature","geometry":{"type":"Point","coordinates":[139.511411756,35.464820379]},"properties":{"供用済面積":"311","供用開始年":"1990","公園名":"東希望が丘第八公園","公園種別":"街区公園","所在地市区町村名":"横浜市","所在地都道府県名":"神奈川県","管理市区町村":"横浜市","管理都道府県・整備局":"神奈川県","都市計画決定":"2"}},{"type":"Feature","geometry":{"type":"Point","coordinates":[139.514023358,35.466394056]},"properties":{"供用済面積":"561","供用開始年":"1999","公園名":"東希望が丘第九公園","公園種別":"街区公園","所在地市区町村名":"横浜市","所在地都道府県名":"神奈川県","管理市区町村":"横浜市","管理都道府県・整備局":"神奈川県","都市計画決定":"2"}},{"type":"Feature","geometry":{"type":"Point","coordinates":[139.515958973,35.465244549]},"properties":{"供用済面積":"493","供用開始年":"2001","公園名":"東希望が丘ふれあいひろば公園","公園種別":"街区公園","所在地市区町村名":"横浜市","所在地都道府県名":"神奈川県","管理市区町村":"横浜市","管理都道府県・整備局":"神奈川県","都市計画決定":"2"}},{"type":"Feature","geometry":{"type":"Point","coordinates":[139.533287852,35.497121438]},"properties":{"供用済面積":"4436","供用開始年":"1972","公園名":"ひかりが丘第一公園","公園種別":"街区公園","所在地市区町村名":"横浜市","所在地都道府県名":"神奈川県","管理市区町村":"横浜市","管理都道府県・整備局":"神奈川県","都市計画決定":"1"}},{"type":"Feature","geometry":{"type":"Point","coordinates":[139.530651741,35.500407551]},"properties":{"供用済面積":"3334","供用開始年":"1972","公園名":"ひかりが丘第二公園","公園種別":"街区公園","所在地市区町村名":"横浜市","所在地都道府県名":"神奈川県","管理市区町村":"横浜市","管理都道府県・整備局":"神奈川県","都市計画決定":"1"}},{"type":"Feature","geometry":{"type":"Point","coordinates":[139.510531972,35.470143917]},"properties":{"供用済面積":"209","供用開始年":"1978","公園名":"ふじみが丘公園","公園種別":"街区公園","所在地市区町村名":"横浜市","所在地都道府県名":"神奈川県","管理市区町村":"横浜市","管理都道府県・整備局":"神奈川県","都市計画決定":"2"}},{"type":"Feature","geometry":{"type":"Point","coordinates":[139.530540323,35.463553747]},"properties":{"供用済面積":"795","供用開始年":"1970","公園名":"二俣川一丁目公園","公園種別":"街区公園","所在地市区町村名":"横浜市","所在地都道府県名":"神奈川県","管理市区町村":"横浜市","管理都道府県・整備局":"神奈川県","都市計画決定":"2"}},{"type":"Feature","geometry":{"type":"Point","coordinates":[139.525701764,35.464340385]},"properties":{"供用済面積":"150","供用開始年":"1974","公園名":"二俣川一丁目第二公園","公園種別":"街区公園","所在地市区町村名":"横浜市","所在地都道府県名":"神奈川県","管理市区町村":"横浜市","管理都道府県・整備局":"神奈川県","都市計画決定":"2"}},{"type":"Feature","geometry":{"type":"Point","coordinates":[139.525881778,35.466150381]},"properties":{"供用済面積":"185","供用開始年":"1979","公園名":"二俣川一丁目第三公園","公園種別":"街区公園","所在地市区町村名":"横浜市","所在地都道府県名":"神奈川県","管理市区町村":"横浜市","管理都道府県・整備局":"神奈川県","都市計画決定":"2"}},{"type":"Feature","geometry":{"type":"Point","coordinates":[139.529601757,35.462990388]},"properties":{"供用済面積":"223","供用開始年":"1995","公園名":"二俣川大藪公園","公園種別":"街区公園","所在地市区町村名":"横浜市","所在地都道府県名":"神奈川県","管理市区町村":"横浜市","管理都道府県・整備局":"神奈川県","都市計画決定":"2"}},{"type":"Feature","geometry":{"type":"Point","coordinates":[139.53480563,35.460044744]},"properties":{"供用済面積":"802","供用開始年":"1975","公園名":"二俣川二丁目公園","公園種別":"街区公園","所在地市区町村名":"横浜市","所在地都道府県名":"神奈川県","管理市区町村":"横浜市","管理都道府県・整備局":"神奈川県","都市計画決定":"2"}},{"type":"Feature","geometry":{"type":"Point","coordinates":[139.535341738,35.459640395]},"properties":{"供用済面積":"359","供用開始年":"1997","公園名":"二俣川二丁目第三公園","公園種別":"街区公園","所在地市区町村名":"横浜市","所在地都道府県名":"神奈川県","管理市区町村":"横浜市","管理都道府県・整備局":"神奈川県","都市計画決定":"2"}},{"type":"Feature","geometry":{"type":"Point","coordinates":[139.53574176,35.462460391]},"properties":{"供用済面積":"1513","供用開始年":"1993","公園名":"二俣川二丁目第二公園","公園種別":"街区公園","所在地市区町村名":"横浜市","所在地都道府県名":"神奈川県","管理市区町村":"横浜市","管理都道府県・整備局":"神奈川県","都市計画決定":"2"}},{"type":"Feature","geometry":{"type":"Point","coordinates":[139.534353672,35.460259824]},"properties":{"供用済面積":"1767","供用開始年":"1981","公園名":"二俣川宮沢公園","公園種別":"街区公園","所在地市区町村名":"横浜市","所在地都道府県名":"神奈川県","管理市区町村":"横浜市","管理都道府県・整備局":"神奈川県","都市計画決定":"2"}},{"type":"Feature","geometry":{"type":"Point","coordinates":[139.551194489,35.483130283]},"properties":{"供用済面積":"192","供用開始年":"1978","公園名":"不動丸公園","公園種別":"街区公園","所在地市区町村名":"横浜市","所在地都道府県名":"神奈川県","管理市区町村":"横浜市","管理都道府県・整備局":"神奈川県","都市計画決定":"2"}},{"type":"Feature","geometry":{"type":"Point","coordinates":[139.546951928,35.483900352]},"properties":{"供用済面積":"177","供用開始年":"1985","公園名":"不動丸第二公園","公園種別":"街区公園","所在地市区町村名":"横浜市","所在地都道府県名":"神奈川県","管理市区町村":"横浜市","管理都道府県・整備局":"神奈川県","都市計画決定":"2"}},{"type":"Feature","geometry":{"type":"Point","coordinates":[139.550125227,35.481792915]},"properties":{"供用済面積":"673","供用開始年":"1988","公園名":"不動丸第三公園","公園種別":"街区公園","所在地市区町村名":"横浜市","所在地都道府県名":"神奈川県","管理市区町村":"横浜市","管理都道府県・整備局":"神奈川県","都市計画決定":"2"}},{"type":"Feature","geometry":{"type":"Point","coordinates":[139.544137288,35.462480671]},"properties":{"供用済面積":"198","供用開始年":"1984","公園名":"本宿町第一公園","公園種別":"街区公園","所在地市区町村名":"横浜市","所在地都道府県名":"神奈川県","管理市区町村":"横浜市","管理都道府県・整備局":"神奈川県","都市計画決定":"2"}},{"type":"Feature","geometry":{"type":"Point","coordinates":[139.543366947,35.467927421]},"properties":{"供用済面積":"1170","供用開始年":"1992","公園名":"本宿町第二公園","公園種別":"街区公園","所在地市区町村名":"横浜市","所在地都道府県名":"神奈川県","管理市区町村":"横浜市","管理都道府県・整備局":"神奈川県","都市計画決定":"2"}},{"type":"Feature","geometry":{"type":"Point","coordinates":[139.536989832,35.465450926]},"properties":{"供用済面積":"1931","供用開始年":"1985","公園名":"本村町第一公園","公園種別":"街区公園","所在地市区町村名":"横浜市","所在地都道府県名":"神奈川県","管理市区町村":"横浜市","管理都道府県・整備局":"神奈川県","都市計画決定":"2"}},{"type":"Feature","geometry":{"type":"Point","coordinates":[139.533888437,35.455671964]},"properties":{"供用済面積":"1095","供用開始年":"1962","公園名":"万騎が原公園","公園種別":"街区公園","所在地市区町村名":"横浜市","所在地都道府県名":"神奈川県","管理市区町村":"横浜市","管理都道府県・整備局":"神奈川県","都市計画決定":"2"}},{"type":"Feature","geometry":{"type":"Point","coordinates":[139.535206501,35.456005343]},"properties":{"供用済面積":"1228","供用開始年":"1963","公園名":"万騎が原第二公園","公園種別":"街区公園","所在地市区町村名":"横浜市","所在地都道府県名":"神奈川県","管理市区町村":"横浜市","管理都道府県・整備局":"神奈川県","都市計画決定":"2"}},{"type":"Feature","geometry":{"type":"Point","coordinates":[139.536873465,35.456338712]},"properties":{"供用済面積":"723","供用開始年":"1964","公園名":"万騎が原第三公園","公園種別":"街区公園","所在地市区町村名":"横浜市","所在地都道府県名":"神奈川県","管理市区町村":"横浜市","管理都道府県・整備局":"神奈川県","都市計画決定":"2"}},{"type":"Feature","geometry":{"type":"Point","coordinates":[139.532492149,35.45733817]},"properties":{"供用済面積":"1540","供用開始年":"1966","公園名":"万騎が原第五公園","公園種別":"街区公園","所在地市区町村名":"横浜市","所在地都道府県名":"神奈川県","管理市区町村":"横浜市","管理都道府県・整備局":"神奈川県","都市計画決定":"2"}},{"type":"Feature","geometry":{"type":"Point","coordinates":[139.529711707,35.456070402]},"properties":{"供用済面積":"705","供用開始年":"1967","公園名":"万騎が原第七公園","公園種別":"街区公園","所在地市区町村名":"横浜市","所在地都道府県名":"神奈川県","管理市区町村":"横浜市","管理都道府県・整備局":"神奈川県","都市計画決定":"2"}},{"type":"Feature","geometry":{"type":"Point","coordinates":[139.53006993,35.455163965]},"properties":{"供用済面積":"680","供用開始年":"1968","公園名":"万騎が原第八公園","公園種別":"街区公園","所在地市区町村名":"横浜市","所在地都道府県名":"神奈川県","管理市区町村":"横浜市","管理都道府県・整備局":"神奈川県","都市計画決定":"2"}},{"type":"Feature","geometry":{"type":"Point","coordinates":[139.527879617,35.455068715]},"properties":{"供用済面積":"1158","供用開始年":"1970","公園名":"万騎が原第九公園","公園種別":"街区公園","所在地市区町村名":"横浜市","所在地都道府県名":"神奈川県","管理市区町村":"横浜市","管理都道府県・整備局":"神奈川県","都市計画決定":"1"}},{"type":"Feature","geometry":{"type":"Point","coordinates":[139.531131254,35.45288027]},"properties":{"供用済面積":"575","供用開始年":"1975","公園名":"万騎が原第十公園","公園種別":"街区公園","所在地市区町村名":"横浜市","所在地都道府県名":"神奈川県","管理市区町村":"横浜市","管理都道府県・整備局":"神奈川県","都市計画決定":"2"}},{"type":"Feature","geometry":{"type":"Point","coordinates":[139.537177381,35.454424617]},"properties":{"供用済面積":"570","供用開始年":"1993","公園名":"万騎が原池下公園","公園種別":"街区公園","所在地市区町村名":"横浜市","所在地都道府県名":"神奈川県","管理市区町村":"横浜市","管理都道府県・整備局":"神奈川県","都市計画決定":"2"}},{"type":"Feature","geometry":{"type":"Point","coordinates":[139.532993706,35.455596073]},"properties":{"供用済面積":"432","供用開始年":"1985","公園名":"万騎が原中公園","公園種別":"街区公園","所在地市区町村名":"横浜市","所在地都道府県名":"神奈川県","管理市区町村":"横浜市","管理都道府県・整備局":"神奈川県","都市計画決定":"2"}},{"type":"Feature","geometry":{"type":"Point","coordinates":[139.509132113,35.454833761]},"properties":{"供用済面積":"1104","供用開始年":"1999","公園名":"南希望が丘第一公園","公園種別":"街区公園","所在地市区町村名":"横浜市","所在地都道府県名":"神奈川県","管理市区町村":"横浜市","管理都道府県・整備局":"神奈川県","都市計画決定":"2"}},{"type":"Feature","geometry":{"type":"Point","coordinates":[139.539525082,35.454465466]},"properties":{"供用済面積":"1057","供用開始年":"1972","公園名":"南本宿第一公園","公園種別":"街区公園","所在地市区町村名":"横浜市","所在地都道府県名":"神奈川県","管理市区町村":"横浜市","管理都道府県・整備局":"神奈川県","都市計画決定":"1"}},{"type":"Feature","geometry":{"type":"Point","coordinates":[139.541944123,35.455557663]},"properties":{"供用済面積":"949","供用開始年":"1972","公園名":"南本宿第二公園","公園種別":"街区公園","所在地市区町村名":"横浜市","所在地都道府県名":"神奈川県","管理市区町村":"横浜市","管理都道府県・整備局":"神奈川県","都市計画決定":"2"}},{"type":"Feature","geometry":{"type":"Point","coordinates":[139.502666193,35.505595466]},"properties":{"供用済面積":"5187","供用開始年":"1983","公園名":"やまゆり公園","公園種別":"街区公園","所在地市区町村名":"横浜市","所在地都道府県名":"神奈川県","管理市区町村":"横浜市","管理都道府県・整備局":"神奈川県","都市計画決定":"2"}},{"type":"Feature","geometry":{"type":"Point","coordinates":[139.519841734,35.46090039]},"properties":{"供用済面積":"183","供用開始年":"1979","公園名":"四ツ田公園","公園種別":"街区公園","所在地市区町村名":"横浜市","所在地都道府県名":"神奈川県","管理市区町村":"横浜市","管理都道府県・整備局":"神奈川県","都市計画決定":"2"}},{"type":"Feature","geometry":{"type":"Point","coordinates":[139.609069207,35.383193783]},"properties":{"供用済面積":"326","供用開始年":"1999","公園名":"栗木花園緑地","公園種別":"都市緑地","所在地市区町村名":"横浜市","所在地都道府県名":"神奈川県","管理市区町村":"横浜市","管理都道府県・整備局":"神奈川県","都市計画決定":"2"}},{"type":"Feature","geometry":{"type":"Point","coordinates":[139.602062404,35.361222419]},"properties":{"供用済面積":"18780","供用開始年":"1987","公園名":"氷取沢緑地","公園種別":"都市緑地","所在地市区町村名":"横浜市","所在地都道府県名":"神奈川県","管理市区町村":"横浜市","管理都道府県・整備局":"神奈川県","都市計画決定":"2"}},{"type":"Feature","geometry":{"type":"Point","coordinates":[139.595503193,35.369134494]},"properties":{"供用済面積":"23349","供用開始年":"1987","公園名":"洋光台緑地","公園種別":"都市緑地","所在地市区町村名":"横浜市","所在地都道府県名":"神奈川県","管理市区町村":"横浜市","管理都道府県・整備局":"神奈川県","都市計画決定":"2"}},{"type":"Feature","geometry":{"type":"Point","coordinates":[139.631510142,35.418562665]},"properties":{"供用済面積":"6148","供用開始年":"2003","公園名":"根岸なつかし公園","公園種別":"特殊公園（風致公園、動植物公園、歴史公園、墓園）","所在地市区町村名":"横浜市","所在地都道府県名":"神奈川県","管理市区町村":"横浜市","管理都道府県・整備局":"神奈川県","都市計画決定":"2"}},{"type":"Feature","geometry":{"type":"Point","coordinates":[139.613111467,35.41483045]},"properties":{"供用済面積":"68139","供用開始年":"1958","公園名":"岡村公園","公園種別":"地区公園（カントリーパーク）","所在地市区町村名":"横浜市","所在地都道府県名":"神奈川県","管理市区町村":"横浜市","管理都道府県・整備局":"神奈川県","都市計画決定":"1"}},{"type":"Feature","geometry":{"type":"Point","coordinates":[139.623942516,35.382444028]},"properties":{"供用済面積":"32098","供用開始年":"1989","公園名":"新杉田公園","公園種別":"地区公園（カントリーパーク）","所在地市区町村名":"横浜市","所在地都道府県名":"神奈川県","管理市区町村":"横浜市","管理都道府県・整備局":"神奈川県","都市計画決定":"1"}},{"type":"Feature","geometry":{"type":"Point","coordinates":[139.599640998,35.373270549]},"properties":{"供用済面積":"29706","供用開始年":"1972","公園名":"洋光台南公園","公園種別":"地区公園（カントリーパーク）","所在地市区町村名":"横浜市","所在地都道府県名":"神奈川県","管理市区町村":"横浜市","管理都道府県・整備局":"神奈川県","都市計画決定":"1"}},{"type":"Feature","geometry":{"type":"Point","coordinates":[139.628005551,35.409787007]},"properties":{"供用済面積":"8306","供用開始年":"2007","公園名":"磯子・海の見える公園","公園種別":"近隣公園","所在地市区町村名":"横浜市","所在地都道府県名":"神奈川県","管理市区町村":"横浜市","管理都道府県・整備局":"神奈川県","都市計画決定":"2"}},{"type":"Feature","geometry":{"type":"Point","coordinates":[139.609660736,35.367826395]},"properties":{"供用済面積":"10679","供用開始年":"1975","公園名":"上中里公園","公園種別":"近隣公園","所在地市区町村名":"横浜市","所在地都道府県名":"神奈川県","管理市区町村":"横浜市","管理都道府県・整備局":"神奈川県","都市計画決定":"2"}},{"type":"Feature","geometry":{"type":"Point","coordinates":[139.614498888,35.375306655]},"properties":{"供用済面積":"29781","供用開始年":"1989","公園名":"坪呑公園","公園種別":"近隣公園","所在地市区町村名":"横浜市","所在地都道府県名":"神奈川県","管理市区町村":"横浜市","管理都道府県・整備局":"神奈川県","都市計画決定":"1"}},{"type":"Feature","geometry":{"type":"Point","coordinates":[139.594501038,35.377220544]},"properties":{"供用済面積":"12333","供用開始年":"1973","公園名":"洋光台駅前公園","公園種別":"近隣公園","所在地市区町村名":"横浜市","所在地都道府県名":"神奈川県","管理市区町村":"横浜市","管理都道府県・整備局":"神奈川県","都市計画決定":"2"}},{"type":"Feature","geometry":{"type":"Point","coordinates":[139.597348641,35.384857024]},"properties":{"供用済面積":"16723","供用開始年":"1973","公園名":"洋光台北公園","公園種別":"近隣公園","所在地市区町村名":"横浜市","所在地都道府県名":"神奈川県","管理市区町村":"横浜市","管理都道府県・整備局":"神奈川県","都市計画決定":"2"}},{"type":"Feature","geometry":{"type":"Point","coordinates":[139.592671078,35.381200535]},"properties":{"供用済面積":"16951","供用開始年":"1973","公園名":"洋光台西公園","公園種別":"近隣公園","所在地市区町村名":"横浜市","所在地都道府県名":"神奈川県","管理市区町村":"横浜市","管理都道府県・整備局":"神奈川県","都市計画決定":"2"}},{"type":"Feature","geometry":{"type":"Point","coordinates":[139.623089933,35.409571109]},"properties":{"供用済面積":"3582","供用開始年":"1952","公園名":"芦名橋公園","公園種別":"街区公園","所在地市区町村名":"横浜市","所在地都道府県名":"神奈川県","管理市区町村":"横浜市","管理都道府県・整備局":"神奈川県","都市計画決定":"1"}},{"type":"Feature","geometry":{"type":"Point","coordinates":[139.614001445,35.412410455]},"properties":{"供用済面積":"3474","供用開始年":"1973","公園名":"泉谷公園","公園種別":"街区公園","所在地市区町村名":"横浜市","所在地都道府県名":"神奈川県","管理市区町村":"横浜市","管理都道府県・整備局":"神奈川県","都市計画決定":"1"}},{"type":"Feature","geometry":{"type":"Point","coordinates":[139.611081439,35.412550456]},"properties":{"供用済面積":"328","供用開始年":"1977","公園名":"泉谷第二公園","公園種別":"街区公園","所在地市区町村名":"横浜市","所在地都道府県名":"神奈川県","管理市区町村":"横浜市","管理都道府県・整備局":"神奈川県","都市計画決定":"2"}},{"type":"Feature","geometry":{"type":"Point","coordinates":[139.611281447,35.413310454]},"properties":{"供用済面積":"161","供用開始年":"1977","公園名":"泉谷第三公園","公園種別":"街区公園","所在地市区町村名":"横浜市","所在地都道府県名":"神奈川県","管理市区町村":"横浜市","管理都道府県・整備局":"神奈川県","都市計画決定":"2"}},{"type":"Feature","geometry":{"type":"Point","coordinates":[139.625307538,35.424125244]},"properties":{"供用済面積":"1535","供用開始年":"1984","公園名":"磯子上町公園","公園種別":"街区公園","所在地市区町村名":"横浜市","所在地都道府県名":"神奈川県","管理市区町村":"横浜市","管理都道府県・整備局":"神奈川県","都市計画決定":"1"}},{"type":"Feature","geometry":{"type":"Point","coordinates":[139.620872552,35.415959185]},"properties":{"供用済面積":"3984","供用開始年":"1963","公園名":"磯子腰越公園","公園種別":"街区公園","所在地市区町村名":"横浜市","所在地都道府県名":"神奈川県","管理市区町村":"横浜市","管理都道府県・整備局":"神奈川県","都市計画決定":"2"}},{"type":"Feature","geometry":{"type":"Point","coordinates":[139.627633479,35.418435666]},"properties":{"供用済面積":"1012","供用開始年":"1982","公園名":"磯子下町公園","公園種別":"街区公園","所在地市区町村名":"横浜市","所在地都道府県名":"神奈川県","管理市区町村":"横浜市","管理都道府県・整備局":"神奈川県","都市計画決定":"1"}},{"type":"Feature","geometry":{"type":"Point","coordinates":[139.616422018,35.404287932]},"properties":{"供用済面積":"2379","供用開始年":"1975","公園名":"磯子台公園","公園種別":"街区公園","所在地市区町村名":"横浜市","所在地都道府県名":"神奈川県","管理市区町村":"横浜市","管理都道府県・整備局":"神奈川県","都市計画決定":"2"}},{"type":"Feature","geometry":{"type":"Point","coordinates":[139.61395645,35.403195736]},"properties":{"供用済面積":"1750","供用開始年":"1990","公園名":"磯子台紅取公園","公園種別":"街区公園","所在地市区町村名":"横浜市","所在地都道府県名":"神奈川県","管理市区町村":"横浜市","管理都道府県・整備局":"神奈川県","都市計画決定":"2"}},{"type":"Feature","geometry":{"type":"Point","coordinates":[139.613413762,35.407323216]},"properties":{"供用済面積":"2379","供用開始年":"1980","公園名":"磯子谷第一公園","公園種別":"街区公園","所在地市区町村名":"横浜市","所在地都道府県名":"神奈川県","管理市区町村":"横浜市","管理都道府県・整備局":"神奈川県","都市計画決定":"2"}},{"type":"Feature","geometry":{"type":"Point","coordinates":[139.616096424,35.408707513]},"properties":{"供用済面積":"2212","供用開始年":"1980","公園名":"磯子谷第二公園","公園種別":"街区公園","所在地市区町村名":"横浜市","所在地都道府県名":"神奈川県","管理市区町村":"横浜市","管理都道府県・整備局":"神奈川県","都市計画決定":"2"}},{"type":"Feature","geometry":{"type":"Point","coordinates":[139.618265002,35.40511707]},"properties":{"供用済面積":"249","供用開始年":"1986","公園名":"磯子間坂公園","公園種別":"街区公園","所在地市区町村名":"横浜市","所在地都道府県名":"神奈川県","管理市区町村":"横浜市","管理都道府県・整備局":"神奈川県","都市計画決定":"2"}},{"type":"Feature","geometry":{"type":"Point","coordinates":[139.615834954,35.411772066]},"properties":{"供用済面積":"171","供用開始年":"1978","公園名":"磯子峰公園","公園種別":"街区公園","所在地市区町村名":"横浜市","所在地都道府県名":"神奈川県","管理市区町村":"横浜市","管理都道府県・整備局":"神奈川県","都市計画決定":"2"}},{"type":"Feature","geometry":{"type":"Point","coordinates":[139.617399025,35.412326994]},"properties":{"供用済面積":"3043","供用開始年":"1991","公園名":"磯子峯第二公園","公園種別":"街区公園","所在地市区町村名":"横浜市","所在地都道府県名":"神奈川県","管理市区町村":"横浜市","管理都道府県・整備局":"神奈川県","都市計画決定":"2"}},{"type":"Feature","geometry":{"type":"Point","coordinates":[139.613981414,35.409320461]},"properties":{"供用済面積":"295","供用開始年":"1971","公園名":"磯子山田公園","公園種別":"街区公園","所在地市区町村名":"横浜市","所在地都道府県名":"神奈川県","管理市区町村":"横浜市","管理都道府県・整備局":"神奈川県","都市計画決定":"2"}},{"type":"Feature","geometry":{"type":"Point","coordinates":[139.613741421,35.41006046]},"properties":{"供用済面積":"401","供用開始年":"1978","公園名":"磯子山田第二公園","公園種別":"街区公園","所在地市区町村名":"横浜市","所在地都道府県名":"神奈川県","管理市区町村":"横浜市","管理都道府県・整備局":"神奈川県","都市計画決定":"2"}},{"type":"Feature","geometry":{"type":"Point","coordinates":[139.60817218,35.376284551]},"properties":{"供用済面積":"2286","供用開始年":"1970","公園名":"大崎公園","公園種別":"街区公園","所在地市区町村名":"横浜市","所在地都道府県名":"神奈川県","管理市区町村":"横浜市","管理都道府県・整備局":"神奈川県","都市計画決定":"1"}},{"type":"Feature","geometry":{"type":"Point","coordinates":[139.614756137,35.419264131]},"properties":{"供用済面積":"356","供用開始年":"1992","公園名":"岡村三丁目公園","公園種別":"街区公園","所在地市区町村名":"横浜市","所在地都道府県名":"神奈川県","管理市区町村":"横浜市","管理都道府県・整備局":"神奈川県","都市計画決定":"2"}},{"type":"Feature","geometry":{"type":"Point","coordinates":[139.612173382,35.422601255]},"properties":{"供用済面積":"1428","供用開始年":"1995","公園名":"岡村三丁目第二公園","公園種別":"街区公園","所在地市区町村名":"横浜市","所在地都道府県名":"神奈川県","管理市区町村":"横浜市","管理都道府県・整備局":"神奈川県","都市計画決定":"2"}},{"type":"Feature","geometry":{"type":"Point","coordinates":[139.612805232,35.422426945]},"properties":{"供用済面積":"524","供用開始年":"1995","公園名":"岡村三丁目第三公園","公園種別":"街区公園","所在地市区町村名":"横浜市","所在地都道府県名":"神奈川県","管理市区町村":"横浜市","管理都道府県・整備局":"神奈川県","都市計画決定":"2"}},{"type":"Feature","geometry":{"type":"Point","coordinates":[139.612795267,35.421856337]},"properties":{"供用済面積":"850","供用開始年":"1996","公園名":"岡村三丁目第四公園","公園種別":"街区公園","所在地市区町村名":"横浜市","所在地都道府県名":"神奈川県","管理市区町村":"横浜市","管理都道府県・整備局":"神奈川県","都市計画決定":"2"}},{"type":"Feature","geometry":{"type":"Point","coordinates":[139.61043151,35.419840441]},"properties":{"供用済面積":"1660","供用開始年":"2002","公園名":"岡村三殿台公園","公園種別":"街区公園","所在地市区町村名":"横浜市","所在地都道府県名":"神奈川県","管理市区町村":"横浜市","管理都道府県・整備局":"神奈川県","都市計画決定":"2"}},{"type":"Feature","geometry":{"type":"Point","coordinates":[139.608057171,35.410493041]},"properties":{"供用済面積":"493","供用開始年":"1997","公園名":"岡村八丁目公園","公園種別":"街区公園","所在地市区町村名":"横浜市","所在地都道府県名":"神奈川県","管理市区町村":"横浜市","管理都道府県・整備局":"神奈川県","都市計画決定":"2"}},{"type":"Feature","geometry":{"type":"Point","coordinates":[139.6115411,35.422549226]},"properties":{"供用済面積":"1040","供用開始年":"1994","公園名":"岡村ひばりケ丘公園","公園種別":"街区公園","所在地市区町村名":"横浜市","所在地都道府県名":"神奈川県","管理市区町村":"横浜市","管理都道府県・整備局":"神奈川県","都市計画決定":"2"}},{"type":"Feature","geometry":{"type":"Point","coordinates":[139.608575424,35.382151926]},"properties":{"供用済面積":"2657","供用開始年":"1979","公園名":"貝塚公園","公園種別":"街区公園","所在地市区町村名":"横浜市","所在地都道府県名":"神奈川県","管理市区町村":"横浜市","管理都道府県・整備局":"神奈川県","都市計画決定":"2"}},{"type":"Feature","geometry":{"type":"Point","coordinates":[139.609288624,35.372576171]},"properties":{"供用済面積":"1806","供用開始年":"1985","公園名":"上中里向坂公園","公園種別":"街区公園","所在地市区町村名":"横浜市","所在地都道府県名":"神奈川県","管理市区町村":"横浜市","管理都道府県・整備局":"神奈川県","都市計画決定":"2"}},{"type":"Feature","geometry":{"type":"Point","coordinates":[139.608351162,35.386620515]},"properties":{"供用済面積":"151","供用開始年":"1978","公園名":"栗木町公園","公園種別":"街区公園","所在地市区町村名":"横浜市","所在地都道府県名":"神奈川県","管理市区町村":"横浜市","管理都道府県・整備局":"神奈川県","都市計画決定":"2"}},{"type":"Feature","geometry":{"type":"Point","coordinates":[139.604311056,35.378621346]},"properties":{"供用済面積":"2000","供用開始年":"1984","公園名":"栗木中村公園","公園種別":"街区公園","所在地市区町村名":"横浜市","所在地都道府県名":"神奈川県","管理市区町村":"横浜市","管理都道府県・整備局":"神奈川県","都市計画決定":"2"}},{"type":"Feature","geometry":{"type":"Point","coordinates":[139.603985462,35.383104425]},"properties":{"供用済面積":"990","供用開始年":"1977","公園名":"左右手公園","公園種別":"街区公園","所在地市区町村名":"横浜市","所在地都道府県名":"神奈川県","管理市区町村":"横浜市","管理都道府県・整備局":"神奈川県","都市計画決定":"2"}},{"type":"Feature","geometry":{"type":"Point","coordinates":[139.602946496,35.38086923]},"properties":{"供用済面積":"534","供用開始年":"1985","公園名":"左右手第二公園","公園種別":"街区公園","所在地市区町村名":"横浜市","所在地都道府県名":"神奈川県","管理市区町村":"横浜市","管理都道府県・整備局":"神奈川県","都市計画決定":"2"}},{"type":"Feature","geometry":{"type":"Point","coordinates":[139.60851369,35.410295012]},"properties":{"供用済面積":"762","供用開始年":"1973","公園名":"笹堀第一公園","公園種別":"街区公園","所在地市区町村名":"横浜市","所在地都道府県名":"神奈川県","管理市区町村":"横浜市","管理都道府県・整備局":"神奈川県","都市計画決定":"2"}},{"type":"Feature","geometry":{"type":"Point","coordinates":[139.609142107,35.408830115]},"properties":{"供用済面積":"366","供用開始年":"1974","公園名":"笹堀第二公園","公園種別":"街区公園","所在地市区町村名":"横浜市","所在地都道府県名":"神奈川県","管理市区町村":"横浜市","管理都道府県・整備局":"神奈川県","都市計画決定":"2"}},{"type":"Feature","geometry":{"type":"Point","coordinates":[139.610611419,35.41071046]},"properties":{"供用済面積":"648","供用開始年":"1978","公園名":"笹堀第三公園","公園種別":"街区公園","所在地市区町村名":"横浜市","所在地都道府県名":"神奈川県","管理市区町村":"横浜市","管理都道府県・整備局":"神奈川県","都市計画決定":"2"}},{"type":"Feature","geometry":{"type":"Point","coordinates":[139.610505776,35.409465933]},"properties":{"供用済面積":"154","供用開始年":"1977","公園名":"笹堀第四公園","公園種別":"街区公園","所在地市区町村名":"横浜市","所在地都道府県名":"神奈川県","管理市区町村":"横浜市","管理都道府県・整備局":"神奈川県","都市計画決定":"2"}},{"type":"Feature","geometry":{"type":"Point","coordinates":[139.610951431,35.411860458]},"properties":{"供用済面積":"488","供用開始年":"1984","公園名":"笹堀第五公園","公園種別":"街区公園","所在地市区町村名":"横浜市","所在地都道府県名":"神奈川県","管理市区町村":"横浜市","管理都道府県・整備局":"神奈川県","都市計画決定":"2"}},{"type":"Feature","geometry":{"type":"Point","coordinates":[139.616421113,35.379940532]},"properties":{"供用済面積":"813","供用開始年":"1989","公園名":"杉田三丁目公園","公園種別":"街区公園","所在地市区町村名":"横浜市","所在地都道府県名":"神奈川県","管理市区町村":"横浜市","管理都道府県・整備局":"神奈川県","都市計画決定":"2"}},{"type":"Feature","geometry":{"type":"Point","coordinates":[139.625943787,35.38196252]},"properties":{"供用済面積":"473","供用開始年":"1990","公園名":"杉田五丁目公園","公園種別":"街区公園","所在地市区町村名":"横浜市","所在地都道府県名":"神奈川県","管理市区町村":"横浜市","管理都道府県・整備局":"神奈川県","都市計画決定":"2"}},{"type":"Feature","geometry":{"type":"Point","coordinates":[139.616796216,35.377128631]},"properties":{"供用済面積":"587","供用開始年":"2002","公園名":"杉田六丁目公園","公園種別":"街区公園","所在地市区町村名":"横浜市","所在地都道府県名":"神奈川県","管理市区町村":"横浜市","管理都道府県・整備局":"神奈川県","都市計画決定":"2"}},{"type":"Feature","geometry":{"type":"Point","coordinates":[139.613899691,35.378612216]},"properties":{"供用済面積":"775","供用開始年":"1995","公園名":"杉田内山公園","公園種別":"街区公園","所在地市区町村名":"横浜市","所在地都道府県名":"神奈川県","管理市区町村":"横浜市","管理都道府県・整備局":"神奈川県","都市計画決定":"2"}},{"type":"Feature","geometry":{"type":"Point","coordinates":[139.612307036,35.373851698]},"properties":{"供用済面積":"613","供用開始年":"1996","公園名":"杉田遠道山公園","公園種別":"街区公園","所在地市区町村名":"横浜市","所在地都道府県名":"神奈川県","管理市区町村":"横浜市","管理都道府県・整備局":"神奈川県","都市計画決定":"2"}},{"type":"Feature","geometry":{"type":"Point","coordinates":[139.617031065,35.375070547]},"properties":{"供用済面積":"2375","供用開始年":"1974","公園名":"杉田大谷第一公園","公園種別":"街区公園","所在地市区町村名":"横浜市","所在地都道府県名":"神奈川県","管理市区町村":"横浜市","管理都道府県・整備局":"神奈川県","都市計画決定":"1"}},{"type":"Feature","geometry":{"type":"Point","coordinates":[139.614576407,35.374252568]},"properties":{"供用済面積":"1633","供用開始年":"1976","公園名":"杉田大谷第二公園","公園種別":"街区公園","所在地市区町村名":"横浜市","所在地都道府県名":"神奈川県","管理市区町村":"横浜市","管理都道府県・整備局":"神奈川県","都市計画決定":"1"}},{"type":"Feature","geometry":{"type":"Point","coordinates":[139.618266987,35.372728576]},"properties":{"供用済面積":"2336","供用開始年":"1975","公園名":"杉田大谷第三公園","公園種別":"街区公園","所在地市区町村名":"横浜市","所在地都道府県名":"神奈川県","管理市区町村":"横浜市","管理都道府県・整備局":"神奈川県","都市計画決定":"2"}},{"type":"Feature","geometry":{"type":"Point","coordinates":[139.617693222,35.37142048]},"properties":{"供用済面積":"246","供用開始年":"1976","公園名":"杉田大谷第四公園","公園種別":"街区公園","所在地市区町村名":"横浜市","所在地都道府県名":"神奈川県","管理市区町村":"横浜市","管理都道府県・整備局":"神奈川県","都市計画決定":"2"}},{"type":"Feature","geometry":{"type":"Point","coordinates":[139.62332224,35.381135931]},"properties":{"供用済面積":"1209","供用開始年":"1961","公園名":"杉田公園","公園種別":"街区公園","所在地市区町村名":"横浜市","所在地都道府県名":"神奈川県","管理市区町村":"横浜市","管理都道府県・整備局":"神奈川県","都市計画決定":"1"}},{"type":"Feature","geometry":{"type":"Point","coordinates":[139.613242663,35.371300257]},"properties":{"供用済面積":"1030","供用開始年":"1976","公園名":"杉田郷戸公園","公園種別":"街区公園","所在地市区町村名":"横浜市","所在地都道府県名":"神奈川県","管理市区町村":"横浜市","管理都道府県・整備局":"神奈川県","都市計画決定":"2"}},{"type":"Feature","geometry":{"type":"Point","coordinates":[139.614881126,35.381660527]},"properties":{"供用済面積":"960","供用開始年":"2007","公園名":"杉田三丁目第二公園","公園種別":"街区公園","所在地市区町村名":"横浜市","所在地都道府県名":"神奈川県","管理市区町村":"横浜市","管理都道府県・整備局":"神奈川県","都市計画決定":"2"}},{"type":"Feature","geometry":{"type":"Point","coordinates":[139.617632385,35.381514179]},"properties":{"供用済面積":"1497","供用開始年":"1990","公園名":"杉田善一公園","公園種別":"街区公園","所在地市区町村名":"横浜市","所在地都道府県名":"神奈川県","管理市区町村":"横浜市","管理都道府県・整備局":"神奈川県","都市計画決定":"2"}},{"type":"Feature","geometry":{"type":"Point","coordinates":[139.6118628,35.379129343]},"properties":{"供用済面積":"4000","供用開始年":"1994","公園名":"杉田長作公園","公園種別":"街区公園","所在地市区町村名":"横浜市","所在地都道府県名":"神奈川県","管理市区町村":"横浜市","管理都道府県・整備局":"神奈川県","都市計画決定":"2"}},{"type":"Feature","geometry":{"type":"Point","coordinates":[139.619957272,35.378532448]},"properties":{"供用済面積":"3350","供用開始年":"2001","公園名":"杉田梅林トンネル公園","公園種別":"街区公園","所在地市区町村名":"横浜市","所在地都道府県名":"神奈川県","管理市区町村":"横浜市","管理都道府県・整備局":"神奈川県","都市計画決定":"2"}},{"type":"Feature","geometry":{"type":"Point","coordinates":[139.620683166,35.376841294]},"properties":{"供用済面積":"2704","供用開始年":"1998","公園名":"杉田梅林ふれあい公園","公園種別":"街区公園","所在地市区町村名":"横浜市","所在地都道府県名":"神奈川県","管理市区町村":"横浜市","管理都道府県・整備局":"神奈川県","都市計画決定":"2"}},{"type":"Feature","geometry":{"type":"Point","coordinates":[139.620071072,35.374570551]},"properties":{"供用済面積":"221","供用開始年":"2003","公園名":"杉田六丁目第二公園","公園種別":"街区公園","所在地市区町村名":"横浜市","所在地都道府県名":"神奈川県","管理市区町村":"横浜市","管理都道府県・整備局":"神奈川県","都市計画決定":"2"}},{"type":"Feature","geometry":{"type":"Point","coordinates":[139.616778858,35.422791753]},"properties":{"供用済面積":"1850","供用開始年":"1966","公園名":"滝頭公園","公園種別":"街区公園","所在地市区町村名":"横浜市","所在地都道府県名":"神奈川県","管理市区町村":"横浜市","管理都道府県・整備局":"神奈川県","都市計画決定":"2"}},{"type":"Feature","geometry":{"type":"Point","coordinates":[139.625648618,35.418118168]},"properties":{"供用済面積":"1500","供用開始年":"1980","公園名":"滝頭第二公園","公園種別":"街区公園","所在地市区町村名":"横浜市","所在地都道府県名":"神奈川県","管理市区町村":"横浜市","管理都道府県・整備局":"神奈川県","都市計画決定":"1"}},{"type":"Feature","geometry":{"type":"Point","coordinates":[139.617507649,35.420708967]},"properties":{"供用済面積":"1080","供用開始年":"1994","公園名":"滝頭一丁目公園","公園種別":"街区公園","所在地市区町村名":"横浜市","所在地都道府県名":"神奈川県","管理市区町村":"横浜市","管理都道府県・整備局":"神奈川県","都市計画決定":"2"}},{"type":"Feature","geometry":{"type":"Point","coordinates":[139.613631395,35.422454665]},"properties":{"供用済面積":"587","供用開始年":"1989","公園名":"滝頭第三公園","公園種別":"街区公園","所在地市区町村名":"横浜市","所在地都道府県名":"神奈川県","管理市区町村":"横浜市","管理都道府県・整備局":"神奈川県","都市計画決定":"2"}},{"type":"Feature","geometry":{"type":"Point","coordinates":[139.605613684,35.385644408]},"properties":{"供用済面積":"944","供用開始年":"1989","公園名":"田中町第一公園","公園種別":"街区公園","所在地市区町村名":"横浜市","所在地都道府県名":"神奈川県","管理市区町村":"横浜市","管理都道府県・整備局":"神奈川県","都市計画決定":"2"}},{"type":"Feature","geometry":{"type":"Point","coordinates":[139.600292944,35.383164056]},"properties":{"供用済面積":"817","供用開始年":"1981","公園名":"田中町第二公園","公園種別":"街区公園","所在地市区町村名":"横浜市","所在地都道府県名":"神奈川県","管理市区町村":"横浜市","管理都道府県・整備局":"神奈川県","都市計画決定":"2"}},{"type":"Feature","geometry":{"type":"Point","coordinates":[139.6007211,35.382630527]},"properties":{"供用済面積":"159","供用開始年":"1976","公園名":"田中町第三公園","公園種別":"街区公園","所在地市区町村名":"横浜市","所在地都道府県名":"神奈川県","管理市区町村":"横浜市","管理都道府県・整備局":"神奈川県","都市計画決定":"2"}},{"type":"Feature","geometry":{"type":"Point","coordinates":[139.609701489,35.417890446]},"properties":{"供用済面積":"286","供用開始年":"1975","公園名":"仲久保公園","公園種別":"街区公園","所在地市区町村名":"横浜市","所在地都道府県名":"神奈川県","管理市区町村":"横浜市","管理都道府県・整備局":"神奈川県","都市計画決定":"2"}},{"type":"Feature","geometry":{"type":"Point","coordinates":[139.624651509,35.415530445]},"properties":{"供用済面積":"303","供用開始年":"1991","公園名":"中浜町公園","公園種別":"街区公園","所在地市区町村名":"横浜市","所在地都道府県名":"神奈川県","管理市区町村":"横浜市","管理都道府県・整備局":"神奈川県","都市計画決定":"2"}},{"type":"Feature","geometry":{"type":"Point","coordinates":[139.625721505,35.414730446]},"properties":{"供用済面積":"1519","供用開始年":"1995","公園名":"中浜町第二公園","公園種別":"街区公園","所在地市区町村名":"横浜市","所在地都道府県名":"神奈川県","管理市区町村":"横浜市","管理都道府県・整備局":"神奈川県","都市計画決定":"2"}},{"type":"Feature","geometry":{"type":"Point","coordinates":[139.610885972,35.387905002]},"properties":{"供用済面積":"3239","供用開始年":"1978","公園名":"中原公園","公園種別":"街区公園","所在地市区町村名":"横浜市","所在地都道府県名":"神奈川県","管理市区町村":"横浜市","管理都道府県・整備局":"神奈川県","都市計画決定":"1"}},{"type":"Feature","geometry":{"type":"Point","coordinates":[139.613336021,35.388286]},"properties":{"供用済面積":"978","供用開始年":"1987","公園名":"中原第二公園","公園種別":"街区公園","所在地市区町村名":"横浜市","所在地都道府県名":"神奈川県","管理市区町村":"横浜市","管理都道府県・整備局":"神奈川県","都市計画決定":"2"}},{"type":"Feature","geometry":{"type":"Point","coordinates":[139.632316454,35.415578181]},"properties":{"供用済面積":"1294","供用開始年":"1967","公園名":"西町公園","公園種別":"街区公園","所在地市区町村名":"横浜市","所在地都道府県名":"神奈川県","管理市区町村":"横浜市","管理都道府県・整備局":"神奈川県","都市計画決定":"1"}},{"type":"Feature","geometry":{"type":"Point","coordinates":[139.629525297,35.419705662]},"properties":{"供用済面積":"1132","供用開始年":"1949","公園名":"根岸坂下公園","公園種別":"街区公園","所在地市区町村名":"横浜市","所在地都道府県名":"神奈川県","管理市区町村":"横浜市","管理都道府県・整備局":"神奈川県","都市計画決定":"2"}},{"type":"Feature","geometry":{"type":"Point","coordinates":[139.625710685,35.42175036]},"properties":{"供用済面積":"2200","供用開始年":"1994","公園名":"根岸馬場町公園","公園種別":"街区公園","所在地市区町村名":"横浜市","所在地都道府県名":"神奈川県","管理市区町村":"横浜市","管理都道府県・整備局":"神奈川県","都市計画決定":"2"}},{"type":"Feature","geometry":{"type":"Point","coordinates":[139.604911431,35.377099279]},"properties":{"供用済面積":"1060","供用開始年":"1984","公園名":"萩の台公園","公園種別":"街区公園","所在地市区町村名":"横浜市","所在地都道府県名":"神奈川県","管理市区町村":"横浜市","管理都道府県・整備局":"神奈川県","都市計画決定":"2"}},{"type":"Feature","geometry":{"type":"Point","coordinates":[139.604481472,35.364016404]},"properties":{"供用済面積":"8426","供用開始年":"1976","公園名":"氷取沢公園","公園種別":"街区公園","所在地市区町村名":"横浜市","所在地都道府県名":"神奈川県","管理市区町村":"横浜市","管理都道府県・整備局":"神奈川県","都市計画決定":"2"}},{"type":"Feature","geometry":{"type":"Point","coordinates":[139.621291248,35.41839757]},"properties":{"供用済面積":"1140","供用開始年":"1990","公園名":"広地町公園","公園種別":"街区公園","所在地市区町村名":"横浜市","所在地都道府県名":"神奈川県","管理市区町村":"横浜市","管理都道府県・整備局":"神奈川県","都市計画決定":"2"}},{"type":"Feature","geometry":{"type":"Point","coordinates":[139.610017566,35.38479352]},"properties":{"供用済面積":"4013","供用開始年":"1996","公園名":"松ノ内公園","公園種別":"街区公園","所在地市区町村名":"横浜市","所在地都道府県名":"神奈川県","管理市区町村":"横浜市","管理都道府県・整備局":"神奈川県","都市計画決定":"2"}},{"type":"Feature","geometry":{"type":"Point","coordinates":[139.621539403,35.422791749]},"properties":{"供用済面積":"2313","供用開始年":"1958","公園名":"丸山町公園","公園種別":"街区公園","所在地市区町村名":"横浜市","所在地都道府県名":"神奈川県","管理市区町村":"横浜市","管理都道府県・整備局":"神奈川県","都市計画決定":"1"}},{"type":"Feature","geometry":{"type":"Point","coordinates":[139.619042861,35.425357146]},"properties":{"供用済面積":"2110","供用開始年":"1987","公園名":"丸山一丁目公園","公園種別":"街区公園","所在地市区町村名":"横浜市","所在地都道府県名":"神奈川県","管理市区町村":"横浜市","管理都道府県・整備局":"神奈川県","都市計画決定":"2"}},{"type":"Feature","geometry":{"type":"Point","coordinates":[139.619383986,35.423820448]},"properties":{"供用済面積":"3889","供用開始年":"1990","公園名":"丸山一丁目第二公園","公園種別":"街区公園","所在地市区町村名":"横浜市","所在地都道府県名":"神奈川県","管理市区町村":"横浜市","管理都道府県・整備局":"神奈川県","都市計画決定":"2"}},{"type":"Feature","geometry":{"type":"Point","coordinates":[139.622048309,35.424241486]},"properties":{"供用済面積":"540","供用開始年":"1968","公園名":"丸山中公園","公園種別":"街区公園","所在地市区町村名":"横浜市","所在地都道府県名":"神奈川県","管理市区町村":"横浜市","管理都道府県・整備局":"神奈川県","都市計画決定":"1"}},{"type":"Feature","geometry":{"type":"Point","coordinates":[139.598666492,35.365451498]},"properties":{"供用済面積":"1057","供用開始年":"1998","公園名":"峯公園","公園種別":"街区公園","所在地市区町村名":"横浜市","所在地都道府県名":"神奈川県","管理市区町村":"横浜市","管理都道府県・整備局":"神奈川県","都市計画決定":"2"}},{"type":"Feature","geometry":{"type":"Point","coordinates":[139.615111314,35.399530483]},"properties":{"供用済面積":"1190","供用開始年":"1980","公園名":"森二丁目公園","公園種別":"街区公園","所在地市区町村名":"横浜市","所在地都道府県名":"神奈川県","管理市区町村":"横浜市","管理都道府県・整備局":"神奈川県","都市計画決定":"1"}},{"type":"Feature","geometry":{"type":"Point","coordinates":[139.605676005,35.38936578]},"properties":{"供用済面積":"651","供用開始年":"1994","公園名":"森五丁目公園","公園種別":"街区公園","所在地市区町村名":"横浜市","所在地都道府県名":"神奈川県","管理市区町村":"横浜市","管理都道府県・整備局":"神奈川県","都市計画決定":"2"}},{"type":"Feature","geometry":{"type":"Point","coordinates":[139.614685157,35.393188179]},"properties":{"供用済面積":"3310","供用開始年":"1965","公園名":"森町公園","公園種別":"街区公園","所在地市区町村名":"横浜市","所在地都道府県名":"神奈川県","管理市区町村":"横浜市","管理都道府県・整備局":"神奈川県","都市計画決定":"1"}},{"type":"Feature","geometry":{"type":"Point","coordinates":[139.609881278,35.39739049]},"properties":{"供用済面積":"300","供用開始年":"1991","公園名":"森二丁目東谷公園","公園種別":"街区公園","所在地市区町村名":"横浜市","所在地都道府県名":"神奈川県","管理市区町村":"横浜市","管理都道府県・整備局":"神奈川県","都市計画決定":"2"}},{"type":"Feature","geometry":{"type":"Point","coordinates":[139.613072521,35.398839656]},"properties":{"供用済面積":"1793","供用開始年":"1992","公園名":"森みはらし公園","公園種別":"街区公園","所在地市区町村名":"横浜市","所在地都道府県名":"神奈川県","管理市区町村":"横浜市","管理都道府県・整備局":"神奈川県","都市計画決定":"2"}},{"type":"Feature","geometry":{"type":"Point","coordinates":[139.603777514,35.395309707]},"properties":{"供用済面積":"587","供用開始年":"1988","公園名":"森四丁目公園","公園種別":"街区公園","所在地市区町村名":"横浜市","所在地都道府県名":"神奈川県","管理市区町村":"横浜市","管理都道府県・整備局":"神奈川県","都市計画決定":"2"}},{"type":"Feature","geometry":{"type":"Point","coordinates":[139.60768127,35.397080491]},"properties":{"供用済面積":"415","供用開始年":"1988","公園名":"森四丁目第二公園","公園種別":"街区公園","所在地市区町村名":"横浜市","所在地都道府県名":"神奈川県","管理市区町村":"横浜市","管理都道府県・整備局":"神奈川県","都市計画決定":"2"}},{"type":"Feature","geometry":{"type":"Point","coordinates":[139.607059141,35.395398865]},"properties":{"供用済面積":"311","供用開始年":"2002","公園名":"森四丁目第三公園","公園種別":"街区公園","所在地市区町村名":"横浜市","所在地都道府県名":"神奈川県","管理市区町村":"横浜市","管理都道府県・整備局":"神奈川県","都市計画決定":"2"}},{"type":"Feature","geometry":{"type":"Point","coordinates":[139.605892694,35.395908335]},"properties":{"供用済面積":"799","供用開始年":"2001","公園名":"森四丁目第四公園","公園種別":"街区公園","所在地市区町村名":"横浜市","所在地都道府県名":"神奈川県","管理市区町村":"横浜市","管理都道府県・整備局":"神奈川県","都市計画決定":"2"}},{"type":"Feature","geometry":{"type":"Point","coordinates":[139.610916192,35.391692443]},"properties":{"供用済面積":"621","供用開始年":"1994","公園名":"森六丁目公園","公園種別":"街区公園","所在地市区町村名":"横浜市","所在地都道府県名":"神奈川県","管理市区町村":"横浜市","管理都道府県・整備局":"神奈川県","都市計画決定":"2"}},{"type":"Feature","geometry":{"type":"Point","coordinates":[139.598081144,35.386970518]},"properties":{"供用済面積":"2500","供用開始年":"1972","公園名":"洋光台一丁目公園","公園種別":"街区公園","所在地市区町村名":"横浜市","所在地都道府県名":"神奈川県","管理市区町村":"横浜市","管理都道府県・整備局":"神奈川県","都市計画決定":"2"}},{"type":"Feature","geometry":{"type":"Point","coordinates":[139.590277622,35.384577629]},"properties":{"供用済面積":"2456","供用開始年":"1972","公園名":"洋光台二丁目公園","公園種別":"街区公園","所在地市区町村名":"横浜市","所在地都道府県名":"神奈川県","管理市区町村":"横浜市","管理都道府県・整備局":"神奈川県","都市計画決定":"2"}},{"type":"Feature","geometry":{"type":"Point","coordinates":[139.597007462,35.381262932]},"properties":{"供用済面積":"2492","供用開始年":"1973","公園名":"洋光台三丁目公園","公園種別":"街区公園","所在地市区町村名":"横浜市","所在地都道府県名":"神奈川県","管理市区町村":"横浜市","管理都道府県・整備局":"神奈川県","都市計画決定":"2"}},{"type":"Feature","geometry":{"type":"Point","coordinates":[139.593673524,35.379764338]},"properties":{"供用済面積":"2235","供用開始年":"1972","公園名":"洋光台三丁目西公園","公園種別":"街区公園","所在地市区町村名":"横浜市","所在地都道府県名":"神奈川県","管理市区町村":"横浜市","管理都道府県・整備局":"神奈川県","都市計画決定":"2"}},{"type":"Feature","geometry":{"type":"Point","coordinates":[139.60054293,35.377973647]},"properties":{"供用済面積":"2359","供用開始年":"1973","公園名":"洋光台四丁目公園","公園種別":"街区公園","所在地市区町村名":"横浜市","所在地都道府県名":"神奈川県","管理市区町村":"横浜市","管理都道府県・整備局":"神奈川県","都市計画決定":"2"}},{"type":"Feature","geometry":{"type":"Point","coordinates":[139.60268104,35.37657054]},"properties":{"供用済面積":"2402","供用開始年":"1973","公園名":"洋光台四丁目第二公園","公園種別":"街区公園","所在地市区町村名":"横浜市","所在地都道府県名":"神奈川県","管理市区町村":"横浜市","管理都道府県・整備局":"神奈川県","都市計画決定":"2"}},{"type":"Feature","geometry":{"type":"Point","coordinates":[139.591251049,35.378390544]},"properties":{"供用済面積":"2032","供用開始年":"1972","公園名":"洋光台五丁目公園","公園種別":"街区公園","所在地市区町村名":"横浜市","所在地都道府県名":"神奈川県","管理市区町村":"横浜市","管理都道府県・整備局":"神奈川県","都市計画決定":"2"}},{"type":"Feature","geometry":{"type":"Point","coordinates":[139.598020949,35.368860562]},"properties":{"供用済面積":"163","供用開始年":"1979","公園名":"洋光台六丁目第二公園","公園種別":"街区公園","所在地市区町村名":"横浜市","所在地都道府県名":"神奈川県","管理市区町村":"横浜市","管理都道府県・整備局":"神奈川県","都市計画決定":"2"}},{"type":"Feature","geometry":{"type":"Point","coordinates":[139.596125311,35.370804028]},"properties":{"供用済面積":"925","供用開始年":"1987","公園名":"洋光台六丁目第三公園","公園種別":"街区公園","所在地市区町村名":"横浜市","所在地都道府県名":"神奈川県","管理市区町村":"横浜市","管理都道府県・整備局":"神奈川県","都市計画決定":"2"}},{"type":"Feature","geometry":{"type":"Point","coordinates":[139.597472605,35.376906852]},"properties":{"供用済面積":"6000","供用開始年":"1982","公園名":"洋光台ひろば公園","公園種別":"街区公園","所在地市区町村名":"横浜市","所在地都道府県名":"神奈川県","管理市区町村":"横浜市","管理都道府県・整備局":"神奈川県","都市計画決定":"2"}},{"type":"Feature","geometry":{"type":"Point","coordinates":[139.599255795,35.370239376]},"properties":{"供用済面積":"2818","供用開始年":"1973","公園名":"洋光台六丁目公園","公園種別":"街区公園","所在地市区町村名":"横浜市","所在地都道府県名":"神奈川県","管理市区町村":"横浜市","管理都道府県・整備局":"神奈川県","都市計画決定":"2"}},{"type":"Feature","geometry":{"type":"Point","coordinates":[139.62043845,35.424899945]},"properties":{"供用済面積":"525","供用開始年":"1964","公園名":"分田公園","公園種別":"街区公園","所在地市区町村名":"横浜市","所在地都道府県名":"神奈川県","管理市区町村":"横浜市","管理都道府県・整備局":"神奈川県","都市計画決定":"1"}},{"type":"Feature","geometry":{"type":"Point","coordinates":[139.642410869,35.373769987]},"properties":{"供用済面積":"153127","供用開始年":"1983","公園名":"金沢緑地","公園種別":"緩衝緑地","所在地市区町村名":"横浜市","所在地都道府県名":"神奈川県","管理市区町村":"横浜市","管理都道府県・整備局":"神奈川県","都市計画決定":"1"}},{"type":"Feature","geometry":{"type":"Point","coordinates":[139.587261144,35.346793759]},"properties":{"供用済面積":"2365","供用開始年":"1987","公園名":"釜利谷一号緑地","公園種別":"都市緑地","所在地市区町村名":"横浜市","所在地都道府県名":"神奈川県","管理市区町村":"横浜市","管理都道府県・整備局":"神奈川県","都市計画決定":"2"}},{"type":"Feature","geometry":{"type":"Point","coordinates":[139.58938117,35.34173984]},"properties":{"供用済面積":"11580","供用開始年":"1987","公園名":"釜利谷三号緑地","公園種別":"都市緑地","所在地市区町村名":"横浜市","所在地都道府県名":"神奈川県","管理市区町村":"横浜市","管理都道府県・整備局":"神奈川県","都市計画決定":"2"}},{"type":"Feature","geometry":{"type":"Point","coordinates":[139.589078287,35.33876331]},"properties":{"供用済面積":"2761","供用開始年":"1987","公園名":"釜利谷四号緑地","公園種別":"都市緑地","所在地市区町村名":"横浜市","所在地都道府県名":"神奈川県","管理市区町村":"横浜市","管理都道府県・整備局":"神奈川県","都市計画決定":"2"}},{"type":"Feature","geometry":{"type":"Point","coordinates":[139.593318361,35.334918616]},"properties":{"供用済面積":"13920","供用開始年":"1987","公園名":"釜利谷五号緑地","公園種別":"都市緑地","所在地市区町村名":"横浜市","所在地都道府県名":"神奈川県","管理市区町村":"横浜市","管理都道府県・整備局":"神奈川県","都市計画決定":"2"}},{"type":"Feature","geometry":{"type":"Point","coordinates":[139.595356639,35.336673532]},"properties":{"供用済面積":"49902","供用開始年":"1987","公園名":"釜利谷六号緑地","公園種別":"都市緑地","所在地市区町村名":"横浜市","所在地都道府県名":"神奈川県","管理市区町村":"横浜市","管理都道府県・整備局":"神奈川県","都市計画決定":"2"}},{"type":"Feature","geometry":{"type":"Point","coordinates":[139.597973377,35.336098065]},"properties":{"供用済面積":"17352","供用開始年":"1989","公園名":"釜利谷七号緑地","公園種別":"都市緑地","所在地市区町村名":"横浜市","所在地都道府県名":"神奈川県","管理市区町村":"横浜市","管理都道府県・整備局":"神奈川県","都市計画決定":"2"}},{"type":"Feature","geometry":{"type":"Point","coordinates":[139.637539782,35.36689535]},"properties":{"供用済面積":"43648","供用開始年":"2007","公園名":"富岡並木ふなだまり公園","公園種別":"都市緑地","所在地市区町村名":"横浜市","所在地都道府県名":"神奈川県","管理市区町村":"横浜市","管理都道府県・整備局":"神奈川県","都市計画決定":"2"}},{"type":"Feature","geometry":{"type":"Point","coordinates":[139.624233874,35.364285663]},"properties":{"供用済面積":"5746","供用開始年":"1988","公園名":"富岡緑地","公園種別":"都市緑地","所在地市区町村名":"横浜市","所在地都道府県名":"神奈川県","管理市区町村":"横浜市","管理都道府県・整備局":"神奈川県","都市計画決定":"2"}},{"type":"Feature","geometry":{"type":"Point","coordinates":[139.615219766,35.353913633]},"properties":{"供用済面積":"238054","供用開始年":"1987","公園名":"能見堂緑地","公園種別":"都市緑地","所在地市区町村名":"横浜市","所在地都道府県名":"神奈川県","管理市区町村":"横浜市","管理都道府県・整備局":"神奈川県","都市計画決定":"2"}},{"type":"Feature","geometry":{"type":"Point","coordinates":[139.591145643,35.34011837]},"properties":{"供用済面積":"12328","供用開始年":"1987","公園名":"釜利谷緑道","公園種別":"緑道","所在地市区町村名":"横浜市","所在地都道府県名":"神奈川県","管理市区町村":"横浜市","管理都道府県・整備局":"神奈川県","都市計画決定":"2"}},{"type":"Feature","geometry":{"type":"Point","coordinates":[139.642375796,35.35086568]},"properties":{"供用済面積":"50656","供用開始年":"1987","公園名":"小柴埼緑道","公園種別":"緑道","所在地市区町村名":"横浜市","所在地都道府県名":"神奈川県","管理市区町村":"横浜市","管理都道府県・整備局":"神奈川県","都市計画決定":"2"}},{"type":"Feature","geometry":{"type":"Point","coordinates":[139.633692184,35.366661189]},"properties":{"供用済面積":"5555","供用開始年":"1987","公園名":"長浜緑道","公園種別":"緑道","所在地市区町村名":"横浜市","所在地都道府県名":"神奈川県","管理市区町村":"横浜市","管理都道府県・整備局":"神奈川県","都市計画決定":"2"}},{"type":"Feature","geometry":{"type":"Point","coordinates":[139.599848767,35.351119644]},"properties":{"供用済面積":"577593","供用開始年":"1982","公園名":"金沢自然公園","公園種別":"広域公園","所在地市区町村名":"横浜市","所在地都道府県名":"神奈川県","管理市区町村":"横浜市","管理都道府県・整備局":"神奈川県","都市計画決定":"1"}},{"type":"Feature","geometry":{"type":"Point","coordinates":[139.636774059,35.356961637]},"properties":{"供用済面積":"11352","供用開始年":"1997","公園名":"長浜野口記念公園","公園種別":"特殊公園（風致公園、動植物公園、歴史公園、墓園）","所在地市区町村名":"横浜市","所在地都道府県名":"神奈川県","管理市区町村":"横浜市","管理都道府県・整備局":"神奈川県","都市計画決定":"2"}},{"type":"Feature","geometry":{"type":"Point","coordinates":[139.635707861,35.339673888]},"properties":{"供用済面積":"470155","供用開始年":"1989","公園名":"海の公園","公園種別":"総合公園","所在地市区町村名":"横浜市","所在地都道府県名":"神奈川県","管理市区町村":"横浜市","管理都道府県・整備局":"神奈川県","都市計画決定":"1"}},{"type":"Feature","geometry":{"type":"Point","coordinates":[139.631540721,35.376233763]},"properties":{"供用済面積":"219208","供用開始年":"1975","公園名":"富岡総合公園","公園種別":"総合公園","所在地市区町村名":"横浜市","所在地都道府県名":"神奈川県","管理市区町村":"横浜市","管理都道府県・整備局":"神奈川県","都市計画決定":"1"}},{"type":"Feature","geometry":{"type":"Point","coordinates":[139.633459344,35.328212225]},"properties":{"供用済面積":"175215","供用開始年":"1956","公園名":"野島公園","公園種別":"総合公園","所在地市区町村名":"横浜市","所在地都道府県名":"神奈川県","管理市区町村":"横浜市","管理都道府県・整備局":"神奈川県","都市計画決定":"1"}},{"type":"Feature","geometry":{"type":"Point","coordinates":[139.636793487,35.361787604]},"properties":{"供用済面積":"154182","供用開始年":"1982","公園名":"長浜公園","公園種別":"運動公園","所在地市区町村名":"横浜市","所在地都道府県名":"神奈川県","管理市区町村":"横浜市","管理都道府県・整備局":"神奈川県","都市計画決定":"1"}},{"type":"Feature","geometry":{"type":"Point","coordinates":[139.620569642,35.363454452]},"properties":{"供用済面積":"35000","供用開始年":"1991","公園名":"富岡西公園","公園種別":"地区公園（カントリーパーク）","所在地市区町村名":"横浜市","所在地都道府県名":"神奈川県","管理市区町村":"横浜市","管理都道府県・整備局":"神奈川県","都市計画決定":"1"}},{"type":"Feature","geometry":{"type":"Point","coordinates":[139.637355665,35.369693301]},"properties":{"供用済面積":"42703","供用開始年":"1982","公園名":"富岡八幡公園","公園種別":"地区公園（カントリーパーク）","所在地市区町村名":"横浜市","所在地都道府県名":"神奈川県","管理市区町村":"横浜市","管理都道府県・整備局":"神奈川県","都市計画決定":"1"}},{"type":"Feature","geometry":{"type":"Point","coordinates":[139.613068206,35.352183269]},"properties":{"供用済面積":"17698","供用開始年":"1987","公園名":"阿王ヶ台公園","公園種別":"近隣公園","所在地市区町村名":"横浜市","所在地都道府県名":"神奈川県","管理市区町村":"横浜市","管理都道府県・整備局":"神奈川県","都市計画決定":"1"}},{"type":"Feature","geometry":{"type":"Point","coordinates":[139.609637366,35.354374004]},"properties":{"供用済面積":"15561","供用開始年":"1986","公園名":"釜利谷ひろば公園","公園種別":"近隣公園","所在地市区町村名":"横浜市","所在地都道府県名":"神奈川県","管理市区町村":"横浜市","管理都道府県・整備局":"神奈川県","都市計画決定":"2"}},{"type":"Feature","geometry":{"type":"Point","coordinates":[139.6078734,35.337626012]},"properties":{"供用済面積":"24436","供用開始年":"1997","公園名":"釜利谷南公園","公園種別":"近隣公園","所在地市区町村名":"横浜市","所在地都道府県名":"神奈川県","管理市区町村":"横浜市","管理都道府県・整備局":"神奈川県","都市計画決定":"1"}},{"type":"Feature","geometry":{"type":"Point","coordinates":[139.591959745,35.340578746]},"properties":{"供用済面積":"12664","供用開始年":"1979","公園名":"草舞台公園","公園種別":"近隣公園","所在地市区町村名":"横浜市","所在地都道府県名":"神奈川県","管理市区町村":"横浜市","管理都道府県・整備局":"神奈川県","都市計画決定":"2"}},{"type":"Feature","geometry":{"type":"Point","coordinates":[139.624194388,35.370360039]},"properties":{"供用済面積":"18898","供用開始年":"1964","公園名":"富岡公園","公園種別":"近隣公園","所在地市区町村名":"横浜市","所在地都道府県名":"神奈川県","管理市区町村":"横浜市","管理都道府県・整備局":"神奈川県","都市計画決定":"1"}},{"type":"Feature","geometry":{"type":"Point","coordinates":[139.612750914,35.360620596]},"properties":{"供用済面積":"24199","供用開始年":"1982","公園名":"能見台北公園","公園種別":"近隣公園","所在地市区町村名":"横浜市","所在地都道府県名":"神奈川県","管理市区町村":"横浜市","管理都道府県・整備局":"神奈川県","都市計画決定":"1"}},{"type":"Feature","geometry":{"type":"Point","coordinates":[139.619050913,35.356700622]},"properties":{"供用済面積":"28865","供用開始年":"1986","公園名":"能見台中央公園","公園種別":"近隣公園","所在地市区町村名":"横浜市","所在地都道府県名":"神奈川県","管理市区町村":"横浜市","管理都道府県・整備局":"神奈川県","都市計画決定":"1"}},{"type":"Feature","geometry":{"type":"Point","coordinates":[139.624000418,35.35432639]},"properties":{"供用済面積":"37544","供用開始年":"1987","公園名":"能見台東公園","公園種別":"近隣公園","所在地市区町村名":"横浜市","所在地都道府県名":"神奈川県","管理市区町村":"横浜市","管理都道府県・整備局":"神奈川県","都市計画決定":"1"}},{"type":"Feature","geometry":{"type":"Point","coordinates":[139.624814562,35.359898483]},"properties":{"供用済面積":"10000","供用開始年":"1996","公園名":"能見台堀口北公園","公園種別":"近隣公園","所在地市区町村名":"横浜市","所在地都道府県名":"神奈川県","管理市区町村":"横浜市","管理都道府県・整備局":"神奈川県","都市計画決定":"1"}},{"type":"Feature","geometry":{"type":"Point","coordinates":[139.598336811,35.334593925]},"properties":{"供用済面積":"12348","供用開始年":"1989","公園名":"白山道奥公園","公園種別":"近隣公園","所在地市区町村名":"横浜市","所在地都道府県名":"神奈川県","管理市区町村":"横浜市","管理都道府県・整備局":"神奈川県","都市計画決定":"2"}},{"type":"Feature","geometry":{"type":"Point","coordinates":[139.623981064,35.35812049]},"properties":{"供用済面積":"14308","供用開始年":"2000","公園名":"堀口西公園","公園種別":"近隣公園","所在地市区町村名":"横浜市","所在地都道府県名":"神奈川県","管理市区町村":"横浜市","管理都道府県・整備局":"神奈川県","都市計画決定":"2"}},{"type":"Feature","geometry":{"type":"Point","coordinates":[139.631811809,35.338197515]},"properties":{"供用済面積":"19754","供用開始年":"1987","公園名":"まつかぜ公園","公園種別":"近隣公園","所在地市区町村名":"横浜市","所在地都道府県名":"神奈川県","管理市区町村":"横浜市","管理都道府県・整備局":"神奈川県","都市計画決定":"2"}},{"type":"Feature","geometry":{"type":"Point","coordinates":[139.605070713,35.325270822]},"properties":{"供用済面積":"10581","供用開始年":"1977","公園名":"六浦大道公園","公園種別":"近隣公園","所在地市区町村名":"横浜市","所在地都道府県名":"神奈川県","管理市区町村":"横浜市","管理都道府県・整備局":"神奈川県","都市計画決定":"1"}},{"type":"Feature","geometry":{"type":"Point","coordinates":[139.617584499,35.347801809]},"properties":{"供用済面積":"816","供用開始年":"1964","公園名":"赤井谷公園","公園種別":"街区公園","所在地市区町村名":"横浜市","所在地都道府県名":"神奈川県","管理市区町村":"横浜市","管理都道府県・整備局":"神奈川県","都市計画決定":"2"}},{"type":"Feature","geometry":{"type":"Point","coordinates":[139.616169528,35.350611661]},"properties":{"供用済面積":"402","供用開始年":"1973","公園名":"赤井谷第二公園","公園種別":"街区公園","所在地市区町村名":"横浜市","所在地都道府県名":"神奈川県","管理市区町村":"横浜市","管理都道府県・整備局":"神奈川県","都市計画決定":"2"}},{"type":"Feature","geometry":{"type":"Point","coordinates":[139.616731631,35.348865422]},"properties":{"供用済面積":"847","供用開始年":"1992","公園名":"赤井谷第三公園","公園種別":"街区公園","所在地市区町村名":"横浜市","所在地都道府県名":"神奈川県","管理市区町村":"横浜市","管理都道府県・整備局":"神奈川県","都市計画決定":"2"}},{"type":"Feature","geometry":{"type":"Point","coordinates":[139.596747344,35.325815129]},"properties":{"供用済面積":"840","供用開始年":"1977","公園名":"朝比奈町公園","公園種別":"街区公園","所在地市区町村名":"横浜市","所在地都道府県名":"神奈川県","管理市区町村":"横浜市","管理都道府県・整備局":"神奈川県","都市計画決定":"1"}},{"type":"Feature","geometry":{"type":"Point","coordinates":[139.642375829,35.355532896]},"properties":{"供用済面積":"2000","供用開始年":"1984","公園名":"イガイ根公園","公園種別":"街区公園","所在地市区町村名":"横浜市","所在地都道府県名":"神奈川県","管理市区町村":"横浜市","管理都道府県・整備局":"神奈川県","都市計画決定":"2"}},{"type":"Feature","geometry":{"type":"Point","coordinates":[139.605145221,35.329532031]},"properties":{"供用済面積":"928","供用開始年":"1968","公園名":"伊賀山公園","公園種別":"街区公園","所在地市区町村名":"横浜市","所在地都道府県名":"神奈川県","管理市区町村":"横浜市","管理都道府県・整備局":"神奈川県","都市計画決定":"1"}},{"type":"Feature","geometry":{"type":"Point","coordinates":[139.639952953,35.359739745]},"properties":{"供用済面積":"2000","供用開始年":"1984","公園名":"イド藻公園","公園種別":"街区公園","所在地市区町村名":"横浜市","所在地都道府県名":"神奈川県","管理市区町村":"横浜市","管理都道府県・整備局":"神奈川県","都市計画決定":"2"}},{"type":"Feature","geometry":{"type":"Point","coordinates":[139.62045319,35.340467616]},"properties":{"供用済面積":"462","供用開始年":"1974","公園名":"大川公園","公園種別":"街区公園","所在地市区町村名":"横浜市","所在地都道府県名":"神奈川県","管理市区町村":"横浜市","管理都道府県・整備局":"神奈川県","都市計画決定":"2"}},{"type":"Feature","geometry":{"type":"Point","coordinates":[139.592890152,35.344483958]},"properties":{"供用済面積":"8751","供用開始年":"1976","公園名":"奥座公園","公園種別":"街区公園","所在地市区町村名":"横浜市","所在地都道府県名":"神奈川県","管理市区町村":"横浜市","管理都道府県・整備局":"神奈川県","都市計画決定":"2"}},{"type":"Feature","geometry":{"type":"Point","coordinates":[139.633982706,35.332625439]},"properties":{"供用済面積":"8229","供用開始年":"1992","公園名":"乙舳公園","公園種別":"街区公園","所在地市区町村名":"横浜市","所在地都道府県名":"神奈川県","管理市区町村":"横浜市","管理都道府県・整備局":"神奈川県","都市計画決定":"2"}},{"type":"Feature","geometry":{"type":"Point","coordinates":[139.640340732,35.373916035]},"properties":{"供用済面積":"2000","供用開始年":"1980","公園名":"牡蠣根公園","公園種別":"街区公園","所在地市区町村名":"横浜市","所在地都道府県名":"神奈川県","管理市区町村":"横浜市","管理都道府県・整備局":"神奈川県","都市計画決定":"1"}},{"type":"Feature","geometry":{"type":"Point","coordinates":[139.641869708,35.370485119]},"properties":{"供用済面積":"2000","供用開始年":"1982","公園名":"カゼ場公園","公園種別":"街区公園","所在地市区町村名":"横浜市","所在地都道府県名":"神奈川県","管理市区町村":"横浜市","管理都道府県・整備局":"神奈川県","都市計画決定":"1"}},{"type":"Feature","geometry":{"type":"Point","coordinates":[139.622197748,35.351246665]},"properties":{"供用済面積":"6736","供用開始年":"1977","公園名":"片吹公園","公園種別":"街区公園","所在地市区町村名":"横浜市","所在地都道府県名":"神奈川県","管理市区町村":"横浜市","管理都道府県・整備局":"神奈川県","都市計画決定":"2"}},{"type":"Feature","geometry":{"type":"Point","coordinates":[139.626988672,35.351826186]},"properties":{"供用済面積":"1022","供用開始年":"1974","公園名":"片吹第二公園","公園種別":"街区公園","所在地市区町村名":"横浜市","所在地都道府県名":"神奈川県","管理市区町村":"横浜市","管理都道府県・整備局":"神奈川県","都市計画決定":"2"}},{"type":"Feature","geometry":{"type":"Point","coordinates":[139.628148389,35.344150599]},"properties":{"供用済面積":"4236","供用開始年":"1949","公園名":"金沢町公園","公園種別":"街区公園","所在地市区町村名":"横浜市","所在地都道府県名":"神奈川県","管理市区町村":"横浜市","管理都道府県・整備局":"神奈川県","都市計画決定":"1"}},{"type":"Feature","geometry":{"type":"Point","coordinates":[139.63157923,35.342245611]},"properties":{"供用済面積":"1002","供用開始年":"1977","公園名":"金沢町第二公園","公園種別":"街区公園","所在地市区町村名":"横浜市","所在地都道府県名":"神奈川県","管理市区町村":"横浜市","管理都道府県・整備局":"神奈川県","都市計画決定":"2"}},{"type":"Feature","geometry":{"type":"Point","coordinates":[139.613351956,35.344718026]},"properties":{"供用済面積":"1293","供用開始年":"1949","公園名":"釜利谷公園","公園種別":"街区公園","所在地市区町村名":"横浜市","所在地都道府県名":"神奈川県","管理市区町村":"横浜市","管理都道府県・整備局":"神奈川県","都市計画決定":"1"}},{"type":"Feature","geometry":{"type":"Point","coordinates":[139.615394151,35.342340852]},"properties":{"供用済面積":"2879","供用開始年":"1965","公園名":"釜利谷第二公園","公園種別":"街区公園","所在地市区町村名":"横浜市","所在地都道府県名":"神奈川県","管理市区町村":"横浜市","管理都道府県・整備局":"神奈川県","都市計画決定":"2"}},{"type":"Feature","geometry":{"type":"Point","coordinates":[139.616421465,35.342499602]},"properties":{"供用済面積":"841","供用開始年":"1965","公園名":"釜利谷第三公園","公園種別":"街区公園","所在地市区町村名":"横浜市","所在地都道府県名":"神奈川県","管理市区町村":"横浜市","管理都道府県・整備局":"神奈川県","都市計画決定":"2"}},{"type":"Feature","geometry":{"type":"Point","coordinates":[139.613436438,35.342991718]},"properties":{"供用済面積":"801","供用開始年":"1965","公園名":"釜利谷第四公園","公園種別":"街区公園","所在地市区町村名":"横浜市","所在地都道府県名":"神奈川県","管理市区町村":"横浜市","管理都道府県・整備局":"神奈川県","都市計画決定":"2"}},{"type":"Feature","geometry":{"type":"Point","coordinates":[139.617811243,35.344758788]},"properties":{"供用済面積":"771","供用開始年":"1988","公園名":"釜利谷第五公園","公園種別":"街区公園","所在地市区町村名":"横浜市","所在地都道府県名":"神奈川県","管理市区町村":"横浜市","管理都道府県・整備局":"神奈川県","都市計画決定":"2"}},{"type":"Feature","geometry":{"type":"Point","coordinates":[139.612370387,35.349675042]},"properties":{"供用済面積":"4207","供用開始年":"1973","公園名":"釜利谷赤坂公園","公園種別":"街区公園","所在地市区町村名":"横浜市","所在地都道府県名":"神奈川県","管理市区町村":"横浜市","管理都道府県・整備局":"神奈川県","都市計画決定":"1"}},{"type":"Feature","geometry":{"type":"Point","coordinates":[139.600158866,35.343277461]},"properties":{"供用済面積":"1681","供用開始年":"1976","公園名":"釜利谷柿の木公園","公園種別":"街区公園","所在地市区町村名":"横浜市","所在地都道府県名":"神奈川県","管理市区町村":"横浜市","管理都道府県・整備局":"神奈川県","都市計画決定":"1"}},{"type":"Feature","geometry":{"type":"Point","coordinates":[139.611420554,35.339197632]},"properties":{"供用済面積":"3428","供用開始年":"1985","公園名":"釜利谷坂本公園","公園種別":"街区公園","所在地市区町村名":"横浜市","所在地都道府県名":"神奈川県","管理市区町村":"横浜市","管理都道府県・整備局":"神奈川県","都市計画決定":"2"}},{"type":"Feature","geometry":{"type":"Point","coordinates":[139.608551831,35.339991366]},"properties":{"供用済面積":"1039","供用開始年":"1986","公園名":"釜利谷坂本第二公園","公園種別":"街区公園","所在地市区町村名":"横浜市","所在地都道府県名":"神奈川県","管理市区町村":"横浜市","管理都道府県・整備局":"神奈川県","都市計画決定":"2"}},{"type":"Feature","geometry":{"type":"Point","coordinates":[139.610354495,35.344182338]},"properties":{"供用済面積":"1338","供用開始年":"1986","公園名":"釜利谷宿公園","公園種別":"街区公園","所在地市区町村名":"横浜市","所在地都道府県名":"神奈川県","管理市区町村":"横浜市","管理都道府県・整備局":"神奈川県","都市計画決定":"2"}},{"type":"Feature","geometry":{"type":"Point","coordinates":[139.605299358,35.343258902]},"properties":{"供用済面積":"360","供用開始年":"2002","公園名":"釜利谷西一丁目公園","公園種別":"街区公園","所在地市区町村名":"横浜市","所在地都道府県名":"神奈川県","管理市区町村":"横浜市","管理都道府県・整備局":"神奈川県","都市計画決定":"2"}},{"type":"Feature","geometry":{"type":"Point","coordinates":[139.601865298,35.340202074]},"properties":{"供用済面積":"1607","供用開始年":"1999","公園名":"釜利谷東八丁目公園","公園種別":"街区公園","所在地市区町村名":"横浜市","所在地都道府県名":"神奈川県","管理市区町村":"横浜市","管理都道府県・整備局":"神奈川県","都市計画決定":"2"}},{"type":"Feature","geometry":{"type":"Point","coordinates":[139.607850766,35.336820738]},"properties":{"供用済面積":"261","供用開始年":"2000","公園名":"釜利谷南二丁目公園","公園種別":"街区公園","所在地市区町村名":"横浜市","所在地都道府県名":"神奈川県","管理市区町村":"横浜市","管理都道府県・整備局":"神奈川県","都市計画決定":"2"}},{"type":"Feature","geometry":{"type":"Point","coordinates":[139.606846128,35.346769939]},"properties":{"供用済面積":"2888","供用開始年":"1990","公園名":"釜利谷わんぱく公園","公園種別":"街区公園","所在地市区町村名":"横浜市","所在地都道府県名":"神奈川県","管理市区町村":"横浜市","管理都道府県・整備局":"神奈川県","都市計画決定":"2"}},{"type":"Feature","geometry":{"type":"Point","coordinates":[139.596146549,35.346261943]},"properties":{"供用済面積":"2662","供用開始年":"1976","公園名":"北之門公園","公園種別":"街区公園","所在地市区町村名":"横浜市","所在地都道府県名":"神奈川県","管理市区町村":"横浜市","管理都道府県・整備局":"神奈川県","都市計画決定":"2"}},{"type":"Feature","geometry":{"type":"Point","coordinates":[139.606051421,35.348039919]},"properties":{"供用済面積":"2062","供用開始年":"1986","公園名":"北谷公園","公園種別":"街区公園","所在地市区町村名":"横浜市","所在地都道府県名":"神奈川県","管理市区町村":"横浜市","管理都道府県・整備局":"神奈川県","都市計画決定":"2"}},{"type":"Feature","geometry":{"type":"Point","coordinates":[139.638923202,35.346109923]},"properties":{"供用済面積":"203","供用開始年":"1989","公園名":"小柴浜公園","公園種別":"街区公園","所在地市区町村名":"横浜市","所在地都道府県名":"神奈川県","管理市区町村":"横浜市","管理都道府県・整備局":"神奈川県","都市計画決定":"2"}},{"type":"Feature","geometry":{"type":"Point","coordinates":[139.638014748,35.375424149]},"properties":{"供用済面積":"2005","供用開始年":"1980","公園名":"小浜公園","公園種別":"街区公園","所在地市区町村名":"横浜市","所在地都道府県名":"神奈川県","管理市区町村":"横浜市","管理都道府県・整備局":"神奈川県","都市計画決定":"1"}},{"type":"Feature","geometry":{"type":"Point","coordinates":[139.640708935,35.364708582]},"properties":{"供用済面積":"2000","供用開始年":"1983","公園名":"サルダの鼻公園","公園種別":"街区公園","所在地市区町村名":"横浜市","所在地都道府県名":"神奈川県","管理市区町村":"横浜市","管理都道府県・整備局":"神奈川県","都市計画決定":"1"}},{"type":"Feature","geometry":{"type":"Point","coordinates":[139.602271628,35.337403764]},"properties":{"供用済面積":"5003","供用開始年":"1985","公園名":"沢木谷公園","公園種別":"街区公園","所在地市区町村名":"横浜市","所在地都道府県名":"神奈川県","管理市区町村":"横浜市","管理都道府県・整備局":"神奈川県","都市計画決定":"2"}},{"type":"Feature","geometry":{"type":"Point","coordinates":[139.603066345,35.338959503]},"properties":{"供用済面積":"1753","供用開始年":"1985","公園名":"沢木谷第二公園","公園種別":"街区公園","所在地市区町村名":"横浜市","所在地都道府県名":"神奈川県","管理市区町村":"横浜市","管理都道府県・整備局":"神奈川県","都市計画決定":"2"}},{"type":"Feature","geometry":{"type":"Point","coordinates":[139.600255766,35.338276888]},"properties":{"供用済面積":"1472","供用開始年":"1985","公園名":"沢木谷第三公園","公園種別":"街区公園","所在地市区町村名":"横浜市","所在地都道府県名":"神奈川県","管理市区町村":"横浜市","管理都道府県・整備局":"神奈川県","都市計画決定":"2"}},{"type":"Feature","geometry":{"type":"Point","coordinates":[139.600197611,35.336895777]},"properties":{"供用済面積":"1323","供用開始年":"1985","公園名":"沢木谷第四公園","公園種別":"街区公園","所在地市区町村名":"横浜市","所在地都道府県名":"神奈川県","管理市区町村":"横浜市","管理都道府県・整備局":"神奈川県","都市計画決定":"2"}},{"type":"Feature","geometry":{"type":"Point","coordinates":[139.640121077,35.366530594]},"properties":{"供用済面積":"2251","供用開始年":"1982","公園名":"潮通り公園","公園種別":"街区公園","所在地市区町村名":"横浜市","所在地都道府県名":"神奈川県","管理市区町村":"横浜市","管理都道府県・整備局":"神奈川県","都市計画決定":"1"}},{"type":"Feature","geometry":{"type":"Point","coordinates":[139.638736574,35.346374842]},"properties":{"供用済面積":"598","供用開始年":"1995","公園名":"柴仲町公園","公園種別":"街区公園","所在地市区町村名":"横浜市","所在地都道府県名":"神奈川県","管理市区町村":"横浜市","管理都道府県・整備局":"神奈川県","都市計画決定":"2"}},{"type":"Feature","geometry":{"type":"Point","coordinates":[139.633884276,35.367986654]},"properties":{"供用済面積":"809","供用開始年":"1983","公園名":"下ノ浜公園","公園種別":"街区公園","所在地市区町村名":"横浜市","所在地都道府県名":"神奈川県","管理市区町村":"横浜市","管理都道府県・整備局":"神奈川県","都市計画決定":"2"}},{"type":"Feature","geometry":{"type":"Point","coordinates":[139.633381902,35.346404829]},"properties":{"供用済面積":"6672","供用開始年":"1977","公園名":"称名寺東公園","公園種別":"街区公園","所在地市区町村名":"横浜市","所在地都道府県名":"神奈川県","管理市区町村":"横浜市","管理都道府県・整備局":"神奈川県","都市計画決定":"2"}},{"type":"Feature","geometry":{"type":"Point","coordinates":[139.625686714,35.345087212]},"properties":{"供用済面積":"2013","供用開始年":"1975","公園名":"城山台公園","公園種別":"街区公園","所在地市区町村名":"横浜市","所在地都道府県名":"神奈川県","管理市区町村":"横浜市","管理都道府県・整備局":"神奈川県","都市計画決定":"1"}},{"type":"Feature","geometry":{"type":"Point","coordinates":[139.603749003,35.32825803]},"properties":{"供用済面積":"552","供用開始年":"1967","公園名":"杉の崎公園","公園種別":"街区公園","所在地市区町村名":"横浜市","所在地都道府県名":"神奈川県","管理市区町村":"横浜市","管理都道府県・整備局":"神奈川県","都市計画決定":"2"}},{"type":"Feature","geometry":{"type":"Point","coordinates":[139.627004706,35.331022078]},"properties":{"供用済面積":"1913","供用開始年":"1967","公園名":"洲崎公園","公園種別":"街区公園","所在地市区町村名":"横浜市","所在地都道府県名":"神奈川県","管理市区町村":"横浜市","管理都道府県・整備局":"神奈川県","都市計画決定":"2"}},{"type":"Feature","geometry":{"type":"Point","coordinates":[139.61603369,35.318766684]},"properties":{"供用済面積":"1792","供用開始年":"1976","公園名":"瀬ケ崎台公園","公園種別":"街区公園","所在地市区町村名":"横浜市","所在地都道府県名":"神奈川県","管理市区町村":"横浜市","管理都道府県・整備局":"神奈川県","都市計画決定":"2"}},{"type":"Feature","geometry":{"type":"Point","coordinates":[139.597987954,35.34500783]},"properties":{"供用済面積":"8504","供用開始年":"1975","公園名":"関ヶ谷公園","公園種別":"街区公園","所在地市区町村名":"横浜市","所在地都道府県名":"神奈川県","管理市区町村":"横浜市","管理都道府県・整備局":"神奈川県","都市計画決定":"1"}},{"type":"Feature","geometry":{"type":"Point","coordinates":[139.599926281,35.344595082]},"properties":{"供用済面積":"1341","供用開始年":"1976","公園名":"関ヶ谷第二公園","公園種別":"街区公園","所在地市区町村名":"横浜市","所在地都道府県名":"神奈川県","管理市区町村":"横浜市","管理都道府県・整備局":"神奈川県","都市計画決定":"1"}},{"type":"Feature","geometry":{"type":"Point","coordinates":[139.596480765,35.340680712]},"properties":{"供用済面積":"4856","供用開始年":"1978","公園名":"関ヶ谷の辻公園","公園種別":"街区公園","所在地市区町村名":"横浜市","所在地都道府県名":"神奈川県","管理市区町村":"横浜市","管理都道府県・整備局":"神奈川県","都市計画決定":"2"}},{"type":"Feature","geometry":{"type":"Point","coordinates":[139.604020729,35.329590791]},"properties":{"供用済面積":"552","供用開始年":"1967","公園名":"大道公園","公園種別":"街区公園","所在地市区町村名":"横浜市","所在地都道府県名":"神奈川県","管理市区町村":"横浜市","管理都道府県・整備局":"神奈川県","都市計画決定":"2"}},{"type":"Feature","geometry":{"type":"Point","coordinates":[139.59965486,35.331768195]},"properties":{"供用済面積":"1261","供用開始年":"1973","公園名":"高舟台第一公園","公園種別":"街区公園","所在地市区町村名":"横浜市","所在地都道府県名":"神奈川県","管理市区町村":"横浜市","管理都道府県・整備局":"神奈川県","都市計画決定":"1"}},{"type":"Feature","geometry":{"type":"Point","coordinates":[139.598298029,35.331815826]},"properties":{"供用済面積":"1382","供用開始年":"1974","公園名":"高舟台第二公園","公園種別":"街区公園","所在地市区町村名":"横浜市","所在地都道府県名":"神奈川県","管理市区町村":"横浜市","管理都道府県・整備局":"神奈川県","都市計画決定":"1"}},{"type":"Feature","geometry":{"type":"Point","coordinates":[139.608700743,35.331020779]},"properties":{"供用済面積":"3426","供用開始年":"1983","公園名":"高宗台公園","公園種別":"街区公園","所在地市区町村名":"横浜市","所在地都道府県名":"神奈川県","管理市区町村":"横浜市","管理都道府県・整備局":"神奈川県","都市計画決定":"1"}},{"type":"Feature","geometry":{"type":"Point","coordinates":[139.61787511,35.320433541]},"properties":{"供用済面積":"1365","供用開始年":"1976","公園名":"高谷公園","公園種別":"街区公園","所在地市区町村名":"横浜市","所在地都道府県名":"神奈川県","管理市区町村":"横浜市","管理都道府県・整備局":"神奈川県","都市計画決定":"2"}},{"type":"Feature","geometry":{"type":"Point","coordinates":[139.620918362,35.334339927]},"properties":{"供用済面積":"4746","供用開始年":"1985","公園名":"泥亀一丁目公園","公園種別":"街区公園","所在地市区町村名":"横浜市","所在地都道府県名":"神奈川県","管理市区町村":"横浜市","管理都道府県・整備局":"神奈川県","都市計画決定":"2"}},{"type":"Feature","geometry":{"type":"Point","coordinates":[139.624543062,35.337959395]},"properties":{"供用済面積":"3099","供用開始年":"1966","公園名":"泥亀公園","公園種別":"街区公園","所在地市区町村名":"横浜市","所在地都道府県名":"神奈川県","管理市区町村":"横浜市","管理都道府県・整備局":"神奈川県","都市計画決定":"2"}},{"type":"Feature","geometry":{"type":"Point","coordinates":[139.629951008,35.337435519]},"properties":{"供用済面積":"1486","供用開始年":"1996","公園名":"寺前さざなみ公園","公園種別":"街区公園","所在地市区町村名":"横浜市","所在地都道府県名":"神奈川県","管理市区町村":"横浜市","管理都道府県・整備局":"神奈川県","都市計画決定":"2"}},{"type":"Feature","geometry":{"type":"Point","coordinates":[139.625720839,35.340610718]},"properties":{"供用済面積":"882","供用開始年":"1969","公園名":"寺前町公園","公園種別":"街区公園","所在地市区町村名":"横浜市","所在地都道府県名":"神奈川県","管理市区町村":"横浜市","管理都道府県・整備局":"神奈川県","都市計画決定":"2"}},{"type":"Feature","geometry":{"type":"Point","coordinates":[139.638344032,35.34486497]},"properties":{"供用済面積":"1200","供用開始年":"1992","公園名":"鳶埼公園","公園種別":"街区公園","所在地市区町村名":"横浜市","所在地都道府県名":"神奈川県","管理市区町村":"横浜市","管理都道府県・整備局":"神奈川県","都市計画決定":"2"}},{"type":"Feature","geometry":{"type":"Point","coordinates":[139.626539718,35.364756203]},"properties":{"供用済面積":"1214","供用開始年":"1969","公園名":"富岡第二公園","公園種別":"街区公園","所在地市区町村名":"横浜市","所在地都道府県名":"神奈川県","管理市区町村":"横浜市","管理都道府県・整備局":"神奈川県","都市計画決定":"1"}},{"type":"Feature","geometry":{"type":"Point","coordinates":[139.617468337,35.366899304]},"properties":{"供用済面積":"7063","供用開始年":"1973","公園名":"富岡第三公園","公園種別":"街区公園","所在地市区町村名":"横浜市","所在地都道府県名":"神奈川県","管理市区町村":"横浜市","管理都道府県・整備局":"神奈川県","都市計画決定":"1"}},{"type":"Feature","geometry":{"type":"Point","coordinates":[139.619522957,35.36596269]},"properties":{"供用済面積":"2522","供用開始年":"1975","公園名":"富岡第四公園","公園種別":"街区公園","所在地市区町村名":"横浜市","所在地都道府県名":"神奈川県","管理市区町村":"横浜市","管理都道府県・整備局":"神奈川県","都市計画決定":"2"}},{"type":"Feature","geometry":{"type":"Point","coordinates":[139.616518521,35.362978199]},"properties":{"供用済面積":"4728","供用開始年":"1975","公園名":"富岡第五公園","公園種別":"街区公園","所在地市区町村名":"横浜市","所在地都道府県名":"神奈川県","管理市区町村":"横浜市","管理都道府県・整備局":"神奈川県","都市計画決定":"2"}},{"type":"Feature","geometry":{"type":"Point","coordinates":[139.61940094,35.360200605]},"properties":{"供用済面積":"2016","供用開始年":"1974","公園名":"富岡第六公園","公園種別":"街区公園","所在地市区町村名":"横浜市","所在地都道府県名":"神奈川県","管理市区町村":"横浜市","管理都道府県・整備局":"神奈川県","都市計画決定":"1"}},{"type":"Feature","geometry":{"type":"Point","coordinates":[139.614618927,35.359930221]},"properties":{"供用済面積":"2042","供用開始年":"1975","公園名":"富岡第七公園","公園種別":"街区公園","所在地市区町村名":"横浜市","所在地都道府県名":"神奈川県","管理市区町村":"横浜市","管理都道府県・整備局":"神奈川県","都市計画決定":"1"}},{"type":"Feature","geometry":{"type":"Point","coordinates":[139.625971039,35.369667913]},"properties":{"供用済面積":"872","供用開始年":"1990","公園名":"富岡大谷公園","公園種別":"街区公園","所在地市区町村名":"横浜市","所在地都道府県名":"神奈川県","管理市区町村":"横浜市","管理都道府県・整備局":"神奈川県","都市計画決定":"2"}},{"type":"Feature","geometry":{"type":"Point","coordinates":[139.625261027,35.36767058]},"properties":{"供用済面積":"596","供用開始年":"1996","公園名":"富岡大谷第二公園","公園種別":"街区公園","所在地市区町村名":"横浜市","所在地都道府県名":"神奈川県","管理市区町村":"横浜市","管理都道府県・整備局":"神奈川県","都市計画決定":"2"}},{"type":"Feature","geometry":{"type":"Point","coordinates":[139.627877174,35.364803823]},"properties":{"供用済面積":"269","供用開始年":"1981","公園名":"富岡桜ヶ丘公園","公園種別":"街区公園","所在地市区町村名":"横浜市","所在地都道府県名":"神奈川県","管理市区町村":"横浜市","管理都道府県・整備局":"神奈川県","都市計画決定":"2"}},{"type":"Feature","geometry":{"type":"Point","coordinates":[139.619949421,35.369280539]},"properties":{"供用済面積":"6720","供用開始年":"1991","公園名":"富岡西一丁目公園","公園種別":"街区公園","所在地市区町村名":"横浜市","所在地都道府県名":"神奈川県","管理市区町村":"横浜市","管理都道府県・整備局":"神奈川県","都市計画決定":"2"}},{"type":"Feature","geometry":{"type":"Point","coordinates":[139.623905622,35.368801805]},"properties":{"供用済面積":"422","供用開始年":"1998","公園名":"富岡西三丁目公園","公園種別":"街区公園","所在地市区町村名":"横浜市","所在地都道府県名":"神奈川県","管理市区町村":"横浜市","管理都道府県・整備局":"神奈川県","都市計画決定":"2"}},{"type":"Feature","geometry":{"type":"Point","coordinates":[139.629389076,35.365518202]},"properties":{"供用済面積":"991","供用開始年":"1989","公園名":"富岡西七丁目公園","公園種別":"街区公園","所在地市区町村名":"横浜市","所在地都道府県名":"神奈川県","管理市区町村":"横浜市","管理都道府県・整備局":"神奈川県","都市計画決定":"2"}},{"type":"Feature","geometry":{"type":"Point","coordinates":[139.621392307,35.370381177]},"properties":{"供用済面積":"200","供用開始年":"1991","公園名":"富岡西ふれあいの辻公園","公園種別":"街区公園","所在地市区町村名":"横浜市","所在地都道府県名":"神奈川県","管理市区町村":"横浜市","管理都道府県・整備局":"神奈川県","都市計画決定":"2"}},{"type":"Feature","geometry":{"type":"Point","coordinates":[139.623281102,35.376380547]},"properties":{"供用済面積":"786","供用開始年":"1990","公園名":"富岡東一丁目公園","公園種別":"街区公園","所在地市区町村名":"横浜市","所在地都道府県名":"神奈川県","管理市区町村":"横浜市","管理都道府県・整備局":"神奈川県","都市計画決定":"2"}},{"type":"Feature","geometry":{"type":"Point","coordinates":[139.614580203,35.365534057]},"properties":{"供用済面積":"3299","供用開始年":"1982","公園名":"富岡ひかりが丘公園","公園種別":"街区公園","所在地市区町村名":"横浜市","所在地都道府県名":"神奈川県","管理市区町村":"横浜市","管理都道府県・整備局":"神奈川県","都市計画決定":"2"}},{"type":"Feature","geometry":{"type":"Point","coordinates":[139.641697621,35.379821494]},"properties":{"供用済面積":"4285","供用開始年":"1976","公園名":"鳥浜公園","公園種別":"街区公園","所在地市区町村名":"横浜市","所在地都道府県名":"神奈川県","管理市区町村":"横浜市","管理都道府県・整備局":"神奈川県","都市計画決定":"2"}},{"type":"Feature","geometry":{"type":"Point","coordinates":[139.628434645,35.374783025]},"properties":{"供用済面積":"201","供用開始年":"1976","公園名":"鳥見ヶ丘公園","公園種別":"街区公園","所在地市区町村名":"横浜市","所在地都道府県名":"神奈川県","管理市区町村":"横浜市","管理都道府県・整備局":"神奈川県","都市計画決定":"2"}},{"type":"Feature","geometry":{"type":"Point","coordinates":[139.62791109,35.373310561]},"properties":{"供用済面積":"642","供用開始年":"1986","公園名":"鳥見ヶ丘第二公園","公園種別":"街区公園","所在地市区町村名":"横浜市","所在地都道府県名":"神奈川県","管理市区町村":"横浜市","管理都道府県・整備局":"神奈川県","都市計画決定":"2"}},{"type":"Feature","geometry":{"type":"Point","coordinates":[139.631070966,35.357010631]},"properties":{"供用済面積":"174","供用開始年":"1979","公園名":"長浜第二公園","公園種別":"街区公園","所在地市区町村名":"横浜市","所在地都道府県名":"神奈川県","管理市区町村":"横浜市","管理都道府県・整備局":"神奈川県","都市計画決定":"2"}},{"type":"Feature","geometry":{"type":"Point","coordinates":[139.631172286,35.358295125]},"properties":{"供用済面積":"3343","供用開始年":"1991","公園名":"長浜みはらし公園","公園種別":"街区公園","所在地市区町村名":"横浜市","所在地都道府県名":"神奈川県","管理市区町村":"横浜市","管理都道府県・整備局":"神奈川県","都市計画決定":"2"}},{"type":"Feature","geometry":{"type":"Point","coordinates":[139.640398787,35.362660722]},"properties":{"供用済面積":"2000","供用開始年":"1983","公園名":"中藻公園","公園種別":"街区公園","所在地市区町村名":"横浜市","所在地都道府県名":"神奈川県","管理市区町村":"横浜市","管理都道府県・整備局":"神奈川県","都市計画決定":"1"}},{"type":"Feature","geometry":{"type":"Point","coordinates":[139.602368579,35.345118948]},"properties":{"供用済面積":"4378","供用開始年":"1970","公園名":"夏山第一公園","公園種別":"街区公園","所在地市区町村名":"横浜市","所在地都道府県名":"神奈川県","管理市区町村":"横浜市","管理都道府県・整備局":"神奈川県","都市計画決定":"1"}},{"type":"Feature","geometry":{"type":"Point","coordinates":[139.599647732,35.347484281]},"properties":{"供用済面積":"589","供用開始年":"1974","公園名":"夏山第二公園","公園種別":"街区公園","所在地市区町村名":"横浜市","所在地都道府県名":"神奈川県","管理市区町村":"横浜市","管理都道府県・整備局":"神奈川県","都市計画決定":"2"}},{"type":"Feature","geometry":{"type":"Point","coordinates":[139.604750828,35.34361294]},"properties":{"供用済面積":"1402","供用開始年":"1976","公園名":"夏山東公園","公園種別":"街区公園","所在地市区町村名":"横浜市","所在地都道府県名":"神奈川県","管理市区町村":"横浜市","管理都道府県・整備局":"神奈川県","都市計画決定":"2"}},{"type":"Feature","geometry":{"type":"Point","coordinates":[139.638949182,35.372206202]},"properties":{"供用済面積":"4484","供用開始年":"1980","公園名":"並木十二天公園","公園種別":"街区公園","所在地市区町村名":"横浜市","所在地都道府県名":"神奈川県","管理市区町村":"横浜市","管理都道府県・整備局":"神奈川県","都市計画決定":"1"}},{"type":"Feature","geometry":{"type":"Point","coordinates":[139.628598362,35.34935151]},"properties":{"供用済面積":"2951","供用開始年":"1973","公園名":"西柴第一公園","公園種別":"街区公園","所在地市区町村名":"横浜市","所在地都道府県名":"神奈川県","管理市区町村":"横浜市","管理都道府県・整備局":"神奈川県","都市計画決定":"1"}},{"type":"Feature","geometry":{"type":"Point","coordinates":[139.630290934,35.352970652]},"properties":{"供用済面積":"576","供用開始年":"1973","公園名":"西柴第二公園","公園種別":"街区公園","所在地市区町村名":"横浜市","所在地都道府県名":"神奈川県","管理市区町村":"横浜市","管理都道府県・整備局":"神奈川県","都市計画決定":"2"}},{"type":"Feature","geometry":{"type":"Point","coordinates":[139.631850985,35.349401302]},"properties":{"供用済面積":"1058","供用開始年":"1977","公園名":"西柴第三公園","公園種別":"街区公園","所在地市区町村名":"横浜市","所在地都道府県名":"神奈川県","管理市区町村":"横浜市","管理都道府県・整備局":"神奈川県","都市計画決定":"2"}},{"type":"Feature","geometry":{"type":"Point","coordinates":[139.627701615,35.350459383]},"properties":{"供用済面積":"734","供用開始年":"1975","公園名":"西柴第四公園","公園種別":"街区公園","所在地市区町村名":"横浜市","所在地都道府県名":"神奈川県","管理市区町村":"横浜市","管理都道府県・整備局":"神奈川県","都市計画決定":"2"}},{"type":"Feature","geometry":{"type":"Point","coordinates":[139.629460919,35.351460659]},"properties":{"供用済面積":"230","供用開始年":"1983","公園名":"西柴第五公園","公園種別":"街区公園","所在地市区町村名":"横浜市","所在地都道府県名":"神奈川県","管理市区町村":"横浜市","管理都道府県・整備局":"神奈川県","都市計画決定":"2"}},{"type":"Feature","geometry":{"type":"Point","coordinates":[139.627975199,35.350795482]},"properties":{"供用済面積":"734","供用開始年":"1998","公園名":"西柴一丁目公園","公園種別":"街区公園","所在地市区町村名":"横浜市","所在地都道府県名":"神奈川県","管理市区町村":"横浜市","管理都道府県・整備局":"神奈川県","都市計画決定":"2"}},{"type":"Feature","geometry":{"type":"Point","coordinates":[139.633036539,35.352177228]},"properties":{"供用済面積":"927","供用開始年":"1976","公園名":"西柴台公園","公園種別":"街区公園","所在地市区町村名":"横浜市","所在地都道府県名":"神奈川県","管理市区町村":"横浜市","管理都道府県・整備局":"神奈川県","都市計画決定":"2"}},{"type":"Feature","geometry":{"type":"Point","coordinates":[139.621941118,35.349874322]},"properties":{"供用済面積":"1945","供用開始年":"1989","公園名":"能見台あきにれ公園","公園種別":"街区公園","所在地市区町村名":"横浜市","所在地都道府県名":"神奈川県","管理市区町村":"横浜市","管理都道府県・整備局":"神奈川県","都市計画決定":"2"}},{"type":"Feature","geometry":{"type":"Point","coordinates":[139.610906539,35.353832798]},"properties":{"供用済面積":"2601","供用開始年":"1988","公園名":"能見台清水ヶ入公園","公園種別":"街区公園","所在地市区町村名":"横浜市","所在地都道府県名":"神奈川県","管理市区町村":"横浜市","管理都道府県・整備局":"神奈川県","都市計画決定":"2"}},{"type":"Feature","geometry":{"type":"Point","coordinates":[139.622321165,35.359210382]},"properties":{"供用済面積":"7350","供用開始年":"1985","公園名":"能見台千丈公園","公園種別":"街区公園","所在地市区町村名":"横浜市","所在地都道府県名":"神奈川県","管理市区町村":"横浜市","管理都道府県・整備局":"神奈川県","都市計画決定":"2"}},{"type":"Feature","geometry":{"type":"Point","coordinates":[139.618506124,35.353036131]},"properties":{"供用済面積":"2651","供用開始年":"1989","公園名":"能見台瀧公園","公園種別":"街区公園","所在地市区町村名":"横浜市","所在地都道府県名":"神奈川県","管理市区町村":"横浜市","管理都道府県・整備局":"神奈川県","都市計画決定":"2"}},{"type":"Feature","geometry":{"type":"Point","coordinates":[139.610708971,35.357617016]},"properties":{"供用済面積":"2523","供用開始年":"1986","公園名":"能見台野地久保公園","公園種別":"街区公園","所在地市区町村名":"横浜市","所在地都道府県名":"神奈川県","管理市区町村":"横浜市","管理都道府県・整備局":"神奈川県","都市計画決定":"2"}},{"type":"Feature","geometry":{"type":"Point","coordinates":[139.616819057,35.358812038]},"properties":{"供用済面積":"2454","供用開始年":"1986","公園名":"能見台平原公園","公園種別":"街区公園","所在地市区町村名":"横浜市","所在地都道府県名":"神奈川県","管理市区町村":"横浜市","管理都道府県・整備局":"神奈川県","都市計画決定":"2"}},{"type":"Feature","geometry":{"type":"Point","coordinates":[139.638204367,35.365944806]},"properties":{"供用済面積":"2000","供用開始年":"1983","公園名":"のりべか公園","公園種別":"街区公園","所在地市区町村名":"横浜市","所在地都道府県名":"神奈川県","管理市区町村":"横浜市","管理都道府県・整備局":"神奈川県","都市計画決定":"1"}},{"type":"Feature","geometry":{"type":"Point","coordinates":[139.607760221,35.335745766]},"properties":{"供用済面積":"1745","供用開始年":"1985","公園名":"白山道公園","公園種別":"街区公園","所在地市区町村名":"横浜市","所在地都道府県名":"神奈川県","管理市区町村":"横浜市","管理都道府県・整備局":"神奈川県","都市計画決定":"1"}},{"type":"Feature","geometry":{"type":"Point","coordinates":[139.606770756,35.334750752]},"properties":{"供用済面積":"501","供用開始年":"1992","公園名":"白山道第二公園","公園種別":"街区公園","所在地市区町村名":"横浜市","所在地都道府県名":"神奈川県","管理市区町村":"横浜市","管理都道府県・整備局":"神奈川県","都市計画決定":"2"}},{"type":"Feature","geometry":{"type":"Point","coordinates":[139.609323135,35.335747255]},"properties":{"供用済面積":"440","供用開始年":"1997","公園名":"白山道六郎ヶ谷公園","公園種別":"街区公園","所在地市区町村名":"横浜市","所在地都道府県名":"神奈川県","管理市区町村":"横浜市","管理都道府県・整備局":"神奈川県","都市計画決定":"2"}},{"type":"Feature","geometry":{"type":"Point","coordinates":[139.625721962,35.337265479]},"properties":{"供用済面積":"1800","供用開始年":"1966","公園名":"走川公園","公園種別":"街区公園","所在地市区町村名":"横浜市","所在地都道府県名":"神奈川県","管理市区町村":"横浜市","管理都道府県・整備局":"神奈川県","都市計画決定":"2"}},{"type":"Feature","geometry":{"type":"Point","coordinates":[139.625050777,35.328190796]},"properties":{"供用済面積":"4863","供用開始年":"1969","公園名":"八景公園","公園種別":"街区公園","所在地市区町村名":"横浜市","所在地都道府県名":"神奈川県","管理市区町村":"横浜市","管理都道府県・整備局":"神奈川県","都市計画決定":"2"}},{"type":"Feature","geometry":{"type":"Point","coordinates":[139.612152781,35.335583946]},"properties":{"供用済面積":"9002","供用開始年":"2004","公園名":"八景西公園","公園種別":"街区公園","所在地市区町村名":"横浜市","所在地都道府県名":"神奈川県","管理市区町村":"横浜市","管理都道府県・整備局":"神奈川県","都市計画決定":"2"}},{"type":"Feature","geometry":{"type":"Point","coordinates":[139.594263419,35.341583907]},"properties":{"供用済面積":"2298","供用開始年":"1978","公園名":"はなむしろ公園","公園種別":"街区公園","所在地市区町村名":"横浜市","所在地都道府県名":"神奈川県","管理市区町村":"横浜市","管理都道府県・整備局":"神奈川県","都市計画決定":"2"}},{"type":"Feature","geometry":{"type":"Point","coordinates":[139.597478128,35.326525834]},"properties":{"供用済面積":"899","供用開始年":"1994","公園名":"東朝比奈三丁目公園","公園種別":"街区公園","所在地市区町村名":"横浜市","所在地都道府県名":"神奈川県","管理市区町村":"横浜市","管理都道府県・整備局":"神奈川県","都市計画決定":"2"}},{"type":"Feature","geometry":{"type":"Point","coordinates":[139.604968311,35.322327783]},"properties":{"供用済面積":"437","供用開始年":"1994","公園名":"東朝比奈ふれあい公園","公園種別":"街区公園","所在地市区町村名":"横浜市","所在地都道府県名":"神奈川県","管理市区町村":"横浜市","管理都道府県・整備局":"神奈川県","都市計画決定":"2"}},{"type":"Feature","geometry":{"type":"Point","coordinates":[139.633644609,35.366094182]},"properties":{"供用済面積":"2889","供用開始年":"1973","公園名":"東富岡公園","公園種別":"街区公園","所在地市区町村名":"横浜市","所在地都道府県名":"神奈川県","管理市区町村":"横浜市","管理都道府県・整備局":"神奈川県","都市計画決定":"2"}},{"type":"Feature","geometry":{"type":"Point","coordinates":[139.638006844,35.373899145]},"properties":{"供用済面積":"2000","供用開始年":"1980","公園名":"東浜公園","公園種別":"街区公園","所在地市区町村名":"横浜市","所在地都道府県名":"神奈川県","管理市区町村":"横浜市","管理都道府県・整備局":"神奈川県","都市計画決定":"1"}},{"type":"Feature","geometry":{"type":"Point","coordinates":[139.62341536,35.334488516]},"properties":{"供用済面積":"3413","供用開始年":"1963","公園名":"姫の島公園","公園種別":"街区公園","所在地市区町村名":"横浜市","所在地都道府県名":"神奈川県","管理市区町村":"横浜市","管理都道府県・整備局":"神奈川県","都市計画決定":"2"}},{"type":"Feature","geometry":{"type":"Point","coordinates":[139.632352464,35.333243715]},"properties":{"供用済面積":"1172","供用開始年":"1954","公園名":"平潟公園","公園種別":"街区公園","所在地市区町村名":"横浜市","所在地都道府県名":"神奈川県","管理市区町村":"横浜市","管理都道府県・整備局":"神奈川県","都市計画決定":"2"}},{"type":"Feature","geometry":{"type":"Point","coordinates":[139.594643385,35.338222931]},"properties":{"供用済面積":"2037","供用開始年":"1978","公園名":"方丈公園","公園種別":"街区公園","所在地市区町村名":"横浜市","所在地都道府県名":"神奈川県","管理市区町村":"横浜市","管理都道府県・整備局":"神奈川県","都市計画決定":"2"}},{"type":"Feature","geometry":{"type":"Point","coordinates":[139.638705922,35.364002905]},"properties":{"供用済面積":"2000","供用開始年":"1983","公園名":"干網公園","公園種別":"街区公園","所在地市区町村名":"横浜市","所在地都道府県名":"神奈川県","管理市区町村":"横浜市","管理都道府県・整備局":"神奈川県","都市計画決定":"1"}},{"type":"Feature","geometry":{"type":"Point","coordinates":[139.629768757,35.357803757]},"properties":{"供用済面積":"1869","供用開始年":"1987","公園名":"堀口公園","公園種別":"街区公園","所在地市区町村名":"横浜市","所在地都道府県名":"神奈川県","管理市区町村":"横浜市","管理都道府県・整備局":"神奈川県","都市計画決定":"2"}},{"type":"Feature","geometry":{"type":"Point","coordinates":[139.629327973,35.357654377]},"properties":{"供用済面積":"1006","供用開始年":"1995","公園名":"堀口第三公園","公園種別":"街区公園","所在地市区町村名":"横浜市","所在地都道府県名":"神奈川県","管理市区町村":"横浜市","管理都道府県・整備局":"神奈川県","都市計画決定":"2"}},{"type":"Feature","geometry":{"type":"Point","coordinates":[139.642490392,35.347023728]},"properties":{"供用済面積":"1247","供用開始年":"1989","公園名":"マサキの鼻公園","公園種別":"街区公園","所在地市区町村名":"横浜市","所在地都道府県名":"神奈川県","管理市区町村":"横浜市","管理都道府県・整備局":"神奈川県","都市計画決定":"2"}},{"type":"Feature","geometry":{"type":"Point","coordinates":[139.611635948,35.321231339]},"properties":{"供用済面積":"717","供用開始年":"1965","公園名":"南川公園","公園種別":"街区公園","所在地市区町村名":"横浜市","所在地都道府県名":"神奈川県","管理市区町村":"横浜市","管理都道府県・整備局":"神奈川県","都市計画決定":"2"}},{"type":"Feature","geometry":{"type":"Point","coordinates":[139.609335516,35.321533007]},"properties":{"供用済面積":"155","供用開始年":"1976","公園名":"南川こども公園","公園種別":"街区公園","所在地市区町村名":"横浜市","所在地都道府県名":"神奈川県","管理市区町村":"横浜市","管理都道府県・整備局":"神奈川県","都市計画決定":"2"}},{"type":"Feature","geometry":{"type":"Point","coordinates":[139.613748623,35.318754175]},"properties":{"供用済面積":"2312","供用開始年":"1987","公園名":"南川第二公園","公園種別":"街区公園","所在地市区町村名":"横浜市","所在地都道府県名":"神奈川県","管理市区町村":"横浜市","管理都道府県・整備局":"神奈川県","都市計画決定":"2"}},{"type":"Feature","geometry":{"type":"Point","coordinates":[139.592000747,35.336340746]},"properties":{"供用済面積":"2156","供用開始年":"1981","公園名":"南丸公園","公園種別":"街区公園","所在地市区町村名":"横浜市","所在地都道府県名":"神奈川県","管理市区町村":"横浜市","管理都道府県・整備局":"神奈川県","都市計画決定":"2"}},{"type":"Feature","geometry":{"type":"Point","coordinates":[139.638994757,35.370363879]},"properties":{"供用済面積":"2000","供用開始年":"1982","公園名":"宮ノ前公園","公園種別":"街区公園","所在地市区町村名":"横浜市","所在地都道府県名":"神奈川県","管理市区町村":"横浜市","管理都道府県・整備局":"神奈川県","都市計画決定":"1"}},{"type":"Feature","geometry":{"type":"Point","coordinates":[139.614013817,35.329175071]},"properties":{"供用済面積":"1295","供用開始年":"1987","公園名":"六浦二丁目第一公園","公園種別":"街区公園","所在地市区町村名":"横浜市","所在地都道府県名":"神奈川県","管理市区町村":"横浜市","管理都道府県・整備局":"神奈川県","都市計画決定":"2"}},{"type":"Feature","geometry":{"type":"Point","coordinates":[139.614694448,35.328832954]},"properties":{"供用済面積":"746","供用開始年":"1987","公園名":"六浦二丁目第二公園","公園種別":"街区公園","所在地市区町村名":"横浜市","所在地都道府県名":"神奈川県","管理市区町村":"横浜市","管理都道府県・整備局":"神奈川県","都市計画決定":"2"}},{"type":"Feature","geometry":{"type":"Point","coordinates":[139.619281165,35.32932257]},"properties":{"供用済面積":"1097","供用開始年":"1989","公園名":"六浦二丁目第三公園","公園種別":"街区公園","所在地市区町村名":"横浜市","所在地都道府県名":"神奈川県","管理市区町村":"横浜市","管理都道府県・整備局":"神奈川県","都市計画決定":"2"}},{"type":"Feature","geometry":{"type":"Point","coordinates":[139.60633144,35.318940897]},"properties":{"供用済面積":"3397","供用開始年":"1994","公園名":"六浦あさがお公園","公園種別":"街区公園","所在地市区町村名":"横浜市","所在地都道府県名":"神奈川県","管理市区町村":"横浜市","管理都道府県・整備局":"神奈川県","都市計画決定":"2"}},{"type":"Feature","geometry":{"type":"Point","coordinates":[139.609857629,35.317098589]},"properties":{"供用済面積":"2869","供用開始年":"1988","公園名":"六浦あざみ公園","公園種別":"街区公園","所在地市区町村名":"横浜市","所在地都道府県名":"神奈川県","管理市区町村":"横浜市","管理都道府県・整備局":"神奈川県","都市計画決定":"2"}},{"type":"Feature","geometry":{"type":"Point","coordinates":[139.61783723,35.327032126]},"properties":{"供用済面積":"1456","供用開始年":"1961","公園名":"六浦公園","公園種別":"街区公園","所在地市区町村名":"横浜市","所在地都道府県名":"神奈川県","管理市区町村":"横浜市","管理都道府県・整備局":"神奈川県","都市計画決定":"2"}},{"type":"Feature","geometry":{"type":"Point","coordinates":[139.613931024,35.321355817]},"properties":{"供用済面積":"1722","供用開始年":"1976","公園名":"六浦三艘第一公園","公園種別":"街区公園","所在地市区町村名":"横浜市","所在地都道府県名":"神奈川県","管理市区町村":"横浜市","管理都道府県・整備局":"神奈川県","都市計画決定":"2"}},{"type":"Feature","geometry":{"type":"Point","coordinates":[139.615094979,35.317081116]},"properties":{"供用済面積":"1114","供用開始年":"1976","公園名":"六浦三艘第二公園","公園種別":"街区公園","所在地市区町村名":"横浜市","所在地都道府県名":"神奈川県","管理市区町村":"横浜市","管理都道府県・整備局":"神奈川県","都市計画決定":"2"}},{"type":"Feature","geometry":{"type":"Point","coordinates":[139.614113432,35.325388989]},"properties":{"供用済面積":"1086","供用開始年":"1999","公園名":"六浦白梅公園","公園種別":"街区公園","所在地市区町村名":"横浜市","所在地都道府県名":"神奈川県","管理市区町村":"横浜市","管理都道府県・整備局":"神奈川県","都市計画決定":"2"}},{"type":"Feature","geometry":{"type":"Point","coordinates":[139.612090693,35.317000879]},"properties":{"供用済面積":"161","供用開始年":"1977","公園名":"六浦しらゆり公園","公園種別":"街区公園","所在地市区町村名":"横浜市","所在地都道府県名":"神奈川県","管理市区町村":"横浜市","管理都道府県・整備局":"神奈川県","都市計画決定":"2"}},{"type":"Feature","geometry":{"type":"Point","coordinates":[139.6231873,35.319426365]},"properties":{"供用済面積":"4678","供用開始年":"1994","公園名":"六浦瀬ケ崎公園","公園種別":"街区公園","所在地市区町村名":"横浜市","所在地都道府県名":"神奈川県","管理市区町村":"横浜市","管理都道府県・整備局":"神奈川県","都市計画決定":"2"}},{"type":"Feature","geometry":{"type":"Point","coordinates":[139.625927097,35.321246961]},"properties":{"供用済面積":"925","供用開始年":"1995","公園名":"六浦瀬ケ崎第二公園","公園種別":"街区公園","所在地市区町村名":"横浜市","所在地都道府県名":"神奈川県","管理市区町村":"横浜市","管理都道府県・整備局":"神奈川県","都市計画決定":"2"}},{"type":"Feature","geometry":{"type":"Point","coordinates":[139.62121686,35.32923517]},"properties":{"供用済面積":"232","供用開始年":"1984","公園名":"六浦瀬戸公園","公園種別":"街区公園","所在地市区町村名":"横浜市","所在地都道府県名":"神奈川県","管理市区町村":"横浜市","管理都道府県・整備局":"神奈川県","都市計画決定":"2"}},{"type":"Feature","geometry":{"type":"Point","coordinates":[139.612983051,35.330627851]},"properties":{"供用済面積":"422","供用開始年":"1966","公園名":"六浦第二公園","公園種別":"街区公園","所在地市区町村名":"横浜市","所在地都道府県名":"神奈川県","管理市区町村":"横浜市","管理都道府県・整備局":"神奈川県","都市計画決定":"2"}},{"type":"Feature","geometry":{"type":"Point","coordinates":[139.612050744,35.329620788]},"properties":{"供用済面積":"438","供用開始年":"1973","公園名":"六浦第三公園","公園種別":"街区公園","所在地市区町村名":"横浜市","所在地都道府県名":"神奈川県","管理市区町村":"横浜市","管理都道府県・整備局":"神奈川県","都市計画決定":"2"}},{"type":"Feature","geometry":{"type":"Point","coordinates":[139.610040082,35.332447028]},"properties":{"供用済面積":"2857","供用開始年":"1977","公園名":"六浦第四公園","公園種別":"街区公園","所在地市区町村名":"横浜市","所在地都道府県名":"神奈川県","管理市区町村":"横浜市","管理都道府県・整備局":"神奈川県","都市計画決定":"1"}},{"type":"Feature","geometry":{"type":"Point","coordinates":[139.612322379,35.328253279]},"properties":{"供用済面積":"1480","供用開始年":"1977","公園名":"六浦第五公園","公園種別":"街区公園","所在地市区町村名":"横浜市","所在地都道府県名":"神奈川県","管理市区町村":"横浜市","管理都道府県・整備局":"神奈川県","都市計画決定":"2"}},{"type":"Feature","geometry":{"type":"Point","coordinates":[139.614471746,35.330628261]},"properties":{"供用済面積":"511","供用開始年":"1986","公園名":"六浦第六公園","公園種別":"街区公園","所在地市区町村名":"横浜市","所在地都道府県名":"神奈川県","管理市区町村":"横浜市","管理都道府県・整備局":"神奈川県","都市計画決定":"2"}},{"type":"Feature","geometry":{"type":"Point","coordinates":[139.612146218,35.330602611]},"properties":{"供用済面積":"915","供用開始年":"1993","公園名":"六浦第七公園","公園種別":"街区公園","所在地市区町村名":"横浜市","所在地都道府県名":"神奈川県","管理市区町村":"横浜市","管理都道府県・整備局":"神奈川県","都市計画決定":"2"}},{"type":"Feature","geometry":{"type":"Point","coordinates":[139.59984143,35.326882761]},"properties":{"供用済面積":"1248","供用開始年":"1977","公園名":"六浦西第一公園","公園種別":"街区公園","所在地市区町村名":"横浜市","所在地都道府県名":"神奈川県","管理市区町村":"横浜市","管理都道府県・整備局":"神奈川県","都市計画決定":"1"}},{"type":"Feature","geometry":{"type":"Point","coordinates":[139.598680698,35.323840834]},"properties":{"供用済面積":"1608","供用開始年":"1977","公園名":"六浦西第二公園","公園種別":"街区公園","所在地市区町村名":"横浜市","所在地都道府県名":"神奈川県","管理市区町村":"横浜市","管理都道府県・整備局":"神奈川県","都市計画決定":"1"}},{"type":"Feature","geometry":{"type":"Point","coordinates":[139.597920689,35.32162085]},"properties":{"供用済面積":"6738","供用開始年":"1977","公園名":"六浦西第三公園","公園種別":"街区公園","所在地市区町村名":"横浜市","所在地都道府県名":"神奈川県","管理市区町村":"横浜市","管理都道府県・整備局":"神奈川県","都市計画決定":"1"}},{"type":"Feature","geometry":{"type":"Point","coordinates":[139.602679641,35.323330987]},"properties":{"供用済面積":"963","供用開始年":"1977","公園名":"六浦西第四公園","公園種別":"街区公園","所在地市区町村名":"横浜市","所在地都道府県名":"神奈川県","管理市区町村":"横浜市","管理都道府県・整備局":"神奈川県","都市計画決定":"1"}},{"type":"Feature","geometry":{"type":"Point","coordinates":[139.608580707,35.322180843]},"properties":{"供用済面積":"740","供用開始年":"1986","公園名":"六浦西第五公園","公園種別":"街区公園","所在地市区町村名":"横浜市","所在地都道府県名":"神奈川県","管理市区町村":"横浜市","管理都道府県・整備局":"神奈川県","都市計画決定":"2"}},{"type":"Feature","geometry":{"type":"Point","coordinates":[139.609751266,35.323945011]},"properties":{"供用済面積":"1479","供用開始年":"1987","公園名":"六浦西第六公園","公園種別":"街区公園","所在地市区町村名":"横浜市","所在地都道府県名":"神奈川県","管理市区町村":"横浜市","管理都道府県・整備局":"神奈川県","都市計画決定":"2"}},{"type":"Feature","geometry":{"type":"Point","coordinates":[139.611195159,35.316389043]},"properties":{"供用済面積":"1000","供用開始年":"1988","公園名":"六浦ひなぎく公園","公園種別":"街区公園","所在地市区町村名":"横浜市","所在地都道府県名":"神奈川県","管理市区町村":"横浜市","管理都道府県・整備局":"神奈川県","都市計画決定":"2"}},{"type":"Feature","geometry":{"type":"Point","coordinates":[139.60976643,35.315094454]},"properties":{"供用済面積":"3561","供用開始年":"1988","公園名":"六浦ひまわり公園","公園種別":"街区公園","所在地市区町村名":"横浜市","所在地都道府県名":"神奈川県","管理市区町村":"横浜市","管理都道府県・整備局":"神奈川県","都市計画決定":"2"}},{"type":"Feature","geometry":{"type":"Point","coordinates":[139.612167924,35.3224637]},"properties":{"供用済面積":"932","供用開始年":"1966","公園名":"六浦南公園","公園種別":"街区公園","所在地市区町村名":"横浜市","所在地都道府県名":"神奈川県","管理市区町村":"横浜市","管理都道府県・整備局":"神奈川県","都市計画決定":"1"}},{"type":"Feature","geometry":{"type":"Point","coordinates":[139.622480836,35.342140708]},"properties":{"供用済面積":"770","供用開始年":"1958","公園名":"谷津公園","公園種別":"街区公園","所在地市区町村名":"横浜市","所在地都道府県名":"神奈川県","管理市区町村":"横浜市","管理都道府県・整備局":"神奈川県","都市計画決定":"2"}},{"type":"Feature","geometry":{"type":"Point","coordinates":[139.626257772,35.361637766]},"properties":{"供用済面積":"3655","供用開始年":"1972","公園名":"谷津坂第一公園","公園種別":"街区公園","所在地市区町村名":"横浜市","所在地都道府県名":"神奈川県","管理市区町村":"横浜市","管理都道府県・整備局":"神奈川県","都市計画決定":"1"}},{"type":"Feature","geometry":{"type":"Point","coordinates":[139.623111541,35.361886722]},"properties":{"供用済面積":"1342","供用開始年":"1974","公園名":"谷津坂第二公園","公園種別":"街区公園","所在地市区町村名":"横浜市","所在地都道府県名":"神奈川県","管理市区町村":"横浜市","管理都道府県・整備局":"神奈川県","都市計画決定":"1"}},{"type":"Feature","geometry":{"type":"Point","coordinates":[139.629176027,35.363193772]},"properties":{"供用済面積":"358","供用開始年":"1975","公園名":"谷津坂第三公園","公園種別":"街区公園","所在地市区町村名":"横浜市","所在地都道府県名":"神奈川県","管理市区町村":"横浜市","管理都道府県・整備局":"神奈川県","都市計画決定":"2"}},{"type":"Feature","geometry":{"type":"Point","coordinates":[139.629070954,35.356620632]},"properties":{"供用済面積":"6215","供用開始年":"1998","公園名":"谷津坂南公園","公園種別":"街区公園","所在地市区町村名":"横浜市","所在地都道府県名":"神奈川県","管理市区町村":"横浜市","管理都道府県・整備局":"神奈川県","都市計画決定":"2"}},{"type":"Feature","geometry":{"type":"Point","coordinates":[139.62219949,35.346700071]},"properties":{"供用済面積":"1645","供用開始年":"1975","公園名":"谷津染井公園","公園種別":"街区公園","所在地市区町村名":"横浜市","所在地都道府県名":"神奈川県","管理市区町村":"横浜市","管理都道府県・整備局":"神奈川県","都市計画決定":"1"}},{"type":"Feature","geometry":{"type":"Point","coordinates":[139.622213949,35.324072714]},"properties":{"供用済面積":"580","供用開始年":"1977","公園名":"柳町公園","公園種別":"街区公園","所在地市区町村名":"横浜市","所在地都道府県名":"神奈川県","管理市区町村":"横浜市","管理都道府県・整備局":"神奈川県","都市計画決定":"2"}},{"type":"Feature","geometry":{"type":"Point","coordinates":[139.636716008,35.498081544]},"properties":{"供用済面積":"2443","供用開始年":"1991","公園名":"仲手原緑道","公園種別":"緑道","所在地市区町村名":"横浜市","所在地都道府県名":"神奈川県","管理市区町村":"横浜市","管理都道府県・整備局":"神奈川県","都市計画決定":"2"}},{"type":"Feature","geometry":{"type":"Point","coordinates":[139.615361402,35.530185287]},"properties":{"供用済面積":"19440","供用開始年":"1986","公園名":"新田緑道","公園種別":"緑道","所在地市区町村名":"横浜市","所在地都道府県名":"神奈川県","管理市区町村":"横浜市","管理都道府県・整備局":"神奈川県","都市計画決定":"2"}},{"type":"Feature","geometry":{"type":"Point","coordinates":[139.620073086,35.521372013]},"properties":{"供用済面積":"24220","供用開始年":"1989","公園名":"太尾堤緑道","公園種別":"緑道","所在地市区町村名":"横浜市","所在地都道府県名":"神奈川県","管理市区町村":"横浜市","管理都道府県・整備局":"神奈川県","都市計画決定":"2"}},{"type":"Feature","geometry":{"type":"Point","coordinates":[139.635758843,35.557372006]},"properties":{"供用済面積":"6306","供用開始年":"1999","公園名":"松の川緑道","公園種別":"緑道","所在地市区町村名":"横浜市","所在地都道府県名":"神奈川県","管理市区町村":"横浜市","管理都道府県・整備局":"神奈川県","都市計画決定":"2"}},{"type":"Feature","geometry":{"type":"Point","coordinates":[139.636457676,35.506421797]},"properties":{"供用済面積":"4596","供用開始年":"2008","公園名":"菊名桜山公園","公園種別":"特殊公園（風致公園、動植物公園、歴史公園、墓園）","所在地市区町村名":"横浜市","所在地都道府県名":"神奈川県","管理市区町村":"横浜市","管理都道府県・整備局":"神奈川県","都市計画決定":"1"}},{"type":"Feature","geometry":{"type":"Point","coordinates":[139.61555875,35.494608528]},"properties":{"供用済面積":"140587","供用開始年":"1971","公園名":"岸根公園","公園種別":"運動公園","所在地市区町村名":"横浜市","所在地都道府県名":"神奈川県","管理市区町村":"横浜市","管理都道府県・整備局":"神奈川県","都市計画決定":"1"}},{"type":"Feature","geometry":{"type":"Point","coordinates":[139.60484347,35.512745454]},"properties":{"供用済面積":"452221","供用開始年":"1998","公園名":"新横浜公園","公園種別":"運動公園","所在地市区町村名":"横浜市","所在地都道府県名":"神奈川県","管理市区町村":"横浜市","管理都道府県・整備局":"神奈川県","都市計画決定":"1"}},{"type":"Feature","geometry":{"type":"Point","coordinates":[139.627444698,35.524845036]},"properties":{"供用済面積":"69404","供用開始年":"1984","公園名":"大倉山公園","公園種別":"地区公園（カントリーパーク）","所在地市区町村名":"横浜市","所在地都道府県名":"神奈川県","管理市区町村":"横浜市","管理都道府県・整備局":"神奈川県","都市計画決定":"1"}},{"type":"Feature","geometry":{"type":"Point","coordinates":[139.607093021,35.523973674]},"properties":{"供用済面積":"24113","供用開始年":"1997","公園名":"新羽丘陵公園","公園種別":"地区公園（カントリーパーク）","所在地市区町村名":"横浜市","所在地都道府県名":"神奈川県","管理市区町村":"横浜市","管理都道府県・整備局":"神奈川県","都市計画決定":"2"}},{"type":"Feature","geometry":{"type":"Point","coordinates":[139.622457525,35.532381603]},"properties":{"供用済面積":"47797","供用開始年":"2000","公園名":"太尾見晴らしの丘公園","公園種別":"地区公園（カントリーパーク）","所在地市区町村名":"横浜市","所在地都道府県名":"神奈川県","管理市区町村":"横浜市","管理都道府県・整備局":"神奈川県","都市計画決定":"1"}},{"type":"Feature","geometry":{"type":"Point","coordinates":[139.632536251,35.499926984]},"properties":{"供用済面積":"28060","供用開始年":"1957","公園名":"菊名池公園","公園種別":"近隣公園","所在地市区町村名":"横浜市","所在地都道府県名":"神奈川県","管理市区町村":"横浜市","管理都道府県・整備局":"神奈川県","都市計画決定":"2"}},{"type":"Feature","geometry":{"type":"Point","coordinates":[139.612739421,35.510087774]},"properties":{"供用済面積":"71382","供用開始年":"1975","公園名":"新横浜駅前公園","公園種別":"近隣公園","所在地市区町村名":"横浜市","所在地都道府県名":"神奈川県","管理市区町村":"横浜市","管理都道府県・整備局":"神奈川県","都市計画決定":"1"}},{"type":"Feature","geometry":{"type":"Point","coordinates":[139.615121449,35.553284131]},"properties":{"供用済面積":"9632","供用開始年":"2001","公園名":"高田西公園","公園種別":"近隣公園","所在地市区町村名":"横浜市","所在地都道府県名":"神奈川県","管理市区町村":"横浜市","管理都道府県・整備局":"神奈川県","都市計画決定":"2"}},{"type":"Feature","geometry":{"type":"Point","coordinates":[139.635538346,35.539854365]},"properties":{"供用済面積":"28819","供用開始年":"1944","公園名":"綱島公園","公園種別":"近隣公園","所在地市区町村名":"横浜市","所在地都道府県名":"神奈川県","管理市区町村":"横浜市","管理都道府県・整備局":"神奈川県","都市計画決定":"1"}},{"type":"Feature","geometry":{"type":"Point","coordinates":[139.638274166,35.533708098]},"properties":{"供用済面積":"17931","供用開始年":"1987","公園名":"鶴見川樽町公園","公園種別":"近隣公園","所在地市区町村名":"横浜市","所在地都道府県名":"神奈川県","管理市区町村":"横浜市","管理都道府県・整備局":"神奈川県","都市計画決定":"2"}},{"type":"Feature","geometry":{"type":"Point","coordinates":[139.64703284,35.55922677]},"properties":{"供用済面積":"13074","供用開始年":"1995","公園名":"日吉公園","公園種別":"近隣公園","所在地市区町村名":"横浜市","所在地都道府県名":"神奈川県","管理市区町村":"横浜市","管理都道府県・整備局":"神奈川県","都市計画決定":"1"}},{"type":"Feature","geometry":{"type":"Point","coordinates":[139.641086097,35.548101258]},"properties":{"供用済面積":"20000","供用開始年":"2002","公園名":"日吉の丘公園","公園種別":"近隣公園","所在地市区町村名":"横浜市","所在地都道府県名":"神奈川県","管理市区町村":"横浜市","管理都道府県・整備局":"神奈川県","都市計画決定":"2"}},{"type":"Feature","geometry":{"type":"Point","coordinates":[139.630542544,35.549830281]},"properties":{"供用済面積":"13378","供用開始年":"1991","公園名":"日吉本町鯛ヶ崎公園","公園種別":"近隣公園","所在地市区町村名":"横浜市","所在地都道府県名":"神奈川県","管理市区町村":"横浜市","管理都道府県・整備局":"神奈川県","都市計画決定":"2"}},{"type":"Feature","geometry":{"type":"Point","coordinates":[139.618078209,35.522567033]},"properties":{"供用済面積":"23198","供用開始年":"1989","公園名":"太尾公園","公園種別":"近隣公園","所在地市区町村名":"横浜市","所在地都道府県名":"神奈川県","管理市区町村":"横浜市","管理都道府県・整備局":"神奈川県","都市計画決定":"2"}},{"type":"Feature","geometry":{"type":"Point","coordinates":[139.619218122,35.519610594]},"properties":{"供用済面積":"9000","供用開始年":"1999","公園名":"太尾南公園","公園種別":"近隣公園","所在地市区町村名":"横浜市","所在地都道府県名":"神奈川県","管理市区町村":"横浜市","管理都道府県・整備局":"神奈川県","都市計画決定":"2"}},{"type":"Feature","geometry":{"type":"Point","coordinates":[139.638388064,35.520015154]},"properties":{"供用済面積":"13000","供用開始年":"2000","公園名":"師岡町公園","公園種別":"近隣公園","所在地市区町村名":"横浜市","所在地都道府県名":"神奈川県","管理市区町村":"横浜市","管理都道府県・整備局":"神奈川県","都市計画決定":"2"}},{"type":"Feature","geometry":{"type":"Point","coordinates":[139.628990374,35.51931248]},"properties":{"供用済面積":"392","供用開始年":"1978","公園名":"市ノ坪公園","公園種別":"街区公園","所在地市区町村名":"横浜市","所在地都道府県名":"神奈川県","管理市区町村":"横浜市","管理都道府県・整備局":"神奈川県","都市計画決定":"2"}},{"type":"Feature","geometry":{"type":"Point","coordinates":[139.632400756,35.522759146]},"properties":{"供用済面積":"1105","供用開始年":"1986","公園名":"市ノ坪第二公園","公園種別":"街区公園","所在地市区町村名":"横浜市","所在地都道府県名":"神奈川県","管理市区町村":"横浜市","管理都道府県・整備局":"神奈川県","都市計画決定":"2"}},{"type":"Feature","geometry":{"type":"Point","coordinates":[139.627692405,35.528920293]},"properties":{"供用済面積":"1578","供用開始年":"1965","公園名":"大曽根公園","公園種別":"街区公園","所在地市区町村名":"横浜市","所在地都道府県名":"神奈川県","管理市区町村":"横浜市","管理都道府県・整備局":"神奈川県","都市計画決定":"1"}},{"type":"Feature","geometry":{"type":"Point","coordinates":[139.632384436,35.525554573]},"properties":{"供用済面積":"1661","供用開始年":"1969","公園名":"大曽根第二公園","公園種別":"街区公園","所在地市区町村名":"横浜市","所在地都道府県名":"神奈川県","管理市区町村":"横浜市","管理都道府県・整備局":"神奈川県","都市計画決定":"1"}},{"type":"Feature","geometry":{"type":"Point","coordinates":[139.629230606,35.525398975]},"properties":{"供用済面積":"4652","供用開始年":"1963","公園名":"大曽根第三公園","公園種別":"街区公園","所在地市区町村名":"横浜市","所在地都道府県名":"神奈川県","管理市区町村":"横浜市","管理都道府県・整備局":"神奈川県","都市計画決定":"1"}},{"type":"Feature","geometry":{"type":"Point","coordinates":[139.629882409,35.528580293]},"properties":{"供用済面積":"850","供用開始年":"1967","公園名":"大曽根第四公園","公園種別":"街区公園","所在地市区町村名":"横浜市","所在地都道府県名":"神奈川県","管理市区町村":"横浜市","管理都道府県・整備局":"神奈川県","都市計画決定":"1"}},{"type":"Feature","geometry":{"type":"Point","coordinates":[139.631442422,35.529810292]},"properties":{"供用済面積":"687","供用開始年":"1985","公園名":"大曽根第五公園","公園種別":"街区公園","所在地市区町村名":"横浜市","所在地都道府県名":"神奈川県","管理市区町村":"横浜市","管理都道府県・整備局":"神奈川県","都市計画決定":"2"}},{"type":"Feature","geometry":{"type":"Point","coordinates":[139.631624462,35.523796275]},"properties":{"供用済面積":"1151","供用開始年":"1975","公園名":"大曽根南公園","公園種別":"街区公園","所在地市区町村名":"横浜市","所在地都道府県名":"神奈川県","管理市区町村":"横浜市","管理都道府県・整備局":"神奈川県","都市計画決定":"2"}},{"type":"Feature","geometry":{"type":"Point","coordinates":[139.632384479,35.531965361]},"properties":{"供用済面積":"1072","供用開始年":"1952","公園名":"大曽根北公園","公園種別":"街区公園","所在地市区町村名":"横浜市","所在地都道府県名":"神奈川県","管理市区町村":"横浜市","管理都道府県・整備局":"神奈川県","都市計画決定":"2"}},{"type":"Feature","geometry":{"type":"Point","coordinates":[139.603867104,35.53997885]},"properties":{"供用済面積":"847","供用開始年":"1976","公園名":"神隠公園","公園種別":"街区公園","所在地市区町村名":"横浜市","所在地都道府県名":"神奈川県","管理市区町村":"横浜市","管理都道府県・整備局":"神奈川県","都市計画決定":"2"}},{"type":"Feature","geometry":{"type":"Point","coordinates":[139.630697143,35.510983176]},"properties":{"供用済面積":"360","供用開始年":"1999","公園名":"菊名駅前公園","公園種別":"街区公園","所在地市区町村名":"横浜市","所在地都道府県名":"神奈川県","管理市区町村":"横浜市","管理都道府県・整備局":"神奈川県","都市計画決定":"2"}},{"type":"Feature","geometry":{"type":"Point","coordinates":[139.637362009,35.503708099]},"properties":{"供用済面積":"657","供用開始年":"1994","公園名":"菊名篭久保公園","公園種別":"街区公園","所在地市区町村名":"横浜市","所在地都道府県名":"神奈川県","管理市区町村":"横浜市","管理都道府県・整備局":"神奈川県","都市計画決定":"2"}},{"type":"Feature","geometry":{"type":"Point","coordinates":[139.637742011,35.506680096]},"properties":{"供用済面積":"1254","供用開始年":"1989","公園名":"菊名三丁目公園","公園種別":"街区公園","所在地市区町村名":"横浜市","所在地都道府県名":"神奈川県","管理市区町村":"横浜市","管理都道府県・整備局":"神奈川県","都市計画決定":"2"}},{"type":"Feature","geometry":{"type":"Point","coordinates":[139.638349964,35.505450836]},"properties":{"供用済面積":"1051","供用開始年":"1997","公園名":"菊名三丁目第二公園","公園種別":"街区公園","所在地市区町村名":"横浜市","所在地都道府県名":"神奈川県","管理市区町村":"横浜市","管理都道府県・整備局":"神奈川県","都市計画決定":"2"}},{"type":"Feature","geometry":{"type":"Point","coordinates":[139.634094231,35.509356446]},"properties":{"供用済面積":"1381","供用開始年":"1975","公園名":"菊名町公園","公園種別":"街区公園","所在地市区町村名":"横浜市","所在地都道府県名":"神奈川県","管理市区町村":"横浜市","管理都道府県・整備局":"神奈川県","都市計画決定":"2"}},{"type":"Feature","geometry":{"type":"Point","coordinates":[139.631339252,35.516561961]},"properties":{"供用済面積":"171","供用開始年":"1977","公園名":"菊名町第二公園","公園種別":"街区公園","所在地市区町村名":"横浜市","所在地都道府県名":"神奈川県","管理市区町村":"横浜市","管理都道府県・整備局":"神奈川県","都市計画決定":"2"}},{"type":"Feature","geometry":{"type":"Point","coordinates":[139.630407466,35.515907902]},"properties":{"供用済面積":"283","供用開始年":"1996","公園名":"菊名七丁目公園","公園種別":"街区公園","所在地市区町村名":"横浜市","所在地都道府県名":"神奈川県","管理市区町村":"横浜市","管理都道府県・整備局":"神奈川県","都市計画決定":"2"}},{"type":"Feature","geometry":{"type":"Point","coordinates":[139.610438821,35.495065951]},"properties":{"供用済面積":"150","供用開始年":"2005","公園名":"岸根大堀公園","公園種別":"街区公園","所在地市区町村名":"横浜市","所在地都道府県名":"神奈川県","管理市区町村":"横浜市","管理都道府県・整備局":"神奈川県","都市計画決定":"2"}},{"type":"Feature","geometry":{"type":"Point","coordinates":[139.614045044,35.498290586]},"properties":{"供用済面積":"778","供用開始年":"1996","公園名":"岸根山王山公園","公園種別":"街区公園","所在地市区町村名":"横浜市","所在地都道府県名":"神奈川県","管理市区町村":"横浜市","管理都道府県・整備局":"神奈川県","都市計画決定":"2"}},{"type":"Feature","geometry":{"type":"Point","coordinates":[139.614601352,35.515409359]},"properties":{"供用済面積":"3970","供用開始年":"2004","公園名":"北新横浜公園","公園種別":"街区公園","所在地市区町村名":"横浜市","所在地都道府県名":"神奈川県","管理市区町村":"横浜市","管理都道府県・整備局":"神奈川県","都市計画決定":"2"}},{"type":"Feature","geometry":{"type":"Point","coordinates":[139.623469549,35.517468296]},"properties":{"供用済面積":"704","供用開始年":"1974","公園名":"北大豆戸公園","公園種別":"街区公園","所在地市区町村名":"横浜市","所在地都道府県名":"神奈川県","管理市区町村":"横浜市","管理都道府県・整備局":"神奈川県","都市計画決定":"2"}},{"type":"Feature","geometry":{"type":"Point","coordinates":[139.626662328,35.517690304]},"properties":{"供用済面積":"150","供用開始年":"1976","公園名":"北大豆戸第二公園","公園種別":"街区公園","所在地市区町村名":"横浜市","所在地都道府県名":"神奈川県","管理市区町村":"横浜市","管理都道府県・整備局":"神奈川県","都市計画決定":"2"}},{"type":"Feature","geometry":{"type":"Point","coordinates":[139.597312253,35.506711231]},"properties":{"供用済面積":"1020","供用開始年":"1984","公園名":"小机町第一公園","公園種別":"街区公園","所在地市区町村名":"横浜市","所在地都道府県名":"神奈川県","管理市区町村":"横浜市","管理都道府県・整備局":"神奈川県","都市計画決定":"2"}},{"type":"Feature","geometry":{"type":"Point","coordinates":[139.590779403,35.503198526]},"properties":{"供用済面積":"554","供用開始年":"2001","公園名":"小机町第二公園","公園種別":"街区公園","所在地市区町村名":"横浜市","所在地都道府県名":"神奈川県","管理市区町村":"横浜市","管理都道府県・整備局":"神奈川県","都市計画決定":"2"}},{"type":"Feature","geometry":{"type":"Point","coordinates":[139.590225632,35.504486124]},"properties":{"供用済面積":"3802","供用開始年":"1987","公園名":"小机町第三公園","公園種別":"街区公園","所在地市区町村名":"横浜市","所在地都道府県名":"神奈川県","管理市区町村":"横浜市","管理都道府県・整備局":"神奈川県","都市計画決定":"2"}},{"type":"Feature","geometry":{"type":"Point","coordinates":[139.587101282,35.509848188]},"properties":{"供用済面積":"1169","供用開始年":"1994","公園名":"小机町宮原公園","公園種別":"街区公園","所在地市区町村名":"横浜市","所在地都道府県名":"神奈川県","管理市区町村":"横浜市","管理都道府県・整備局":"神奈川県","都市計画決定":"2"}},{"type":"Feature","geometry":{"type":"Point","coordinates":[139.608654784,35.531623047]},"properties":{"供用済面積":"361","供用開始年":"1974","公園名":"ししがはな公園","公園種別":"街区公園","所在地市区町村名":"横浜市","所在地都道府県名":"神奈川県","管理市区町村":"横浜市","管理都道府県・整備局":"神奈川県","都市計画決定":"2"}},{"type":"Feature","geometry":{"type":"Point","coordinates":[139.621401816,35.50174852]},"properties":{"供用済面積":"1250","供用開始年":"1977","公園名":"篠原町公園","公園種別":"街区公園","所在地市区町村名":"横浜市","所在地都道府県名":"神奈川県","管理市区町村":"横浜市","管理都道府県・整備局":"神奈川県","都市計画決定":"2"}},{"type":"Feature","geometry":{"type":"Point","coordinates":[139.618268089,35.497689824]},"properties":{"供用済面積":"274","供用開始年":"1984","公園名":"篠原町第二公園","公園種別":"街区公園","所在地市区町村名":"横浜市","所在地都道府県名":"神奈川県","管理市区町村":"横浜市","管理都道府県・整備局":"神奈川県","都市計画決定":"2"}},{"type":"Feature","geometry":{"type":"Point","coordinates":[139.622276819,35.5004716]},"properties":{"供用済面積":"5371","供用開始年":"1986","公園名":"篠原町会下谷公園","公園種別":"街区公園","所在地市区町村名":"横浜市","所在地都道府県名":"神奈川県","管理市区町村":"横浜市","管理都道府県・整備局":"神奈川県","都市計画決定":"2"}},{"type":"Feature","geometry":{"type":"Point","coordinates":[139.618458013,35.498153134]},"properties":{"供用済面積":"735","供用開始年":"1993","公園名":"篠原町会下谷第二公園","公園種別":"街区公園","所在地市区町村名":"横浜市","所在地都道府県名":"神奈川県","管理市区町村":"横浜市","管理都道府県・整備局":"神奈川県","都市計画決定":"2"}},{"type":"Feature","geometry":{"type":"Point","coordinates":[139.629622271,35.508080309]},"properties":{"供用済面積":"230","供用開始年":"1980","公園名":"篠原北一丁目公園","公園種別":"街区公園","所在地市区町村名":"横浜市","所在地都道府県名":"神奈川県","管理市区町村":"横浜市","管理都道府県・整備局":"神奈川県","都市計画決定":"2"}},{"type":"Feature","geometry":{"type":"Point","coordinates":[139.628722197,35.497860319]},"properties":{"供用済面積":"192","供用開始年":"1978","公園名":"篠原東一丁目公園","公園種別":"街区公園","所在地市区町村名":"横浜市","所在地都道府県名":"神奈川県","管理市区町村":"横浜市","管理都道府県・整備局":"神奈川県","都市計画決定":"2"}},{"type":"Feature","geometry":{"type":"Point","coordinates":[139.627262213,35.500560317]},"properties":{"供用済面積":"190","供用開始年":"1984","公園名":"篠原東三丁目公園","公園種別":"街区公園","所在地市区町村名":"横浜市","所在地都道府県名":"神奈川県","管理市区町村":"横浜市","管理都道府県・整備局":"神奈川県","都市計画決定":"2"}},{"type":"Feature","geometry":{"type":"Point","coordinates":[139.620547965,35.507660394]},"properties":{"供用済面積":"1084","供用開始年":"1991","公園名":"篠原町表谷公園","公園種別":"街区公園","所在地市区町村名":"横浜市","所在地都道府県名":"神奈川県","管理市区町村":"横浜市","管理都道府県・整備局":"神奈川県","都市計画決定":"2"}},{"type":"Feature","geometry":{"type":"Point","coordinates":[139.622906701,35.507740103]},"properties":{"供用済面積":"362","供用開始年":"1995","公園名":"篠原町ねむのき公園","公園種別":"街区公園","所在地市区町村名":"横浜市","所在地都道府県名":"神奈川県","管理市区町村":"横浜市","管理都道府県・整備局":"神奈川県","都市計画決定":"2"}},{"type":"Feature","geometry":{"type":"Point","coordinates":[139.614293588,35.503181291]},"properties":{"供用済面積":"915","供用開始年":"1996","公園名":"篠原町坊海道公園","公園種別":"街区公園","所在地市区町村名":"横浜市","所在地都道府県名":"神奈川県","管理市区町村":"横浜市","管理都道府県・整備局":"神奈川県","都市計画決定":"2"}},{"type":"Feature","geometry":{"type":"Point","coordinates":[139.622941749,35.496161433]},"properties":{"供用済面積":"8486","供用開始年":"1990","公園名":"篠原西町公園","公園種別":"街区公園","所在地市区町村名":"横浜市","所在地都道府県名":"神奈川県","管理市区町村":"横浜市","管理都道府県・整備局":"神奈川県","都市計画決定":"1"}},{"type":"Feature","geometry":{"type":"Point","coordinates":[139.624469022,35.498704711]},"properties":{"供用済面積":"585","供用開始年":"1995","公園名":"篠原東二丁目公園","公園種別":"街区公園","所在地市区町村名":"横浜市","所在地都道府県名":"神奈川県","管理市区町村":"横浜市","管理都道府県・整備局":"神奈川県","都市計画決定":"2"}},{"type":"Feature","geometry":{"type":"Point","coordinates":[139.633420742,35.556693357]},"properties":{"供用済面積":"400","供用開始年":"1973","公園名":"下田町公園","公園種別":"街区公園","所在地市区町村名":"横浜市","所在地都道府県名":"神奈川県","管理市区町村":"横浜市","管理都道府県・整備局":"神奈川県","都市計画決定":"2"}},{"type":"Feature","geometry":{"type":"Point","coordinates":[139.635187226,35.560253514]},"properties":{"供用済面積":"194","供用開始年":"1977","公園名":"下田町第二公園","公園種別":"街区公園","所在地市区町村名":"横浜市","所在地都道府県名":"神奈川県","管理市区町村":"横浜市","管理都道府県・整備局":"神奈川県","都市計画決定":"2"}},{"type":"Feature","geometry":{"type":"Point","coordinates":[139.626743253,35.557144788]},"properties":{"供用済面積":"164","供用開始年":"1976","公園名":"下田町第三公園","公園種別":"街区公園","所在地市区町村名":"横浜市","所在地都道府県名":"神奈川県","管理市区町村":"横浜市","管理都道府県・整備局":"神奈川県","都市計画決定":"2"}},{"type":"Feature","geometry":{"type":"Point","coordinates":[139.625290003,35.559591757]},"properties":{"供用済面積":"651","供用開始年":"1980","公園名":"下田町西公園","公園種別":"街区公園","所在地市区町村名":"横浜市","所在地都道府県名":"神奈川県","管理市区町村":"横浜市","管理都道府県・整備局":"神奈川県","都市計画決定":"2"}},{"type":"Feature","geometry":{"type":"Point","coordinates":[139.634474521,35.557764126]},"properties":{"供用済面積":"1615","供用開始年":"1982","公園名":"下田町東公園","公園種別":"街区公園","所在地市区町村名":"横浜市","所在地都道府県名":"神奈川県","管理市区町村":"横浜市","管理都道府県・整備局":"神奈川県","都市計画決定":"1"}},{"type":"Feature","geometry":{"type":"Point","coordinates":[139.635882618,35.560130274]},"properties":{"供用済面積":"179","供用開始年":"1984","公園名":"下田町杉並公園","公園種別":"街区公園","所在地市区町村名":"横浜市","所在地都道府県名":"神奈川県","管理市区町村":"横浜市","管理都道府県・整備局":"神奈川県","都市計画決定":"2"}},{"type":"Feature","geometry":{"type":"Point","coordinates":[139.631301692,35.557904167]},"properties":{"供用済面積":"4097","供用開始年":"1996","公園名":"下田町四丁目公園","公園種別":"街区公園","所在地市区町村名":"横浜市","所在地都道府県名":"神奈川県","管理市区町村":"横浜市","管理都道府県・整備局":"神奈川県","都市計画決定":"2"}},{"type":"Feature","geometry":{"type":"Point","coordinates":[139.609813547,35.504595041]},"properties":{"供用済面積":"2644","供用開始年":"1999","公園名":"新横浜第一公園","公園種別":"街区公園","所在地市区町村名":"横浜市","所在地都道府県名":"神奈川県","管理市区町村":"横浜市","管理都道府県・整備局":"神奈川県","都市計画決定":"1"}},{"type":"Feature","geometry":{"type":"Point","coordinates":[139.621932178,35.512093799]},"properties":{"供用済面積":"802","供用開始年":"1998","公園名":"新横浜第二公園","公園種別":"街区公園","所在地市区町村名":"横浜市","所在地都道府県名":"神奈川県","管理市区町村":"横浜市","管理都道府県・整備局":"神奈川県","都市計画決定":"1"}},{"type":"Feature","geometry":{"type":"Point","coordinates":[139.620322482,35.544420286]},"properties":{"供用済面積":"229","供用開始年":"1979","公園名":"新吉田具々田公園","公園種別":"街区公園","所在地市区町村名":"横浜市","所在地都道府県名":"神奈川県","管理市区町村":"横浜市","管理都道府県・整備局":"神奈川県","都市計画決定":"2"}},{"type":"Feature","geometry":{"type":"Point","coordinates":[139.621462836,35.544613286]},"properties":{"供用済面積":"498","供用開始年":"1991","公園名":"新吉田具々田第二公園","公園種別":"街区公園","所在地市区町村名":"横浜市","所在地都道府県名":"神奈川県","管理市区町村":"横浜市","管理都道府県・整備局":"神奈川県","都市計画決定":"2"}},{"type":"Feature","geometry":{"type":"Point","coordinates":[139.615399439,35.536026572]},"properties":{"供用済面積":"936","供用開始年":"1999","公園名":"新吉田さんかく公園","公園種別":"街区公園","所在地市区町村名":"横浜市","所在地都道府県名":"神奈川県","管理市区町村":"横浜市","管理都道府県・整備局":"神奈川県","都市計画決定":"2"}},{"type":"Feature","geometry":{"type":"Point","coordinates":[139.620282179,35.53733362]},"properties":{"供用済面積":"1950","供用開始年":"1970","公園名":"新吉田第一公園","公園種別":"街区公園","所在地市区町村名":"横浜市","所在地都道府県名":"神奈川県","管理市区町村":"横浜市","管理都道府県・整備局":"神奈川県","都市計画決定":"2"}},{"type":"Feature","geometry":{"type":"Point","coordinates":[139.62259428,35.53641898]},"properties":{"供用済面積":"161","供用開始年":"1987","公園名":"新吉田第二公園","公園種別":"街区公園","所在地市区町村名":"横浜市","所在地都道府県名":"神奈川県","管理市区町村":"横浜市","管理都道府県・整備局":"神奈川県","都市計画決定":"2"}},{"type":"Feature","geometry":{"type":"Point","coordinates":[139.618855962,35.541751638]},"properties":{"供用済面積":"161","供用開始年":"1990","公園名":"新吉田第三公園","公園種別":"街区公園","所在地市区町村名":"横浜市","所在地都道府県名":"神奈川県","管理市区町村":"横浜市","管理都道府県・整備局":"神奈川県","都市計画決定":"2"}},{"type":"Feature","geometry":{"type":"Point","coordinates":[139.617356405,35.547930095]},"properties":{"供用済面積":"1810","供用開始年":"1978","公園名":"新吉田町公園","公園種別":"街区公園","所在地市区町村名":"横浜市","所在地都道府県名":"神奈川県","管理市区町村":"横浜市","管理都道府県・整備局":"神奈川県","都市計画決定":"1"}},{"type":"Feature","geometry":{"type":"Point","coordinates":[139.606188464,35.535847593]},"properties":{"供用済面積":"153","供用開始年":"1975","公園名":"新吉田町原公園","公園種別":"街区公園","所在地市区町村名":"横浜市","所在地都道府県名":"神奈川県","管理市区町村":"横浜市","管理都道府県・整備局":"神奈川県","都市計画決定":"2"}},{"type":"Feature","geometry":{"type":"Point","coordinates":[139.624803948,35.540150017]},"properties":{"供用済面積":"343","供用開始年":"2001","公園名":"新吉田吉住公園","公園種別":"街区公園","所在地市区町村名":"横浜市","所在地都道府県名":"神奈川県","管理市区町村":"横浜市","管理都道府県・整備局":"神奈川県","都市計画決定":"2"}},{"type":"Feature","geometry":{"type":"Point","coordinates":[139.623423244,35.546671404]},"properties":{"供用済面積":"302","供用開始年":"1965","公園名":"高田公園","公園種別":"街区公園","所在地市区町村名":"横浜市","所在地都道府県名":"神奈川県","管理市区町村":"横浜市","管理都道府県・整備局":"神奈川県","都市計画決定":"2"}},{"type":"Feature","geometry":{"type":"Point","coordinates":[139.617734856,35.553203042]},"properties":{"供用済面積":"443","供用開始年":"1973","公園名":"高田第二公園","公園種別":"街区公園","所在地市区町村名":"横浜市","所在地都道府県名":"神奈川県","管理市区町村":"横浜市","管理都道府県・整備局":"神奈川県","都市計画決定":"2"}},{"type":"Feature","geometry":{"type":"Point","coordinates":[139.612967688,35.555974709]},"properties":{"供用済面積":"2315","供用開始年":"1976","公園名":"高田第三公園","公園種別":"街区公園","所在地市区町村名":"横浜市","所在地都道府県名":"神奈川県","管理市区町村":"横浜市","管理都道府県・整備局":"神奈川県","都市計画決定":"2"}},{"type":"Feature","geometry":{"type":"Point","coordinates":[139.624405048,35.553811841]},"properties":{"供用済面積":"1540","供用開始年":"1974","公園名":"高田第四公園","公園種別":"街区公園","所在地市区町村名":"横浜市","所在地都道府県名":"神奈川県","管理市区町村":"横浜市","管理都道府県・整備局":"神奈川県","都市計画決定":"2"}},{"type":"Feature","geometry":{"type":"Point","coordinates":[139.625031996,35.551493372]},"properties":{"供用済面積":"1452","供用開始年":"1977","公園名":"高田第五公園","公園種別":"街区公園","所在地市区町村名":"横浜市","所在地都道府県名":"神奈川県","管理市区町村":"横浜市","管理都道府県・整備局":"神奈川県","都市計画決定":"1"}},{"type":"Feature","geometry":{"type":"Point","coordinates":[139.621726182,35.550481963]},"properties":{"供用済面積":"1144","供用開始年":"1976","公園名":"高田第六公園","公園種別":"街区公園","所在地市区町村名":"横浜市","所在地都道府県名":"神奈川県","管理市区町村":"横浜市","管理都道府県・整備局":"神奈川県","都市計画決定":"2"}},{"type":"Feature","geometry":{"type":"Point","coordinates":[139.618831763,35.553865231]},"properties":{"供用済面積":"314","供用開始年":"1982","公園名":"高田第七公園","公園種別":"街区公園","所在地市区町村名":"横浜市","所在地都道府県名":"神奈川県","管理市区町村":"横浜市","管理都道府県・整備局":"神奈川県","都市計画決定":"2"}},{"type":"Feature","geometry":{"type":"Point","coordinates":[139.623062523,35.550140284]},"properties":{"供用済面積":"159","供用開始年":"1984","公園名":"高田第八公園","公園種別":"街区公園","所在地市区町村名":"横浜市","所在地都道府県名":"神奈川県","管理市区町村":"横浜市","管理都道府県・整備局":"神奈川県","都市計画決定":"2"}},{"type":"Feature","geometry":{"type":"Point","coordinates":[139.614316607,35.55521226]},"properties":{"供用済面積":"677","供用開始年":"1976","公園名":"高田寺谷戸公園","公園種別":"街区公園","所在地市区町村名":"横浜市","所在地都道府県名":"神奈川県","管理市区町村":"横浜市","管理都道府県・整備局":"神奈川県","都市計画決定":"2"}},{"type":"Feature","geometry":{"type":"Point","coordinates":[139.613594647,35.553749601]},"properties":{"供用済面積":"792","供用開始年":"1990","公園名":"高田上耕地公園","公園種別":"街区公園","所在地市区町村名":"横浜市","所在地都道府県名":"神奈川県","管理市区町村":"横浜市","管理都道府県・整備局":"神奈川県","都市計画決定":"2"}},{"type":"Feature","geometry":{"type":"Point","coordinates":[139.611969363,35.553829251]},"properties":{"供用済面積":"410","供用開始年":"1996","公園名":"高田上耕地第二公園","公園種別":"街区公園","所在地市区町村名":"横浜市","所在地都道府県名":"神奈川県","管理市区町村":"横浜市","管理都道府県・整備局":"神奈川県","都市計画決定":"2"}},{"type":"Feature","geometry":{"type":"Point","coordinates":[139.624993978,35.546669724]},"properties":{"供用済面積":"683","供用開始年":"1994","公園名":"高田ひまわり公園","公園種別":"街区公園","所在地市区町村名":"横浜市","所在地都道府県名":"神奈川県","管理市区町村":"横浜市","管理都道府県・整備局":"神奈川県","都市計画決定":"2"}},{"type":"Feature","geometry":{"type":"Point","coordinates":[139.635535885,35.528693122]},"properties":{"供用済面積":"420","供用開始年":"1995","公園名":"樽町一丁目公園","公園種別":"街区公園","所在地市区町村名":"横浜市","所在地都道府県名":"神奈川県","管理市区町村":"横浜市","管理都道府県・整備局":"神奈川県","都市計画決定":"2"}},{"type":"Feature","geometry":{"type":"Point","coordinates":[139.635462291,35.52958466]},"properties":{"供用済面積":"3992","供用開始年":"2002","公園名":"樽町しょうぶ公園","公園種別":"街区公園","所在地市区町村名":"横浜市","所在地都道府県名":"神奈川県","管理市区町村":"横浜市","管理都道府県・整備局":"神奈川県","都市計画決定":"2"}},{"type":"Feature","geometry":{"type":"Point","coordinates":[139.641897833,35.531723987]},"properties":{"供用済面積":"173","供用開始年":"1993","公園名":"樽町札之下公園","公園種別":"街区公園","所在地市区町村名":"横浜市","所在地都道府県名":"神奈川県","管理市区町村":"横浜市","管理都道府県・整備局":"神奈川県","都市計画決定":"2"}},{"type":"Feature","geometry":{"type":"Point","coordinates":[139.62528954,35.535230781]},"properties":{"供用済面積":"494","供用開始年":"1972","公園名":"綱島上町公園","公園種別":"街区公園","所在地市区町村名":"横浜市","所在地都道府県名":"神奈川県","管理市区町村":"横浜市","管理都道府県・整備局":"神奈川県","都市計画決定":"2"}},{"type":"Feature","geometry":{"type":"Point","coordinates":[139.627425785,35.538438398]},"properties":{"供用済面積":"1170","供用開始年":"1977","公園名":"綱島上町中央公園","公園種別":"街区公園","所在地市区町村名":"横浜市","所在地都道府県名":"神奈川県","管理市区町村":"横浜市","管理都道府県・整備局":"神奈川県","都市計画決定":"1"}},{"type":"Feature","geometry":{"type":"Point","coordinates":[139.632992502,35.541799384]},"properties":{"供用済面積":"814","供用開始年":"1985","公園名":"綱島台公園","公園種別":"街区公園","所在地市区町村名":"横浜市","所在地都道府県名":"神奈川県","管理市区町村":"横浜市","管理都道府県・整備局":"神奈川県","都市計画決定":"2"}},{"type":"Feature","geometry":{"type":"Point","coordinates":[139.63263248,35.538480287]},"properties":{"供用済面積":"683","供用開始年":"1986","公園名":"綱島西一丁目公園","公園種別":"街区公園","所在地市区町村名":"横浜市","所在地都道府県名":"神奈川県","管理市区町村":"横浜市","管理都道府県・整備局":"神奈川県","都市計画決定":"2"}},{"type":"Feature","geometry":{"type":"Point","coordinates":[139.638642522,35.542300283]},"properties":{"供用済面積":"844","供用開始年":"1990","公園名":"綱島西六丁目公園","公園種別":"街区公園","所在地市区町村名":"横浜市","所在地都道府県名":"神奈川県","管理市区町村":"横浜市","管理都道府県・整備局":"神奈川県","都市計画決定":"2"}},{"type":"Feature","geometry":{"type":"Point","coordinates":[139.637713092,35.541204833]},"properties":{"供用済面積":"481","供用開始年":"1993","公園名":"綱島西六丁目第二公園","公園種別":"街区公園","所在地市区町村名":"横浜市","所在地都道府県名":"神奈川県","管理市区町村":"横浜市","管理都道府県・整備局":"神奈川県","都市計画決定":"2"}},{"type":"Feature","geometry":{"type":"Point","coordinates":[139.641105045,35.540150013]},"properties":{"供用済面積":"2207","供用開始年":"1991","公園名":"綱島東二丁目公園","公園種別":"街区公園","所在地市区町村名":"横浜市","所在地都道府県名":"神奈川県","管理市区町村":"横浜市","管理都道府県・整備局":"神奈川県","都市計画決定":"2"}},{"type":"Feature","geometry":{"type":"Point","coordinates":[139.643232917,35.537815983]},"properties":{"供用済面積":"3061","供用開始年":"1983","公園名":"綱島東三丁目公園","公園種別":"街区公園","所在地市区町村名":"横浜市","所在地都道府県名":"神奈川県","管理市区町村":"横浜市","管理都道府県・整備局":"神奈川県","都市計画決定":"1"}},{"type":"Feature","geometry":{"type":"Point","coordinates":[139.64869719,35.53737742]},"properties":{"供用済面積":"1641","供用開始年":"1998","公園名":"綱島東五丁目公園","公園種別":"街区公園","所在地市区町村名":"横浜市","所在地都道府県名":"神奈川県","管理市区町村":"横浜市","管理都道府県・整備局":"神奈川県","都市計画決定":"2"}},{"type":"Feature","geometry":{"type":"Point","coordinates":[139.600048071,35.502665585]},"properties":{"供用済面積":"1395","供用開始年":"1982","公園名":"鳥山池公園","公園種別":"街区公園","所在地市区町村名":"横浜市","所在地都道府県名":"神奈川県","管理市区町村":"横浜市","管理都道府県・整備局":"神奈川県","都市計画決定":"1"}},{"type":"Feature","geometry":{"type":"Point","coordinates":[139.606336721,35.501934254]},"properties":{"供用済面積":"1200","供用開始年":"1999","公園名":"鳥山町公園","公園種別":"街区公園","所在地市区町村名":"横浜市","所在地都道府県名":"神奈川県","管理市区町村":"横浜市","管理都道府県・整備局":"神奈川県","都市計画決定":"2"}},{"type":"Feature","geometry":{"type":"Point","coordinates":[139.634027756,35.496047487]},"properties":{"供用済面積":"320","供用開始年":"1976","公園名":"仲手原一丁目公園","公園種別":"街区公園","所在地市区町村名":"横浜市","所在地都道府県名":"神奈川県","管理市区町村":"横浜市","管理都道府県・整備局":"神奈川県","都市計画決定":"2"}},{"type":"Feature","geometry":{"type":"Point","coordinates":[139.631719268,35.495834658]},"properties":{"供用済面積":"3101","供用開始年":"1986","公園名":"仲手原二丁目公園","公園種別":"街区公園","所在地市区町村名":"横浜市","所在地都道府県名":"神奈川県","管理市区町村":"横浜市","管理都道府県・整備局":"神奈川県","都市計画決定":"1"}},{"type":"Feature","geometry":{"type":"Point","coordinates":[139.63561942,35.494706187]},"properties":{"供用済面積":"350","供用開始年":"2005","公園名":"仲手原一丁目第二公園","公園種別":"街区公園","所在地市区町村名":"横浜市","所在地都道府県名":"神奈川県","管理市区町村":"横浜市","管理都道府県・整備局":"神奈川県","都市計画決定":"2"}},{"type":"Feature","geometry":{"type":"Point","coordinates":[139.632892194,35.496190317]},"properties":{"供用済面積":"1479","供用開始年":"1987","公園名":"仲手原広場公園","公園種別":"街区公園","所在地市区町村名":"横浜市","所在地都道府県名":"神奈川県","管理市区町村":"横浜市","管理都道府県・整備局":"神奈川県","都市計画決定":"1"}},{"type":"Feature","geometry":{"type":"Point","coordinates":[139.63114049,35.50601677]},"properties":{"供用済面積":"170","供用開始年":"1978","公園名":"錦が丘公園","公園種別":"街区公園","所在地市区町村名":"横浜市","所在地都道府県名":"神奈川県","管理市区町村":"横浜市","管理都道府県・整備局":"神奈川県","都市計画決定":"2"}},{"type":"Feature","geometry":{"type":"Point","coordinates":[139.611181653,35.532012046]},"properties":{"供用済面積":"2172","供用開始年":"1984","公園名":"新田公園","公園種別":"街区公園","所在地市区町村名":"横浜市","所在地都道府県名":"神奈川県","管理市区町村":"横浜市","管理都道府県・整備局":"神奈川県","都市計画決定":"1"}},{"type":"Feature","geometry":{"type":"Point","coordinates":[139.614639454,35.530751677]},"properties":{"供用済面積":"745","供用開始年":"1965","公園名":"新羽公園","公園種別":"街区公園","所在地市区町村名":"横浜市","所在地都道府県名":"神奈川県","管理市区町村":"横浜市","管理都道府県・整備局":"神奈川県","都市計画決定":"2"}},{"type":"Feature","geometry":{"type":"Point","coordinates":[139.609049575,35.517657499]},"properties":{"供用済面積":"667","供用開始年":"2007","公園名":"新羽町南公園","公園種別":"街区公園","所在地市区町村名":"横浜市","所在地都道府県名":"神奈川県","管理市区町村":"横浜市","管理都道府県・整備局":"神奈川県","都市計画決定":"2"}},{"type":"Feature","geometry":{"type":"Point","coordinates":[139.623062459,35.539440288]},"properties":{"供用済面積":"540","供用開始年":"1962","公園名":"東前公園","公園種別":"街区公園","所在地市区町村名":"横浜市","所在地都道府県名":"神奈川県","管理市区町村":"横浜市","管理都道府県・整備局":"神奈川県","都市計画決定":"2"}},{"type":"Feature","geometry":{"type":"Point","coordinates":[139.622128378,35.538072379]},"properties":{"供用済面積":"162","供用開始年":"1979","公園名":"東前第二公園","公園種別":"街区公園","所在地市区町村名":"横浜市","所在地都道府県名":"神奈川県","管理市区町村":"横浜市","管理都道府県・整備局":"神奈川県","都市計画決定":"2"}},{"type":"Feature","geometry":{"type":"Point","coordinates":[139.635165706,35.515445]},"properties":{"供用済面積":"360","供用開始年":"1972","公園名":"東大豆戸公園","公園種別":"街区公園","所在地市区町村名":"横浜市","所在地都道府県名":"神奈川県","管理市区町村":"横浜市","管理都道府県・整備局":"神奈川県","都市計画決定":"2"}},{"type":"Feature","geometry":{"type":"Point","coordinates":[139.626479462,35.55342848]},"properties":{"供用済面積":"527","供用開始年":"1986","公園名":"日吉本町第二公園","公園種別":"街区公園","所在地市区町村名":"横浜市","所在地都道府県名":"神奈川県","管理市区町村":"横浜市","管理都道府県・整備局":"神奈川県","都市計画決定":"2"}},{"type":"Feature","geometry":{"type":"Point","coordinates":[139.633832562,35.551260279]},"properties":{"供用済面積":"188","供用開始年":"1976","公園名":"日吉本町第三公園","公園種別":"街区公園","所在地市区町村名":"横浜市","所在地都道府県名":"神奈川県","管理市区町村":"横浜市","管理都道府県・整備局":"神奈川県","都市計画決定":"2"}},{"type":"Feature","geometry":{"type":"Point","coordinates":[139.627045884,35.549875123]},"properties":{"供用済面積":"1862","供用開始年":"1977","公園名":"日吉本町第四公園","公園種別":"街区公園","所在地市区町村名":"横浜市","所在地都道府県名":"神奈川県","管理市区町村":"横浜市","管理都道府県・整備局":"神奈川県","都市計画決定":"2"}},{"type":"Feature","geometry":{"type":"Point","coordinates":[139.632082557,35.55130028]},"properties":{"供用済面積":"349","供用開始年":"1980","公園名":"日吉本町第五公園","公園種別":"街区公園","所在地市区町村名":"横浜市","所在地都道府県名":"神奈川県","管理市区町村":"横浜市","管理都道府県・整備局":"神奈川県","都市計画決定":"2"}},{"type":"Feature","geometry":{"type":"Point","coordinates":[139.648762648,35.557780271]},"properties":{"供用済面積":"518","供用開始年":"1987","公園名":"日吉二丁目公園","公園種別":"街区公園","所在地市区町村名":"横浜市","所在地都道府県名":"神奈川県","管理市区町村":"横浜市","管理都道府県・整備局":"神奈川県","都市計画決定":"2"}},{"type":"Feature","geometry":{"type":"Point","coordinates":[139.655854454,35.551103968]},"properties":{"供用済面積":"455","供用開始年":"1997","公園名":"日吉五丁目公園","公園種別":"街区公園","所在地市区町村名":"横浜市","所在地都道府県名":"神奈川県","管理市区町村":"横浜市","管理都道府県・整備局":"神奈川県","都市計画決定":"2"}},{"type":"Feature","geometry":{"type":"Point","coordinates":[139.648844061,35.546505075]},"properties":{"供用済面積":"225","供用開始年":"1999","公園名":"日吉五丁目第二公園","公園種別":"街区公園","所在地市区町村名":"横浜市","所在地都道府県名":"神奈川県","管理市区町村":"横浜市","管理都道府県・整備局":"神奈川県","都市計画決定":"2"}},{"type":"Feature","geometry":{"type":"Point","coordinates":[139.640853494,35.551208686]},"properties":{"供用済面積":"273","供用開始年":"2006","公園名":"日吉本町三丁目第二公園","公園種別":"街区公園","所在地市区町村名":"横浜市","所在地都道府県名":"神奈川県","管理市区町村":"横浜市","管理都道府県・整備局":"神奈川県","都市計画決定":"2"}},{"type":"Feature","geometry":{"type":"Point","coordinates":[139.642653459,35.554410374]},"properties":{"供用済面積":"734","供用開始年":"1997","公園名":"日吉本町一丁目公園","公園種別":"街区公園","所在地市区町村名":"横浜市","所在地都道府県名":"神奈川県","管理市区町村":"横浜市","管理都道府県・整備局":"神奈川県","都市計画決定":"2"}},{"type":"Feature","geometry":{"type":"Point","coordinates":[139.639607039,35.549230348]},"properties":{"供用済面積":"482","供用開始年":"2000","公園名":"日吉本町三丁目公園","公園種別":"街区公園","所在地市区町村名":"横浜市","所在地都道府県名":"神奈川県","管理市区町村":"横浜市","管理都道府県・整備局":"神奈川県","都市計画決定":"2"}},{"type":"Feature","geometry":{"type":"Point","coordinates":[139.628862563,35.55418028]},"properties":{"供用済面積":"2765","供用開始年":"1988","公園名":"日吉本町西原公園","公園種別":"街区公園","所在地市区町村名":"横浜市","所在地都道府県名":"神奈川県","管理市区町村":"横浜市","管理都道府県・整備局":"神奈川県","都市計画決定":"2"}},{"type":"Feature","geometry":{"type":"Point","coordinates":[139.630443442,35.554861249]},"properties":{"供用済面積":"297","供用開始年":"1988","公園名":"日吉本町西原第二公園","公園種別":"街区公園","所在地市区町村名":"横浜市","所在地都道府県名":"神奈川県","管理市区町村":"横浜市","管理都道府県・整備局":"神奈川県","都市計画決定":"2"}},{"type":"Feature","geometry":{"type":"Point","coordinates":[139.633869097,35.555592667]},"properties":{"供用済面積":"243","供用開始年":"1996","公園名":"日吉本町東根公園","公園種別":"街区公園","所在地市区町村名":"横浜市","所在地都道府県名":"神奈川県","管理市区町村":"横浜市","管理都道府県・整備局":"神奈川県","都市計画決定":"2"}},{"type":"Feature","geometry":{"type":"Point","coordinates":[139.627556075,35.549961773]},"properties":{"供用済面積":"330","供用開始年":"1997","公園名":"日吉本町檜入公園","公園種別":"街区公園","所在地市区町村名":"横浜市","所在地都道府県名":"神奈川県","管理市区町村":"横浜市","管理都道府県・整備局":"神奈川県","都市計画決定":"2"}},{"type":"Feature","geometry":{"type":"Point","coordinates":[139.654974324,35.545533821]},"properties":{"供用済面積":"1820","供用開始年":"1996","公園名":"日吉六丁目鏡ケ淵公園","公園種別":"街区公園","所在地市区町村名":"横浜市","所在地都道府県名":"神奈川県","管理市区町村":"横浜市","管理都道府県・整備局":"神奈川県","都市計画決定":"2"}},{"type":"Feature","geometry":{"type":"Point","coordinates":[139.626108681,35.503705095]},"properties":{"供用済面積":"204","供用開始年":"1975","公園名":"富士塚一丁目公園","公園種別":"街区公園","所在地市区町村名":"横浜市","所在地都道府県名":"神奈川県","管理市区町村":"横浜市","管理都道府県・整備局":"神奈川県","都市計画決定":"2"}},{"type":"Feature","geometry":{"type":"Point","coordinates":[139.628128841,35.504359163]},"properties":{"供用済面積":"309","供用開始年":"1984","公園名":"富士塚一丁目第二公園","公園種別":"街区公園","所在地市区町村名":"横浜市","所在地都道府県名":"神奈川県","管理市区町村":"横浜市","管理都道府県・整備局":"神奈川県","都市計画決定":"2"}},{"type":"Feature","geometry":{"type":"Point","coordinates":[139.629895432,35.505341922]},"properties":{"供用済面積":"1043","供用開始年":"1985","公園名":"富士塚二丁目公園","公園種別":"街区公園","所在地市区町村名":"横浜市","所在地都道府県名":"神奈川県","管理市区町村":"横浜市","管理都道府県・整備局":"神奈川県","都市計画決定":"2"}},{"type":"Feature","geometry":{"type":"Point","coordinates":[139.623995255,35.518294115]},"properties":{"供用済面積":"553","供用開始年":"1974","公園名":"太尾町公園","公園種別":"街区公園","所在地市区町村名":"横浜市","所在地都道府県名":"神奈川県","管理市区町村":"横浜市","管理都道府県・整備局":"神奈川県","都市計画決定":"2"}},{"type":"Feature","geometry":{"type":"Point","coordinates":[139.62151699,35.518459145]},"properties":{"供用済面積":"3995","供用開始年":"1979","公園名":"太尾町第二公園","公園種別":"街区公園","所在地市区町村名":"横浜市","所在地都道府県名":"神奈川県","管理市区町村":"横浜市","管理都道府県・整備局":"神奈川県","都市計画決定":"2"}},{"type":"Feature","geometry":{"type":"Point","coordinates":[139.62248991,35.528646166]},"properties":{"供用済面積":"1116","供用開始年":"1990","公園名":"太尾町第三公園","公園種別":"街区公園","所在地市区町村名":"横浜市","所在地都道府県名":"神奈川県","管理市区町村":"横浜市","管理都道府県・整備局":"神奈川県","都市計画決定":"2"}},{"type":"Feature","geometry":{"type":"Point","coordinates":[139.621478971,35.515642757]},"properties":{"供用済面積":"3223","供用開始年":"1979","公園名":"大豆戸公園","公園種別":"街区公園","所在地市区町村名":"横浜市","所在地都道府県名":"神奈川県","管理市区町村":"横浜市","管理都道府県・整備局":"神奈川県","都市計画決定":"2"}},{"type":"Feature","geometry":{"type":"Point","coordinates":[139.627976593,35.513464326]},"properties":{"供用済面積":"2797","供用開始年":"1981","公園名":"大豆戸桜田公園","公園種別":"街区公園","所在地市区町村名":"横浜市","所在地都道府県名":"神奈川県","管理市区町村":"横浜市","管理都道府県・整備局":"神奈川県","都市計画決定":"2"}},{"type":"Feature","geometry":{"type":"Point","coordinates":[139.626124416,35.514649466]},"properties":{"供用済面積":"802","供用開始年":"1984","公園名":"大豆戸塚田公園","公園種別":"街区公園","所在地市区町村名":"横浜市","所在地都道府県名":"神奈川県","管理市区町村":"横浜市","管理都道府県・整備局":"神奈川県","都市計画決定":"2"}},{"type":"Feature","geometry":{"type":"Point","coordinates":[139.635021355,35.518392698]},"properties":{"供用済面積":"407","供用開始年":"2002","公園名":"大豆戸堀上第三公園","公園種別":"街区公園","所在地市区町村名":"横浜市","所在地都道府県名":"神奈川県","管理市区町村":"横浜市","管理都道府県・整備局":"神奈川県","都市計画決定":"2"}},{"type":"Feature","geometry":{"type":"Point","coordinates":[139.633099425,35.517648329]},"properties":{"供用済面積":"360","供用開始年":"2000","公園名":"大豆戸堀上第二公園","公園種別":"街区公園","所在地市区町村名":"横浜市","所在地都道府県名":"神奈川県","管理市区町村":"横浜市","管理都道府県・整備局":"神奈川県","都市計画決定":"2"}},{"type":"Feature","geometry":{"type":"Point","coordinates":[139.634015698,35.520805367]},"properties":{"供用済面積":"316","供用開始年":"1989","公園名":"大豆戸堀上公園","公園種別":"街区公園","所在地市区町村名":"横浜市","所在地都道府県名":"神奈川県","管理市区町村":"横浜市","管理都道府県・整備局":"神奈川県","都市計画決定":"2"}},{"type":"Feature","geometry":{"type":"Point","coordinates":[139.64708977,35.547214325]},"properties":{"供用済面積":"1028","供用開始年":"1985","公園名":"箕輪諏訪下公園","公園種別":"街区公園","所在地市区町村名":"横浜市","所在地都道府県名":"神奈川県","管理市区町村":"横浜市","管理都道府県・整備局":"神奈川県","都市計画決定":"2"}},{"type":"Feature","geometry":{"type":"Point","coordinates":[139.648096723,35.548630294]},"properties":{"供用済面積":"935","供用開始年":"1989","公園名":"箕輪諏訪下第二公園","公園種別":"街区公園","所在地市区町村名":"横浜市","所在地都道府県名":"神奈川県","管理市区町村":"横浜市","管理都道府県・整備局":"神奈川県","都市計画決定":"2"}},{"type":"Feature","geometry":{"type":"Point","coordinates":[139.64586754,35.549346345]},"properties":{"供用済面積":"241","供用開始年":"1997","公園名":"箕輪諏訪下第三公園","公園種別":"街区公園","所在地市区町村名":"横浜市","所在地都道府県名":"神奈川県","管理市区町村":"横浜市","管理都道府県・整備局":"神奈川県","都市計画決定":"2"}},{"type":"Feature","geometry":{"type":"Point","coordinates":[139.646785744,35.54187719]},"properties":{"供用済面積":"1001","供用開始年":"1994","公園名":"箕輪町公園","公園種別":"街区公園","所在地市区町村名":"横浜市","所在地都道府県名":"神奈川県","管理市区町村":"横浜市","管理都道府県・整備局":"神奈川県","都市計画決定":"2"}},{"type":"Feature","geometry":{"type":"Point","coordinates":[139.645002548,35.543290279]},"properties":{"供用済面積":"1614","供用開始年":"1977","公園名":"箕輪舟下公園","公園種別":"街区公園","所在地市区町村名":"横浜市","所在地都道府県名":"神奈川県","管理市区町村":"横浜市","管理都道府県・整備局":"神奈川県","都市計画決定":"2"}},{"type":"Feature","geometry":{"type":"Point","coordinates":[139.608825807,35.536882382]},"properties":{"供用済面積":"1844","供用開始年":"1976","公園名":"宮の原第一公園","公園種別":"街区公園","所在地市区町村名":"横浜市","所在地都道府県名":"神奈川県","管理市区町村":"横浜市","管理都道府県・整備局":"神奈川県","都市計画決定":"2"}},{"type":"Feature","geometry":{"type":"Point","coordinates":[139.607742886,35.539014121]},"properties":{"供用済面積":"1162","供用開始年":"1976","公園名":"宮の原第二公園","公園種別":"街区公園","所在地市区町村名":"横浜市","所在地都道府県名":"神奈川県","管理市区町村":"横浜市","管理都道府県・整備局":"神奈川県","都市計画決定":"2"}},{"type":"Feature","geometry":{"type":"Point","coordinates":[139.636146028,35.497001675]},"properties":{"供用済面積":"760","供用開始年":"1949","公園名":"妙蓮寺台公園","公園種別":"街区公園","所在地市区町村名":"横浜市","所在地都道府県名":"神奈川県","管理市区町村":"横浜市","管理都道府県・整備局":"神奈川県","都市計画決定":"1"}},{"type":"Feature","geometry":{"type":"Point","coordinates":[139.625810962,35.552084662]},"properties":{"供用済面積":"3472","供用開始年":"1977","公園名":"森戸原第一公園","公園種別":"街区公園","所在地市区町村名":"横浜市","所在地都道府県名":"神奈川県","管理市区町村":"横浜市","管理都道府県・整備局":"神奈川県","都市計画決定":"1"}},{"type":"Feature","geometry":{"type":"Point","coordinates":[139.629116779,35.551415571]},"properties":{"供用済面積":"1000","供用開始年":"1979","公園名":"森戸原第二公園","公園種別":"街区公園","所在地市区町村名":"横浜市","所在地都道府県名":"神奈川県","管理市区町村":"横浜市","管理都道府県・整備局":"神奈川県","都市計画決定":"1"}},{"type":"Feature","geometry":{"type":"Point","coordinates":[139.635912357,35.518260297]},"properties":{"供用済面積":"396","供用開始年":"1981","公園名":"師岡打越公園","公園種別":"街区公園","所在地市区町村名":"横浜市","所在地都道府県名":"神奈川県","管理市区町村":"横浜市","管理都道府県・整備局":"神奈川県","都市計画決定":"2"}},{"type":"Feature","geometry":{"type":"Point","coordinates":[139.637457091,35.516840877]},"properties":{"供用済面積":"938","供用開始年":"1986","公園名":"師岡打越第二公園","公園種別":"街区公園","所在地市区町村名":"横浜市","所在地都道府県名":"神奈川県","管理市区町村":"横浜市","管理都道府県・整備局":"神奈川県","都市計画決定":"2"}},{"type":"Feature","geometry":{"type":"Point","coordinates":[139.636906143,35.518801456]},"properties":{"供用済面積":"568","供用開始年":"1990","公園名":"師岡打越第三公園","公園種別":"街区公園","所在地市区町村名":"横浜市","所在地都道府県名":"神奈川県","管理市区町村":"横浜市","管理都道府県・整備局":"神奈川県","都市計画決定":"2"}},{"type":"Feature","geometry":{"type":"Point","coordinates":[139.634419447,35.523480544]},"properties":{"供用済面積":"226","供用開始年":"1975","公園名":"師岡表谷戸公園","公園種別":"街区公園","所在地市区町村名":"横浜市","所在地都道府県名":"神奈川県","管理市区町村":"横浜市","管理都道府県・整備局":"神奈川県","都市計画決定":"2"}},{"type":"Feature","geometry":{"type":"Point","coordinates":[139.640218593,35.523430441]},"properties":{"供用済面積":"301","供用開始年":"1987","公園名":"師岡仲谷戸第二公園","公園種別":"街区公園","所在地市区町村名":"横浜市","所在地都道府県名":"神奈川県","管理市区町村":"横浜市","管理都道府県・整備局":"神奈川県","都市計画決定":"2"}},{"type":"Feature","geometry":{"type":"Point","coordinates":[139.637419135,35.521897933]},"properties":{"供用済面積":"1073","供用開始年":"2007","公園名":"師岡沼上耕地公園","公園種別":"街区公園","所在地市区町村名":"横浜市","所在地都道府県名":"神奈川県","管理市区町村":"横浜市","管理都道府県・整備局":"神奈川県","都市計画決定":"2"}},{"type":"Feature","geometry":{"type":"Point","coordinates":[139.646976669,35.523375778]},"properties":{"供用済面積":"1134","供用開始年":"2008","公園名":"師岡沼上耕地第二公園","公園種別":"街区公園","所在地市区町村名":"横浜市","所在地都道府県名":"神奈川県","管理市区町村":"横浜市","管理都道府県・整備局":"神奈川県","都市計画決定":"2"}},{"type":"Feature","geometry":{"type":"Point","coordinates":[139.638597757,35.521832953]},"properties":{"供用済面積":"543","供用開始年":"1978","公園名":"師岡南谷戸公園","公園種別":"街区公園","所在地市区町村名":"横浜市","所在地都道府県名":"神奈川県","管理市区町村":"横浜市","管理都道府県・整備局":"神奈川県","都市計画決定":"2"}},{"type":"Feature","geometry":{"type":"Point","coordinates":[139.639286805,35.521287903]},"properties":{"供用済面積":"1198","供用開始年":"1988","公園名":"師岡南谷戸第二公園","公園種別":"街区公園","所在地市区町村名":"横浜市","所在地都道府県名":"神奈川県","管理市区町村":"横浜市","管理都道府県・整備局":"神奈川県","都市計画決定":"2"}},{"type":"Feature","geometry":{"type":"Point","coordinates":[139.637603349,35.522589613]},"properties":{"供用済面積":"485","供用開始年":"1998","公園名":"師岡南谷戸第三公園","公園種別":"街区公園","所在地市区町村名":"横浜市","所在地都道府県名":"神奈川県","管理市区町村":"横浜市","管理都道府県・整備局":"神奈川県","都市計画決定":"2"}},{"type":"Feature","geometry":{"type":"Point","coordinates":[139.653283381,35.539947716]},"properties":{"供用済面積":"1640","供用開始年":"1970","公園名":"矢上川公園","公園種別":"街区公園","所在地市区町村名":"横浜市","所在地都道府県名":"神奈川県","管理市区町村":"横浜市","管理都道府県・整備局":"神奈川県","都市計画決定":"1"}},{"type":"Feature","geometry":{"type":"Point","coordinates":[139.544985359,35.515029196]},"properties":{"供用済面積":"2125","供用開始年":"1997","公園名":"中山北緑道","公園種別":"緑道","所在地市区町村名":"横浜市","所在地都道府県名":"神奈川県","管理市区町村":"横浜市","管理都道府県・整備局":"神奈川県","都市計画決定":"2"}},{"type":"Feature","geometry":{"type":"Point","coordinates":[139.533286026,35.533957057]},"properties":{"供用済面積":"69205","供用開始年":"1996","公園名":"北八朔公園","公園種別":"特殊公園（風致公園、動植物公園、歴史公園、墓園）","所在地市区町村名":"横浜市","所在地都道府県名":"神奈川県","管理市区町村":"横浜市","管理都道府県・整備局":"神奈川県","都市計画決定":"1"}},{"type":"Feature","geometry":{"type":"Point","coordinates":[139.49534509,35.519361595]},"properties":{"供用済面積":"57967","供用開始年":"2007","公園名":"玄海田公園","公園種別":"総合公園","所在地市区町村名":"横浜市","所在地都道府県名":"神奈川県","管理市区町村":"横浜市","管理都道府県・整備局":"神奈川県","都市計画決定":"1"}},{"type":"Feature","geometry":{"type":"Point","coordinates":[139.515749912,35.516685268]},"properties":{"供用済面積":"8146","供用開始年":"2009","公園名":"新治里山公園","公園種別":"総合公園","所在地市区町村名":"横浜市","所在地都道府県名":"神奈川県","管理市区町村":"横浜市","管理都道府県・整備局":"神奈川県","都市計画決定":"1"}},{"type":"Feature","geometry":{"type":"Point","coordinates":[139.543469228,35.500300436]},"properties":{"供用済面積":"104948","供用開始年":"1990","公園名":"長坂谷公園","公園種別":"運動公園","所在地市区町村名":"横浜市","所在地都道府県名":"神奈川県","管理市区町村":"横浜市","管理都道府県・整備局":"神奈川県","都市計画決定":"1"}},{"type":"Feature","geometry":{"type":"Point","coordinates":[139.501882076,35.513550282]},"properties":{"供用済面積":"39860","供用開始年":"1984","公園名":"霧が丘公園","公園種別":"地区公園（カントリーパーク）","所在地市区町村名":"横浜市","所在地都道府県名":"神奈川県","管理市区町村":"横浜市","管理都道府県・整備局":"神奈川県","都市計画決定":"1"}},{"type":"Feature","geometry":{"type":"Point","coordinates":[139.548522978,35.505077411]},"properties":{"供用済面積":"10551","供用開始年":"1991","公園名":"上山町公園","公園種別":"近隣公園","所在地市区町村名":"横浜市","所在地都道府県名":"神奈川県","管理市区町村":"横浜市","管理都道府県・整備局":"神奈川県","都市計画決定":"2"}},{"type":"Feature","geometry":{"type":"Point","coordinates":[139.506535434,35.51694978]},"properties":{"供用済面積":"13050","供用開始年":"1984","公園名":"萱場公園","公園種別":"近隣公園","所在地市区町村名":"横浜市","所在地都道府県名":"神奈川県","管理市区町村":"横浜市","管理都道府県・整備局":"神奈川県","都市計画決定":"1"}},{"type":"Feature","geometry":{"type":"Point","coordinates":[139.56092923,35.498090903]},"properties":{"供用済面積":"10971","供用開始年":"1973","公園名":"竹山中公園","公園種別":"近隣公園","所在地市区町村名":"横浜市","所在地都道府県名":"神奈川県","管理市区町村":"横浜市","管理都道府県・整備局":"神奈川県","都市計画決定":"2"}},{"type":"Feature","geometry":{"type":"Point","coordinates":[139.561214171,35.49264485]},"properties":{"供用済面積":"14777","供用開始年":"1973","公園名":"竹山南公園","公園種別":"近隣公園","所在地市区町村名":"横浜市","所在地都道府県名":"神奈川県","管理市区町村":"横浜市","管理都道府県・整備局":"神奈川県","都市計画決定":"2"}},{"type":"Feature","geometry":{"type":"Point","coordinates":[139.51107622,35.523080486]},"properties":{"供用済面積":"11997","供用開始年":"2009","公園名":"十日市場だんご山公園","公園種別":"近隣公園","所在地市区町村名":"横浜市","所在地都道府県名":"神奈川県","管理市区町村":"横浜市","管理都道府県・整備局":"神奈川県","都市計画決定":"2"}},{"type":"Feature","geometry":{"type":"Point","coordinates":[139.501443783,35.525181103]},"properties":{"供用済面積":"20043","供用開始年":"2006","公園名":"長津田みなみ台公園","公園種別":"近隣公園","所在地市区町村名":"横浜市","所在地都道府県名":"神奈川県","管理市区町村":"横浜市","管理都道府県・整備局":"神奈川県","都市計画決定":"1"}},{"type":"Feature","geometry":{"type":"Point","coordinates":[139.580897174,35.5075826]},"properties":{"供用済面積":"23394","供用開始年":"1994","公園名":"東本郷公園","公園種別":"近隣公園","所在地市区町村名":"横浜市","所在地都道府県名":"神奈川県","管理市区町村":"横浜市","管理都道府県・整備局":"神奈川県","都市計画決定":"1"}},{"type":"Feature","geometry":{"type":"Point","coordinates":[139.504901482,35.509496472]},"properties":{"供用済面積":"12401","供用開始年":"1986","公園名":"三保町西公園","公園種別":"近隣公園","所在地市区町村名":"横浜市","所在地都道府県名":"神奈川県","管理市区町村":"横浜市","管理都道府県・整備局":"神奈川県","都市計画決定":"2"}},{"type":"Feature","geometry":{"type":"Point","coordinates":[139.522152517,35.51181494]},"properties":{"供用済面積":"14326","供用開始年":"1992","公園名":"三保念珠坂公園","公園種別":"近隣公園","所在地市区町村名":"横浜市","所在地都道府県名":"神奈川県","管理市区町村":"横浜市","管理都道府県・整備局":"神奈川県","都市計画決定":"1"}},{"type":"Feature","geometry":{"type":"Point","coordinates":[139.546243212,35.521119928]},"properties":{"供用済面積":"672","供用開始年":"1974","公園名":"青砥第二公園","公園種別":"街区公園","所在地市区町村名":"横浜市","所在地都道府県名":"神奈川県","管理市区町村":"横浜市","管理都道府県・整備局":"神奈川県","都市計画決定":"2"}},{"type":"Feature","geometry":{"type":"Point","coordinates":[139.547611125,35.51976619]},"properties":{"供用済面積":"663","供用開始年":"1974","公園名":"青砥第三公園","公園種別":"街区公園","所在地市区町村名":"横浜市","所在地都道府県名":"神奈川県","管理市区町村":"横浜市","管理都道府県・整備局":"神奈川県","都市計画決定":"2"}},{"type":"Feature","geometry":{"type":"Point","coordinates":[139.545435643,35.522884595]},"properties":{"供用済面積":"658","供用開始年":"1967","公園名":"青砥公園(旧)","公園種別":"街区公園","所在地市区町村名":"横浜市","所在地都道府県名":"神奈川県","管理市区町村":"横浜市","管理都道府県・整備局":"神奈川県","都市計画決定":"2"}},{"type":"Feature","geometry":{"type":"Point","coordinates":[139.543345986,35.522318295]},"properties":{"供用済面積":"650","供用開始年":"1997","公園名":"青砥第四公園","公園種別":"街区公園","所在地市区町村名":"横浜市","所在地都道府県名":"神奈川県","管理市区町村":"横浜市","管理都道府県・整備局":"神奈川県","都市計画決定":"2"}},{"type":"Feature","geometry":{"type":"Point","coordinates":[139.545521116,35.501047326]},"properties":{"供用済面積":"819","供用開始年":"1972","公園名":"池ノ谷公園","公園種別":"街区公園","所在地市区町村名":"横浜市","所在地都道府県名":"神奈川県","管理市区町村":"横浜市","管理都道府県・整備局":"神奈川県","都市計画決定":"2"}},{"type":"Feature","geometry":{"type":"Point","coordinates":[139.506668514,35.53086056]},"properties":{"供用済面積":"2067","供用開始年":"1967","公園名":"いぶき野第一公園","公園種別":"街区公園","所在地市区町村名":"横浜市","所在地都道府県名":"神奈川県","管理市区町村":"横浜市","管理都道府県・整備局":"神奈川県","都市計画決定":"1"}},{"type":"Feature","geometry":{"type":"Point","coordinates":[139.510354304,35.530113675]},"properties":{"供用済面積":"4167","供用開始年":"1978","公園名":"いぶき野第二公園","公園種別":"街区公園","所在地市区町村名":"横浜市","所在地都道府県名":"神奈川県","管理市区町村":"横浜市","管理都道府県・整備局":"神奈川県","都市計画決定":"1"}},{"type":"Feature","geometry":{"type":"Point","coordinates":[139.509081371,35.528293136]},"properties":{"供用済面積":"1908","供用開始年":"1975","公園名":"いぶき野第三公園","公園種別":"街区公園","所在地市区町村名":"横浜市","所在地都道府県名":"神奈川県","管理市区町村":"横浜市","管理都道府県・整備局":"神奈川県","都市計画決定":"1"}},{"type":"Feature","geometry":{"type":"Point","coordinates":[139.50273572,35.527732971]},"properties":{"供用済面積":"3932","供用開始年":"1979","公園名":"いぶき野第四公園","公園種別":"街区公園","所在地市区町村名":"横浜市","所在地都道府県名":"神奈川県","管理市区町村":"横浜市","管理都道府県・整備局":"神奈川県","都市計画決定":"1"}},{"type":"Feature","geometry":{"type":"Point","coordinates":[139.501198295,35.528650508]},"properties":{"供用済面積":"156","供用開始年":"1981","公園名":"いぶき野第五公園","公園種別":"街区公園","所在地市区町村名":"横浜市","所在地都道府県名":"神奈川県","管理市区町村":"横浜市","管理都道府県・整備局":"神奈川県","都市計画決定":"2"}},{"type":"Feature","geometry":{"type":"Point","coordinates":[139.50455054,35.528951091]},"properties":{"供用済面積":"242","供用開始年":"1985","公園名":"いぶき野第六公園","公園種別":"街区公園","所在地市区町村名":"横浜市","所在地都道府県名":"神奈川県","管理市区町村":"横浜市","管理都道府県・整備局":"神奈川県","都市計画決定":"2"}},{"type":"Feature","geometry":{"type":"Point","coordinates":[139.505433553,35.524527578]},"properties":{"供用済面積":"1092","供用開始年":"1969","公園名":"後谷公園","公園種別":"街区公園","所在地市区町村名":"横浜市","所在地都道府県名":"神奈川県","管理市区町村":"横浜市","管理都道府県・整備局":"神奈川県","都市計画決定":"2"}},{"type":"Feature","geometry":{"type":"Point","coordinates":[139.526408242,35.507395858]},"properties":{"供用済面積":"2970","供用開始年":"1978","公園名":"大上第一公園","公園種別":"街区公園","所在地市区町村名":"横浜市","所在地都道府県名":"神奈川県","管理市区町村":"横浜市","管理都道府県・整備局":"神奈川県","都市計画決定":"2"}},{"type":"Feature","geometry":{"type":"Point","coordinates":[139.527206178,35.505108522]},"properties":{"供用済面積":"1995","供用開始年":"1978","公園名":"大上第二公園","公園種別":"街区公園","所在地市区町村名":"横浜市","所在地都道府県名":"神奈川県","管理市区町村":"横浜市","管理都道府県・整備局":"神奈川県","都市計画決定":"2"}},{"type":"Feature","geometry":{"type":"Point","coordinates":[139.547288109,35.514397937]},"properties":{"供用済面積":"523","供用開始年":"1987","公園名":"落合公園","公園種別":"街区公園","所在地市区町村名":"横浜市","所在地都道府県名":"神奈川県","管理市区町村":"横浜市","管理都道府県・整備局":"神奈川県","都市計画決定":"2"}},{"type":"Feature","geometry":{"type":"Point","coordinates":[139.548389966,35.502043175]},"properties":{"供用済面積":"2188","供用開始年":"1983","公園名":"上山町南公園","公園種別":"街区公園","所在地市区町村名":"横浜市","所在地都道府県名":"神奈川県","管理市区町村":"横浜市","管理都道府県・整備局":"神奈川県","都市計画決定":"2"}},{"type":"Feature","geometry":{"type":"Point","coordinates":[139.548066969,35.499678037]},"properties":{"供用済面積":"1898","供用開始年":"1985","公園名":"上山町南第二公園","公園種別":"街区公園","所在地市区町村名":"横浜市","所在地都道府県名":"神奈川県","管理市区町村":"横浜市","管理都道府県・整備局":"神奈川県","都市計画決定":"2"}},{"type":"Feature","geometry":{"type":"Point","coordinates":[139.552152109,35.508820316]},"properties":{"供用済面積":"486","供用開始年":"1975","公園名":"上山町北公園","公園種別":"街区公園","所在地市区町村名":"横浜市","所在地都道府県名":"神奈川県","管理市区町村":"横浜市","管理都道府県・整備局":"神奈川県","都市計画決定":"2"}},{"type":"Feature","geometry":{"type":"Point","coordinates":[139.5509221,35.507830318]},"properties":{"供用済面積":"1081","供用開始年":"1984","公園名":"上山町北第二公園","公園種別":"街区公園","所在地市区町村名":"横浜市","所在地都道府県名":"神奈川県","管理市区町村":"横浜市","管理都道府県・整備局":"神奈川県","都市計画決定":"2"}},{"type":"Feature","geometry":{"type":"Point","coordinates":[139.548402073,35.504330321]},"properties":{"供用済面積":"154","供用開始年":"1977","公園名":"上山町谷公園","公園種別":"街区公園","所在地市区町村名":"横浜市","所在地都道府県名":"神奈川県","管理市区町村":"横浜市","管理都道府県・整備局":"神奈川県","都市計画決定":"2"}},{"type":"Feature","geometry":{"type":"Point","coordinates":[139.567084945,35.50742699]},"properties":{"供用済面積":"1749","供用開始年":"1966","公園名":"鴨居公園","公園種別":"街区公園","所在地市区町村名":"横浜市","所在地都道府県名":"神奈川県","管理市区町村":"横浜市","管理都道府県・整備局":"神奈川県","都市計画決定":"2"}},{"type":"Feature","geometry":{"type":"Point","coordinates":[139.568984822,35.504984054]},"properties":{"供用済面積":"922","供用開始年":"1977","公園名":"鴨居第二公園","公園種別":"街区公園","所在地市区町村名":"横浜市","所在地都道府県名":"神奈川県","管理市区町村":"横浜市","管理都道府県・整備局":"神奈川県","都市計画決定":"2"}},{"type":"Feature","geometry":{"type":"Point","coordinates":[139.568952604,35.502359707]},"properties":{"供用済面積":"1125","供用開始年":"1976","公園名":"鴨居第三公園","公園種別":"街区公園","所在地市区町村名":"横浜市","所在地都道府県名":"神奈川県","管理市区町村":"横浜市","管理都道府県・整備局":"神奈川県","都市計画決定":"1"}},{"type":"Feature","geometry":{"type":"Point","coordinates":[139.569992539,35.502810577]},"properties":{"供用済面積":"168","供用開始年":"1974","公園名":"鴨居第四公園","公園種別":"街区公園","所在地市区町村名":"横浜市","所在地都道府県名":"神奈川県","管理市区町村":"横浜市","管理都道府県・整備局":"神奈川県","都市計画決定":"2"}},{"type":"Feature","geometry":{"type":"Point","coordinates":[139.571277191,35.507068811]},"properties":{"供用済面積":"324","供用開始年":"1986","公園名":"鴨居第五公園","公園種別":"街区公園","所在地市区町村名":"横浜市","所在地都道府県名":"神奈川県","管理市区町村":"横浜市","管理都道府県・整備局":"神奈川県","都市計画決定":"2"}},{"type":"Feature","geometry":{"type":"Point","coordinates":[139.555641496,35.501538117]},"properties":{"供用済面積":"176","供用開始年":"1977","公園名":"鴨居西台第二公園","公園種別":"街区公園","所在地市区町村名":"横浜市","所在地都道府県名":"神奈川県","管理市区町村":"横浜市","管理都道府県・整備局":"神奈川県","都市計画決定":"2"}},{"type":"Feature","geometry":{"type":"Point","coordinates":[139.568512219,35.510655747]},"properties":{"供用済面積":"251","供用開始年":"1978","公園名":"鴨居町北公園","公園種別":"街区公園","所在地市区町村名":"横浜市","所在地都道府県名":"神奈川県","管理市区町村":"横浜市","管理都道府県・整備局":"神奈川県","都市計画決定":"2"}},{"type":"Feature","geometry":{"type":"Point","coordinates":[139.56530675,35.504313485]},"properties":{"供用済面積":"442","供用開始年":"1987","公園名":"鴨居中里公園","公園種別":"街区公園","所在地市区町村名":"横浜市","所在地都道府県名":"神奈川県","管理市区町村":"横浜市","管理都道府県・整備局":"神奈川県","都市計画決定":"2"}},{"type":"Feature","geometry":{"type":"Point","coordinates":[139.566016387,35.511036486]},"properties":{"供用済面積":"2344","供用開始年":"1987","公園名":"鴨居西河内公園","公園種別":"街区公園","所在地市区町村名":"横浜市","所在地都道府県名":"神奈川県","管理市区町村":"横浜市","管理都道府県・整備局":"神奈川県","都市計画決定":"2"}},{"type":"Feature","geometry":{"type":"Point","coordinates":[139.564254134,35.511114755]},"properties":{"供用済面積":"1271","供用開始年":"1992","公園名":"鴨居西河内第二公園","公園種別":"街区公園","所在地市区町村名":"横浜市","所在地都道府県名":"神奈川県","管理市区町村":"横浜市","管理都道府県・整備局":"神奈川県","都市計画決定":"2"}},{"type":"Feature","geometry":{"type":"Point","coordinates":[139.536569468,35.527301836]},"properties":{"供用済面積":"2254","供用開始年":"1977","公園名":"北八朔第一公園","公園種別":"街区公園","所在地市区町村名":"横浜市","所在地都道府県名":"神奈川県","管理市区町村":"横浜市","管理都道府県・整備局":"神奈川県","都市計画決定":"2"}},{"type":"Feature","geometry":{"type":"Point","coordinates":[139.532264077,35.529705461]},"properties":{"供用済面積":"2271","供用開始年":"1977","公園名":"北八朔第二公園","公園種別":"街区公園","所在地市区町村名":"横浜市","所在地都道府県名":"神奈川県","管理市区町村":"横浜市","管理都道府県・整備局":"神奈川県","都市計画決定":"2"}},{"type":"Feature","geometry":{"type":"Point","coordinates":[139.53826779,35.527216427]},"properties":{"供用済面積":"391","供用開始年":"1984","公園名":"北八朔第三公園","公園種別":"街区公園","所在地市区町村名":"横浜市","所在地都道府県名":"神奈川県","管理市区町村":"横浜市","管理都道府県・整備局":"神奈川県","都市計画決定":"2"}},{"type":"Feature","geometry":{"type":"Point","coordinates":[139.534387365,35.53212162]},"properties":{"供用済面積":"697","供用開始年":"1994","公園名":"北八朔榎谷戸公園","公園種別":"街区公園","所在地市区町村名":"横浜市","所在地都道府県名":"神奈川県","管理市区町村":"横浜市","管理都道府県・整備局":"神奈川県","都市計画決定":"2"}},{"type":"Feature","geometry":{"type":"Point","coordinates":[139.504673625,35.513002055]},"properties":{"供用済面積":"2597","供用開始年":"1983","公園名":"霧が池公園","公園種別":"街区公園","所在地市区町村名":"横浜市","所在地都道府県名":"神奈川県","管理市区町村":"横浜市","管理都道府県・整備局":"神奈川県","都市計画決定":"1"}},{"type":"Feature","geometry":{"type":"Point","coordinates":[139.49846762,35.514572037]},"properties":{"供用済面積":"451","供用開始年":"1987","公園名":"霧が丘二丁目公園","公園種別":"街区公園","所在地市区町村名":"横浜市","所在地都道府県名":"神奈川県","管理市区町村":"横浜市","管理都道府県・整備局":"神奈川県","都市計画決定":"2"}},{"type":"Feature","geometry":{"type":"Point","coordinates":[139.499653118,35.511330493]},"properties":{"供用済面積":"2817","供用開始年":"1983","公園名":"草木公園","公園種別":"街区公園","所在地市区町村名":"横浜市","所在地都道府県名":"神奈川県","管理市区町村":"横浜市","管理都道府県・整備局":"神奈川県","都市計画決定":"1"}},{"type":"Feature","geometry":{"type":"Point","coordinates":[139.508993939,35.515918134]},"properties":{"供用済面積":"3077","供用開始年":"1985","公園名":"鉄谷公園","公園種別":"街区公園","所在地市区町村名":"横浜市","所在地都道府県名":"神奈川県","管理市区町村":"横浜市","管理都道府県・整備局":"神奈川県","都市計画決定":"1"}},{"type":"Feature","geometry":{"type":"Point","coordinates":[139.560033017,35.502204057]},"properties":{"供用済面積":"2724","供用開始年":"1975","公園名":"こざか第一公園","公園種別":"街区公園","所在地市区町村名":"横浜市","所在地都道府県名":"神奈川県","管理市区町村":"横浜市","管理都道府県・整備局":"神奈川県","都市計画決定":"1"}},{"type":"Feature","geometry":{"type":"Point","coordinates":[139.558126108,35.49982483]},"properties":{"供用済面積":"2584","供用開始年":"1977","公園名":"こざか第二公園","公園種別":"街区公園","所在地市区町村名":"横浜市","所在地都道府県名":"神奈川県","管理市区町村":"横浜市","管理都道府県・整備局":"神奈川県","都市計画決定":"1"}},{"type":"Feature","geometry":{"type":"Point","coordinates":[139.502782113,35.518940274]},"properties":{"供用済面積":"2581","供用開始年":"1985","公園名":"笹山公園","公園種別":"街区公園","所在地市区町村名":"横浜市","所在地都道府県名":"神奈川県","管理市区町村":"横浜市","管理都道府県・整備局":"神奈川県","都市計画決定":"1"}},{"type":"Feature","geometry":{"type":"Point","coordinates":[139.563402086,35.502590328]},"properties":{"供用済面積":"348","供用開始年":"1991","公園名":"竹山一丁目南通公園","公園種別":"街区公園","所在地市区町村名":"横浜市","所在地都道府県名":"神奈川県","管理市区町村":"横浜市","管理都道府県・整備局":"神奈川県","都市計画決定":"2"}},{"type":"Feature","geometry":{"type":"Point","coordinates":[139.561075835,35.50016646]},"properties":{"供用済面積":"2116","供用開始年":"1973","公園名":"竹山一丁目東公園","公園種別":"街区公園","所在地市区町村名":"横浜市","所在地都道府県名":"神奈川県","管理市区町村":"横浜市","管理都道府県・整備局":"神奈川県","都市計画決定":"2"}},{"type":"Feature","geometry":{"type":"Point","coordinates":[139.55848364,35.498738931]},"properties":{"供用済面積":"901","供用開始年":"1973","公園名":"竹山一丁目西公園","公園種別":"街区公園","所在地市区町村名":"横浜市","所在地都道府県名":"神奈川県","管理市区町村":"横浜市","管理都道府県・整備局":"神奈川県","都市計画決定":"2"}},{"type":"Feature","geometry":{"type":"Point","coordinates":[139.562893346,35.499873641]},"properties":{"供用済面積":"7942","供用開始年":"1973","公園名":"竹山二丁目公園","公園種別":"街区公園","所在地市区町村名":"横浜市","所在地都道府県名":"神奈川県","管理市区町村":"横浜市","管理都道府県・整備局":"神奈川県","都市計画決定":"2"}},{"type":"Feature","geometry":{"type":"Point","coordinates":[139.563653098,35.497238184]},"properties":{"供用済面積":"1407","供用開始年":"1973","公園名":"竹山二丁目南公園","公園種別":"街区公園","所在地市区町村名":"横浜市","所在地都道府県名":"神奈川県","管理市区町村":"横浜市","管理都道府県・整備局":"神奈川県","都市計画決定":"2"}},{"type":"Feature","geometry":{"type":"Point","coordinates":[139.563581642,35.497824934]},"properties":{"供用済面積":"2694","供用開始年":"1973","公園名":"竹山二丁目北公園","公園種別":"街区公園","所在地市区町村名":"横浜市","所在地都道府県名":"神奈川県","管理市区町村":"横浜市","管理都道府県・整備局":"神奈川県","都市計画決定":"2"}},{"type":"Feature","geometry":{"type":"Point","coordinates":[139.563548807,35.495761846]},"properties":{"供用済面積":"4047","供用開始年":"1993","公園名":"竹山烏森公園","公園種別":"街区公園","所在地市区町村名":"横浜市","所在地都道府県名":"神奈川県","管理市区町村":"横浜市","管理都道府県・整備局":"神奈川県","都市計画決定":"2"}},{"type":"Feature","geometry":{"type":"Point","coordinates":[139.509843132,35.51915145]},"properties":{"供用済面積":"2794","供用開始年":"1985","公園名":"作場公園","公園種別":"街区公園","所在地市区町村名":"横浜市","所在地都道府県名":"神奈川県","管理市区町村":"横浜市","管理都道府県・整備局":"神奈川県","都市計画決定":"1"}},{"type":"Feature","geometry":{"type":"Point","coordinates":[139.538386846,35.508573063]},"properties":{"供用済面積":"470","供用開始年":"1978","公園名":"寺山町公園","公園種別":"街区公園","所在地市区町村名":"横浜市","所在地都道府県名":"神奈川県","管理市区町村":"横浜市","管理都道府県・整備局":"神奈川県","都市計画決定":"2"}},{"type":"Feature","geometry":{"type":"Point","coordinates":[139.537790949,35.509036703]},"properties":{"供用済面積":"629","供用開始年":"1978","公園名":"寺山町第二公園","公園種別":"街区公園","所在地市区町村名":"横浜市","所在地都道府県名":"神奈川県","管理市区町村":"横浜市","管理都道府県・整備局":"神奈川県","都市計画決定":"2"}},{"type":"Feature","geometry":{"type":"Point","coordinates":[139.543467444,35.504161311]},"properties":{"供用済面積":"415","供用開始年":"1985","公園名":"寺山町第三公園","公園種別":"街区公園","所在地市区町村名":"横浜市","所在地都道府県名":"神奈川県","管理市区町村":"横浜市","管理都道府県・整備局":"神奈川県","都市計画決定":"2"}},{"type":"Feature","geometry":{"type":"Point","coordinates":[139.541410998,35.499409987]},"properties":{"供用済面積":"614","供用開始年":"1985","公園名":"寺山町第四公園","公園種別":"街区公園","所在地市区町村名":"横浜市","所在地都道府県名":"神奈川県","管理市区町村":"横浜市","管理都道府県・整備局":"神奈川県","都市計画決定":"2"}},{"type":"Feature","geometry":{"type":"Point","coordinates":[139.525425986,35.515610836]},"properties":{"供用済面積":"4417","供用開始年":"2003","公園名":"天神の杜公園","公園種別":"街区公園","所在地市区町村名":"横浜市","所在地都道府県名":"神奈川県","管理市区町村":"横浜市","管理都道府県・整備局":"神奈川県","都市計画決定":"2"}},{"type":"Feature","geometry":{"type":"Point","coordinates":[139.517846883,35.522515922]},"properties":{"供用済面積":"7776","供用開始年":"1969","公園名":"十日市場東公園","公園種別":"街区公園","所在地市区町村名":"横浜市","所在地都道府県名":"神奈川県","管理市区町村":"横浜市","管理都道府県・整備局":"神奈川県","都市計画決定":"1"}},{"type":"Feature","geometry":{"type":"Point","coordinates":[139.512893413,35.520380712]},"properties":{"供用済面積":"5363","供用開始年":"1966","公園名":"十日市場西公園","公園種別":"街区公園","所在地市区町村名":"横浜市","所在地都道府県名":"神奈川県","管理市区町村":"横浜市","管理都道府県・整備局":"神奈川県","都市計画決定":"1"}},{"type":"Feature","geometry":{"type":"Point","coordinates":[139.518815213,35.520853515]},"properties":{"供用済面積":"3357","供用開始年":"1965","公園名":"十日市場南公園","公園種別":"街区公園","所在地市区町村名":"横浜市","所在地都道府県名":"神奈川県","管理市区町村":"横浜市","管理都道府県・整備局":"神奈川県","都市計画決定":"1"}},{"type":"Feature","geometry":{"type":"Point","coordinates":[139.512930705,35.526588053]},"properties":{"供用済面積":"2032","供用開始年":"1987","公園名":"十日市場石田公園","公園種別":"街区公園","所在地市区町村名":"横浜市","所在地都道府県名":"神奈川県","管理市区町村":"横浜市","管理都道府県・整備局":"神奈川県","都市計画決定":"1"}},{"type":"Feature","geometry":{"type":"Point","coordinates":[139.515872987,35.527991194]},"properties":{"供用済面積":"7369","供用開始年":"1988","公園名":"十日市場公園","公園種別":"街区公園","所在地市区町村名":"横浜市","所在地都道府県名":"神奈川県","管理市区町村":"横浜市","管理都道府県・整備局":"神奈川県","都市計画決定":"1"}},{"type":"Feature","geometry":{"type":"Point","coordinates":[139.521794744,35.521890615]},"properties":{"供用済面積":"2224","供用開始年":"1991","公園名":"十日市場神明下公園","公園種別":"街区公園","所在地市区町村名":"横浜市","所在地都道府県名":"神奈川県","管理市区町村":"横浜市","管理都道府県・整備局":"神奈川県","都市計画決定":"1"}},{"type":"Feature","geometry":{"type":"Point","coordinates":[139.520036652,35.521898484]},"properties":{"供用済面積":"750","供用開始年":"1998","公園名":"十日市場象ケ谷公園","公園種別":"街区公園","所在地市区町村名":"横浜市","所在地都道府県名":"神奈川県","管理市区町村":"横浜市","管理都道府県・整備局":"神奈川県","都市計画決定":"2"}},{"type":"Feature","geometry":{"type":"Point","coordinates":[139.521792993,35.524785001]},"properties":{"供用済面積":"188","供用開始年":"1990","公園名":"十日市場ちびっこ公園","公園種別":"街区公園","所在地市区町村名":"横浜市","所在地都道府県名":"神奈川県","管理市区町村":"横浜市","管理都道府県・整備局":"神奈川県","都市計画決定":"2"}},{"type":"Feature","geometry":{"type":"Point","coordinates":[139.519020086,35.525733978]},"properties":{"供用済面積":"2410","供用開始年":"1988","公園名":"十日市場中里公園","公園種別":"街区公園","所在地市区町村名":"横浜市","所在地都道府県名":"神奈川県","管理市区町村":"横浜市","管理都道府県・整備局":"神奈川県","都市計画決定":"1"}},{"type":"Feature","geometry":{"type":"Point","coordinates":[139.518908348,35.52446811]},"properties":{"供用済面積":"2417","供用開始年":"1988","公園名":"十日市場日向山公園","公園種別":"街区公園","所在地市区町村名":"横浜市","所在地都道府県名":"神奈川県","管理市区町村":"横浜市","管理都道府県・整備局":"神奈川県","都市計画決定":"1"}},{"type":"Feature","geometry":{"type":"Point","coordinates":[139.491767254,35.536124138]},"properties":{"供用済面積":"744","供用開始年":"1994","公園名":"東向地公園","公園種別":"街区公園","所在地市区町村名":"横浜市","所在地都道府県名":"神奈川県","管理市区町村":"横浜市","管理都道府県・整備局":"神奈川県","都市計画決定":"2"}},{"type":"Feature","geometry":{"type":"Point","coordinates":[139.50995117,35.524818882]},"properties":{"供用済面積":"3046","供用開始年":"1987","公園名":"十日市場西田公園","公園種別":"街区公園","所在地市区町村名":"横浜市","所在地都道府県名":"神奈川県","管理市区町村":"横浜市","管理都道府県・整備局":"神奈川県","都市計画決定":"1"}},{"type":"Feature","geometry":{"type":"Point","coordinates":[139.508628993,35.522454914]},"properties":{"供用済面積":"796","供用開始年":"1970","公園名":"中山谷公園","公園種別":"街区公園","所在地市区町村名":"横浜市","所在地都道府県名":"神奈川県","管理市区町村":"横浜市","管理都道府県・整備局":"神奈川県","都市計画決定":"2"}},{"type":"Feature","geometry":{"type":"Point","coordinates":[139.507634163,35.521090645]},"properties":{"供用済面積":"719","供用開始年":"1976","公園名":"中山谷第二公園","公園種別":"街区公園","所在地市区町村名":"横浜市","所在地都道府県名":"神奈川県","管理市区町村":"横浜市","管理都道府県・整備局":"神奈川県","都市計画決定":"2"}},{"type":"Feature","geometry":{"type":"Point","coordinates":[139.496567042,35.533582436]},"properties":{"供用済面積":"1924","供用開始年":"1996","公園名":"長津田公園","公園種別":"街区公園","所在地市区町村名":"横浜市","所在地都道府県名":"神奈川県","管理市区町村":"横浜市","管理都道府県・整備局":"神奈川県","都市計画決定":"2"}},{"type":"Feature","geometry":{"type":"Point","coordinates":[139.500267785,35.532048062]},"properties":{"供用済面積":"1669","供用開始年":"1974","公園名":"長津田第二公園","公園種別":"街区公園","所在地市区町村名":"横浜市","所在地都道府県名":"神奈川県","管理市区町村":"横浜市","管理都道府県・整備局":"神奈川県","都市計画決定":"2"}},{"type":"Feature","geometry":{"type":"Point","coordinates":[139.504066686,35.534610313]},"properties":{"供用済面積":"1647","供用開始年":"1971","公園名":"長津田第三公園","公園種別":"街区公園","所在地市区町村名":"横浜市","所在地都道府県名":"神奈川県","管理市区町村":"横浜市","管理都道府県・整備局":"神奈川県","都市計画決定":"1"}},{"type":"Feature","geometry":{"type":"Point","coordinates":[139.492297559,35.530461905]},"properties":{"供用済面積":"431","供用開始年":"2000","公園名":"長津田第四公園","公園種別":"街区公園","所在地市区町村名":"横浜市","所在地都道府県名":"神奈川県","管理市区町村":"横浜市","管理都道府県・整備局":"神奈川県","都市計画決定":"2"}},{"type":"Feature","geometry":{"type":"Point","coordinates":[139.48844285,35.535860915]},"properties":{"供用済面積":"2134","供用開始年":"1975","公園名":"長津田柳下公園","公園種別":"街区公園","所在地市区町村名":"横浜市","所在地都道府県名":"神奈川県","管理市区町村":"横浜市","管理都道府県・整備局":"神奈川県","都市計画決定":"2"}},{"type":"Feature","geometry":{"type":"Point","coordinates":[139.502222984,35.516293317]},"properties":{"供用済面積":"2558","供用開始年":"1987","公園名":"中丸公園","公園種別":"街区公園","所在地市区町村名":"横浜市","所在地都道府県名":"神奈川県","管理市区町村":"横浜市","管理都道府県・整備局":"神奈川県","都市計画決定":"1"}},{"type":"Feature","geometry":{"type":"Point","coordinates":[139.547885035,35.509189965]},"properties":{"供用済面積":"528","供用開始年":"1997","公園名":"中山飯綱下公園","公園種別":"街区公園","所在地市区町村名":"横浜市","所在地都道府県名":"神奈川県","管理市区町村":"横浜市","管理都道府県・整備局":"神奈川県","都市計画決定":"2"}},{"type":"Feature","geometry":{"type":"Point","coordinates":[139.54021186,35.516323842]},"properties":{"供用済面積":"3838","供用開始年":"1987","公園名":"中山駅北第一公園","公園種別":"街区公園","所在地市区町村名":"横浜市","所在地都道府県名":"神奈川県","管理市区町村":"横浜市","管理都道府県・整備局":"神奈川県","都市計画決定":"1"}},{"type":"Feature","geometry":{"type":"Point","coordinates":[139.535941618,35.518251247]},"properties":{"供用済面積":"811","供用開始年":"1988","公園名":"中山駅北第二公園","公園種別":"街区公園","所在地市区町村名":"横浜市","所在地都道府県名":"神奈川県","管理市区町村":"横浜市","管理都道府県・整備局":"神奈川県","都市計画決定":"2"}},{"type":"Feature","geometry":{"type":"Point","coordinates":[139.537101985,35.51614083]},"properties":{"供用済面積":"1538","供用開始年":"1987","公園名":"中山駅北第三公園","公園種別":"街区公園","所在地市区町村名":"横浜市","所在地都道府県名":"神奈川県","管理市区町村":"横浜市","管理都道府県・整備局":"神奈川県","都市計画決定":"1"}},{"type":"Feature","geometry":{"type":"Point","coordinates":[139.544516732,35.506608858]},"properties":{"供用済面積":"634","供用開始年":"1991","公園名":"中山町公園","公園種別":"街区公園","所在地市区町村名":"横浜市","所在地都道府県名":"神奈川県","管理市区町村":"横浜市","管理都道府県・整備局":"神奈川県","都市計画決定":"2"}},{"type":"Feature","geometry":{"type":"Point","coordinates":[139.547921134,35.512115891]},"properties":{"供用済面積":"598","供用開始年":"1990","公園名":"中山御嶽前公園","公園種別":"街区公園","所在地市区町村名":"横浜市","所在地都道府県名":"神奈川県","管理市区町村":"横浜市","管理都道府県・整備局":"神奈川県","都市計画決定":"2"}},{"type":"Feature","geometry":{"type":"Point","coordinates":[139.521441096,35.520864077]},"properties":{"供用済面積":"4338","供用開始年":"1996","公園名":"新治町公園","公園種別":"街区公園","所在地市区町村名":"横浜市","所在地都道府県名":"神奈川県","管理市区町村":"横浜市","管理都道府県・整備局":"神奈川県","都市計画決定":"2"}},{"type":"Feature","geometry":{"type":"Point","coordinates":[139.529726519,35.528967001]},"properties":{"供用済面積":"232","供用開始年":"1998","公園名":"西八朔第一公園","公園種別":"街区公園","所在地市区町村名":"横浜市","所在地都道府県名":"神奈川県","管理市区町村":"横浜市","管理都道府県・整備局":"神奈川県","都市計画決定":"2"}},{"type":"Feature","geometry":{"type":"Point","coordinates":[139.529937066,35.533264756]},"properties":{"供用済面積":"255","供用開始年":"1999","公園名":"西八朔第二公園","公園種別":"街区公園","所在地市区町村名":"横浜市","所在地都道府県名":"神奈川県","管理市区町村":"横浜市","管理都道府県・整備局":"神奈川県","都市計画決定":"2"}},{"type":"Feature","geometry":{"type":"Point","coordinates":[139.560621524,35.509003158]},"properties":{"供用済面積":"458","供用開始年":"2000","公園名":"白山一丁目第二公園","公園種別":"街区公園","所在地市区町村名":"横浜市","所在地都道府県名":"神奈川県","管理市区町村":"横浜市","管理都道府県・整備局":"神奈川県","都市計画決定":"2"}},{"type":"Feature","geometry":{"type":"Point","coordinates":[139.559965739,35.509928836]},"properties":{"供用済面積":"1200","供用開始年":"1998","公園名":"白山一丁目公園","公園種別":"街区公園","所在地市区町村名":"横浜市","所在地都道府県名":"神奈川県","管理市区町村":"横浜市","管理都道府県・整備局":"神奈川県","都市計画決定":"2"}},{"type":"Feature","geometry":{"type":"Point","coordinates":[139.553321697,35.509674216]},"properties":{"供用済面積":"4769","供用開始年":"1990","公園名":"白山公園","公園種別":"街区公園","所在地市区町村名":"横浜市","所在地都道府県名":"神奈川県","管理市区町村":"横浜市","管理都道府県・整備局":"神奈川県","都市計画決定":"2"}},{"type":"Feature","geometry":{"type":"Point","coordinates":[139.553731341,35.502795815]},"properties":{"供用済面積":"4398","供用開始年":"1975","公園名":"白山町第一公園","公園種別":"街区公園","所在地市区町村名":"横浜市","所在地都道府県名":"神奈川県","管理市区町村":"横浜市","管理都道府県・整備局":"神奈川県","都市計画決定":"2"}},{"type":"Feature","geometry":{"type":"Point","coordinates":[139.554699672,35.501240167]},"properties":{"供用済面積":"1105","供用開始年":"1975","公園名":"白山町第二公園","公園種別":"街区公園","所在地市区町村名":"横浜市","所在地都道府県名":"神奈川県","管理市区町村":"横浜市","管理都道府県・整備局":"神奈川県","都市計画決定":"2"}},{"type":"Feature","geometry":{"type":"Point","coordinates":[139.559355192,35.504534484]},"properties":{"供用済面積":"1248","供用開始年":"1975","公園名":"白山町第三公園","公園種別":"街区公園","所在地市区町村名":"横浜市","所在地都道府県名":"神奈川県","管理市区町村":"横浜市","管理都道府県・整備局":"神奈川県","都市計画決定":"2"}},{"type":"Feature","geometry":{"type":"Point","coordinates":[139.561845351,35.50835259]},"properties":{"供用済面積":"768","供用開始年":"1990","公園名":"白山町高倉公園","公園種別":"街区公園","所在地市区町村名":"横浜市","所在地都道府県名":"神奈川県","管理市区町村":"横浜市","管理都道府県・整備局":"神奈川県","都市計画決定":"2"}},{"type":"Feature","geometry":{"type":"Point","coordinates":[139.553802043,35.49888033]},"properties":{"供用済面積":"2903","供用開始年":"1978","公園名":"白山西台公園","公園種別":"街区公園","所在地市区町村名":"横浜市","所在地都道府県名":"神奈川県","管理市区町村":"横浜市","管理都道府県・整備局":"神奈川県","都市計画決定":"2"}},{"type":"Feature","geometry":{"type":"Point","coordinates":[139.584992175,35.509510318]},"properties":{"供用済面積":"1316","供用開始年":"1975","公園名":"東本郷下田公園","公園種別":"街区公園","所在地市区町村名":"横浜市","所在地都道府県名":"神奈川県","管理市区町村":"横浜市","管理都道府県・整備局":"神奈川県","都市計画決定":"2"}},{"type":"Feature","geometry":{"type":"Point","coordinates":[139.572272138,35.507720321]},"properties":{"供用済面積":"5230","供用開始年":"1972","公園名":"東本郷第一公園","公園種別":"街区公園","所在地市区町村名":"横浜市","所在地都道府県名":"神奈川県","管理市区町村":"横浜市","管理都道府県・整備局":"神奈川県","都市計画決定":"1"}},{"type":"Feature","geometry":{"type":"Point","coordinates":[139.576322123,35.504590324]},"properties":{"供用済面積":"2191","供用開始年":"1972","公園名":"東本郷第二公園","公園種別":"街区公園","所在地市区町村名":"横浜市","所在地都道府県名":"神奈川県","管理市区町村":"横浜市","管理都道府県・整備局":"神奈川県","都市計画決定":"1"}},{"type":"Feature","geometry":{"type":"Point","coordinates":[139.578452139,35.506210322]},"properties":{"供用済面積":"6040","供用開始年":"1977","公園名":"東本郷第三公園","公園種別":"街区公園","所在地市区町村名":"横浜市","所在地都道府県名":"神奈川県","管理市区町村":"横浜市","管理都道府県・整備局":"神奈川県","都市計画決定":"2"}},{"type":"Feature","geometry":{"type":"Point","coordinates":[139.578282148,35.507460321]},"properties":{"供用済面積":"465","供用開始年":"1991","公園名":"東本郷第四公園","公園種別":"街区公園","所在地市区町村名":"横浜市","所在地都道府県名":"神奈川県","管理市区町村":"横浜市","管理都道府県・整備局":"神奈川県","都市計画決定":"2"}},{"type":"Feature","geometry":{"type":"Point","coordinates":[139.582122148,35.506410322]},"properties":{"供用済面積":"339","供用開始年":"1978","公園名":"東本郷第五公園","公園種別":"街区公園","所在地市区町村名":"横浜市","所在地都道府県名":"神奈川県","管理市区町村":"横浜市","管理都道府県・整備局":"神奈川県","都市計画決定":"2"}},{"type":"Feature","geometry":{"type":"Point","coordinates":[139.577612126,35.504440325]},"properties":{"供用済面積":"151","供用開始年":"1987","公園名":"東本郷第六公園","公園種別":"街区公園","所在地市区町村名":"横浜市","所在地都道府県名":"神奈川県","管理市区町村":"横浜市","管理都道府県・整備局":"神奈川県","都市計画決定":"2"}},{"type":"Feature","geometry":{"type":"Point","coordinates":[139.578267744,35.509963997]},"properties":{"供用済面積":"3891","供用開始年":"1998","公園名":"東本郷台公園","公園種別":"街区公園","所在地市区町村名":"横浜市","所在地都道府県名":"神奈川県","管理市区町村":"横浜市","管理都道府県・整備局":"神奈川県","都市計画決定":"2"}},{"type":"Feature","geometry":{"type":"Point","coordinates":[139.581291185,35.512076485]},"properties":{"供用済面積":"547","供用開始年":"1996","公園名":"東本郷六丁目第三公園","公園種別":"街区公園","所在地市区町村名":"横浜市","所在地都道府県名":"神奈川県","管理市区町村":"横浜市","管理都道府県・整備局":"神奈川県","都市計画決定":"2"}},{"type":"Feature","geometry":{"type":"Point","coordinates":[139.582573167,35.511952786]},"properties":{"供用済面積":"3586","供用開始年":"1996","公園名":"東本郷六丁目第二公園","公園種別":"街区公園","所在地市区町村名":"横浜市","所在地都道府県名":"神奈川県","管理市区町村":"横浜市","管理都道府県・整備局":"神奈川県","都市計画決定":"2"}},{"type":"Feature","geometry":{"type":"Point","coordinates":[139.490893445,35.526716147]},"properties":{"供用済面積":"3894","供用開始年":"1973","公園名":"南長津田公園","公園種別":"街区公園","所在地市区町村名":"横浜市","所在地都道府県名":"神奈川県","管理市区町村":"横浜市","管理都道府県・整備局":"神奈川県","都市計画決定":"2"}},{"type":"Feature","geometry":{"type":"Point","coordinates":[139.524383117,35.509988383]},"properties":{"供用済面積":"9716","供用開始年":"1988","公園名":"三保大上公園","公園種別":"街区公園","所在地市区町村名":"横浜市","所在地都道府県名":"神奈川県","管理市区町村":"横浜市","管理都道府県・整備局":"神奈川県","都市計画決定":"1"}},{"type":"Feature","geometry":{"type":"Point","coordinates":[139.525172749,35.519249071]},"properties":{"供用済面積":"893","供用開始年":"1973","公園名":"三保公園","公園種別":"街区公園","所在地市区町村名":"横浜市","所在地都道府県名":"神奈川県","管理市区町村":"横浜市","管理都道府県・整備局":"神奈川県","都市計画決定":"2"}},{"type":"Feature","geometry":{"type":"Point","coordinates":[139.526572435,35.519752551]},"properties":{"供用済面積":"2121","供用開始年":"1998","公園名":"三保天神前久保公園","公園種別":"街区公園","所在地市区町村名":"横浜市","所在地都道府県名":"神奈川県","管理市区町村":"横浜市","管理都道府県・整備局":"神奈川県","都市計画決定":"2"}},{"type":"Feature","geometry":{"type":"Point","coordinates":[139.530418143,35.517252496]},"properties":{"供用済面積":"1431","供用開始年":"1995","公園名":"三保天神前公園","公園種別":"街区公園","所在地市区町村名":"横浜市","所在地都道府県名":"神奈川県","管理市区町村":"横浜市","管理都道府県・整備局":"神奈川県","都市計画決定":"2"}},{"type":"Feature","geometry":{"type":"Point","coordinates":[139.529727654,35.512892262]},"properties":{"供用済面積":"784","供用開始年":"1994","公園名":"三保中通公園","公園種別":"街区公園","所在地市区町村名":"横浜市","所在地都道府県名":"神奈川県","管理市区町村":"横浜市","管理都道府県・整備局":"神奈川県","都市計画決定":"2"}},{"type":"Feature","geometry":{"type":"Point","coordinates":[139.523601016,35.513029528]},"properties":{"供用済面積":"4476","供用開始年":"1990","公園名":"三保長谷戸公園","公園種別":"街区公園","所在地市区町村名":"横浜市","所在地都道府県名":"神奈川県","管理市区町村":"横浜市","管理都道府県・整備局":"神奈川県","都市計画決定":"1"}},{"type":"Feature","geometry":{"type":"Point","coordinates":[139.504774162,35.510985819]},"properties":{"供用済面積":"2670","供用開始年":"1984","公園名":"夫婦坂公園","公園種別":"街区公園","所在地市区町村名":"横浜市","所在地都道府県名":"神奈川県","管理市区町村":"横浜市","管理都道府県・整備局":"神奈川県","都市計画決定":"1"}},{"type":"Feature","geometry":{"type":"Point","coordinates":[139.535090751,35.508484602]},"properties":{"供用済面積":"3019","供用開始年":"1998","公園名":"森の台信濃谷公園","公園種別":"街区公園","所在地市区町村名":"横浜市","所在地都道府県名":"神奈川県","管理市区町村":"横浜市","管理都道府県・整備局":"神奈川県","都市計画決定":"1"}},{"type":"Feature","geometry":{"type":"Point","coordinates":[139.531608449,35.508865879]},"properties":{"供用済面積":"9824","供用開始年":"1999","公園名":"森の台中ノ谷公園","公園種別":"街区公園","所在地市区町村名":"横浜市","所在地都道府県名":"神奈川県","管理市区町村":"横浜市","管理都道府県・整備局":"神奈川県","都市計画決定":"1"}},{"type":"Feature","geometry":{"type":"Point","coordinates":[139.538275205,35.521890624]},"properties":{"供用済面積":"911","供用開始年":"1965","公園名":"谷津田原公園","公園種別":"街区公園","所在地市区町村名":"横浜市","所在地都道府県名":"神奈川県","管理市区町村":"横浜市","管理都道府県・整備局":"神奈川県","都市計画決定":"1"}},{"type":"Feature","geometry":{"type":"Point","coordinates":[139.539888059,35.553719098]},"properties":{"供用済面積":"156","供用開始年":"1978","公園名":"市ヶ尾おさかな広場","公園種別":"広場公園","所在地市区町村名":"横浜市","所在地都道府県名":"神奈川県","管理市区町村":"横浜市","管理都道府県・整備局":"神奈川県","都市計画決定":"2"}},{"type":"Feature","geometry":{"type":"Point","coordinates":[139.502651592,35.564518418]},"properties":{"供用済面積":"36500","供用開始年":"1984","公園名":"鴨志田公園","公園種別":"地区公園（カントリーパーク）","所在地市区町村名":"横浜市","所在地都道府県名":"神奈川県","管理市区町村":"横浜市","管理都道府県・整備局":"神奈川県","都市計画決定":"2"}},{"type":"Feature","geometry":{"type":"Point","coordinates":[139.50989231,35.549050245]},"properties":{"供用済面積":"35798","供用開始年":"1984","公園名":"桜台公園","公園種別":"地区公園（カントリーパーク）","所在地市区町村名":"横浜市","所在地都道府県名":"神奈川県","管理市区町村":"横浜市","管理都道府県・整備局":"神奈川県","都市計画決定":"1"}},{"type":"Feature","geometry":{"type":"Point","coordinates":[139.486192321,35.555940219]},"properties":{"供用済面積":"38178","供用開始年":"1997","公園名":"奈良山公園","公園種別":"地区公園（カントリーパーク）","所在地市区町村名":"横浜市","所在地都道府県名":"神奈川県","管理市区町村":"横浜市","管理都道府県・整備局":"神奈川県","都市計画決定":"1"}},{"type":"Feature","geometry":{"type":"Point","coordinates":[139.539429916,35.545316857]},"properties":{"供用済面積":"21736","供用開始年":"2009","公園名":"谷本公園","公園種別":"地区公園（カントリーパーク）","所在地市区町村名":"横浜市","所在地都道府県名":"神奈川県","管理市区町村":"横浜市","管理都道府県・整備局":"神奈川県","都市計画決定":"1"}},{"type":"Feature","geometry":{"type":"Point","coordinates":[139.549727978,35.561376645]},"properties":{"供用済面積":"12503","供用開始年":"1997","公園名":"赤田西公園","公園種別":"近隣公園","所在地市区町村名":"横浜市","所在地都道府県名":"神奈川県","管理市区町村":"横浜市","管理都道府県・整備局":"神奈川県","都市計画決定":"2"}},{"type":"Feature","geometry":{"type":"Point","coordinates":[139.553652444,35.561450256]},"properties":{"供用済面積":"12807","供用開始年":"1998","公園名":"赤田東公園","公園種別":"近隣公園","所在地市区町村名":"横浜市","所在地都道府県名":"神奈川県","管理市区町村":"横浜市","管理都道府県・整備局":"神奈川県","都市計画決定":"2"}},{"type":"Feature","geometry":{"type":"Point","coordinates":[139.488126321,35.544966036]},"properties":{"供用済面積":"13516","供用開始年":"1995","公園名":"あかね台鍛冶谷公園","公園種別":"近隣公園","所在地市区町村名":"横浜市","所在地都道府県名":"神奈川県","管理市区町村":"横浜市","管理都道府県・整備局":"神奈川県","都市計画決定":"1"}},{"type":"Feature","geometry":{"type":"Point","coordinates":[139.540863953,35.567507725]},"properties":{"供用済面積":"16010","供用開始年":"1984","公園名":"あざみ野西公園","公園種別":"近隣公園","所在地市区町村名":"横浜市","所在地都道府県名":"神奈川県","管理市区町村":"横浜市","管理都道府県・整備局":"神奈川県","都市計画決定":"1"}},{"type":"Feature","geometry":{"type":"Point","coordinates":[139.547262469,35.567080248]},"properties":{"供用済面積":"13528","供用開始年":"1988","公園名":"あざみ野東公園","公園種別":"近隣公園","所在地市区町村名":"横浜市","所在地都道府県名":"神奈川県","管理市区町村":"横浜市","管理都道府県・整備局":"神奈川県","都市計画決定":"1"}},{"type":"Feature","geometry":{"type":"Point","coordinates":[139.543340558,35.548016366]},"properties":{"供用済面積":"11296","供用開始年":"1993","公園名":"市ヶ尾町公園","公園種別":"近隣公園","所在地市区町村名":"横浜市","所在地都道府県名":"神奈川県","管理市区町村":"横浜市","管理都道府県・整備局":"神奈川県","都市計画決定":"2"}},{"type":"Feature","geometry":{"type":"Point","coordinates":[139.550770719,35.54646072]},"properties":{"供用済面積":"12955","供用開始年":"1990","公園名":"泉田向公園","公園種別":"近隣公園","所在地市区町村名":"横浜市","所在地都道府県名":"神奈川県","管理市区町村":"横浜市","管理都道府県・整備局":"神奈川県","都市計画決定":"2"}},{"type":"Feature","geometry":{"type":"Point","coordinates":[139.550267901,35.541915784]},"properties":{"供用済面積":"16477","供用開始年":"1989","公園名":"泉天ヶ谷公園","公園種別":"近隣公園","所在地市区町村名":"横浜市","所在地都道府県名":"神奈川県","管理市区町村":"横浜市","管理都道府県・整備局":"神奈川県","都市計画決定":"1"}},{"type":"Feature","geometry":{"type":"Point","coordinates":[139.557977649,35.581844105]},"properties":{"供用済面積":"21832","供用開始年":"1969","公園名":"美しが丘公園","公園種別":"近隣公園","所在地市区町村名":"横浜市","所在地都道府県名":"神奈川県","管理市区町村":"横浜市","管理都道府県・整備局":"神奈川県","都市計画決定":"1"}},{"type":"Feature","geometry":{"type":"Point","coordinates":[139.540026031,35.5793276]},"properties":{"供用済面積":"23103","供用開始年":"1989","公園名":"荏子田公園","公園種別":"近隣公園","所在地市区町村名":"横浜市","所在地都道府県名":"神奈川県","管理市区町村":"横浜市","管理都道府県・整備局":"神奈川県","都市計画決定":"2"}},{"type":"Feature","geometry":{"type":"Point","coordinates":[139.547474681,35.554177962]},"properties":{"供用済面積":"10717","供用開始年":"1991","公園名":"荏田富士塚公園","公園種別":"近隣公園","所在地市区町村名":"横浜市","所在地都道府県名":"神奈川県","管理市区町村":"横浜市","管理都道府県・整備局":"神奈川県","都市計画決定":"2"}},{"type":"Feature","geometry":{"type":"Point","coordinates":[139.536115308,35.562886538]},"properties":{"供用済面積":"15703","供用開始年":"1992","公園名":"大場かやのき公園","公園種別":"近隣公園","所在地市区町村名":"横浜市","所在地都道府県名":"神奈川県","管理市区町村":"横浜市","管理都道府県・整備局":"神奈川県","都市計画決定":"2"}},{"type":"Feature","geometry":{"type":"Point","coordinates":[139.505258585,35.549251711]},"properties":{"供用済面積":"12784","供用開始年":"1989","公園名":"桂台公園","公園種別":"近隣公園","所在地市区町村名":"横浜市","所在地都道府県名":"神奈川県","管理市区町村":"横浜市","管理都道府県・整備局":"神奈川県","都市計画決定":"1"}},{"type":"Feature","geometry":{"type":"Point","coordinates":[139.528219668,35.57658234]},"properties":{"供用済面積":"21593","供用開始年":"1979","公園名":"嶮山公園","公園種別":"近隣公園","所在地市区町村名":"横浜市","所在地都道府県名":"神奈川県","管理市区町村":"横浜市","管理都道府県・整備局":"神奈川県","都市計画決定":"1"}},{"type":"Feature","geometry":{"type":"Point","coordinates":[139.54201846,35.558524625]},"properties":{"供用済面積":"12010","供用開始年":"1982","公園名":"小黒公園","公園種別":"近隣公園","所在地市区町村名":"横浜市","所在地都道府県名":"神奈川県","管理市区町村":"横浜市","管理都道府県・整備局":"神奈川県","都市計画決定":"1"}},{"type":"Feature","geometry":{"type":"Point","coordinates":[139.55719547,35.573486305]},"properties":{"供用済面積":"16029","供用開始年":"1986","公園名":"新石川公園","公園種別":"近隣公園","所在地市区町村名":"横浜市","所在地都道府県名":"神奈川県","管理市区町村":"横浜市","管理都道府県・整備局":"神奈川県","都市計画決定":"1"}},{"type":"Feature","geometry":{"type":"Point","coordinates":[139.526767139,35.57554524]},"properties":{"供用済面積":"11140","供用開始年":"1983","公園名":"すすき野二丁目公園","公園種別":"近隣公園","所在地市区町村名":"横浜市","所在地都道府県名":"神奈川県","管理市区町村":"横浜市","管理都道府県・整備局":"神奈川県","都市計画決定":"2"}},{"type":"Feature","geometry":{"type":"Point","coordinates":[139.531172482,35.573100234]},"properties":{"供用済面積":"9105","供用開始年":"1990","公園名":"すすき野公園","公園種別":"近隣公園","所在地市区町村名":"横浜市","所在地都道府県名":"神奈川県","管理市区町村":"横浜市","管理都道府県・整備局":"神奈川県","都市計画決定":"1"}},{"type":"Feature","geometry":{"type":"Point","coordinates":[139.51643181,35.554238946]},"properties":{"供用済面積":"13501","供用開始年":"1981","公園名":"たちばな台公園","公園種別":"近隣公園","所在地市区町村名":"横浜市","所在地都道府県名":"神奈川県","管理市区町村":"横浜市","管理都道府県・整備局":"神奈川県","都市計画決定":"1"}},{"type":"Feature","geometry":{"type":"Point","coordinates":[139.5358731,35.542022538]},"properties":{"供用済面積":"11096","供用開始年":"1969","公園名":"千草台公園","公園種別":"近隣公園","所在地市区町村名":"横浜市","所在地都道府県名":"神奈川県","管理市区町村":"横浜市","管理都道府県・整備局":"神奈川県","都市計画決定":"2"}},{"type":"Feature","geometry":{"type":"Point","coordinates":[139.472670186,35.566013045]},"properties":{"供用済面積":"9621","供用開始年":"1975","公園名":"奈良町第一公園","公園種別":"近隣公園","所在地市区町村名":"横浜市","所在地都道府県名":"神奈川県","管理市区町村":"横浜市","管理都道府県・整備局":"神奈川県","都市計画決定":"2"}},{"type":"Feature","geometry":{"type":"Point","coordinates":[139.523768807,35.542464832]},"properties":{"供用済面積":"15342","供用開始年":"1969","公園名":"藤が丘公園","公園種別":"近隣公園","所在地市区町村名":"横浜市","所在地都道府県名":"神奈川県","管理市区町村":"横浜市","管理都道府県・整備局":"神奈川県","都市計画決定":"1"}},{"type":"Feature","geometry":{"type":"Point","coordinates":[139.535132572,35.587260219]},"properties":{"供用済面積":"24251","供用開始年":"1995","公園名":"保木公園","公園種別":"近隣公園","所在地市区町村名":"横浜市","所在地都道府県名":"神奈川県","管理市区町村":"横浜市","管理都道府県・整備局":"神奈川県","都市計画決定":"1"}},{"type":"Feature","geometry":{"type":"Point","coordinates":[139.522186015,35.555581078]},"properties":{"供用済面積":"13152","供用開始年":"1984","公園名":"みたけ台公園","公園種別":"近隣公園","所在地市区町村名":"横浜市","所在地都道府県名":"神奈川県","管理市区町村":"横浜市","管理都道府県・整備局":"神奈川県","都市計画決定":"1"}},{"type":"Feature","geometry":{"type":"Point","coordinates":[139.523712965,35.547284288]},"properties":{"供用済面積":"19012","供用開始年":"1990","公園名":"もえぎ野公園","公園種別":"近隣公園","所在地市区町村名":"横浜市","所在地都道府県名":"神奈川県","管理市区町村":"横浜市","管理都道府県・整備局":"神奈川県","都市計画決定":"1"}},{"type":"Feature","geometry":{"type":"Point","coordinates":[139.551944112,35.580273193]},"properties":{"供用済面積":"10676","供用開始年":"1976","公園名":"山内公園","公園種別":"近隣公園","所在地市区町村名":"横浜市","所在地都道府県名":"神奈川県","管理市区町村":"横浜市","管理都道府県・整備局":"神奈川県","都市計画決定":"1"}},{"type":"Feature","geometry":{"type":"Point","coordinates":[139.517865644,35.544950815]},"properties":{"供用済面積":"3407","供用開始年":"1969","公園名":"青葉台公園","公園種別":"街区公園","所在地市区町村名":"横浜市","所在地都道府県名":"神奈川県","管理市区町村":"横浜市","管理都道府県・整備局":"神奈川県","都市計画決定":"1"}},{"type":"Feature","geometry":{"type":"Point","coordinates":[139.514383332,35.545255842]},"properties":{"供用済面積":"2613","供用開始年":"1971","公園名":"青葉台第二公園","公園種別":"街区公園","所在地市区町村名":"横浜市","所在地都道府県名":"神奈川県","管理市区町村":"横浜市","管理都道府県・整備局":"神奈川県","都市計画決定":"1"}},{"type":"Feature","geometry":{"type":"Point","coordinates":[139.520409712,35.544151227]},"properties":{"供用済面積":"340","供用開始年":"1979","公園名":"青葉台第三公園","公園種別":"街区公園","所在地市区町村名":"横浜市","所在地都道府県名":"神奈川県","管理市区町村":"横浜市","管理都道府県・整備局":"神奈川県","都市計画決定":"2"}},{"type":"Feature","geometry":{"type":"Point","coordinates":[139.487269698,35.542800327]},"properties":{"供用済面積":"2835","供用開始年":"1992","公園名":"あかね台第一公園","公園種別":"街区公園","所在地市区町村名":"横浜市","所在地都道府県名":"神奈川県","管理市区町村":"横浜市","管理都道府県・整備局":"神奈川県","都市計画決定":"2"}},{"type":"Feature","geometry":{"type":"Point","coordinates":[139.483182232,35.540550222]},"properties":{"供用済面積":"1283","供用開始年":"1992","公園名":"あかね台第二公園","公園種別":"街区公園","所在地市区町村名":"横浜市","所在地都道府県名":"神奈川県","管理市区町村":"横浜市","管理都道府県・整備局":"神奈川県","都市計画決定":"2"}},{"type":"Feature","geometry":{"type":"Point","coordinates":[139.485716413,35.540454886]},"properties":{"供用済面積":"1251","供用開始年":"1992","公園名":"あかね台第三公園","公園種別":"街区公園","所在地市区町村名":"横浜市","所在地都道府県名":"神奈川県","管理市区町村":"横浜市","管理都道府県・整備局":"神奈川県","都市計画決定":"2"}},{"type":"Feature","geometry":{"type":"Point","coordinates":[139.487549023,35.541885238]},"properties":{"供用済面積":"7844","供用開始年":"1995","公園名":"あかね台熊の谷公園","公園種別":"街区公園","所在地市区町村名":"横浜市","所在地都道府県名":"神奈川県","管理市区町村":"横浜市","管理都道府県・整備局":"神奈川県","都市計画決定":"1"}},{"type":"Feature","geometry":{"type":"Point","coordinates":[139.4833777,35.541702212]},"properties":{"供用済面積":"2200","供用開始年":"1997","公園名":"あかね台西が谷公園","公園種別":"街区公園","所在地市区町村名":"横浜市","所在地都道府県名":"神奈川県","管理市区町村":"横浜市","管理都道府県・整備局":"神奈川県","都市計画決定":"1"}},{"type":"Feature","geometry":{"type":"Point","coordinates":[139.491720352,35.542678322]},"properties":{"供用済面積":"2000","供用開始年":"1996","公園名":"あかね台宮の台公園","公園種別":"街区公園","所在地市区町村名":"横浜市","所在地都道府県名":"神奈川県","管理市区町村":"横浜市","管理都道府県・整備局":"神奈川県","都市計画決定":"1"}},{"type":"Feature","geometry":{"type":"Point","coordinates":[139.48740004,35.53967378]},"properties":{"供用済面積":"2000","供用開始年":"1996","公園名":"あかね台堀の内公園","公園種別":"街区公園","所在地市区町村名":"横浜市","所在地都道府県名":"神奈川県","管理市区町村":"横浜市","管理都道府県・整備局":"神奈川県","都市計画決定":"1"}},{"type":"Feature","geometry":{"type":"Point","coordinates":[139.54931836,35.572022163]},"properties":{"供用済面積":"7700","供用開始年":"1989","公園名":"あざみ野一丁目公園","公園種別":"街区公園","所在地市区町村名":"横浜市","所在地都道府県名":"神奈川県","管理市区町村":"横浜市","管理都道府県・整備局":"神奈川県","都市計画決定":"1"}},{"type":"Feature","geometry":{"type":"Point","coordinates":[139.55241816,35.571160335]},"properties":{"供用済面積":"303","供用開始年":"1985","公園名":"あざみ野一丁目第二公園","公園種別":"街区公園","所在地市区町村名":"横浜市","所在地都道府県名":"神奈川県","管理市区町村":"横浜市","管理都道府県・整備局":"神奈川県","都市計画決定":"2"}},{"type":"Feature","geometry":{"type":"Point","coordinates":[139.539821137,35.570252991]},"properties":{"供用済面積":"2553","供用開始年":"1985","公園名":"あざみ野三丁目公園","公園種別":"街区公園","所在地市区町村名":"横浜市","所在地都道府県名":"神奈川県","管理市区町村":"横浜市","管理都道府県・整備局":"神奈川県","都市計画決定":"1"}},{"type":"Feature","geometry":{"type":"Point","coordinates":[139.542167499,35.570069972]},"properties":{"供用済面積":"1509","供用開始年":"1984","公園名":"あざみ野三丁目東公園","公園種別":"街区公園","所在地市区町村名":"横浜市","所在地都道府県名":"神奈川県","管理市区町村":"横浜市","管理都道府県・整備局":"神奈川県","都市計画決定":"1"}},{"type":"Feature","geometry":{"type":"Point","coordinates":[139.544811853,35.575209716]},"properties":{"供用済面積":"8735","供用開始年":"1981","公園名":"あざみ野四丁目北公園","公園種別":"街区公園","所在地市区町村名":"横浜市","所在地都道府県名":"神奈川県","管理市区町村":"横浜市","管理都道府県・整備局":"神奈川県","都市計画決定":"1"}},{"type":"Feature","geometry":{"type":"Point","coordinates":[139.541850944,35.572571208]},"properties":{"供用済面積":"4884","供用開始年":"1980","公園名":"あざみ野四丁目南公園","公園種別":"街区公園","所在地市区町村名":"横浜市","所在地都道府県名":"神奈川県","管理市区町村":"横浜市","管理都道府県・整備局":"神奈川県","都市計画決定":"1"}},{"type":"Feature","geometry":{"type":"Point","coordinates":[139.545989566,35.572019391]},"properties":{"供用済面積":"1989","供用開始年":"2001","公園名":"あざみ野一丁目第三公園","公園種別":"街区公園","所在地市区町村名":"横浜市","所在地都道府県名":"神奈川県","管理市区町村":"横浜市","管理都道府県・整備局":"神奈川県","都市計画決定":"2"}},{"type":"Feature","geometry":{"type":"Point","coordinates":[139.551646067,35.564228673]},"properties":{"供用済面積":"2739","供用開始年":"1996","公園名":"あざみ野南宇多り公園","公園種別":"街区公園","所在地市区町村名":"横浜市","所在地都道府県名":"神奈川県","管理市区町村":"横浜市","管理都道府県・整備局":"神奈川県","都市計画決定":"2"}},{"type":"Feature","geometry":{"type":"Point","coordinates":[139.547214029,35.563908382]},"properties":{"供用済面積":"2750","供用開始年":"1996","公園名":"あざみ野南鍛冶谷公園","公園種別":"街区公園","所在地市区町村名":"横浜市","所在地都道府県名":"神奈川県","管理市区町村":"横浜市","管理都道府県・整備局":"神奈川県","都市計画決定":"2"}},{"type":"Feature","geometry":{"type":"Point","coordinates":[139.556003613,35.564137165]},"properties":{"供用済面積":"2320","供用開始年":"1996","公園名":"あざみ野南三百久保公園","公園種別":"街区公園","所在地市区町村名":"横浜市","所在地都道府県名":"神奈川県","管理市区町村":"横浜市","管理都道府県・整備局":"神奈川県","都市計画決定":"2"}},{"type":"Feature","geometry":{"type":"Point","coordinates":[139.543340642,35.562047712]},"properties":{"供用済面積":"2750","供用開始年":"1996","公園名":"あざみ野南大六天公園","公園種別":"街区公園","所在地市区町村名":"横浜市","所在地都道府県名":"神奈川県","管理市区町村":"横浜市","管理都道府県・整備局":"神奈川県","都市計画決定":"2"}},{"type":"Feature","geometry":{"type":"Point","coordinates":[139.554718649,35.557167242]},"properties":{"供用済面積":"3332","供用開始年":"1984","公園名":"池尻公園","公園種別":"街区公園","所在地市区町村名":"横浜市","所在地都道府県名":"神奈川県","管理市区町村":"横浜市","管理都道府県・整備局":"神奈川県","都市計画決定":"2"}},{"type":"Feature","geometry":{"type":"Point","coordinates":[139.547828456,35.548306147]},"properties":{"供用済面積":"1974","供用開始年":"1985","公園名":"泉公園","公園種別":"街区公園","所在地市区町村名":"横浜市","所在地都道府県名":"神奈川県","管理市区町村":"横浜市","管理都道府県・整備局":"神奈川県","都市計画決定":"1"}},{"type":"Feature","geometry":{"type":"Point","coordinates":[139.540007269,35.557136735]},"properties":{"供用済面積":"3480","供用開始年":"1986","公園名":"市ケ尾遺跡公園","公園種別":"街区公園","所在地市区町村名":"横浜市","所在地都道府県名":"神奈川県","管理市区町村":"横浜市","管理都道府県・整備局":"神奈川県","都市計画決定":"2"}},{"type":"Feature","geometry":{"type":"Point","coordinates":[139.542177274,35.552438391]},"properties":{"供用済面積":"283","供用開始年":"1978","公園名":"市ヶ尾駅前公園","公園種別":"街区公園","所在地市区町村名":"横浜市","所在地都道府県名":"神奈川県","管理市区町村":"横浜市","管理都道府県・整備局":"神奈川県","都市計画決定":"2"}},{"type":"Feature","geometry":{"type":"Point","coordinates":[139.546395066,35.540453335]},"properties":{"供用済面積":"5977","供用開始年":"1988","公園名":"市ヶ尾下根公園","公園種別":"街区公園","所在地市区町村名":"横浜市","所在地都道府県名":"神奈川県","管理市区町村":"横浜市","管理都道府県・整備局":"神奈川県","都市計画決定":"1"}},{"type":"Feature","geometry":{"type":"Point","coordinates":[139.537828476,35.553735657]},"properties":{"供用済面積":"2308","供用開始年":"1971","公園名":"市ケ尾第一公園","公園種別":"街区公園","所在地市区町村名":"横浜市","所在地都道府県名":"神奈川県","管理市区町村":"横浜市","管理都道府県・整備局":"神奈川県","都市計画決定":"2"}},{"type":"Feature","geometry":{"type":"Point","coordinates":[139.54237225,35.55340013]},"properties":{"供用済面積":"2230","供用開始年":"1969","公園名":"市ケ尾第二公園","公園種別":"街区公園","所在地市区町村名":"横浜市","所在地都道府県名":"神奈川県","管理市区町村":"横浜市","管理都道府県・整備局":"神奈川県","都市計画決定":"2"}},{"type":"Feature","geometry":{"type":"Point","coordinates":[139.543266093,35.552149512]},"properties":{"供用済面積":"1613","供用開始年":"1974","公園名":"市ケ尾第四公園","公園種別":"街区公園","所在地市区町村名":"横浜市","所在地都道府県名":"神奈川県","管理市区町村":"横浜市","管理都道府県・整備局":"神奈川県","都市計画決定":"1"}},{"type":"Feature","geometry":{"type":"Point","coordinates":[139.539523059,35.550639611]},"properties":{"供用済面積":"2477","供用開始年":"1975","公園名":"市ケ尾第三公園","公園種別":"街区公園","所在地市区町村名":"横浜市","所在地都道府県名":"神奈川県","管理市区町村":"横浜市","管理都道府県・整備局":"神奈川県","都市計画決定":"1"}},{"type":"Feature","geometry":{"type":"Point","coordinates":[139.544699952,35.546643737]},"properties":{"供用済面積":"5787","供用開始年":"1984","公園名":"市ケ尾鶴蒔公園","公園種別":"街区公園","所在地市区町村名":"横浜市","所在地都道府県名":"神奈川県","管理市区町村":"横浜市","管理都道府県・整備局":"神奈川県","都市計画決定":"1"}},{"type":"Feature","geometry":{"type":"Point","coordinates":[139.532651618,35.561818927]},"properties":{"供用済面積":"2566","供用開始年":"1973","公園名":"稲荷前第一公園","公園種別":"街区公園","所在地市区町村名":"横浜市","所在地都道府県名":"神奈川県","管理市区町村":"横浜市","管理都道府県・整備局":"神奈川県","都市計画決定":"1"}},{"type":"Feature","geometry":{"type":"Point","coordinates":[139.530813151,35.562881055]},"properties":{"供用済面積":"542","供用開始年":"1972","公園名":"稲荷前第二公園","公園種別":"街区公園","所在地市区町村名":"横浜市","所在地都道府県名":"神奈川県","管理市区町村":"横浜市","管理都道府県・整備局":"神奈川県","都市計画決定":"2"}},{"type":"Feature","geometry":{"type":"Point","coordinates":[139.533228889,35.560339539]},"properties":{"供用済面積":"539","供用開始年":"1974","公園名":"稲荷前第三公園","公園種別":"街区公園","所在地市区町村名":"横浜市","所在地都道府県名":"神奈川県","管理市区町村":"横浜市","管理都道府県・整備局":"神奈川県","都市計画決定":"2"}},{"type":"Feature","geometry":{"type":"Point","coordinates":[139.532822406,35.559870249]},"properties":{"供用済面積":"167","供用開始年":"1990","公園名":"稲荷前第四公園","公園種別":"街区公園","所在地市区町村名":"横浜市","所在地都道府県名":"神奈川県","管理市区町村":"横浜市","管理都道府県・整備局":"神奈川県","都市計画決定":"2"}},{"type":"Feature","geometry":{"type":"Point","coordinates":[139.547567807,35.556923219]},"properties":{"供用済面積":"3030","供用開始年":"1982","公園名":"稲荷谷公園","公園種別":"街区公園","所在地市区町村名":"横浜市","所在地都道府県名":"神奈川県","管理市区町村":"横浜市","管理都道府県・整備局":"神奈川県","都市計画決定":"1"}},{"type":"Feature","geometry":{"type":"Point","coordinates":[139.549746761,35.587349872]},"properties":{"供用済面積":"3063","供用開始年":"1969","公園名":"美しが丘第二公園","公園種別":"街区公園","所在地市区町村名":"横浜市","所在地都道府県名":"神奈川県","管理市区町村":"横浜市","管理都道府県・整備局":"神奈川県","都市計画決定":"2"}},{"type":"Feature","geometry":{"type":"Point","coordinates":[139.548520666,35.585220505]},"properties":{"供用済面積":"2082","供用開始年":"1969","公園名":"美しが丘第三公園","公園種別":"街区公園","所在地市区町村名":"横浜市","所在地都道府県名":"神奈川県","管理市区町村":"横浜市","管理都道府県・整備局":"神奈川県","都市計画決定":"2"}},{"type":"Feature","geometry":{"type":"Point","coordinates":[139.553359421,35.586648305]},"properties":{"供用済面積":"3281","供用開始年":"1969","公園名":"美しが丘第四公園","公園種別":"街区公園","所在地市区町村名":"横浜市","所在地都道府県名":"神奈川県","管理市区町村":"横浜市","管理都道府県・整備局":"神奈川県","都市計画決定":"2"}},{"type":"Feature","geometry":{"type":"Point","coordinates":[139.561534424,35.578397271]},"properties":{"供用済面積":"4204","供用開始年":"1971","公園名":"美しが丘第五公園","公園種別":"街区公園","所在地市区町村名":"横浜市","所在地都道府県名":"神奈川県","管理市区町村":"横浜市","管理都道府県・整備局":"神奈川県","都市計画決定":"1"}},{"type":"Feature","geometry":{"type":"Point","coordinates":[139.551061261,35.576763907]},"properties":{"供用済面積":"443","供用開始年":"1996","公園名":"美しが丘五丁目公園","公園種別":"街区公園","所在地市区町村名":"横浜市","所在地都道府県名":"神奈川県","管理市区町村":"横浜市","管理都道府県・整備局":"神奈川県","都市計画決定":"2"}},{"type":"Feature","geometry":{"type":"Point","coordinates":[139.544942284,35.587212601]},"properties":{"供用済面積":"2629","供用開始年":"1977","公園名":"美しが丘第六公園","公園種別":"街区公園","所在地市区町村名":"横浜市","所在地都道府県名":"神奈川県","管理市区町村":"横浜市","管理都道府県・整備局":"神奈川県","都市計画決定":"1"}},{"type":"Feature","geometry":{"type":"Point","coordinates":[139.544867776,35.584269075]},"properties":{"供用済面積":"4845","供用開始年":"1978","公園名":"美しが丘第七公園","公園種別":"街区公園","所在地市区町村名":"横浜市","所在地都道府県名":"神奈川県","管理市区町村":"横浜市","管理都道府県・整備局":"神奈川県","都市計画決定":"1"}},{"type":"Feature","geometry":{"type":"Point","coordinates":[139.552353764,35.575270719]},"properties":{"供用済面積":"4636","供用開始年":"1976","公園名":"美しが丘第八公園","公園種別":"街区公園","所在地市区町村名":"横浜市","所在地都道府県名":"神奈川県","管理市区町村":"横浜市","管理都道府県・整備局":"神奈川県","都市計画決定":"1"}},{"type":"Feature","geometry":{"type":"Point","coordinates":[139.54551958,35.589835858]},"properties":{"供用済面積":"157","供用開始年":"1979","公園名":"美しが丘第十公園","公園種別":"街区公園","所在地市区町村名":"横浜市","所在地都道府県名":"神奈川県","管理市区町村":"横浜市","管理都道府県・整備局":"神奈川県","都市計画決定":"2"}},{"type":"Feature","geometry":{"type":"Point","coordinates":[139.563392555,35.578110242]},"properties":{"供用済面積":"700","供用開始年":"1987","公園名":"美しが丘大坪公園","公園種別":"街区公園","所在地市区町村名":"横浜市","所在地都道府県名":"神奈川県","管理市区町村":"横浜市","管理都道府県・整備局":"神奈川県","都市計画決定":"2"}},{"type":"Feature","geometry":{"type":"Point","coordinates":[139.549531116,35.579758792]},"properties":{"供用済面積":"151","供用開始年":"1994","公園名":"美しが丘第九公園","公園種別":"街区公園","所在地市区町村名":"横浜市","所在地都道府県名":"神奈川県","管理市区町村":"横浜市","管理都道府県・整備局":"神奈川県","都市計画決定":"2"}},{"type":"Feature","geometry":{"type":"Point","coordinates":[139.541702064,35.589561327]},"properties":{"供用済面積":"3131","供用開始年":"2000","公園名":"美しが丘西追分公園","公園種別":"街区公園","所在地市区町村名":"横浜市","所在地都道府県名":"神奈川県","管理市区町村":"横浜市","管理都道府県・整備局":"神奈川県","都市計画決定":"1"}},{"type":"Feature","geometry":{"type":"Point","coordinates":[139.528532558,35.586460219]},"properties":{"供用済面積":"2366","供用開始年":"1999","公園名":"美しが丘西山王坂公園","公園種別":"街区公園","所在地市区町村名":"横浜市","所在地都道府県名":"神奈川県","管理市区町村":"横浜市","管理都道府県・整備局":"神奈川県","都市計画決定":"1"}},{"type":"Feature","geometry":{"type":"Point","coordinates":[139.53090132,35.591422003]},"properties":{"供用済面積":"2860","供用開始年":"2000","公園名":"美しが丘西関原公園","公園種別":"街区公園","所在地市区町村名":"横浜市","所在地都道府県名":"神奈川県","管理市区町村":"横浜市","管理都道府県・整備局":"神奈川県","都市計画決定":"1"}},{"type":"Feature","geometry":{"type":"Point","coordinates":[139.536990715,35.590903455]},"properties":{"供用済面積":"2000","供用開始年":"1999","公園名":"美しが丘西滝の沢公園","公園種別":"街区公園","所在地市区町村名":"横浜市","所在地都道府県名":"神奈川県","管理市区町村":"横浜市","管理都道府県・整備局":"神奈川県","都市計画決定":"1"}},{"type":"Feature","geometry":{"type":"Point","coordinates":[139.527847311,35.590674683]},"properties":{"供用済面積":"2800","供用開始年":"1998","公園名":"美しが丘西早渕台公園","公園種別":"街区公園","所在地市区町村名":"横浜市","所在地都道府県名":"神奈川県","管理市区町村":"横浜市","管理都道府県・整備局":"神奈川県","都市計画決定":"1"}},{"type":"Feature","geometry":{"type":"Point","coordinates":[139.538592183,35.588478478]},"properties":{"供用済面積":"2440","供用開始年":"1997","公園名":"美しが丘西保島公園","公園種別":"街区公園","所在地市区町村名":"横浜市","所在地都道府県名":"神奈川県","管理市区町村":"横浜市","管理都道府県・整備局":"神奈川県","都市計画決定":"1"}},{"type":"Feature","geometry":{"type":"Point","coordinates":[139.533936693,35.589500316]},"properties":{"供用済面積":"2500","供用開始年":"2000","公園名":"美しが丘西薬師台公園","公園種別":"街区公園","所在地市区町村名":"横浜市","所在地都道府県名":"神奈川県","管理市区町村":"横浜市","管理都道府県・整備局":"神奈川県","都市計画決定":"1"}},{"type":"Feature","geometry":{"type":"Point","coordinates":[139.529504649,35.588249696]},"properties":{"供用済面積":"2000","供用開始年":"1973","公園名":"美しが丘西保野公園","公園種別":"街区公園","所在地市区町村名":"横浜市","所在地都道府県名":"神奈川県","管理市区町村":"横浜市","管理都道府県・整備局":"神奈川県","都市計画決定":"1"}},{"type":"Feature","geometry":{"type":"Point","coordinates":[139.536767213,35.585351922]},"properties":{"供用済面積":"3188","供用開始年":"2000","公園名":"美しが丘西よもぎ公園","公園種別":"街区公園","所在地市区町村名":"横浜市","所在地都道府県名":"神奈川県","管理市区町村":"横浜市","管理都道府県・整備局":"神奈川県","都市計画決定":"1"}},{"type":"Feature","geometry":{"type":"Point","coordinates":[139.562162554,35.578140241]},"properties":{"供用済面積":"320","供用開始年":"2001","公園名":"美しが丘二丁目公園","公園種別":"街区公園","所在地市区町村名":"横浜市","所在地都道府県名":"神奈川県","管理市区町村":"横浜市","管理都道府県・整備局":"神奈川県","都市計画決定":"2"}},{"type":"Feature","geometry":{"type":"Point","coordinates":[139.530152576,35.589330216]},"properties":{"供用済面積":"410","供用開始年":"1977","公園名":"美しが丘西保野第二公園","公園種別":"街区公園","所在地市区町村名":"横浜市","所在地都道府県名":"神奈川県","管理市区町村":"横浜市","管理都道府県・整備局":"神奈川県","都市計画決定":"2"}},{"type":"Feature","geometry":{"type":"Point","coordinates":[139.522353506,35.537919896]},"properties":{"供用済面積":"3993","供用開始年":"1972","公園名":"梅が丘公園","公園種別":"街区公園","所在地市区町村名":"横浜市","所在地都道府県名":"神奈川県","管理市区町村":"横浜市","管理都道府県・整備局":"神奈川県","都市計画決定":"1"}},{"type":"Feature","geometry":{"type":"Point","coordinates":[139.529914016,35.534717094]},"properties":{"供用済面積":"6801","供用開始年":"1976","公園名":"梅が丘第二公園","公園種別":"街区公園","所在地市区町村名":"横浜市","所在地都道府県名":"神奈川県","管理市区町村":"横浜市","管理都道府県・整備局":"神奈川県","都市計画決定":"1"}},{"type":"Feature","geometry":{"type":"Point","coordinates":[139.523332235,35.53437027]},"properties":{"供用済面積":"6850","供用開始年":"1974","公園名":"梅が丘第三公園","公園種別":"街区公園","所在地市区町村名":"横浜市","所在地都道府県名":"神奈川県","管理市区町村":"横浜市","管理都道府県・整備局":"神奈川県","都市計画決定":"1"}},{"type":"Feature","geometry":{"type":"Point","coordinates":[139.537865886,35.580547718]},"properties":{"供用済面積":"3400","供用開始年":"1989","公園名":"荏子田朝霧公園","公園種別":"街区公園","所在地市区町村名":"横浜市","所在地都道府県名":"神奈川県","管理市区町村":"横浜市","管理都道府県・整備局":"神奈川県","都市計画決定":"2"}},{"type":"Feature","geometry":{"type":"Point","coordinates":[139.544513927,35.579266601]},"properties":{"供用済面積":"3000","供用開始年":"1989","公園名":"荏子田朝日公園","公園種別":"街区公園","所在地市区町村名":"横浜市","所在地都道府県名":"神奈川県","管理市区町村":"横浜市","管理都道府県・整備局":"神奈川県","都市計画決定":"2"}},{"type":"Feature","geometry":{"type":"Point","coordinates":[139.53421595,35.57702463]},"properties":{"供用済面積":"4600","供用開始年":"1989","公園名":"荏子田太陽公園","公園種別":"街区公園","所在地市区町村名":"横浜市","所在地都道府県名":"神奈川県","管理市区町村":"横浜市","管理都道府県・整備局":"神奈川県","都市計画決定":"2"}},{"type":"Feature","geometry":{"type":"Point","coordinates":[139.532949677,35.580212187]},"properties":{"供用済面積":"2630","供用開始年":"1989","公園名":"荏子田夕日公園","公園種別":"街区公園","所在地市区町村名":"横浜市","所在地都道府県名":"神奈川県","管理市区町村":"横浜市","管理都道府県・整備局":"神奈川県","都市計画決定":"2"}},{"type":"Feature","geometry":{"type":"Point","coordinates":[139.559560382,35.559576981]},"properties":{"供用済面積":"1802","供用開始年":"1971","公園名":"荏田第一公園","公園種別":"街区公園","所在地市区町村名":"横浜市","所在地都道府県名":"神奈川県","管理市区町村":"横浜市","管理都道府県・整備局":"神奈川県","都市計画決定":"2"}},{"type":"Feature","geometry":{"type":"Point","coordinates":[139.557251255,35.559058431]},"properties":{"供用済面積":"3012","供用開始年":"1971","公園名":"荏田第二公園","公園種別":"街区公園","所在地市区町村名":"横浜市","所在地都道府県名":"神奈川県","管理市区町村":"横浜市","管理都道府県・整備局":"神奈川県","都市計画決定":"1"}},{"type":"Feature","geometry":{"type":"Point","coordinates":[139.558042421,35.556360264]},"properties":{"供用済面積":"2493","供用開始年":"1972","公園名":"荏田第三公園","公園種別":"街区公園","所在地市区町村名":"横浜市","所在地都道府県名":"神奈川県","管理市区町村":"横浜市","管理都道府県・整備局":"神奈川県","都市計画決定":"1"}},{"type":"Feature","geometry":{"type":"Point","coordinates":[139.561089031,35.562396379]},"properties":{"供用済面積":"361","供用開始年":"1972","公園名":"荏田第五公園","公園種別":"街区公園","所在地市区町村名":"横浜市","所在地都道府県名":"神奈川県","管理市区町村":"横浜市","管理都道府県・整備局":"神奈川県","都市計画決定":"2"}},{"type":"Feature","geometry":{"type":"Point","coordinates":[139.551199084,35.555428582]},"properties":{"供用済面積":"8817","供用開始年":"1997","公園名":"荏田猿田公園","公園種別":"街区公園","所在地市区町村名":"横浜市","所在地都道府県名":"神奈川県","管理市区町村":"横浜市","管理都道府県・整備局":"神奈川県","都市計画決定":"1"}},{"type":"Feature","geometry":{"type":"Point","coordinates":[139.557652468,35.564350256]},"properties":{"供用済面積":"1350","供用開始年":"1986","公園名":"荏田釈迦堂公園","公園種別":"街区公園","所在地市区町村名":"横浜市","所在地都道府県名":"神奈川県","管理市区町村":"横浜市","管理都道府県・整備局":"神奈川県","都市計画決定":"2"}},{"type":"Feature","geometry":{"type":"Point","coordinates":[139.558424462,35.563176317]},"properties":{"供用済面積":"525","供用開始年":"1996","公園名":"荏田釈迦堂第二公園","公園種別":"街区公園","所在地市区町村名":"横浜市","所在地都道府県名":"神奈川県","管理市区町村":"横浜市","管理都道府県・整備局":"神奈川県","都市計画決定":"2"}},{"type":"Feature","geometry":{"type":"Point","coordinates":[139.560137696,35.563405098]},"properties":{"供用済面積":"3817","供用開始年":"1987","公園名":"荏田宿公園","公園種別":"街区公園","所在地市区町村名":"横浜市","所在地都道府県名":"神奈川県","管理市区町村":"横浜市","管理都道府県・整備局":"神奈川県","都市計画決定":"2"}},{"type":"Feature","geometry":{"type":"Point","coordinates":[139.562715451,35.566888695]},"properties":{"供用済面積":"968","供用開始年":"1993","公園名":"荏田関耕地公園","公園種別":"街区公園","所在地市区町村名":"横浜市","所在地都道府県名":"神奈川県","管理市区町村":"横浜市","管理都道府県・整備局":"神奈川県","都市計画決定":"2"}},{"type":"Feature","geometry":{"type":"Point","coordinates":[139.556450486,35.554513495]},"properties":{"供用済面積":"1524","供用開始年":"1969","公園名":"荏田第四公園","公園種別":"街区公園","所在地市区町村名":"横浜市","所在地都道府県名":"神奈川県","管理市区町村":"横浜市","管理都道府県・整備局":"神奈川県","都市計画決定":"2"}},{"type":"Feature","geometry":{"type":"Point","coordinates":[139.553197598,35.557249911]},"properties":{"供用済面積":"257","供用開始年":"1999","公園名":"荏田西二丁目公園","公園種別":"街区公園","所在地市区町村名":"横浜市","所在地都道府県名":"神奈川県","管理市区町村":"横浜市","管理都道府県・整備局":"神奈川県","都市計画決定":"2"}},{"type":"Feature","geometry":{"type":"Point","coordinates":[139.509280883,35.54153448]},"properties":{"供用済面積":"4741","供用開始年":"1975","公園名":"榎が丘公園","公園種別":"街区公園","所在地市区町村名":"横浜市","所在地都道府県名":"神奈川県","管理市区町村":"横浜市","管理都道府県・整備局":"神奈川県","都市計画決定":"1"}},{"type":"Feature","geometry":{"type":"Point","coordinates":[139.504401932,35.542037765]},"properties":{"供用済面積":"6488","供用開始年":"1973","公園名":"榎が丘第三公園","公園種別":"街区公園","所在地市区町村名":"横浜市","所在地都道府県名":"神奈川県","管理市区町村":"横浜市","管理都道府県・整備局":"神奈川県","都市計画決定":"1"}},{"type":"Feature","geometry":{"type":"Point","coordinates":[139.508408985,35.540376091]},"properties":{"供用済面積":"171","供用開始年":"1983","公園名":"榎が丘第四公園","公園種別":"街区公園","所在地市区町村名":"横浜市","所在地都道府県名":"神奈川県","管理市区町村":"横浜市","管理都道府県・整備局":"神奈川県","都市計画決定":"2"}},{"type":"Feature","geometry":{"type":"Point","coordinates":[139.51172036,35.540665143]},"properties":{"供用済面積":"2451","供用開始年":"1995","公園名":"榎が丘第二公園","公園種別":"街区公園","所在地市区町村名":"横浜市","所在地都道府県名":"神奈川県","管理市区町村":"横浜市","管理都道府県・整備局":"神奈川県","都市計画決定":"2"}},{"type":"Feature","geometry":{"type":"Point","coordinates":[139.544923501,35.559729484]},"properties":{"供用済面積":"2168","供用開始年":"1982","公園名":"大入公園","公園種別":"街区公園","所在地市区町村名":"横浜市","所在地都道府県名":"神奈川県","管理市区町村":"横浜市","管理都道府県・整備局":"神奈川県","都市計画決定":"1"}},{"type":"Feature","geometry":{"type":"Point","coordinates":[139.536152542,35.560080271]},"properties":{"供用済面積":"1611","供用開始年":"1993","公園名":"大場衛門ケ谷公園","公園種別":"街区公園","所在地市区町村名":"横浜市","所在地都道府県名":"神奈川県","管理市区町村":"横浜市","管理都道府県・整備局":"神奈川県","都市計画決定":"2"}},{"type":"Feature","geometry":{"type":"Point","coordinates":[139.535432394,35.56911908]},"properties":{"供用済面積":"453","供用開始年":"1980","公園名":"大場子ノ神公園","公園種別":"街区公園","所在地市区町村名":"横浜市","所在地都道府県名":"神奈川県","管理市区町村":"横浜市","管理都道府県・整備局":"神奈川県","都市計画決定":"2"}},{"type":"Feature","geometry":{"type":"Point","coordinates":[139.537493368,35.567400963]},"properties":{"供用済面積":"5280","供用開始年":"1992","公園名":"大場富士塚公園","公園種別":"街区公園","所在地市区町村名":"横浜市","所在地都道府県名":"神奈川県","管理市区町村":"横浜市","管理都道府県・整備局":"神奈川県","都市計画決定":"2"}},{"type":"Feature","geometry":{"type":"Point","coordinates":[139.485642221,35.538090228]},"properties":{"供用済面積":"413","供用開始年":"1975","公園名":"恩田町西公園","公園種別":"街区公園","所在地市区町村名":"横浜市","所在地都道府県名":"神奈川県","管理市区町村":"横浜市","管理都道府県・整備局":"神奈川県","都市計画決定":"2"}},{"type":"Feature","geometry":{"type":"Point","coordinates":[139.53114255,35.584620222]},"properties":{"供用済面積":"2831","供用開始年":"1979","公園名":"楓公園","公園種別":"街区公園","所在地市区町村名":"横浜市","所在地都道府県名":"神奈川県","管理市区町村":"横浜市","管理都道府県・整備局":"神奈川県","都市計画決定":"1"}},{"type":"Feature","geometry":{"type":"Point","coordinates":[139.526934602,35.552454534]},"properties":{"供用済面積":"5489","供用開始年":"1977","公園名":"柿の木台第一公園","公園種別":"街区公園","所在地市区町村名":"横浜市","所在地都道府県名":"神奈川県","管理市区町村":"横浜市","管理都道府県・整備局":"神奈川県","都市計画決定":"1"}},{"type":"Feature","geometry":{"type":"Point","coordinates":[139.53075211,35.551203917]},"properties":{"供用済面積":"3291","供用開始年":"1977","公園名":"柿の木台第二公園","公園種別":"街区公園","所在地市区町村名":"横浜市","所在地都道府県名":"神奈川県","管理市区町村":"横浜市","管理都道府県・整備局":"神奈川県","都市計画決定":"1"}},{"type":"Feature","geometry":{"type":"Point","coordinates":[139.529013309,35.551599025]},"properties":{"供用済面積":"355","供用開始年":"1978","公園名":"柿の木台第三公園","公園種別":"街区公園","所在地市区町村名":"横浜市","所在地都道府県名":"神奈川県","管理市区町村":"横浜市","管理都道府県・整備局":"神奈川県","都市計画決定":"2"}},{"type":"Feature","geometry":{"type":"Point","coordinates":[139.562130226,35.559714243]},"properties":{"供用済面積":"1184","供用開始年":"1992","公園名":"かたらい宿公園","公園種別":"街区公園","所在地市区町村名":"横浜市","所在地都道府県名":"神奈川県","管理市区町村":"横浜市","管理都道府県・整備局":"神奈川県","都市計画決定":"2"}},{"type":"Feature","geometry":{"type":"Point","coordinates":[139.500922319,35.552520235]},"properties":{"供用済面積":"2720","供用開始年":"1988","公園名":"桂台二丁目公園","公園種別":"街区公園","所在地市区町村名":"横浜市","所在地都道府県名":"神奈川県","管理市区町村":"横浜市","管理都道府県・整備局":"神奈川県","都市計画決定":"1"}},{"type":"Feature","geometry":{"type":"Point","coordinates":[139.498217613,35.553742712]},"properties":{"供用済面積":"150","供用開始年":"1987","公園名":"桂台二丁目第二公園","公園種別":"街区公園","所在地市区町村名":"横浜市","所在地都道府県名":"神奈川県","管理市区町村":"横浜市","管理都道府県・整備局":"神奈川県","都市計画決定":"2"}},{"type":"Feature","geometry":{"type":"Point","coordinates":[139.499336814,35.553567873]},"properties":{"供用済面積":"2908","供用開始年":"1994","公園名":"桂台二丁目第三公園","公園種別":"街区公園","所在地市区町村名":"横浜市","所在地都道府県名":"神奈川県","管理市区町村":"横浜市","管理都道府県・整備局":"神奈川県","都市計画決定":"2"}},{"type":"Feature","geometry":{"type":"Point","coordinates":[139.521608715,35.552469781]},"properties":{"供用済面積":"1910","供用開始年":"1978","公園名":"上谷本第一公園","公園種別":"街区公園","所在地市区町村名":"横浜市","所在地都道府県名":"神奈川県","管理市区町村":"横浜市","管理都道府県・整備局":"神奈川県","都市計画決定":"1"}},{"type":"Feature","geometry":{"type":"Point","coordinates":[139.522465309,35.549709264]},"properties":{"供用済面積":"1864","供用開始年":"1975","公園名":"上谷本第二公園","公園種別":"街区公園","所在地市区町村名":"横浜市","所在地都道府県名":"神奈川県","管理市区町村":"横浜市","管理都道府県・整備局":"神奈川県","都市計画決定":"1"}},{"type":"Feature","geometry":{"type":"Point","coordinates":[139.506692566,35.564304901]},"properties":{"供用済面積":"2500","供用開始年":"1986","公園名":"鴨志田第二公園","公園種別":"街区公園","所在地市区町村名":"横浜市","所在地都道府県名":"神奈川県","管理市区町村":"横浜市","管理都道府県・整備局":"神奈川県","都市計画決定":"1"}},{"type":"Feature","geometry":{"type":"Point","coordinates":[139.504271686,35.561498631]},"properties":{"供用済面積":"2500","供用開始年":"1989","公園名":"鴨志田第四公園","公園種別":"街区公園","所在地市区町村名":"横浜市","所在地都道府県名":"神奈川県","管理市区町村":"横浜市","管理都道府県・整備局":"神奈川県","都市計画決定":"1"}},{"type":"Feature","geometry":{"type":"Point","coordinates":[139.508033327,35.560766564]},"properties":{"供用済面積":"2500","供用開始年":"1998","公園名":"鴨志田第三公園","公園種別":"街区公園","所在地市区町村名":"横浜市","所在地都道府県名":"神奈川県","管理市区町村":"横浜市","管理都道府県・整備局":"神奈川県","都市計画決定":"1"}},{"type":"Feature","geometry":{"type":"Point","coordinates":[139.50486757,35.558539854]},"properties":{"供用済面積":"2840","供用開始年":"1986","公園名":"鴨志田第五公園","公園種別":"街区公園","所在地市区町村名":"横浜市","所在地都道府県名":"神奈川県","管理市区町村":"横浜市","管理都道府県・整備局":"神奈川県","都市計画決定":"1"}},{"type":"Feature","geometry":{"type":"Point","coordinates":[139.508772361,35.557830237]},"properties":{"供用済面積":"3003","供用開始年":"1984","公園名":"鴨志田第六公園","公園種別":"街区公園","所在地市区町村名":"横浜市","所在地都道府県名":"神奈川県","管理市区町村":"横浜市","管理都道府県・整備局":"神奈川県","都市計画決定":"1"}},{"type":"Feature","geometry":{"type":"Point","coordinates":[139.530733564,35.564991233]},"properties":{"供用済面積":"3928","供用開始年":"1996","公園名":"黒須田坂下公園","公園種別":"街区公園","所在地市区町村名":"横浜市","所在地都道府県名":"神奈川県","管理市区町村":"横浜市","管理都道府県・整備局":"神奈川県","都市計画決定":"2"}},{"type":"Feature","geometry":{"type":"Point","coordinates":[139.532241963,35.56793476]},"properties":{"供用済面積":"6755","供用開始年":"1994","公園名":"黒須田前田公園","公園種別":"街区公園","所在地市区町村名":"横浜市","所在地都道府県名":"神奈川県","管理市区町村":"横浜市","管理都道府県・整備局":"神奈川県","都市計画決定":"2"}},{"type":"Feature","geometry":{"type":"Point","coordinates":[139.517809814,35.551432679]},"properties":{"供用済面積":"2884","供用開始年":"1969","公園名":"桜台第二公園","公園種別":"街区公園","所在地市区町村名":"横浜市","所在地都道府県名":"神奈川県","管理市区町村":"横浜市","管理都道府県・整備局":"神奈川県","都市計画決定":"1"}},{"type":"Feature","geometry":{"type":"Point","coordinates":[139.512200782,35.552127065]},"properties":{"供用済面積":"885","供用開始年":"1998","公園名":"桜台第三公園","公園種別":"街区公園","所在地市区町村名":"横浜市","所在地都道府県名":"神奈川県","管理市区町村":"横浜市","管理都道府県・整備局":"神奈川県","都市計画決定":"2"}},{"type":"Feature","geometry":{"type":"Point","coordinates":[139.522297589,35.530400924]},"properties":{"供用済面積":"2112","供用開始年":"1975","公園名":"さつきが丘公園","公園種別":"街区公園","所在地市区町村名":"横浜市","所在地都道府県名":"神奈川県","管理市区町村":"横浜市","管理都道府県・整備局":"神奈川県","都市計画決定":"1"}},{"type":"Feature","geometry":{"type":"Point","coordinates":[139.521783139,35.53352288]},"properties":{"供用済面積":"152","供用開始年":"1981","公園名":"さつきが丘第二公園","公園種別":"街区公園","所在地市区町村名":"横浜市","所在地都道府県名":"神奈川県","管理市区町村":"横浜市","管理都道府県・整備局":"神奈川県","都市計画決定":"2"}},{"type":"Feature","geometry":{"type":"Point","coordinates":[139.563061425,35.576506093]},"properties":{"供用済面積":"2330","供用開始年":"1986","公園名":"申田公園","公園種別":"街区公園","所在地市区町村名":"横浜市","所在地都道府県名":"神奈川県","管理市区町村":"横浜市","管理都道府県・整備局":"神奈川県","都市計画決定":"1"}},{"type":"Feature","geometry":{"type":"Point","coordinates":[139.515575108,35.539551788]},"properties":{"供用済面積":"6599","供用開始年":"1978","公園名":"しらとり台公園","公園種別":"街区公園","所在地市区町村名":"横浜市","所在地都道府県名":"神奈川県","管理市区町村":"横浜市","管理都道府県・整備局":"神奈川県","都市計画決定":"1"}},{"type":"Feature","geometry":{"type":"Point","coordinates":[139.514904682,35.533817245]},"properties":{"供用済面積":"2064","供用開始年":"1969","公園名":"しらとり台第二公園","公園種別":"街区公園","所在地市区町村名":"横浜市","所在地都道府県名":"神奈川県","管理市区町村":"横浜市","管理都道府県・整備局":"神奈川県","都市計画決定":"2"}},{"type":"Feature","geometry":{"type":"Point","coordinates":[139.510975452,35.536120208]},"properties":{"供用済面積":"3262","供用開始年":"1974","公園名":"しらとり台第三公園","公園種別":"街区公園","所在地市区町村名":"横浜市","所在地都道府県名":"神奈川県","管理市区町村":"横浜市","管理都道府県・整備局":"神奈川県","都市計画決定":"1"}},{"type":"Feature","geometry":{"type":"Point","coordinates":[139.514010844,35.537569099]},"properties":{"供用済面積":"3452","供用開始年":"1970","公園名":"しらとり台第四公園","公園種別":"街区公園","所在地市区町村名":"横浜市","所在地都道府県名":"神奈川県","管理市区町村":"横浜市","管理都道府県・整備局":"神奈川県","都市計画決定":"1"}},{"type":"Feature","geometry":{"type":"Point","coordinates":[139.512452064,35.537986817]},"properties":{"供用済面積":"286","供用開始年":"1974","公園名":"しらとり台第五公園","公園種別":"街区公園","所在地市区町村名":"横浜市","所在地都道府県名":"神奈川県","管理市区町村":"横浜市","管理都道府県・整備局":"神奈川県","都市計画決定":"2"}},{"type":"Feature","geometry":{"type":"Point","coordinates":[139.512260375,35.53642524]},"properties":{"供用済面積":"317","供用開始年":"2003","公園名":"しらとり台第六公園","公園種別":"街区公園","所在地市区町村名":"横浜市","所在地都道府県名":"神奈川県","管理市区町村":"横浜市","管理都道府県・整備局":"神奈川県","都市計画決定":"2"}},{"type":"Feature","geometry":{"type":"Point","coordinates":[139.558026334,35.568782171]},"properties":{"供用済面積":"276","供用開始年":"2000","公園名":"新石川一丁目公園","公園種別":"街区公園","所在地市区町村名":"横浜市","所在地都道府県名":"神奈川県","管理市区町村":"横浜市","管理都道府県・整備局":"神奈川県","都市計画決定":"2"}},{"type":"Feature","geometry":{"type":"Point","coordinates":[139.554672483,35.567660251]},"properties":{"供用済面積":"342","供用開始年":"2006","公園名":"新石川一丁目第二公園","公園種別":"街区公園","所在地市区町村名":"横浜市","所在地都道府県名":"神奈川県","管理市区町村":"横浜市","管理都道府県・整備局":"神奈川県","都市計画決定":"2"}},{"type":"Feature","geometry":{"type":"Point","coordinates":[139.555742916,35.566165603]},"properties":{"供用済面積":"3070","供用開始年":"1989","公園名":"新石川中村公園","公園種別":"街区公園","所在地市区町村名":"横浜市","所在地都道府県名":"神奈川県","管理市区町村":"横浜市","管理都道府県・整備局":"神奈川県","都市計画決定":"1"}},{"type":"Feature","geometry":{"type":"Point","coordinates":[139.558610728,35.570985068]},"properties":{"供用済面積":"4667","供用開始年":"1989","公園名":"新石川日向公園","公園種別":"街区公園","所在地市区町村名":"横浜市","所在地都道府県名":"神奈川県","管理市区町村":"横浜市","管理都道府県・整備局":"神奈川県","都市計画決定":"1"}},{"type":"Feature","geometry":{"type":"Point","coordinates":[139.559121036,35.570486489]},"properties":{"供用済面積":"859","供用開始年":"1999","公園名":"新石川日向第二公園","公園種別":"街区公園","所在地市区町村名":"横浜市","所在地都道府県名":"神奈川県","管理市区町村":"横浜市","管理都道府県・整備局":"神奈川県","都市計画決定":"2"}},{"type":"Feature","geometry":{"type":"Point","coordinates":[139.532030456,35.573698094]},"properties":{"供用済面積":"839","供用開始年":"1987","公園名":"すすき野第二公園","公園種別":"街区公園","所在地市区町村名":"横浜市","所在地都道府県名":"神奈川県","管理市区町村":"横浜市","管理都道府県・整備局":"神奈川県","都市計画決定":"2"}},{"type":"Feature","geometry":{"type":"Point","coordinates":[139.527684269,35.573509173]},"properties":{"供用済面積":"5000","供用開始年":"1984","公園名":"すすき野二丁目南公園","公園種別":"街区公園","所在地市区町村名":"横浜市","所在地都道府県名":"神奈川県","管理市区町村":"横浜市","管理都道府県・整備局":"神奈川県","都市計画決定":"2"}},{"type":"Feature","geometry":{"type":"Point","coordinates":[139.525147037,35.577112329]},"properties":{"供用済面積":"5000","供用開始年":"1984","公園名":"すすき野二丁目北公園","公園種別":"街区公園","所在地市区町村名":"横浜市","所在地都道府県名":"神奈川県","管理市区町村":"横浜市","管理都道府県・整備局":"神奈川県","都市計画決定":"2"}},{"type":"Feature","geometry":{"type":"Point","coordinates":[139.493450038,35.555632726]},"properties":{"供用済面積":"3306","供用開始年":"1980","公園名":"すみよし台第一公園","公園種別":"街区公園","所在地市区町村名":"横浜市","所在地都道府県名":"神奈川県","管理市区町村":"横浜市","管理都道府県・整備局":"神奈川県","都市計画決定":"1"}},{"type":"Feature","geometry":{"type":"Point","coordinates":[139.493450024,35.553128737]},"properties":{"供用済面積":"2224","供用開始年":"1984","公園名":"すみよし台第二公園","公園種別":"街区公園","所在地市区町村名":"横浜市","所在地都道府県名":"神奈川県","管理市区町村":"横浜市","管理都道府県・整備局":"神奈川県","都市計画決定":"1"}},{"type":"Feature","geometry":{"type":"Point","coordinates":[139.492519108,35.550744347]},"properties":{"供用済面積":"3594","供用開始年":"1989","公園名":"すみよし台第三公園","公園種別":"街区公園","所在地市区町村名":"横浜市","所在地都道府県名":"神奈川県","管理市区町村":"横浜市","管理都道府県・整備局":"神奈川県","都市計画決定":"1"}},{"type":"Feature","geometry":{"type":"Point","coordinates":[139.495749877,35.551536661]},"properties":{"供用済面積":"5607","供用開始年":"1981","公園名":"すみよし台第四公園","公園種別":"街区公園","所在地市区町村名":"横浜市","所在地都道府県名":"神奈川県","管理市区町村":"横浜市","管理都道府県・整備局":"神奈川県","都市計画決定":"1"}},{"type":"Feature","geometry":{"type":"Point","coordinates":[139.49565292,35.555482498]},"properties":{"供用済面積":"243","供用開始年":"1986","公園名":"すみよし台第五公園","公園種別":"街区公園","所在地市区町村名":"横浜市","所在地都道府県名":"神奈川県","管理市区町村":"横浜市","管理都道府県・整備局":"神奈川県","都市計画決定":"2"}},{"type":"Feature","geometry":{"type":"Point","coordinates":[139.537366493,35.556843635]},"properties":{"供用済面積":"2587","供用開始年":"1973","公園名":"禅当寺公園","公園種別":"街区公園","所在地市区町村名":"横浜市","所在地都道府県名":"神奈川県","管理市区町村":"横浜市","管理都道府県・整備局":"神奈川県","都市計画決定":"2"}},{"type":"Feature","geometry":{"type":"Point","coordinates":[139.553812316,35.551820727]},"properties":{"供用済面積":"1821","供用開始年":"1991","公園名":"袖振公園","公園種別":"街区公園","所在地市区町村名":"横浜市","所在地都道府県名":"神奈川県","管理市区町村":"横浜市","管理都道府県・整備局":"神奈川県","都市計画決定":"1"}},{"type":"Feature","geometry":{"type":"Point","coordinates":[139.566534702,35.573272768]},"properties":{"供用済面積":"8020","供用開始年":"1989","公園名":"高津公園","公園種別":"街区公園","所在地市区町村名":"横浜市","所在地都道府県名":"神奈川県","管理市区町村":"横浜市","管理都道府県・整備局":"神奈川県","都市計画決定":"1"}},{"type":"Feature","geometry":{"type":"Point","coordinates":[139.566350825,35.57208245]},"properties":{"供用済面積":"567","供用開始年":"1996","公園名":"高津第二公園","公園種別":"街区公園","所在地市区町村名":"横浜市","所在地都道府県名":"神奈川県","管理市区町村":"横浜市","管理都道府県・整備局":"神奈川県","都市計画決定":"2"}},{"type":"Feature","geometry":{"type":"Point","coordinates":[139.514276589,35.558024611]},"properties":{"供用済面積":"3100","供用開始年":"1978","公園名":"たちばな台第二公園","公園種別":"街区公園","所在地市区町村名":"横浜市","所在地都道府県名":"神奈川県","管理市区町村":"横浜市","管理都道府県・整備局":"神奈川県","都市計画決定":"1"}},{"type":"Feature","geometry":{"type":"Point","coordinates":[139.51060775,35.55545335]},"properties":{"供用済面積":"3046","供用開始年":"1973","公園名":"たちばな台第三公園","公園種別":"街区公園","所在地市区町村名":"横浜市","所在地都道府県名":"神奈川県","管理市区町村":"横浜市","管理都道府県・整備局":"神奈川県","都市計画決定":"1"}},{"type":"Feature","geometry":{"type":"Point","coordinates":[139.513217903,35.553853794]},"properties":{"供用済面積":"4300","供用開始年":"1978","公園名":"たちばな台第四公園","公園種別":"街区公園","所在地市区町村名":"横浜市","所在地都道府県名":"神奈川県","管理市区町村":"横浜市","管理都道府県・整備局":"神奈川県","都市計画決定":"1"}},{"type":"Feature","geometry":{"type":"Point","coordinates":[139.512510696,35.55774798]},"properties":{"供用済面積":"160","供用開始年":"1978","公園名":"たちばな台第五公園","公園種別":"街区公園","所在地市区町村名":"横浜市","所在地都道府県名":"神奈川県","管理市区町村":"横浜市","管理都道府県・整備局":"神奈川県","都市計画決定":"2"}},{"type":"Feature","geometry":{"type":"Point","coordinates":[139.514566296,35.555755603]},"properties":{"供用済面積":"661","供用開始年":"2002","公園名":"たちばな台一丁目公園","公園種別":"街区公園","所在地市区町村名":"横浜市","所在地都道府県名":"神奈川県","管理市区町村":"横浜市","管理都道府県・整備局":"神奈川県","都市計画決定":"2"}},{"type":"Feature","geometry":{"type":"Point","coordinates":[139.513165109,35.55815781]},"properties":{"供用済面積":"449","供用開始年":"1999","公園名":"たちばな台第六公園","公園種別":"街区公園","所在地市区町村名":"横浜市","所在地都道府県名":"神奈川県","管理市区町村":"横浜市","管理都道府県・整備局":"神奈川県","都市計画決定":"2"}},{"type":"Feature","geometry":{"type":"Point","coordinates":[139.503324753,35.539069067]},"properties":{"供用済面積":"2222","供用開始年":"1974","公園名":"田奈第一公園","公園種別":"街区公園","所在地市区町村名":"横浜市","所在地都道府県名":"神奈川県","管理市区町村":"横浜市","管理都道府県・整備局":"神奈川県","都市計画決定":"1"}},{"type":"Feature","geometry":{"type":"Point","coordinates":[139.505971412,35.5385907]},"properties":{"供用済面積":"3707","供用開始年":"1977","公園名":"田奈第二公園","公園種別":"街区公園","所在地市区町村名":"横浜市","所在地都道府県名":"神奈川県","管理市区町村":"横浜市","管理都道府県・整備局":"神奈川県","都市計画決定":"1"}},{"type":"Feature","geometry":{"type":"Point","coordinates":[139.508088742,35.538306663]},"properties":{"供用済面積":"4129","供用開始年":"1979","公園名":"田奈第三公園","公園種別":"街区公園","所在地市区町村名":"横浜市","所在地都道府県名":"神奈川県","管理市区町村":"横浜市","管理都道府県・整備局":"神奈川県","都市計画決定":"1"}},{"type":"Feature","geometry":{"type":"Point","coordinates":[139.531251668,35.539383019]},"properties":{"供用済面積":"6468","供用開始年":"1969","公園名":"千草台第二公園","公園種別":"街区公園","所在地市区町村名":"横浜市","所在地都道府県名":"神奈川県","管理市区町村":"横浜市","管理都道府県・整備局":"神奈川県","都市計画決定":"2"}},{"type":"Feature","geometry":{"type":"Point","coordinates":[139.535687099,35.537290144]},"properties":{"供用済面積":"2040","供用開始年":"1969","公園名":"千草台第三公園","公園種別":"街区公園","所在地市区町村名":"横浜市","所在地都道府県名":"神奈川県","管理市区町村":"横浜市","管理都道府県・整備局":"神奈川県","都市計画決定":"2"}},{"type":"Feature","geometry":{"type":"Point","coordinates":[139.532620611,35.536542684]},"properties":{"供用済面積":"889","供用開始年":"1988","公園名":"千草台第四公園","公園種別":"街区公園","所在地市区町村名":"横浜市","所在地都道府県名":"神奈川県","管理市区町村":"横浜市","管理都道府県・整備局":"神奈川県","都市計画決定":"2"}},{"type":"Feature","geometry":{"type":"Point","coordinates":[139.518073078,35.53903918]},"properties":{"供用済面積":"6863","供用開始年":"1965","公園名":"つつじが丘第一公園","公園種別":"街区公園","所在地市区町村名":"横浜市","所在地都道府県名":"神奈川県","管理市区町村":"横浜市","管理都道府県・整備局":"神奈川県","都市計画決定":"1"}},{"type":"Feature","geometry":{"type":"Point","coordinates":[139.520610248,35.54183468]},"properties":{"供用済面積":"2274","供用開始年":"1974","公園名":"つつじが丘第二公園","公園種別":"街区公園","所在地市区町村名":"横浜市","所在地都道府県名":"神奈川県","管理市区町村":"横浜市","管理都道府県・整備局":"神奈川県","都市計画決定":"2"}},{"type":"Feature","geometry":{"type":"Point","coordinates":[139.518605263,35.541266688]},"properties":{"供用済面積":"818","供用開始年":"1965","公園名":"つつじが丘第三公園","公園種別":"街区公園","所在地市区町村名":"横浜市","所在地都道府県名":"神奈川県","管理市区町村":"横浜市","管理都道府県・整備局":"神奈川県","都市計画決定":"2"}},{"type":"Feature","geometry":{"type":"Point","coordinates":[139.519022212,35.536303484]},"properties":{"供用済面積":"5976","供用開始年":"1969","公園名":"つつじが丘第四公園","公園種別":"街区公園","所在地市区町村名":"横浜市","所在地都道府県名":"神奈川県","管理市区町村":"横浜市","管理都道府県・整備局":"神奈川県","都市計画決定":"1"}},{"type":"Feature","geometry":{"type":"Point","coordinates":[139.543554214,35.555453368]},"properties":{"供用済面積":"2190","供用開始年":"1982","公園名":"長谷第一公園","公園種別":"街区公園","所在地市区町村名":"横浜市","所在地都道府県名":"神奈川県","管理市区町村":"横浜市","管理都道府県・整備局":"神奈川県","都市計画決定":"1"}},{"type":"Feature","geometry":{"type":"Point","coordinates":[139.542435933,35.555718968]},"properties":{"供用済面積":"150","供用開始年":"1981","公園名":"長谷第二公園","公園種別":"街区公園","所在地市区町村名":"横浜市","所在地都道府県名":"神奈川県","管理市区町村":"横浜市","管理都道府県・整備局":"神奈川県","都市計画決定":"2"}},{"type":"Feature","geometry":{"type":"Point","coordinates":[139.481585685,35.559683933]},"properties":{"供用済面積":"3000","供用開始年":"1994","公園名":"奈良五丁目駒狩公園","公園種別":"街区公園","所在地市区町村名":"横浜市","所在地都道府県名":"神奈川県","管理市区町村":"横浜市","管理都道府県・整備局":"神奈川県","都市計画決定":"1"}},{"type":"Feature","geometry":{"type":"Point","coordinates":[139.485418753,35.552986719]},"properties":{"供用済面積":"2200","供用開始年":"1994","公園名":"奈良三丁目市ノ久保公園","公園種別":"街区公園","所在地市区町村名":"横浜市","所在地都道府県名":"神奈川県","管理市区町村":"横浜市","管理都道府県・整備局":"神奈川県","都市計画決定":"1"}},{"type":"Feature","geometry":{"type":"Point","coordinates":[139.483958498,35.548726199]},"properties":{"供用済面積":"2200","供用開始年":"1997","公園名":"奈良三丁目熊ヶ谷公園","公園種別":"街区公園","所在地市区町村名":"横浜市","所在地都道府県名":"神奈川県","管理市区町村":"横浜市","管理都道府県・整備局":"神奈川県","都市計画決定":"1"}},{"type":"Feature","geometry":{"type":"Point","coordinates":[139.474722626,35.565095527]},"properties":{"供用済面積":"3979","供用開始年":"1975","公園名":"奈良町第二公園","公園種別":"街区公園","所在地市区町村名":"横浜市","所在地都道府県名":"神奈川県","管理市区町村":"横浜市","管理都道府県・整備局":"神奈川県","都市計画決定":"2"}},{"type":"Feature","geometry":{"type":"Point","coordinates":[139.473609185,35.563675356]},"properties":{"供用済面積":"1537","供用開始年":"1975","公園名":"奈良町第三公園","公園種別":"街区公園","所在地市区町村名":"横浜市","所在地都道府県名":"神奈川県","管理市区町村":"横浜市","管理都道府県・整備局":"神奈川県","都市計画決定":"2"}},{"type":"Feature","geometry":{"type":"Point","coordinates":[139.479851681,35.564960991]},"properties":{"供用済面積":"2820","供用開始年":"1975","公園名":"奈良町第四公園","公園種別":"街区公園","所在地市区町村名":"横浜市","所在地都道府県名":"神奈川県","管理市区町村":"横浜市","管理都道府県・整備局":"神奈川県","都市計画決定":"2"}},{"type":"Feature","geometry":{"type":"Point","coordinates":[139.477369282,35.563854749]},"properties":{"供用済面積":"1996","供用開始年":"1975","公園名":"奈良町第五公園","公園種別":"街区公園","所在地市区町村名":"横浜市","所在地都道府県名":"神奈川県","管理市区町村":"横浜市","管理都道府県・整備局":"神奈川県","都市計画決定":"2"}},{"type":"Feature","geometry":{"type":"Point","coordinates":[139.478373212,35.567547201]},"properties":{"供用済面積":"1616","供用開始年":"1974","公園名":"奈良町第六公園","公園種別":"街区公園","所在地市区町村名":"横浜市","所在地都道府県名":"神奈川県","管理市区町村":"横浜市","管理都道府県・整備局":"神奈川県","都市計画決定":"2"}},{"type":"Feature","geometry":{"type":"Point","coordinates":[139.477661359,35.56905707]},"properties":{"供用済面積":"1217","供用開始年":"1974","公園名":"奈良町第七公園","公園種別":"街区公園","所在地市区町村名":"横浜市","所在地都道府県名":"神奈川県","管理市区町村":"横浜市","管理都道府県・整備局":"神奈川県","都市計画決定":"2"}},{"type":"Feature","geometry":{"type":"Point","coordinates":[139.475671796,35.568892619]},"properties":{"供用済面積":"3528","供用開始年":"1974","公園名":"奈良町第八公園","公園種別":"街区公園","所在地市区町村名":"横浜市","所在地都道府県名":"神奈川県","管理市区町村":"横浜市","管理都道府県・整備局":"神奈川県","都市計画決定":"2"}},{"type":"Feature","geometry":{"type":"Point","coordinates":[139.476438426,35.570507129]},"properties":{"供用済面積":"2424","供用開始年":"1974","公園名":"奈良町第九公園","公園種別":"街区公園","所在地市区町村名":"横浜市","所在地都道府県名":"神奈川県","管理市区町村":"横浜市","管理都道府県・整備局":"神奈川県","都市計画決定":"2"}},{"type":"Feature","geometry":{"type":"Point","coordinates":[139.480471646,35.563974552]},"properties":{"供用済面積":"154","供用開始年":"1981","公園名":"奈良町第十公園","公園種別":"街区公園","所在地市区町村名":"横浜市","所在地都道府県名":"神奈川県","管理市区町村":"横浜市","管理都道府県・整備局":"神奈川県","都市計画決定":"2"}},{"type":"Feature","geometry":{"type":"Point","coordinates":[139.479313562,35.561643191]},"properties":{"供用済面積":"152","供用開始年":"1975","公園名":"奈良町駒狩公園","公園種別":"街区公園","所在地市区町村名":"横浜市","所在地都道府県名":"神奈川県","管理市区町村":"横浜市","管理都道府県・整備局":"神奈川県","都市計画決定":"2"}},{"type":"Feature","geometry":{"type":"Point","coordinates":[139.471875152,35.561567523]},"properties":{"供用済面積":"3335","供用開始年":"1987","公園名":"奈良町大田平公園","公園種別":"街区公園","所在地市区町村名":"横浜市","所在地都道府県名":"神奈川県","管理市区町村":"横浜市","管理都道府県・整備局":"神奈川県","都市計画決定":"2"}},{"type":"Feature","geometry":{"type":"Point","coordinates":[139.488832026,35.550819093]},"properties":{"供用済面積":"2600","供用開始年":"1995","公園名":"奈良二丁目長谷公園","公園種別":"街区公園","所在地市区町村名":"横浜市","所在地都道府県名":"神奈川県","管理市区町村":"横浜市","管理都道府県・整備局":"神奈川県","都市計画決定":"1"}},{"type":"Feature","geometry":{"type":"Point","coordinates":[139.470013369,35.563645462]},"properties":{"供用済面積":"2061","供用開始年":"1989","公園名":"奈良町大田平第二公園","公園種別":"街区公園","所在地市区町村名":"横浜市","所在地都道府県名":"神奈川県","管理市区町村":"横浜市","管理都道府県・整備局":"神奈川県","都市計画決定":"2"}},{"type":"Feature","geometry":{"type":"Point","coordinates":[139.55096485,35.549877337]},"properties":{"供用済面積":"1904","供用開始年":"1988","公園名":"日向公園","公園種別":"街区公園","所在地市区町村名":"横浜市","所在地都道府県名":"神奈川県","管理市区町村":"横浜市","管理都道府県・整備局":"神奈川県","都市計画決定":"1"}},{"type":"Feature","geometry":{"type":"Point","coordinates":[139.529189131,35.546992141]},"properties":{"供用済面積":"3966","供用開始年":"1977","公園名":"藤が丘第二公園","公園種別":"街区公園","所在地市区町村名":"横浜市","所在地都道府県名":"神奈川県","管理市区町村":"横浜市","管理都道府県・整備局":"神奈川県","都市計画決定":"1"}},{"type":"Feature","geometry":{"type":"Point","coordinates":[139.526852719,35.539098987]},"properties":{"供用済面積":"3966","供用開始年":"1975","公園名":"藤が丘第三公園","公園種別":"街区公園","所在地市区町村名":"横浜市","所在地都道府県名":"神奈川県","管理市区町村":"横浜市","管理都道府県・整備局":"神奈川県","都市計画決定":"1"}},{"type":"Feature","geometry":{"type":"Point","coordinates":[139.522234753,35.54228315]},"properties":{"供用済面積":"506","供用開始年":"1976","公園名":"藤が丘第四公園","公園種別":"街区公園","所在地市区町村名":"横浜市","所在地都道府県名":"神奈川県","管理市区町村":"横浜市","管理都道府県・整備局":"神奈川県","都市計画決定":"2"}},{"type":"Feature","geometry":{"type":"Point","coordinates":[139.525914431,35.542660104]},"properties":{"供用済面積":"150","供用開始年":"1981","公園名":"藤が丘第五公園","公園種別":"街区公園","所在地市区町村名":"横浜市","所在地都道府県名":"神奈川県","管理市区町村":"横浜市","管理都道府県・整備局":"神奈川県","都市計画決定":"2"}},{"type":"Feature","geometry":{"type":"Point","coordinates":[139.529032525,35.546083722]},"properties":{"供用済面積":"617","供用開始年":"1985","公園名":"藤が丘第六公園","公園種別":"街区公園","所在地市区町村名":"横浜市","所在地都道府県名":"神奈川県","管理市区町村":"横浜市","管理都道府県・整備局":"神奈川県","都市計画決定":"2"}},{"type":"Feature","geometry":{"type":"Point","coordinates":[139.532512462,35.54941277]},"properties":{"供用済面積":"191","供用開始年":"1985","公園名":"藤が丘第七公園","公園種別":"街区公園","所在地市区町村名":"横浜市","所在地都道府県名":"神奈川県","管理市区町村":"横浜市","管理都道府県・整備局":"神奈川県","都市計画決定":"2"}},{"type":"Feature","geometry":{"type":"Point","coordinates":[139.528641536,35.544435833]},"properties":{"供用済面積":"4314","供用開始年":"1970","公園名":"藤が丘駅前公園","公園種別":"街区公園","所在地市区町村名":"横浜市","所在地都道府県名":"神奈川県","管理市区町村":"横浜市","管理都道府県・整備局":"神奈川県","都市計画決定":"1"}},{"type":"Feature","geometry":{"type":"Point","coordinates":[139.506472284,35.545420245]},"properties":{"供用済面積":"3518","供用開始年":"1989","公園名":"松風台第二公園","公園種別":"街区公園","所在地市区町村名":"横浜市","所在地都道府県名":"神奈川県","管理市区町村":"横浜市","管理都道府県・整備局":"神奈川県","都市計画決定":"1"}},{"type":"Feature","geometry":{"type":"Point","coordinates":[139.500951905,35.54489924]},"properties":{"供用済面積":"3658","供用開始年":"1989","公園名":"松風台第三公園","公園種別":"街区公園","所在地市区町村名":"横浜市","所在地都道府県名":"神奈川県","管理市区町村":"横浜市","管理都道府県・整備局":"神奈川県","都市計画決定":"1"}},{"type":"Feature","geometry":{"type":"Point","coordinates":[139.510425151,35.544361079]},"properties":{"供用済面積":"2803","供用開始年":"1972","公園名":"松風台公園","公園種別":"街区公園","所在地市区町村名":"横浜市","所在地都道府県名":"神奈川県","管理市区町村":"横浜市","管理都道府県・整備局":"神奈川県","都市計画決定":"1"}},{"type":"Feature","geometry":{"type":"Point","coordinates":[139.504911789,35.546556583]},"properties":{"供用済面積":"535","供用開始年":"2000","公園名":"松風台第四公園","公園種別":"街区公園","所在地市区町村名":"横浜市","所在地都道府県名":"神奈川県","管理市区町村":"横浜市","管理都道府県・整備局":"神奈川県","都市計画決定":"2"}},{"type":"Feature","geometry":{"type":"Point","coordinates":[139.540286986,35.563271779]},"properties":{"供用済面積":"4653","供用開始年":"1998","公園名":"みすずが丘公園","公園種別":"街区公園","所在地市区町村名":"横浜市","所在地都道府県名":"神奈川県","管理市区町村":"横浜市","管理都道府県・整備局":"神奈川県","都市計画決定":"2"}},{"type":"Feature","geometry":{"type":"Point","coordinates":[139.55870417,35.566052325]},"properties":{"供用済面積":"2100","供用開始年":"1984","公園名":"向根公園","公園種別":"街区公園","所在地市区町村名":"横浜市","所在地都道府県名":"神奈川県","管理市区町村":"横浜市","管理都道府県・整備局":"神奈川県","都市計画決定":"1"}},{"type":"Feature","geometry":{"type":"Point","coordinates":[139.525593464,35.571478854]},"properties":{"供用済面積":"2690","供用開始年":"1977","公園名":"もみの木公園","公園種別":"街区公園","所在地市区町村名":"横浜市","所在地都道府県名":"神奈川県","管理市区町村":"横浜市","管理都道府県・整備局":"神奈川県","都市計画決定":"1"}},{"type":"Feature","geometry":{"type":"Point","coordinates":[139.506756376,35.554048129]},"properties":{"供用済面積":"4480","供用開始年":"1987","公園名":"若草台第一公園","公園種別":"街区公園","所在地市区町村名":"横浜市","所在地都道府県名":"神奈川県","管理市区町村":"横浜市","管理都道府県・整備局":"神奈川県","都市計画決定":"1"}},{"type":"Feature","geometry":{"type":"Point","coordinates":[139.507552552,35.551499712]},"properties":{"供用済面積":"702","供用開始年":"1998","公園名":"若草台第三公園","公園種別":"街区公園","所在地市区町村名":"横浜市","所在地都道府県名":"神奈川県","管理市区町村":"横浜市","管理都道府県・整備局":"神奈川県","都市計画決定":"2"}},{"type":"Feature","geometry":{"type":"Point","coordinates":[139.509384794,35.553181082]},"properties":{"供用済面積":"4204","供用開始年":"1986","公園名":"若草台第二公園","公園種別":"街区公園","所在地市区町村名":"横浜市","所在地都道府県名":"神奈川県","管理市区町村":"横浜市","管理都道府県・整備局":"神奈川県","都市計画決定":"2"}},{"type":"Feature","geometry":{"type":"Point","coordinates":[139.579032445,35.554450275]},"properties":{"供用済面積":"2519","供用開始年":"2005","公園名":"センター北広場","公園種別":"広場公園","所在地市区町村名":"横浜市","所在地都道府県名":"神奈川県","管理市区町村":"横浜市","管理都道府県・整備局":"神奈川県","都市計画決定":"2"}},{"type":"Feature","geometry":{"type":"Point","coordinates":[139.573215094,35.544435852]},"properties":{"供用済面積":"4628","供用開始年":"1998","公園名":"センター南広場","公園種別":"広場公園","所在地市区町村名":"横浜市","所在地都道府県名":"神奈川県","管理市区町村":"横浜市","管理都道府県・整備局":"神奈川県","都市計画決定":"1"}},{"type":"Feature","geometry":{"type":"Point","coordinates":[139.56600517,35.539397984]},"properties":{"供用済面積":"63477","供用開始年":"1987","公園名":"ささぶねのみち","公園種別":"緑道","所在地市区町村名":"横浜市","所在地都道府県名":"神奈川県","管理市区町村":"横浜市","管理都道府県・整備局":"神奈川県","都市計画決定":"1"}},{"type":"Feature","geometry":{"type":"Point","coordinates":[139.59455271,35.53978667]},"properties":{"供用済面積":"34225","供用開始年":"1993","公園名":"せきれいのみち","公園種別":"緑道","所在地市区町村名":"横浜市","所在地都道府県名":"神奈川県","管理市区町村":"横浜市","管理都道府県・整備局":"神奈川県","都市計画決定":"1"}},{"type":"Feature","geometry":{"type":"Point","coordinates":[139.581027376,35.550325819]},"properties":{"供用済面積":"54640","供用開始年":"1996","公園名":"大塚・歳勝土遺跡公園","公園種別":"特殊公園（風致公園、動植物公園、歴史公園、墓園）","所在地市区町村名":"横浜市","所在地都道府県名":"神奈川県","管理市区町村":"横浜市","管理都道府県・整備局":"神奈川県","都市計画決定":"1"}},{"type":"Feature","geometry":{"type":"Point","coordinates":[139.578928257,35.544615244]},"properties":{"供用済面積":"24876","供用開始年":"2008","公園名":"茅ケ崎城址公園","公園種別":"特殊公園（風致公園、動植物公園、歴史公園、墓園）","所在地市区町村名":"横浜市","所在地都道府県名":"神奈川県","管理市区町村":"横浜市","管理都道府県・整備局":"神奈川県","都市計画決定":"2"}},{"type":"Feature","geometry":{"type":"Point","coordinates":[139.569820086,35.549040196]},"properties":{"供用済面積":"196206","供用開始年":"1998","公園名":"都筑中央公園","公園種別":"総合公園","所在地市区町村名":"横浜市","所在地都道府県名":"神奈川県","管理市区町村":"横浜市","管理都道府県・整備局":"神奈川県","都市計画決定":"1"}},{"type":"Feature","geometry":{"type":"Point","coordinates":[139.559653177,35.542043979]},"properties":{"供用済面積":"87619","供用開始年":"1987","公園名":"鴨池公園","公園種別":"地区公園（カントリーパーク）","所在地市区町村名":"横浜市","所在地都道府県名":"神奈川県","管理市区町村":"横浜市","管理都道府県・整備局":"神奈川県","都市計画決定":"1"}},{"type":"Feature","geometry":{"type":"Point","coordinates":[139.566826539,35.537349946]},"properties":{"供用済面積":"44931","供用開始年":"1996","公園名":"葛ヶ谷公園","公園種別":"地区公園（カントリーパーク）","所在地市区町村名":"横浜市","所在地都道府県名":"神奈川県","管理市区町村":"横浜市","管理都道府県・整備局":"神奈川県","都市計画決定":"1"}},{"type":"Feature","geometry":{"type":"Point","coordinates":[139.593001198,35.538246901]},"properties":{"供用済面積":"55955","供用開始年":"1991","公園名":"せせらぎ公園","公園種別":"地区公園（カントリーパーク）","所在地市区町村名":"横浜市","所在地都道府県名":"神奈川県","管理市区町村":"横浜市","管理都道府県・整備局":"神奈川県","都市計画決定":"1"}},{"type":"Feature","geometry":{"type":"Point","coordinates":[139.580917789,35.539412939]},"properties":{"供用済面積":"94828","供用開始年":"1995","公園名":"茅ケ崎公園","公園種別":"地区公園（カントリーパーク）","所在地市区町村名":"横浜市","所在地都道府県名":"神奈川県","管理市区町村":"横浜市","管理都道府県・整備局":"神奈川県","都市計画決定":"1"}},{"type":"Feature","geometry":{"type":"Point","coordinates":[139.558462258,35.529900292]},"properties":{"供用済面積":"36687","供用開始年":"1983","公園名":"都田公園","公園種別":"地区公園（カントリーパーク）","所在地市区町村名":"横浜市","所在地都道府県名":"神奈川県","管理市区町村":"横浜市","管理都道府県・整備局":"神奈川県","都市計画決定":"2"}},{"type":"Feature","geometry":{"type":"Point","coordinates":[139.569650013,35.534012551]},"properties":{"供用済面積":"39082","供用開始年":"1984","公園名":"東方公園","公園種別":"地区公園（カントリーパーク）","所在地市区町村名":"横浜市","所在地都道府県名":"神奈川県","管理市区町村":"横浜市","管理都道府県・整備局":"神奈川県","都市計画決定":"2"}},{"type":"Feature","geometry":{"type":"Point","coordinates":[139.569593804,35.558798996]},"properties":{"供用済面積":"67343","供用開始年":"1991","公園名":"山崎公園","公園種別":"地区公園（カントリーパーク）","所在地市区町村名":"横浜市","所在地都道府県名":"神奈川県","管理市区町村":"横浜市","管理都道府県・整備局":"神奈川県","都市計画決定":"1"}},{"type":"Feature","geometry":{"type":"Point","coordinates":[139.590913216,35.563235919]},"properties":{"供用済面積":"37414","供用開始年":"1998","公園名":"山田富士公園","公園種別":"地区公園（カントリーパーク）","所在地市区町村名":"横浜市","所在地都道府県名":"神奈川県","管理市区町村":"横浜市","管理都道府県・整備局":"神奈川県","都市計画決定":"1"}},{"type":"Feature","geometry":{"type":"Point","coordinates":[139.577157752,35.549518569]},"properties":{"供用済面積":"9260","供用開始年":"2006","公園名":"吾妻山公園","公園種別":"近隣公園","所在地市区町村名":"横浜市","所在地都道府県名":"神奈川県","管理市区町村":"横浜市","管理都道府県・整備局":"神奈川県","都市計画決定":"2"}},{"type":"Feature","geometry":{"type":"Point","coordinates":[139.555575481,35.542175537]},"properties":{"供用済面積":"17287","供用開始年":"1991","公園名":"牛ヶ谷公園","公園種別":"近隣公園","所在地市区町村名":"横浜市","所在地都道府県名":"神奈川県","管理市区町村":"横浜市","管理都道府県・整備局":"神奈川県","都市計画決定":"2"}},{"type":"Feature","geometry":{"type":"Point","coordinates":[139.580428729,35.559839469]},"properties":{"供用済面積":"46221","供用開始年":"1998","公園名":"牛久保公園","公園種別":"近隣公園","所在地市区町村名":"横浜市","所在地都道府県名":"神奈川県","管理市区町村":"横浜市","管理都道府県・整備局":"神奈川県","都市計画決定":"1"}},{"type":"Feature","geometry":{"type":"Point","coordinates":[139.577741899,35.558894679]},"properties":{"供用済面積":"20009","供用開始年":"1991","公園名":"牛久保西公園","公園種別":"近隣公園","所在地市区町村名":"横浜市","所在地都道府県名":"神奈川県","管理市区町村":"横浜市","管理都道府県・整備局":"神奈川県","都市計画決定":"2"}},{"type":"Feature","geometry":{"type":"Point","coordinates":[139.572309717,35.538599698]},"properties":{"供用済面積":"24153","供用開始年":"1995","公園名":"大原みねみち公園","公園種別":"近隣公園","所在地市区町村名":"横浜市","所在地都道府県名":"神奈川県","管理市区町村":"横浜市","管理都道府県・整備局":"神奈川県","都市計画決定":"1"}},{"type":"Feature","geometry":{"type":"Point","coordinates":[139.559328324,35.55004477]},"properties":{"供用済面積":"20340","供用開始年":"1991","公園名":"折田不動公園","公園種別":"近隣公園","所在地市区町村名":"横浜市","所在地都道府県名":"神奈川県","管理市区町村":"横浜市","管理都道府県・整備局":"神奈川県","都市計画決定":"1"}},{"type":"Feature","geometry":{"type":"Point","coordinates":[139.567797751,35.563786041]},"properties":{"供用済面積":"19085","供用開始年":"1991","公園名":"烏山公園","公園種別":"近隣公園","所在地市区町村名":"横浜市","所在地都道府県名":"神奈川県","管理市区町村":"横浜市","管理都道府県・整備局":"神奈川県","都市計画決定":"1"}},{"type":"Feature","geometry":{"type":"Point","coordinates":[139.556902275,35.532970288]},"properties":{"供用済面積":"22322","供用開始年":"1986","公園名":"川和富士公園","公園種別":"近隣公園","所在地市区町村名":"横浜市","所在地都道府県名":"神奈川県","管理市区町村":"横浜市","管理都道府県・整備局":"神奈川県","都市計画決定":"1"}},{"type":"Feature","geometry":{"type":"Point","coordinates":[139.553326547,35.5142266]},"properties":{"供用済面積":"18206","供用開始年":"2005","公園名":"佐江戸おちあい公園","公園種別":"近隣公園","所在地市区町村名":"横浜市","所在地都道府県名":"神奈川県","管理市区町村":"横浜市","管理都道府県・整備局":"神奈川県","都市計画決定":"2"}},{"type":"Feature","geometry":{"type":"Point","coordinates":[139.558276716,35.511452034]},"properties":{"供用済面積":"12023","供用開始年":"1982","公園名":"佐江戸公園","公園種別":"近隣公園","所在地市区町村名":"横浜市","所在地都道府県名":"神奈川県","管理市区町村":"横浜市","管理都道府県・整備局":"神奈川県","都市計画決定":"1"}},{"type":"Feature","geometry":{"type":"Point","coordinates":[139.566585751,35.562554232]},"properties":{"供用済面積":"10000","供用開始年":"1990","公園名":"宿之入公園","公園種別":"近隣公園","所在地市区町村名":"横浜市","所在地都道府県名":"神奈川県","管理市区町村":"横浜市","管理都道府県・整備局":"神奈川県","都市計画決定":"2"}},{"type":"Feature","geometry":{"type":"Point","coordinates":[139.589282487,35.558460273]},"properties":{"供用済面積":"18140","供用開始年":"1992","公園名":"神無公園","公園種別":"近隣公園","所在地市区町村名":"横浜市","所在地都道府県名":"神奈川県","管理市区町村":"横浜市","管理都道府県・整備局":"神奈川県","都市計画決定":"2"}},{"type":"Feature","geometry":{"type":"Point","coordinates":[139.58463423,35.566046354]},"properties":{"供用済面積":"11509","供用開始年":"1974","公園名":"すみれが丘公園","公園種別":"近隣公園","所在地市区町村名":"横浜市","所在地都道府県名":"神奈川県","管理市区町村":"横浜市","管理都道府県・整備局":"神奈川県","都市計画決定":"1"}},{"type":"Feature","geometry":{"type":"Point","coordinates":[139.594724388,35.558392394]},"properties":{"供用済面積":"19113","供用開始年":"1999","公園名":"滝ケ谷公園","公園種別":"近隣公園","所在地市区町村名":"横浜市","所在地都道府県名":"神奈川県","管理市区町村":"横浜市","管理都道府県・整備局":"神奈川県","都市計画決定":"1"}},{"type":"Feature","geometry":{"type":"Point","coordinates":[139.558773285,35.526173957]},"properties":{"供用済面積":"25597","供用開始年":"1992","公園名":"月出松公園","公園種別":"近隣公園","所在地市区町村名":"横浜市","所在地都道府県名":"神奈川県","管理市区町村":"横浜市","管理都道府県・整備局":"神奈川県","都市計画決定":"1"}},{"type":"Feature","geometry":{"type":"Point","coordinates":[139.585962985,35.555605865]},"properties":{"供用済面積":"40120","供用開始年":"1998","公園名":"徳生公園","公園種別":"近隣公園","所在地市区町村名":"横浜市","所在地都道府県名":"神奈川県","管理市区町村":"横浜市","管理都道府県・整備局":"神奈川県","都市計画決定":"1"}},{"type":"Feature","geometry":{"type":"Point","coordinates":[139.570972431,35.554450272]},"properties":{"供用済面積":"32362","供用開始年":"1999","公園名":"中川八幡山公園","公園種別":"近隣公園","所在地市区町村名":"横浜市","所在地都道府県名":"神奈川県","管理市区町村":"横浜市","管理都道府県・整備局":"神奈川県","都市計画決定":"1"}},{"type":"Feature","geometry":{"type":"Point","coordinates":[139.599207244,35.547007115]},"properties":{"供用済面積":"36272","供用開始年":"1995","公園名":"早渕公園","公園種別":"近隣公園","所在地市区町村名":"横浜市","所在地都道府県名":"神奈川県","管理市区町村":"横浜市","管理都道府県・整備局":"神奈川県","都市計画決定":"1"}},{"type":"Feature","geometry":{"type":"Point","coordinates":[139.602478248,35.562877143]},"properties":{"供用済面積":"31496","供用開始年":"1997","公園名":"東山田公園","公園種別":"近隣公園","所在地市区町村名":"横浜市","所在地都道府県名":"神奈川県","管理市区町村":"横浜市","管理都道府県・整備局":"神奈川県","都市計画決定":"1"}},{"type":"Feature","geometry":{"type":"Point","coordinates":[139.566001695,35.568569764]},"properties":{"供用済面積":"5580","供用開始年":"2000","公園名":"あゆみが丘公園","公園種別":"街区公園","所在地市区町村名":"横浜市","所在地都道府県名":"神奈川県","管理市区町村":"横浜市","管理都道府県・整備局":"神奈川県","都市計画決定":"2"}},{"type":"Feature","geometry":{"type":"Point","coordinates":[139.575974787,35.521677256]},"properties":{"供用済面積":"1340","供用開始年":"1998","公園名":"池辺町中里公園","公園種別":"街区公園","所在地市区町村名":"横浜市","所在地都道府県名":"神奈川県","管理市区町村":"横浜市","管理都道府県・整備局":"神奈川県","都市計画決定":"2"}},{"type":"Feature","geometry":{"type":"Point","coordinates":[139.564599579,35.520708555]},"properties":{"供用済面積":"4143","供用開始年":"2000","公園名":"池辺町不動原公園","公園種別":"街区公園","所在地市区町村名":"横浜市","所在地都道府県名":"神奈川県","管理市区町村":"横浜市","管理都道府県・整備局":"神奈川県","都市計画決定":"2"}},{"type":"Feature","geometry":{"type":"Point","coordinates":[139.577479083,35.563188075]},"properties":{"供用済面積":"2504","供用開始年":"1992","公園名":"牛久保あやめ公園","公園種別":"街区公園","所在地市区町村名":"横浜市","所在地都道府県名":"神奈川県","管理市区町村":"横浜市","管理都道府県・整備局":"神奈川県","都市計画決定":"1"}},{"type":"Feature","geometry":{"type":"Point","coordinates":[139.582108016,35.562243287]},"properties":{"供用済面積":"1660","供用開始年":"1993","公園名":"牛久保こすもす公園","公園種別":"街区公園","所在地市区町村名":"横浜市","所在地都道府県名":"神奈川県","管理市区町村":"横浜市","管理都道府県・整備局":"神奈川県","都市計画決定":"1"}},{"type":"Feature","geometry":{"type":"Point","coordinates":[139.57195941,35.564300292]},"properties":{"供用済面積":"2600","供用開始年":"1990","公園名":"牛久保西ひかりがおか公園","公園種別":"街区公園","所在地市区町村名":"横浜市","所在地都道府県名":"神奈川県","管理市区町村":"横浜市","管理都道府県・整備局":"神奈川県","都市計画決定":"1"}},{"type":"Feature","geometry":{"type":"Point","coordinates":[139.574208197,35.568509979]},"properties":{"供用済面積":"2501","供用開始年":"1992","公園名":"牛久保のぞみがおか公園","公園種別":"街区公園","所在地市区町村名":"横浜市","所在地都道府県名":"神奈川県","管理市区町村":"横浜市","管理都道府県・整備局":"神奈川県","都市計画決定":"1"}},{"type":"Feature","geometry":{"type":"Point","coordinates":[139.582151763,35.552986776]},"properties":{"供用済面積":"1200","供用開始年":"1995","公園名":"牛久保東さくらんぼ公園","公園種別":"街区公園","所在地市区町村名":"横浜市","所在地都道府県名":"神奈川県","管理市区町村":"横浜市","管理都道府県・整備局":"神奈川県","都市計画決定":"1"}},{"type":"Feature","geometry":{"type":"Point","coordinates":[139.590022414,35.552173539]},"properties":{"供用済面積":"2017","供用開始年":"1994","公園名":"牛久保東なつみかん公園","公園種別":"街区公園","所在地市区町村名":"横浜市","所在地都道府県名":"神奈川県","管理市区町村":"横浜市","管理都道府県・整備局":"神奈川県","都市計画決定":"1"}},{"type":"Feature","geometry":{"type":"Point","coordinates":[139.585933768,35.552592117]},"properties":{"供用済面積":"2500","供用開始年":"1998","公園名":"牛久保東ひめりんご公園","公園種別":"街区公園","所在地市区町村名":"横浜市","所在地都道府県名":"神奈川県","管理市区町村":"横浜市","管理都道府県・整備局":"神奈川県","都市計画決定":"1"}},{"type":"Feature","geometry":{"type":"Point","coordinates":[139.567213534,35.542773502]},"properties":{"供用済面積":"1200","供用開始年":"1989","公園名":"荏田東すいせん公園","公園種別":"街区公園","所在地市区町村名":"横浜市","所在地都道府県名":"神奈川県","管理市区町村":"横浜市","管理都道府県・整備局":"神奈川県","都市計画決定":"1"}},{"type":"Feature","geometry":{"type":"Point","coordinates":[139.564804198,35.550798212]},"properties":{"供用済面積":"1200","供用開始年":"1992","公園名":"荏田東たけのこ公園","公園種別":"街区公園","所在地市区町村名":"横浜市","所在地都道府県名":"神奈川県","管理市区町村":"横浜市","管理都道府県・整備局":"神奈川県","都市計画決定":"1"}},{"type":"Feature","geometry":{"type":"Point","coordinates":[139.563752782,35.541864591]},"properties":{"供用済面積":"1200","供用開始年":"1988","公園名":"荏田東ねむのき公園","公園種別":"街区公園","所在地市区町村名":"横浜市","所在地都道府県名":"神奈川県","管理市区町村":"横浜市","管理都道府県・整備局":"神奈川県","都市計画決定":"1"}},{"type":"Feature","geometry":{"type":"Point","coordinates":[139.563124919,35.548179114]},"properties":{"供用済面積":"1200","供用開始年":"1986","公園名":"荏田東まつば公園","公園種別":"街区公園","所在地市区町村名":"横浜市","所在地都道府県名":"神奈川県","管理市区町村":"横浜市","管理都道府県・整備局":"神奈川県","都市計画決定":"1"}},{"type":"Feature","geometry":{"type":"Point","coordinates":[139.554319691,35.542558236]},"properties":{"供用済面積":"2200","供用開始年":"1987","公園名":"荏田南さくら公園","公園種別":"街区公園","所在地市区町村名":"横浜市","所在地都道府県名":"神奈川県","管理市区町村":"横浜市","管理都道府県・整備局":"神奈川県","都市計画決定":"1"}},{"type":"Feature","geometry":{"type":"Point","coordinates":[139.556948151,35.55005673]},"properties":{"供用済面積":"1200","供用開始年":"1989","公園名":"荏田南とちのき公園","公園種別":"街区公園","所在地市区町村名":"横浜市","所在地都道府県名":"神奈川県","管理市区町村":"横浜市","管理都道府県・整備局":"神奈川県","都市計画決定":"1"}},{"type":"Feature","geometry":{"type":"Point","coordinates":[139.553312151,35.546062312]},"properties":{"供用済面積":"2617","供用開始年":"1986","公園名":"荏田南どんぐり公園","公園種別":"街区公園","所在地市区町村名":"横浜市","所在地都道府県名":"神奈川県","管理市区町村":"横浜市","管理都道府県・整備局":"神奈川県","都市計画決定":"1"}},{"type":"Feature","geometry":{"type":"Point","coordinates":[139.55632022,35.545141445]},"properties":{"供用済面積":"1200","供用開始年":"1986","公園名":"荏田南みのり公園","公園種別":"街区公園","所在地市区町村名":"横浜市","所在地都道府県名":"神奈川県","管理市区町村":"横浜市","管理都道府県・整備局":"神奈川県","都市計画決定":"1"}},{"type":"Feature","geometry":{"type":"Point","coordinates":[139.559766378,35.547330004]},"properties":{"供用済面積":"1200","供用開始年":"1989","公園名":"荏田南もも公園","公園種別":"街区公園","所在地市区町村名":"横浜市","所在地都道府県名":"神奈川県","管理市区町村":"横浜市","管理都道府県・整備局":"神奈川県","都市計画決定":"1"}},{"type":"Feature","geometry":{"type":"Point","coordinates":[139.561124351,35.540740421]},"properties":{"供用済面積":"1200","供用開始年":"1987","公園名":"荏田南やまぶき公園","公園種別":"街区公園","所在地市区町村名":"横浜市","所在地都道府県名":"神奈川県","管理市区町村":"横浜市","管理都道府県・整備局":"神奈川県","都市計画決定":"1"}},{"type":"Feature","geometry":{"type":"Point","coordinates":[139.598038922,35.525767352]},"properties":{"供用済面積":"1704","供用開始年":"1960","公園名":"大熊町公園","公園種別":"街区公園","所在地市区町村名":"横浜市","所在地都道府県名":"神奈川県","管理市区町村":"横浜市","管理都道府県・整備局":"神奈川県","都市計画決定":"2"}},{"type":"Feature","geometry":{"type":"Point","coordinates":[139.602098348,35.522287186]},"properties":{"供用済面積":"3626","供用開始年":"1995","公園名":"大熊町つつじ公園","公園種別":"街区公園","所在地市区町村名":"横浜市","所在地都道府県名":"神奈川県","管理市区町村":"横浜市","管理都道府県・整備局":"神奈川県","都市計画決定":"2"}},{"type":"Feature","geometry":{"type":"Point","coordinates":[139.558773362,35.538360513]},"properties":{"供用済面積":"1200","供用開始年":"1992","公園名":"大丸からたち公園","公園種別":"街区公園","所在地市区町村名":"横浜市","所在地都道府県名":"神奈川県","管理市区町村":"横浜市","管理都道府県・整備局":"神奈川県","都市計画決定":"1"}},{"type":"Feature","geometry":{"type":"Point","coordinates":[139.590898383,35.525360732]},"properties":{"供用済面積":"3263","供用開始年":"1979","公園名":"折本町西原公園","公園種別":"街区公園","所在地市区町村名":"横浜市","所在地都道府県名":"神奈川県","管理市区町村":"横浜市","管理都道府県・整備局":"神奈川県","都市計画決定":"1"}},{"type":"Feature","geometry":{"type":"Point","coordinates":[139.5552395,35.521725091]},"properties":{"供用済面積":"2250","供用開始年":"1994","公園名":"加賀原ぎんなん公園","公園種別":"街区公園","所在地市区町村名":"横浜市","所在地都道府県名":"神奈川県","管理市区町村":"横浜市","管理都道府県・整備局":"神奈川県","都市計画決定":"1"}},{"type":"Feature","geometry":{"type":"Point","coordinates":[139.560613159,35.523339601]},"properties":{"供用済面積":"1470","供用開始年":"1992","公園名":"加賀原さるすべり公園","公園種別":"街区公園","所在地市区町村名":"横浜市","所在地都道府県名":"神奈川県","管理市区町村":"横浜市","管理都道府県・整備局":"神奈川県","都市計画決定":"1"}},{"type":"Feature","geometry":{"type":"Point","coordinates":[139.59110292,35.54087198]},"properties":{"供用済面積":"2727","供用開始年":"1969","公園名":"勝田公園","公園種別":"街区公園","所在地市区町村名":"横浜市","所在地都道府県名":"神奈川県","管理市区町村":"横浜市","管理都道府県・整備局":"神奈川県","都市計画決定":"1"}},{"type":"Feature","geometry":{"type":"Point","coordinates":[139.593687529,35.541469949]},"properties":{"供用済面積":"943","供用開始年":"1970","公園名":"勝田第二公園","公園種別":"街区公園","所在地市区町村名":"横浜市","所在地都道府県名":"神奈川県","管理市区町村":"横浜市","管理都道府県・整備局":"神奈川県","都市計画決定":"1"}},{"type":"Feature","geometry":{"type":"Point","coordinates":[139.58755454,35.539113961]},"properties":{"供用済面積":"1600","供用開始年":"1991","公園名":"勝田南てんとうむし公園","公園種別":"街区公園","所在地市区町村名":"横浜市","所在地都道府県名":"神奈川県","管理市区町村":"横浜市","管理都道府県・整備局":"神奈川県","都市計画決定":"1"}},{"type":"Feature","geometry":{"type":"Point","coordinates":[139.589379845,35.540883939]},"properties":{"供用済面積":"1500","供用開始年":"1992","公園名":"勝田南あかとんぼ公園","公園種別":"街区公園","所在地市区町村名":"横浜市","所在地都道府県名":"神奈川県","管理市区町村":"横浜市","管理都道府県・整備局":"神奈川県","都市計画決定":"1"}},{"type":"Feature","geometry":{"type":"Point","coordinates":[139.599791156,35.51824493]},"properties":{"供用済面積":"5941","供用開始年":"1996","公園名":"川向しものや公園","公園種別":"街区公園","所在地市区町村名":"横浜市","所在地都道府県名":"神奈川県","管理市区町村":"横浜市","管理都道府県・整備局":"神奈川県","都市計画決定":"2"}},{"type":"Feature","geometry":{"type":"Point","coordinates":[139.550741987,35.522335019]},"properties":{"供用済面積":"270","供用開始年":"1976","公園名":"川和影渕公園","公園種別":"街区公園","所在地市区町村名":"横浜市","所在地都道府県名":"神奈川県","管理市区町村":"横浜市","管理都道府県・整備局":"神奈川県","都市計画決定":"2"}},{"type":"Feature","geometry":{"type":"Point","coordinates":[139.555721433,35.529749801]},"properties":{"供用済面積":"1125","供用開始年":"1996","公園名":"川和台うめのき公園","公園種別":"街区公園","所在地市区町村名":"横浜市","所在地都道府県名":"神奈川県","管理市区町村":"横浜市","管理都道府県・整備局":"神奈川県","都市計画決定":"1"}},{"type":"Feature","geometry":{"type":"Point","coordinates":[139.554304983,35.526927394]},"properties":{"供用済面積":"2300","供用開始年":"1992","公園名":"川和台もみじ公園","公園種別":"街区公園","所在地市区町村名":"横浜市","所在地都道府県名":"神奈川県","管理市区町村":"横浜市","管理都道府県・整備局":"神奈川県","都市計画決定":"1"}},{"type":"Feature","geometry":{"type":"Point","coordinates":[139.587861351,35.567027024]},"properties":{"供用済面積":"1200","供用開始年":"1990","公園名":"北山田おにごっこ公園","公園種別":"街区公園","所在地市区町村名":"横浜市","所在地都道府県名":"神奈川県","管理市区町村":"横浜市","管理都道府県・整備局":"神奈川県","都市計画決定":"1"}},{"type":"Feature","geometry":{"type":"Point","coordinates":[139.587788332,35.565508185]},"properties":{"供用済面積":"2500","供用開始年":"1992","公園名":"北山田かくれんぼ公園","公園種別":"街区公園","所在地市区町村名":"横浜市","所在地都道府県名":"神奈川県","管理市区町村":"横浜市","管理都道府県・整備局":"神奈川県","都市計画決定":"1"}},{"type":"Feature","geometry":{"type":"Point","coordinates":[139.592008404,35.566309466]},"properties":{"供用済面積":"1300","供用開始年":"1991","公園名":"北山田かげふみ公園","公園種別":"街区公園","所在地市区町村名":"横浜市","所在地都道府県名":"神奈川県","管理市区町村":"横浜市","管理都道府県・整備局":"神奈川県","都市計画決定":"1"}},{"type":"Feature","geometry":{"type":"Point","coordinates":[139.588036544,35.56015041]},"properties":{"供用済面積":"2600","供用開始年":"1993","公園名":"北山田しゃぼんだま公園","公園種別":"街区公園","所在地市区町村名":"横浜市","所在地都道府県名":"神奈川県","管理市区町村":"横浜市","管理都道府県・整備局":"神奈川県","都市計画決定":"1"}},{"type":"Feature","geometry":{"type":"Point","coordinates":[139.585130683,35.561083239]},"properties":{"供用済面積":"1300","供用開始年":"1993","公園名":"北山田じゃんけん公園","公園種別":"街区公園","所在地市区町村名":"横浜市","所在地都道府県名":"神奈川県","管理市区町村":"横浜市","管理都道府県・整備局":"神奈川県","都市計画決定":"1"}},{"type":"Feature","geometry":{"type":"Point","coordinates":[139.596666513,35.560509193]},"properties":{"供用済面積":"1200","供用開始年":"1998","公園名":"北山田ながれぼし公園","公園種別":"街区公園","所在地市区町村名":"横浜市","所在地都道府県名":"神奈川県","管理市区町村":"横浜市","管理都道府県・整備局":"神奈川県","都市計画決定":"1"}},{"type":"Feature","geometry":{"type":"Point","coordinates":[139.557415208,35.516427108]},"properties":{"供用済面積":"2124","供用開始年":"1988","公園名":"佐江戸大峰公園","公園種別":"街区公園","所在地市区町村名":"横浜市","所在地都道府県名":"神奈川県","管理市区町村":"横浜市","管理都道府県・整備局":"神奈川県","都市計画決定":"2"}},{"type":"Feature","geometry":{"type":"Point","coordinates":[139.579888303,35.535514202]},"properties":{"供用済面積":"1300","供用開始年":"1991","公園名":"桜並木ほおずき公園","公園種別":"街区公園","所在地市区町村名":"横浜市","所在地都道府県名":"神奈川県","管理市区町村":"横浜市","管理都道府県・整備局":"神奈川県","都市計画決定":"1"}},{"type":"Feature","geometry":{"type":"Point","coordinates":[139.597308893,35.539197671]},"properties":{"供用済面積":"1200","供用開始年":"1989","公園名":"新栄町かぶとむし公園","公園種別":"街区公園","所在地市区町村名":"横浜市","所在地都道府県名":"神奈川県","管理市区町村":"横浜市","管理都道府県・整備局":"神奈川県","都市計画決定":"1"}},{"type":"Feature","geometry":{"type":"Point","coordinates":[139.578983146,35.566907422]},"properties":{"供用済面積":"2442","供用開始年":"1974","公園名":"すみれが丘第二公園","公園種別":"街区公園","所在地市区町村名":"横浜市","所在地都道府県名":"神奈川県","管理市区町村":"横浜市","管理都道府県・整備局":"神奈川県","都市計画決定":"1"}},{"type":"Feature","geometry":{"type":"Point","coordinates":[139.57796097,35.566201822]},"properties":{"供用済面積":"166","供用開始年":"1981","公園名":"すみれが丘第三公園","公園種別":"街区公園","所在地市区町村名":"横浜市","所在地都道府県名":"神奈川県","管理市区町村":"横浜市","管理都道府県・整備局":"神奈川県","都市計画決定":"2"}},{"type":"Feature","geometry":{"type":"Point","coordinates":[139.561357957,35.535227167]},"properties":{"供用済面積":"1200","供用開始年":"1993","公園名":"高山あかしあ公園","公園種別":"街区公園","所在地市区町村名":"横浜市","所在地都道府県名":"神奈川県","管理市区町村":"横浜市","管理都道府県・整備局":"神奈川県","都市計画決定":"1"}},{"type":"Feature","geometry":{"type":"Point","coordinates":[139.559605693,35.536841674]},"properties":{"供用済面積":"1200","供用開始年":"1993","公園名":"高山くすのき公園","公園種別":"街区公園","所在地市区町村名":"横浜市","所在地都道府県名":"神奈川県","管理市区町村":"横浜市","管理都道府県・整備局":"神奈川県","都市計画決定":"1"}},{"type":"Feature","geometry":{"type":"Point","coordinates":[139.584152238,35.544663085]},"properties":{"供用済面積":"1300","供用開始年":"1999","公園名":"茅ケ崎東つくし公園","公園種別":"街区公園","所在地市区町村名":"横浜市","所在地都道府県名":"神奈川県","管理市区町村":"横浜市","管理都道府県・整備局":"神奈川県","都市計画決定":"1"}},{"type":"Feature","geometry":{"type":"Point","coordinates":[139.57915238,35.543470286]},"properties":{"供用済面積":"2500","供用開始年":"1993","公園名":"茅ケ崎東なのはな公園","公園種別":"街区公園","所在地市区町村名":"横浜市","所在地都道府県名":"神奈川県","管理市区町村":"横浜市","管理都道府県・整備局":"神奈川県","都市計画決定":"1"}},{"type":"Feature","geometry":{"type":"Point","coordinates":[139.583203075,35.543036617]},"properties":{"供用済面積":"1303","供用開始年":"1993","公園名":"茅ケ崎東れんげ公園","公園種別":"街区公園","所在地市区町村名":"横浜市","所在地都道府県名":"神奈川県","管理市区町村":"横浜市","管理都道府県・整備局":"神奈川県","都市計画決定":"1"}},{"type":"Feature","geometry":{"type":"Point","coordinates":[139.570499034,35.540142456]},"properties":{"供用済面積":"2200","供用開始年":"1990","公園名":"茅ケ崎南かきのき公園","公園種別":"街区公園","所在地市区町村名":"横浜市","所在地都道府県名":"神奈川県","管理市区町村":"横浜市","管理都道府県・整備局":"神奈川県","都市計画決定":"1"}},{"type":"Feature","geometry":{"type":"Point","coordinates":[139.577610366,35.539963068]},"properties":{"供用済面積":"1200","供用開始年":"1989","公園名":"茅ケ崎南たんぽぽ公園","公園種別":"街区公園","所在地市区町村名":"横浜市","所在地都道府県名":"神奈川県","管理市区町村":"横浜市","管理都道府県・整備局":"神奈川県","都市計画決定":"1"}},{"type":"Feature","geometry":{"type":"Point","coordinates":[139.574178822,35.540357727]},"properties":{"供用済面積":"1200","供用開始年":"1989","公園名":"茅ケ崎南つゆくさ公園","公園種別":"街区公園","所在地市区町村名":"横浜市","所在地都道府県名":"神奈川県","管理市区町村":"横浜市","管理都道府県・整備局":"神奈川県","都市計画決定":"1"}},{"type":"Feature","geometry":{"type":"Point","coordinates":[139.580618423,35.536877562]},"properties":{"供用済面積":"2628","供用開始年":"1997","公園名":"茅ケ崎南みかん公園","公園種別":"街区公園","所在地市区町村名":"横浜市","所在地都道府県名":"神奈川県","管理市区町村":"横浜市","管理都道府県・整備局":"神奈川県","都市計画決定":"1"}},{"type":"Feature","geometry":{"type":"Point","coordinates":[139.549486283,35.536040402]},"properties":{"供用済面積":"983","供用開始年":"1975","公園名":"都筑が丘第二公園","公園種別":"街区公園","所在地市区町村名":"横浜市","所在地都道府県名":"神奈川県","管理市区町村":"横浜市","管理都道府県・整備局":"神奈川県","都市計画決定":"2"}},{"type":"Feature","geometry":{"type":"Point","coordinates":[139.550537638,35.535071694]},"properties":{"供用済面積":"2100","供用開始年":"1975","公園名":"都筑が丘第三公園","公園種別":"街区公園","所在地市区町村名":"横浜市","所在地都道府県名":"神奈川県","管理市区町村":"横浜市","管理都道府県・整備局":"神奈川県","都市計画決定":"2"}},{"type":"Feature","geometry":{"type":"Point","coordinates":[139.545835707,35.535944721]},"properties":{"供用済面積":"197","供用開始年":"1976","公園名":"都筑が丘第七公園","公園種別":"街区公園","所在地市区町村名":"横浜市","所在地都道府県名":"神奈川県","管理市区町村":"横浜市","管理都道府県・整備局":"神奈川県","都市計画決定":"2"}},{"type":"Feature","geometry":{"type":"Point","coordinates":[139.551369962,35.533827925]},"properties":{"供用済面積":"709","供用開始年":"1976","公園名":"都筑が丘第九公園","公園種別":"街区公園","所在地市区町村名":"横浜市","所在地都道府県名":"神奈川県","管理市区町村":"横浜市","管理都道府県・整備局":"神奈川県","都市計画決定":"2"}},{"type":"Feature","geometry":{"type":"Point","coordinates":[139.572835507,35.55675396]},"properties":{"供用済面積":"2576","供用開始年":"1991","公園名":"中川ききょう公園","公園種別":"街区公園","所在地市区町村名":"横浜市","所在地都道府県名":"神奈川県","管理市区町村":"横浜市","管理都道府県・整備局":"神奈川県","都市計画決定":"1"}},{"type":"Feature","geometry":{"type":"Point","coordinates":[139.574397943,35.553740204]},"properties":{"供用済面積":"1247","供用開始年":"1992","公園名":"中川なでしこ公園","公園種別":"街区公園","所在地市区町村名":"横浜市","所在地都道府県名":"神奈川県","管理市区町村":"横浜市","管理都道府県・整備局":"神奈川県","都市計画決定":"1"}},{"type":"Feature","geometry":{"type":"Point","coordinates":[139.563986532,35.561812751]},"properties":{"供用済面積":"2798","供用開始年":"1991","公園名":"中川ゆうひがおか公園","公園種別":"街区公園","所在地市区町村名":"横浜市","所在地都道府県名":"神奈川県","管理市区町村":"横浜市","管理都道府県・整備局":"神奈川県","都市計画決定":"1"}},{"type":"Feature","geometry":{"type":"Point","coordinates":[139.56616227,35.560748373]},"properties":{"供用済面積":"1288","供用開始年":"1991","公園名":"中川ゆめみがおか公園","公園種別":"街区公園","所在地市区町村名":"横浜市","所在地都道府県名":"神奈川県","管理市区町村":"横浜市","管理都道府県・整備局":"神奈川県","都市計画決定":"1"}},{"type":"Feature","geometry":{"type":"Point","coordinates":[139.573696935,35.53783431]},"properties":{"供用済面積":"1200","供用開始年":"1995","公園名":"長坂ささのは公園","公園種別":"街区公園","所在地市区町村名":"横浜市","所在地都道府県名":"神奈川県","管理市区町村":"横浜市","管理都道府県・整備局":"神奈川県","都市計画決定":"1"}},{"type":"Feature","geometry":{"type":"Point","coordinates":[139.587233268,35.535514203]},"properties":{"供用済面積":"1243","供用開始年":"1992","公園名":"仲町台うさぎ公園","公園種別":"街区公園","所在地市区町村名":"横浜市","所在地都道府県名":"神奈川県","管理市区町村":"横浜市","管理都道府県・整備局":"神奈川県","都市計画決定":"1"}},{"type":"Feature","geometry":{"type":"Point","coordinates":[139.5950163,35.534593335]},"properties":{"供用済面積":"1422","供用開始年":"1993","公園名":"仲町台くわがた公園","公園種別":"街区公園","所在地市区町村名":"横浜市","所在地都道府県名":"神奈川県","管理市区町村":"横浜市","管理都道府県・整備局":"神奈川県","都市計画決定":"1"}},{"type":"Feature","geometry":{"type":"Point","coordinates":[139.594987081,35.531483907]},"properties":{"供用済面積":"1231","供用開始年":"1994","公園名":"仲町台ひぐらし公園","公園種別":"街区公園","所在地市区町村名":"横浜市","所在地都道府県名":"神奈川県","管理市区町村":"横浜市","管理都道府県・整備局":"神奈川県","都市計画決定":"1"}},{"type":"Feature","geometry":{"type":"Point","coordinates":[139.560569411,35.531483901]},"properties":{"供用済面積":"1200","供用開始年":"1992","公園名":"二の丸こぶし公園","公園種別":"街区公園","所在地市区町村名":"横浜市","所在地都道府県名":"神奈川県","管理市区町村":"横浜市","管理都道府県・整備局":"神奈川県","都市計画決定":"1"}},{"type":"Feature","geometry":{"type":"Point","coordinates":[139.601835684,35.550893892]},"properties":{"供用済面積":"3950","供用開始年":"1997","公園名":"早渕かなりあ公園","公園種別":"街区公園","所在地市区町村名":"横浜市","所在地都道府県名":"神奈川県","管理市区町村":"横浜市","管理都道府県・整備局":"神奈川県","都市計画決定":"1"}},{"type":"Feature","geometry":{"type":"Point","coordinates":[139.596754017,35.541721089]},"properties":{"供用済面積":"1893","供用開始年":"1994","公園名":"早渕やまどり公園","公園種別":"街区公園","所在地市区町村名":"横浜市","所在地都道府県名":"神奈川県","管理市区町村":"横浜市","管理都道府県・整備局":"神奈川県","都市計画決定":"1"}},{"type":"Feature","geometry":{"type":"Point","coordinates":[139.583202919,35.518221019]},"properties":{"供用済面積":"1522","供用開始年":"1976","公園名":"東方第二公園","公園種別":"街区公園","所在地市区町村名":"横浜市","所在地都道府県名":"神奈川県","管理市区町村":"横浜市","管理都道府県・整備局":"神奈川県","都市計画決定":"2"}},{"type":"Feature","geometry":{"type":"Point","coordinates":[139.596987787,35.564850429]},"properties":{"供用済面積":"2583","供用開始年":"1996","公園名":"東山田あおぞら公園","公園種別":"街区公園","所在地市区町村名":"横浜市","所在地都道府県名":"神奈川県","管理市区町村":"横浜市","管理都道府県・整備局":"神奈川県","都市計画決定":"1"}},{"type":"Feature","geometry":{"type":"Point","coordinates":[139.606202552,35.563710273]},"properties":{"供用済面積":"1300","供用開始年":"1998","公園名":"東山田あけぼの公園","公園種別":"街区公園","所在地市区町村名":"横浜市","所在地都道府県名":"神奈川県","管理市区町村":"横浜市","管理都道府県・整備局":"神奈川県","都市計画決定":"1"}},{"type":"Feature","geometry":{"type":"Point","coordinates":[139.608684239,35.563977403]},"properties":{"供用済面積":"1200","供用開始年":"1993","公園名":"東山田あさやけ公園","公園種別":"街区公園","所在地市区町村名":"横浜市","所在地都道府県名":"神奈川県","管理市区町村":"横浜市","管理都道府県・整備局":"神奈川県","都市計画決定":"1"}},{"type":"Feature","geometry":{"type":"Point","coordinates":[139.605705354,35.560485275]},"properties":{"供用済面積":"2258","供用開始年":"1990","公園名":"東山田そよかぜ公園","公園種別":"街区公園","所在地市区町村名":"横浜市","所在地都道府県名":"神奈川県","管理市区町村":"横浜市","管理都道府県・整備局":"神奈川県","都市計画決定":"1"}},{"type":"Feature","geometry":{"type":"Point","coordinates":[139.599017507,35.564204621]},"properties":{"供用済面積":"1600","供用開始年":"1997","公園名":"東山田やまびこ公園","公園種別":"街区公園","所在地市区町村名":"横浜市","所在地都道府県名":"神奈川県","管理市区町村":"横浜市","管理都道府県・整備局":"神奈川県","都市計画決定":"1"}},{"type":"Feature","geometry":{"type":"Point","coordinates":[139.600565322,35.558715295]},"properties":{"供用済面積":"4500","供用開始年":"1993","公園名":"東山田ゆうやけ公園","公園種別":"街区公園","所在地市区町村名":"横浜市","所在地都道府県名":"神奈川県","管理市区町村":"横浜市","管理都道府県・整備局":"神奈川県","都市計画決定":"1"}},{"type":"Feature","geometry":{"type":"Point","coordinates":[139.572003045,35.535155421]},"properties":{"供用済面積":"1200","供用開始年":"1988","公園名":"平台くりのみ公園","公園種別":"街区公園","所在地市区町村名":"横浜市","所在地都道府県名":"神奈川県","管理市区町村":"横浜市","管理都道府県・整備局":"神奈川県","都市計画決定":"1"}},{"type":"Feature","geometry":{"type":"Point","coordinates":[139.597674053,35.556275587]},"properties":{"供用済面積":"12807","供用開始年":"1994","公園名":"南山田たけとんぼ公園","公園種別":"街区公園","所在地市区町村名":"横浜市","所在地都道府県名":"神奈川県","管理市区町村":"横浜市","管理都道府県・整備局":"神奈川県","都市計画決定":"1"}},{"type":"Feature","geometry":{"type":"Point","coordinates":[139.590518906,35.556048365]},"properties":{"供用済面積":"2893","供用開始年":"1994","公園名":"南山田ぼうけん公園","公園種別":"街区公園","所在地市区町村名":"横浜市","所在地都道府県名":"神奈川県","管理市区町村":"横浜市","管理都道府県・整備局":"神奈川県","都市計画決定":"1"}},{"type":"Feature","geometry":{"type":"Point","coordinates":[139.554305049,35.537391802]},"properties":{"供用済面積":"3177","供用開始年":"1986","公園名":"見花山かりん公園","公園種別":"街区公園","所在地市区町村名":"横浜市","所在地都道府県名":"神奈川県","管理市区町村":"横浜市","管理都道府県・整備局":"神奈川県","都市計画決定":"1"}},{"type":"Feature","geometry":{"type":"Point","coordinates":[139.551474703,35.385646049]},"properties":{"供用済面積":"285000","供用開始年":"1992","公園名":"舞岡公園","公園種別":"広域公園","所在地市区町村名":"横浜市","所在地都道府県名":"神奈川県","管理市区町村":"横浜市","管理都道府県・整備局":"神奈川県","都市計画決定":"1"}},{"type":"Feature","geometry":{"type":"Point","coordinates":[139.511938922,35.36872366]},"properties":{"供用済面積":"72189","供用開始年":"1974","公園名":"小雀公園","公園種別":"総合公園","所在地市区町村名":"横浜市","所在地都道府県名":"神奈川県","管理市区町村":"横浜市","管理都道府県・整備局":"神奈川県","都市計画決定":"1"}},{"type":"Feature","geometry":{"type":"Point","coordinates":[139.491756836,35.386252399]},"properties":{"供用済面積":"111459","供用開始年":"2005","公園名":"俣野公園","公園種別":"総合公園","所在地市区町村名":"横浜市","所在地都道府県名":"神奈川県","管理市区町村":"横浜市","管理都道府県・整備局":"神奈川県","都市計画決定":"1"}},{"type":"Feature","geometry":{"type":"Point","coordinates":[139.524716045,35.387514709]},"properties":{"供用済面積":"30145","供用開始年":"1991","公園名":"戸塚公園","公園種別":"地区公園（カントリーパーク）","所在地市区町村名":"横浜市","所在地都道府県名":"神奈川県","管理市区町村":"横浜市","管理都道府県・整備局":"神奈川県","都市計画決定":"1"}},{"type":"Feature","geometry":{"type":"Point","coordinates":[139.501516654,35.385092947]},"properties":{"供用済面積":"36281","供用開始年":"1996","公園名":"戸塚西公園","公園種別":"地区公園（カントリーパーク）","所在地市区町村名":"横浜市","所在地都道府県名":"神奈川県","管理市区町村":"横浜市","管理都道府県・整備局":"神奈川県","都市計画決定":"1"}},{"type":"Feature","geometry":{"type":"Point","coordinates":[139.493456365,35.368288146]},"properties":{"供用済面積":"50453","供用開始年":"1995","公園名":"東俣野中央公園","公園種別":"地区公園（カントリーパーク）","所在地市区町村名":"横浜市","所在地都道府県名":"神奈川県","管理市区町村":"横浜市","管理都道府県・整備局":"神奈川県","都市計画決定":"1"}},{"type":"Feature","geometry":{"type":"Point","coordinates":[139.5471126,35.42415501]},"properties":{"供用済面積":"9816","供用開始年":"1985","公園名":"秋葉台公園","公園種別":"近隣公園","所在地市区町村名":"横浜市","所在地都道府県名":"神奈川県","管理市区町村":"横浜市","管理都道府県・整備局":"神奈川県","都市計画決定":"1"}},{"type":"Feature","geometry":{"type":"Point","coordinates":[139.516356358,35.403061795]},"properties":{"供用済面積":"10889","供用開始年":"1989","公園名":"踊場公園","公園種別":"近隣公園","所在地市区町村名":"横浜市","所在地都道府県名":"神奈川県","管理市区町村":"横浜市","管理都道府県・整備局":"神奈川県","都市計画決定":"1"}},{"type":"Feature","geometry":{"type":"Point","coordinates":[139.502264909,35.368529319]},"properties":{"供用済面積":"11208","供用開始年":"2000","公園名":"影取北公園","公園種別":"近隣公園","所在地市区町村名":"横浜市","所在地都道府県名":"神奈川県","管理市区町村":"横浜市","管理都道府県・整備局":"神奈川県","都市計画決定":"1"}},{"type":"Feature","geometry":{"type":"Point","coordinates":[139.549960133,35.435351915]},"properties":{"供用済面積":"22706","供用開始年":"1998","公園名":"上品濃公園","公園種別":"近隣公園","所在地市区町村名":"横浜市","所在地都道府県名":"神奈川県","管理市区町村":"横浜市","管理都道府県・整備局":"神奈川県","都市計画決定":"2"}},{"type":"Feature","geometry":{"type":"Point","coordinates":[139.531396793,35.412883377]},"properties":{"供用済面積":"10403","供用開始年":"1986","公園名":"上矢部坂本公園","公園種別":"近隣公園","所在地市区町村名":"横浜市","所在地都道府県名":"神奈川県","管理市区町村":"横浜市","管理都道府県・整備局":"神奈川県","都市計画決定":"2"}},{"type":"Feature","geometry":{"type":"Point","coordinates":[139.56448929,35.419969249]},"properties":{"供用済面積":"14187","供用開始年":"1958","公園名":"川上公園","公園種別":"近隣公園","所在地市区町村名":"横浜市","所在地都道府県名":"神奈川県","管理市区町村":"横浜市","管理都道府県・整備局":"神奈川県","都市計画決定":"2"}},{"type":"Feature","geometry":{"type":"Point","coordinates":[139.568833598,35.434305467]},"properties":{"供用済面積":"10237","供用開始年":"1989","公園名":"三王山公園","公園種別":"近隣公園","所在地市区町村名":"横浜市","所在地都道府県名":"神奈川県","管理市区町村":"横浜市","管理都道府県・整備局":"神奈川県","都市計画決定":"1"}},{"type":"Feature","geometry":{"type":"Point","coordinates":[139.560381548,35.432880445]},"properties":{"供用済面積":"13545","供用開始年":"1989","公園名":"品濃中央公園","公園種別":"近隣公園","所在地市区町村名":"横浜市","所在地都道府県名":"神奈川県","管理市区町村":"横浜市","管理都道府県・整備局":"神奈川県","都市計画決定":"1"}},{"type":"Feature","geometry":{"type":"Point","coordinates":[139.539190499,35.381101523]},"properties":{"供用済面積":"14163","供用開始年":"1988","公園名":"豊田中央公園","公園種別":"近隣公園","所在地市区町村名":"横浜市","所在地都道府県名":"神奈川県","管理市区町村":"横浜市","管理都道府県・整備局":"神奈川県","都市計画決定":"1"}},{"type":"Feature","geometry":{"type":"Point","coordinates":[139.550032904,35.406627152]},"properties":{"供用済面積":"15831","供用開始年":"1994","公園名":"舞岡下谷公園","公園種別":"近隣公園","所在地市区町村名":"横浜市","所在地都道府県名":"神奈川県","管理市区町村":"横浜市","管理都道府県・整備局":"神奈川県","都市計画決定":"2"}},{"type":"Feature","geometry":{"type":"Point","coordinates":[139.520326283,35.393359812]},"properties":{"供用済面積":"21842","供用開始年":"1994","公園名":"宮谷西公園","公園種別":"近隣公園","所在地市区町村名":"横浜市","所在地都道府県名":"神奈川県","管理市区町村":"横浜市","管理都道府県・整備局":"神奈川県","都市計画決定":"1"}},{"type":"Feature","geometry":{"type":"Point","coordinates":[139.521786631,35.408514489]},"properties":{"供用済面積":"22631","供用開始年":"1993","公園名":"谷矢部池公園","公園種別":"近隣公園","所在地市区町村名":"横浜市","所在地都道府県名":"神奈川県","管理市区町村":"横浜市","管理都道府県・整備局":"神奈川県","都市計画決定":"2"}},{"type":"Feature","geometry":{"type":"Point","coordinates":[139.543325124,35.423370185]},"properties":{"供用済面積":"1697","供用開始年":"1970","公園名":"秋葉第一公園","公園種別":"街区公園","所在地市区町村名":"横浜市","所在地都道府県名":"神奈川県","管理市区町村":"横浜市","管理都道府県・整備局":"神奈川県","都市計画決定":"1"}},{"type":"Feature","geometry":{"type":"Point","coordinates":[139.544511546,35.422248997]},"properties":{"供用済面積":"525","供用開始年":"1970","公園名":"秋葉第二公園","公園種別":"街区公園","所在地市区町村名":"横浜市","所在地都道府県名":"神奈川県","管理市区町村":"横浜市","管理都道府県・整備局":"神奈川県","都市計画決定":"2"}},{"type":"Feature","geometry":{"type":"Point","coordinates":[139.541385711,35.417969809]},"properties":{"供用済面積":"1041","供用開始年":"1975","公園名":"秋葉第三公園","公園種別":"街区公園","所在地市区町村名":"横浜市","所在地都道府県名":"神奈川県","管理市区町村":"横浜市","管理都道府県・整備局":"神奈川県","都市計画決定":"2"}},{"type":"Feature","geometry":{"type":"Point","coordinates":[139.549211454,35.422190474]},"properties":{"供用済面積":"485","供用開始年":"1983","公園名":"秋葉第四公園","公園種別":"街区公園","所在地市区町村名":"横浜市","所在地都道府県名":"神奈川県","管理市区町村":"横浜市","管理都道府県・整備局":"神奈川県","都市計画決定":"2"}},{"type":"Feature","geometry":{"type":"Point","coordinates":[139.564909217,35.432317232]},"properties":{"供用済面積":"740","供用開始年":"1974","公園名":"一里塚公園","公園種別":"街区公園","所在地市区町村名":"横浜市","所在地都道府県名":"神奈川県","管理市区町村":"横浜市","管理都道府県・整備局":"神奈川県","都市計画決定":"2"}},{"type":"Feature","geometry":{"type":"Point","coordinates":[139.512870048,35.40158184]},"properties":{"供用済面積":"1121","供用開始年":"1994","公園名":"壱町ケ谷公園","公園種別":"街区公園","所在地市区町村名":"横浜市","所在地都道府県名":"神奈川県","管理市区町村":"横浜市","管理都道府県・整備局":"神奈川県","都市計画決定":"2"}},{"type":"Feature","geometry":{"type":"Point","coordinates":[139.530265214,35.425844274]},"properties":{"供用済面積":"678","供用開始年":"1985","公園名":"大上なかよし公園","公園種別":"街区公園","所在地市区町村名":"横浜市","所在地都道府県名":"神奈川県","管理市区町村":"横浜市","管理都道府県・整備局":"神奈川県","都市計画決定":"2"}},{"type":"Feature","geometry":{"type":"Point","coordinates":[139.52701594,35.392313374]},"properties":{"供用済面積":"1354","供用開始年":"1956","公園名":"大坂下公園","公園種別":"街区公園","所在地市区町村名":"横浜市","所在地都道府県名":"神奈川県","管理市区町村":"横浜市","管理都道府県・整備局":"神奈川県","都市計画決定":"2"}},{"type":"Feature","geometry":{"type":"Point","coordinates":[139.496033677,35.361057091]},"properties":{"供用済面積":"148","供用開始年":"1989","公園名":"影取公園","公園種別":"街区公園","所在地市区町村名":"横浜市","所在地都道府県名":"神奈川県","管理市区町村":"横浜市","管理都道府県・整備局":"神奈川県","都市計画決定":"2"}},{"type":"Feature","geometry":{"type":"Point","coordinates":[139.497251027,35.361380661]},"properties":{"供用済面積":"301","供用開始年":"1987","公園名":"影取第二公園","公園種別":"街区公園","所在地市区町村名":"横浜市","所在地都道府県名":"神奈川県","管理市区町村":"横浜市","管理都道府県・整備局":"神奈川県","都市計画決定":"2"}},{"type":"Feature","geometry":{"type":"Point","coordinates":[139.544085979,35.414048427]},"properties":{"供用済面積":"307","供用開始年":"1974","公園名":"柏尾町第一公園","公園種別":"街区公園","所在地市区町村名":"横浜市","所在地都道府県名":"神奈川県","管理市区町村":"横浜市","管理都道府県・整備局":"神奈川県","都市計画決定":"2"}},{"type":"Feature","geometry":{"type":"Point","coordinates":[139.549211576,35.412689027]},"properties":{"供用済面積":"1813","供用開始年":"1977","公園名":"柏尾町第二公園","公園種別":"街区公園","所在地市区町村名":"横浜市","所在地都道府県名":"神奈川県","管理市区町村":"横浜市","管理都道府県・整備局":"神奈川県","都市計画決定":"2"}},{"type":"Feature","geometry":{"type":"Point","coordinates":[139.552606608,35.411926617]},"properties":{"供用済面積":"2557","供用開始年":"1977","公園名":"柏尾町第三公園","公園種別":"街区公園","所在地市区町村名":"横浜市","所在地都道府県名":"神奈川県","管理市区町村":"横浜市","管理都道府県・整備局":"神奈川県","都市計画決定":"2"}},{"type":"Feature","geometry":{"type":"Point","coordinates":[139.547532313,35.412390049]},"properties":{"供用済面積":"855","供用開始年":"1988","公園名":"柏尾町第四公園","公園種別":"街区公園","所在地市区町村名":"横浜市","所在地都道府県名":"神奈川県","管理市区町村":"横浜市","管理都道府県・整備局":"神奈川県","都市計画決定":"2"}},{"type":"Feature","geometry":{"type":"Point","coordinates":[139.546856976,35.413899906]},"properties":{"供用済面積":"261","供用開始年":"1988","公園名":"柏尾町第五公園","公園種別":"街区公園","所在地市区町村名":"横浜市","所在地都道府県名":"神奈川県","管理市区町村":"横浜市","管理都道府県・整備局":"神奈川県","都市計画決定":"2"}},{"type":"Feature","geometry":{"type":"Point","coordinates":[139.549649666,35.416338917]},"properties":{"供用済面積":"927","供用開始年":"2000","公園名":"柏尾町殿ケ谷公園","公園種別":"街区公園","所在地市区町村名":"横浜市","所在地都道府県名":"神奈川県","管理市区町村":"横浜市","管理都道府県・整備局":"神奈川県","都市計画決定":"2"}},{"type":"Feature","geometry":{"type":"Point","coordinates":[139.544897971,35.413211049]},"properties":{"供用済面積":"264","供用開始年":"1994","公園名":"柏尾町孫之台公園","公園種別":"街区公園","所在地市区町村名":"横浜市","所在地都道府県名":"神奈川県","管理市区町村":"横浜市","管理都道府県・整備局":"神奈川県","都市計画決定":"2"}},{"type":"Feature","geometry":{"type":"Point","coordinates":[139.554760517,35.419894506]},"properties":{"供用済面積":"1321","供用開始年":"1974","公園名":"上柏尾第一公園","公園種別":"街区公園","所在地市区町村名":"横浜市","所在地都道府県名":"神奈川県","管理市区町村":"横浜市","管理都道府県・整備局":"神奈川県","都市計画決定":"2"}},{"type":"Feature","geometry":{"type":"Point","coordinates":[139.554687456,35.415155627]},"properties":{"供用済面積":"3423","供用開始年":"1977","公園名":"上柏尾第二公園","公園種別":"街区公園","所在地市区町村名":"横浜市","所在地都道府県名":"神奈川県","管理市区町村":"横浜市","管理都道府県・整備局":"神奈川県","都市計画決定":"2"}},{"type":"Feature","geometry":{"type":"Point","coordinates":[139.554541452,35.417054173]},"properties":{"供用済面積":"2478","供用開始年":"1978","公園名":"上柏尾第三公園","公園種別":"街区公園","所在地市区町村名":"横浜市","所在地都道府県名":"神奈川県","管理市区町村":"横浜市","管理都道府県・整備局":"神奈川県","都市計画決定":"2"}},{"type":"Feature","geometry":{"type":"Point","coordinates":[139.54534183,35.395348035]},"properties":{"供用済面積":"1558","供用開始年":"1976","公園名":"上倉田第一公園","公園種別":"街区公園","所在地市区町村名":"横浜市","所在地都道府県名":"神奈川県","管理市区町村":"横浜市","管理都道府県・整備局":"神奈川県","都市計画決定":"2"}},{"type":"Feature","geometry":{"type":"Point","coordinates":[139.546345722,35.39340465]},"properties":{"供用済面積":"2404","供用開始年":"1976","公園名":"上倉田第二公園","公園種別":"街区公園","所在地市区町村名":"横浜市","所在地都道府県名":"神奈川県","管理市区町村":"横浜市","管理都道府県・整備局":"神奈川県","都市計画決定":"2"}},{"type":"Feature","geometry":{"type":"Point","coordinates":[139.54352544,35.391624817]},"properties":{"供用済面積":"1692","供用開始年":"1976","公園名":"上倉田第三公園","公園種別":"街区公園","所在地市区町村名":"横浜市","所在地都道府県名":"神奈川県","管理市区町村":"横浜市","管理都道府県・整備局":"神奈川県","都市計画決定":"2"}},{"type":"Feature","geometry":{"type":"Point","coordinates":[139.539939004,35.397605362]},"properties":{"供用済面積":"1194","供用開始年":"1976","公園名":"上倉田第四公園","公園種別":"街区公園","所在地市区町村名":"横浜市","所在地都道府県名":"神奈川県","管理市区町村":"横浜市","管理都道府県・整備局":"神奈川県","都市計画決定":"2"}},{"type":"Feature","geometry":{"type":"Point","coordinates":[139.538095466,35.397739903]},"properties":{"供用済面積":"2771","供用開始年":"1985","公園名":"上倉田第五公園","公園種別":"街区公園","所在地市区町村名":"横浜市","所在地都道府県名":"神奈川県","管理市区町村":"横浜市","管理都道府県・整備局":"神奈川県","都市計画決定":"2"}},{"type":"Feature","geometry":{"type":"Point","coordinates":[139.542549149,35.396065595]},"properties":{"供用済面積":"1376","供用開始年":"1988","公園名":"上倉田水神ヶ谷公園","公園種別":"街区公園","所在地市区町村名":"横浜市","所在地都道府県名":"神奈川県","管理市区町村":"横浜市","管理都道府県・整備局":"神奈川県","都市計画決定":"2"}},{"type":"Feature","geometry":{"type":"Point","coordinates":[139.54107062,35.390100894]},"properties":{"供用済面積":"3094","供用開始年":"1988","公園名":"上倉田八幡谷公園","公園種別":"街区公園","所在地市区町村名":"横浜市","所在地都道府県名":"神奈川県","管理市区町村":"横浜市","管理都道府県・整備局":"神奈川県","都市計画決定":"2"}},{"type":"Feature","geometry":{"type":"Point","coordinates":[139.526596355,35.42053733]},"properties":{"供用済面積":"2146","供用開始年":"1973","公園名":"上矢部第一公園","公園種別":"街区公園","所在地市区町村名":"横浜市","所在地都道府県名":"神奈川県","管理市区町村":"横浜市","管理都道府県・整備局":"神奈川県","都市計画決定":"2"}},{"type":"Feature","geometry":{"type":"Point","coordinates":[139.528312242,35.415058223]},"properties":{"供用済面積":"609","供用開始年":"1975","公園名":"上矢部第二公園","公園種別":"街区公園","所在地市区町村名":"横浜市","所在地都道府県名":"神奈川県","管理市区町村":"横浜市","管理都道府県・整備局":"神奈川県","都市計画決定":"2"}},{"type":"Feature","geometry":{"type":"Point","coordinates":[139.529026486,35.414430184]},"properties":{"供用済面積":"1078","供用開始年":"1988","公園名":"上矢部第三公園","公園種別":"街区公園","所在地市区町村名":"横浜市","所在地都道府県名":"神奈川県","管理市区町村":"横浜市","管理都道府県・整備局":"神奈川県","都市計画決定":"1"}},{"type":"Feature","geometry":{"type":"Point","coordinates":[139.533484984,35.41936336]},"properties":{"供用済面積":"300","供用開始年":"1976","公園名":"上矢部第四公園","公園種別":"街区公園","所在地市区町村名":"横浜市","所在地都道府県名":"神奈川県","管理市区町村":"横浜市","管理都道府県・整備局":"神奈川県","都市計画決定":"2"}},{"type":"Feature","geometry":{"type":"Point","coordinates":[139.528512931,35.424110179]},"properties":{"供用済面積":"1556","供用開始年":"1977","公園名":"上矢部第五公園","公園種別":"街区公園","所在地市区町村名":"横浜市","所在地都道府県名":"神奈川県","管理市区町村":"横浜市","管理都道府県・整備局":"神奈川県","都市計画決定":"2"}},{"type":"Feature","geometry":{"type":"Point","coordinates":[139.535576724,35.415604118]},"properties":{"供用済面積":"1439","供用開始年":"1988","公園名":"上矢部南公園","公園種別":"街区公園","所在地市区町村名":"横浜市","所在地都道府県名":"神奈川県","管理市区町村":"横浜市","管理都道府県・整備局":"神奈川県","都市計画決定":"2"}},{"type":"Feature","geometry":{"type":"Point","coordinates":[139.524619181,35.417274828]},"properties":{"供用済面積":"787","供用開始年":"1988","公園名":"上矢部金堀塚公園","公園種別":"街区公園","所在地市区町村名":"横浜市","所在地都道府県名":"神奈川県","管理市区町村":"横浜市","管理都道府県・整備局":"神奈川県","都市計画決定":"2"}},{"type":"Feature","geometry":{"type":"Point","coordinates":[139.5326015,35.415006151]},"properties":{"供用済面積":"4504","供用開始年":"2002","公園名":"上矢部坂本第二公園","公園種別":"街区公園","所在地市区町村名":"横浜市","所在地都道府県名":"神奈川県","管理市区町村":"横浜市","管理都道府県・整備局":"神奈川県","都市計画決定":"2"}},{"type":"Feature","geometry":{"type":"Point","coordinates":[139.538004424,35.424528746]},"properties":{"供用済面積":"1959","供用開始年":"1985","公園名":"上矢部塚迴公園","公園種別":"街区公園","所在地市区町村名":"横浜市","所在地都道府県名":"神奈川県","管理市区町村":"横浜市","管理都道府県・整備局":"神奈川県","都市計画決定":"2"}},{"type":"Feature","geometry":{"type":"Point","coordinates":[139.539367482,35.425471322]},"properties":{"供用済面積":"1114","供用開始年":"1994","公園名":"上矢部羽沢第二公園","公園種別":"街区公園","所在地市区町村名":"横浜市","所在地都道府県名":"神奈川県","管理市区町村":"横浜市","管理都道府県・整備局":"神奈川県","都市計画決定":"2"}},{"type":"Feature","geometry":{"type":"Point","coordinates":[139.538898806,35.423512208]},"properties":{"供用済面積":"1521","供用開始年":"1988","公園名":"上矢部羽沢公園","公園種別":"街区公園","所在地市区町村名":"横浜市","所在地都道府県名":"神奈川県","管理市区町村":"横浜市","管理都道府県・整備局":"神奈川県","都市計画決定":"2"}},{"type":"Feature","geometry":{"type":"Point","coordinates":[139.536890917,35.41484171]},"properties":{"供用済面積":"1341","供用開始年":"1987","公園名":"上矢部藤井公園","公園種別":"街区公園","所在地市区町村名":"横浜市","所在地都道府県名":"神奈川県","管理市区町村":"横浜市","管理都道府県・整備局":"神奈川県","都市計画決定":"2"}},{"type":"Feature","geometry":{"type":"Point","coordinates":[139.536890972,35.421808003]},"properties":{"供用済面積":"1333","供用開始年":"1998","公園名":"上矢部宮下公園","公園種別":"街区公園","所在地市区町村名":"横浜市","所在地都道府県名":"神奈川県","管理市区町村":"横浜市","管理都道府県・整備局":"神奈川県","都市計画決定":"2"}},{"type":"Feature","geometry":{"type":"Point","coordinates":[139.546437319,35.43376731]},"properties":{"供用済面積":"1815","供用開始年":"1974","公園名":"川上新井谷公園","公園種別":"街区公園","所在地市区町村名":"横浜市","所在地都道府県名":"神奈川県","管理市区町村":"横浜市","管理都道府県・整備局":"神奈川県","都市計画決定":"1"}},{"type":"Feature","geometry":{"type":"Point","coordinates":[139.554236033,35.427815989]},"properties":{"供用済面積":"702","供用開始年":"1995","公園名":"川上大豆田公園","公園種別":"街区公園","所在地市区町村名":"横浜市","所在地都道府県名":"神奈川県","管理市区町村":"横浜市","管理都道府県・整備局":"神奈川県","都市計画決定":"2"}},{"type":"Feature","geometry":{"type":"Point","coordinates":[139.553502247,35.429569565]},"properties":{"供用済面積":"630","供用開始年":"1997","公園名":"川上大豆田第二公園","公園種別":"街区公園","所在地市区町村名":"横浜市","所在地都道府県名":"神奈川県","管理市区町村":"横浜市","管理都道府県・整備局":"神奈川県","都市計画決定":"2"}},{"type":"Feature","geometry":{"type":"Point","coordinates":[139.548773648,35.42859491]},"properties":{"供用済面積":"5096","供用開始年":"1984","公園名":"川上長作公園","公園種別":"街区公園","所在地市区町村名":"横浜市","所在地都道府県名":"神奈川県","管理市区町村":"横浜市","管理都道府県・整備局":"神奈川県","都市計画決定":"2"}},{"type":"Feature","geometry":{"type":"Point","coordinates":[139.517214192,35.395691876]},"properties":{"供用済面積":"1449","供用開始年":"1969","公園名":"汲沢町公園","公園種別":"街区公園","所在地市区町村名":"横浜市","所在地都道府県名":"神奈川県","管理市区町村":"横浜市","管理都道府県・整備局":"神奈川県","都市計画決定":"2"}},{"type":"Feature","geometry":{"type":"Point","coordinates":[139.517159444,35.397246591]},"properties":{"供用済面積":"865","供用開始年":"1969","公園名":"汲沢町第二公園","公園種別":"街区公園","所在地市区町村名":"横浜市","所在地都道府県名":"神奈川県","管理市区町村":"横浜市","管理都道府県・整備局":"神奈川県","都市計画決定":"2"}},{"type":"Feature","geometry":{"type":"Point","coordinates":[139.519240296,35.401686478]},"properties":{"供用済面積":"2413","供用開始年":"2002","公園名":"汲沢二丁目公園","公園種別":"街区公園","所在地市区町村名":"横浜市","所在地都道府県名":"神奈川県","管理市区町村":"横浜市","管理都道府県・整備局":"神奈川県","都市計画決定":"2"}},{"type":"Feature","geometry":{"type":"Point","coordinates":[139.513201231,35.392570564]},"properties":{"供用済面積":"7163","供用開始年":"1998","公園名":"汲沢子の神公園","公園種別":"街区公園","所在地市区町村名":"横浜市","所在地都道府県名":"神奈川県","管理市区町村":"横浜市","管理都道府県・整備局":"神奈川県","都市計画決定":"2"}},{"type":"Feature","geometry":{"type":"Point","coordinates":[139.507321245,35.39418056]},"properties":{"供用済面積":"428","供用開始年":"1986","公園名":"汲沢畑田公園","公園種別":"街区公園","所在地市区町村名":"横浜市","所在地都道府県名":"神奈川県","管理市区町村":"横浜市","管理都道府県・整備局":"神奈川県","都市計画決定":"2"}},{"type":"Feature","geometry":{"type":"Point","coordinates":[139.519258469,35.390220501]},"properties":{"供用済面積":"1616","供用開始年":"1975","公園名":"汲沢細田公園","公園種別":"街区公園","所在地市区町村名":"横浜市","所在地都道府県名":"神奈川県","管理市区町村":"横浜市","管理都道府県・整備局":"神奈川県","都市計画決定":"2"}},{"type":"Feature","geometry":{"type":"Point","coordinates":[139.507886871,35.38120618]},"properties":{"供用済面積":"2767","供用開始年":"1971","公園名":"弘法池公園","公園種別":"街区公園","所在地市区町村名":"横浜市","所在地都道府県名":"神奈川県","管理市区町村":"横浜市","管理都道府県・整備局":"神奈川県","都市計画決定":"2"}},{"type":"Feature","geometry":{"type":"Point","coordinates":[139.515206259,35.380279333]},"properties":{"供用済面積":"1354","供用開始年":"1990","公園名":"小雀第二公園","公園種別":"街区公園","所在地市区町村名":"横浜市","所在地都道府県名":"神奈川県","管理市区町村":"横浜市","管理都道府県・整備局":"神奈川県","都市計画決定":"2"}},{"type":"Feature","geometry":{"type":"Point","coordinates":[139.525318524,35.404033491]},"properties":{"供用済面積":"246","供用開始年":"1974","公園名":"猿ヶ谷公園","公園種別":"街区公園","所在地市区町村名":"横浜市","所在地都道府県名":"神奈川県","管理市区町村":"横浜市","管理都道府県・整備局":"神奈川県","都市計画決定":"2"}},{"type":"Feature","geometry":{"type":"Point","coordinates":[139.527051312,35.40399053]},"properties":{"供用済面積":"267","供用開始年":"1990","公園名":"猿ヶ谷第二公園","公園種別":"街区公園","所在地市区町村名":"横浜市","所在地都道府県名":"神奈川県","管理市区町村":"横浜市","管理都道府県・整備局":"神奈川県","都市計画決定":"2"}},{"type":"Feature","geometry":{"type":"Point","coordinates":[139.564379878,35.432496622]},"properties":{"供用済面積":"2072","供用開始年":"1996","公園名":"品濃一里塚公園","公園種別":"街区公園","所在地市区町村名":"横浜市","所在地都道府県名":"神奈川県","管理市区町村":"横浜市","管理都道府県・整備局":"神奈川県","都市計画決定":"2"}},{"type":"Feature","geometry":{"type":"Point","coordinates":[139.560651503,35.427380456]},"properties":{"供用済面積":"1045","供用開始年":"1985","公園名":"品濃坂下公園","公園種別":"街区公園","所在地市区町村名":"横浜市","所在地都道府県名":"神奈川県","管理市区町村":"横浜市","管理都道府県・整備局":"神奈川県","都市計画決定":"1"}},{"type":"Feature","geometry":{"type":"Point","coordinates":[139.554468571,35.432377039]},"properties":{"供用済面積":"3016","供用開始年":"1990","公園名":"品濃町公園","公園種別":"街区公園","所在地市区町村名":"横浜市","所在地都道府県名":"神奈川県","管理市区町村":"横浜市","管理都道府県・整備局":"神奈川県","都市計画決定":"2"}},{"type":"Feature","geometry":{"type":"Point","coordinates":[139.565183031,35.435157567]},"properties":{"供用済面積":"1782","供用開始年":"1998","公園名":"品濃なかよし公園","公園種別":"街区公園","所在地市区町村名":"横浜市","所在地都道府県名":"神奈川県","管理市区町村":"横浜市","管理都道府県・整備局":"神奈川県","都市計画決定":"2"}},{"type":"Feature","geometry":{"type":"Point","coordinates":[139.56405135,35.435097778]},"properties":{"供用済面積":"1944","供用開始年":"1997","公園名":"品濃はなみずき公園","公園種別":"街区公園","所在地市区町村名":"横浜市","所在地都道府県名":"神奈川県","管理市区町村":"横浜市","管理都道府県・整備局":"神奈川県","都市計画決定":"2"}},{"type":"Feature","geometry":{"type":"Point","coordinates":[139.566186947,35.435591096]},"properties":{"供用済面積":"549","供用開始年":"2003","公園名":"品濃焼餅坂公園","公園種別":"街区公園","所在地市区町村名":"横浜市","所在地都道府県名":"神奈川県","管理市区町村":"横浜市","管理都道府県・整備局":"神奈川県","都市計画決定":"2"}},{"type":"Feature","geometry":{"type":"Point","coordinates":[139.562372084,35.434664249]},"properties":{"供用済面積":"8239","供用開始年":"1991","公園名":"品濃谷宿公園","公園種別":"街区公園","所在地市区町村名":"横浜市","所在地都道府県名":"神奈川県","管理市区町村":"横浜市","管理都道府県・整備局":"神奈川県","都市計画決定":"1"}},{"type":"Feature","geometry":{"type":"Point","coordinates":[139.549923199,35.383822256]},"properties":{"供用済面積":"1680","供用開始年":"1970","公園名":"下倉田第一公園","公園種別":"街区公園","所在地市区町村名":"横浜市","所在地都道府県名":"神奈川県","管理市区町村":"横浜市","管理都道府県・整備局":"神奈川県","都市計画決定":"1"}},{"type":"Feature","geometry":{"type":"Point","coordinates":[139.549229572,35.381549993]},"properties":{"供用済面積":"710","供用開始年":"1970","公園名":"下倉田第二公園","公園種別":"街区公園","所在地市区町村名":"横浜市","所在地都道府県名":"神奈川県","管理市区町村":"横浜市","管理都道府県・整備局":"神奈川県","都市計画決定":"2"}},{"type":"Feature","geometry":{"type":"Point","coordinates":[139.541636383,35.380623152]},"properties":{"供用済面積":"2235","供用開始年":"1976","公園名":"下倉田第三公園","公園種別":"街区公園","所在地市区町村名":"横浜市","所在地都道府県名":"神奈川県","管理市区町村":"横浜市","管理都道府県・整備局":"神奈川県","都市計画決定":"2"}},{"type":"Feature","geometry":{"type":"Point","coordinates":[139.542074442,35.379262776]},"properties":{"供用済面積":"1452","供用開始年":"1976","公園名":"下倉田第四公園","公園種別":"街区公園","所在地市区町村名":"横浜市","所在地都道府県名":"神奈川県","管理市区町村":"横浜市","管理都道府県・整備局":"神奈川県","都市計画決定":"2"}},{"type":"Feature","geometry":{"type":"Point","coordinates":[139.541601142,35.384290581]},"properties":{"供用済面積":"241","供用開始年":"1977","公園名":"下倉田第五公園","公園種別":"街区公園","所在地市区町村名":"横浜市","所在地都道府県名":"神奈川県","管理市区町村":"横浜市","管理都道府県・整備局":"神奈川県","都市計画決定":"2"}},{"type":"Feature","geometry":{"type":"Point","coordinates":[139.545165385,35.383848469]},"properties":{"供用済面積":"558","供用開始年":"2000","公園名":"下倉田角前公園","公園種別":"街区公園","所在地市区町村名":"横浜市","所在地都道府県名":"神奈川県","管理市区町村":"横浜市","管理都道府県・整備局":"神奈川県","都市計画決定":"2"}},{"type":"Feature","geometry":{"type":"Point","coordinates":[139.539090448,35.382154009]},"properties":{"供用済面積":"305","供用開始年":"1997","公園名":"下倉田こぶし公園","公園種別":"街区公園","所在地市区町村名":"横浜市","所在地都道府県名":"神奈川県","管理市区町村":"横浜市","管理都道府県・整備局":"神奈川県","都市計画決定":"2"}},{"type":"Feature","geometry":{"type":"Point","coordinates":[139.544283032,35.379606603]},"properties":{"供用済面積":"1102","供用開始年":"1986","公園名":"下倉田花立公園","公園種別":"街区公園","所在地市区町村名":"横浜市","所在地都道府県名":"神奈川県","管理市区町村":"横浜市","管理都道府県・整備局":"神奈川県","都市計画決定":"2"}},{"type":"Feature","geometry":{"type":"Point","coordinates":[139.546546406,35.381639686]},"properties":{"供用済面積":"548","供用開始年":"1993","公園名":"下倉田雪下公園","公園種別":"街区公園","所在地市区町村名":"横浜市","所在地都道府県名":"神奈川県","管理市区町村":"横浜市","管理都道府県・整備局":"神奈川県","都市計画決定":"2"}},{"type":"Feature","geometry":{"type":"Point","coordinates":[139.544319602,35.38703632]},"properties":{"供用済面積":"2699","供用開始年":"1988","公園名":"下倉田脇谷公園","公園種別":"街区公園","所在地市区町村名":"横浜市","所在地都道府県名":"神奈川県","管理市区町村":"横浜市","管理都道府県・整備局":"神奈川県","都市計画決定":"2"}},{"type":"Feature","geometry":{"type":"Point","coordinates":[139.522069369,35.385182647]},"properties":{"供用済面積":"5905","供用開始年":"1990","公園名":"十一ノ区公園","公園種別":"街区公園","所在地市区町村名":"横浜市","所在地都道府県名":"神奈川県","管理市区町村":"横浜市","管理都道府県・整備局":"神奈川県","都市計画決定":"2"}},{"type":"Feature","geometry":{"type":"Point","coordinates":[139.523038867,35.398088687]},"properties":{"供用済面積":"580","供用開始年":"1991","公園名":"十九ノ区公園","公園種別":"街区公園","所在地市区町村名":"横浜市","所在地都道府県名":"神奈川県","管理市区町村":"横浜市","管理都道府県・整備局":"神奈川県","都市計画決定":"2"}},{"type":"Feature","geometry":{"type":"Point","coordinates":[139.516561159,35.383180594]},"properties":{"供用済面積":"417","供用開始年":"1968","公園名":"十ノ区公園","公園種別":"街区公園","所在地市区町村名":"横浜市","所在地都道府県名":"神奈川県","管理市区町村":"横浜市","管理都道府県・整備局":"神奈川県","都市計画決定":"2"}},{"type":"Feature","geometry":{"type":"Point","coordinates":[139.519011336,35.385660166]},"properties":{"供用済面積":"545","供用開始年":"1971","公園名":"十ノ区第二公園","公園種別":"街区公園","所在地市区町村名":"横浜市","所在地都道府県名":"神奈川県","管理市区町村":"横浜市","管理都道府県・整備局":"神奈川県","都市計画決定":"2"}},{"type":"Feature","geometry":{"type":"Point","coordinates":[139.519108384,35.386739442]},"properties":{"供用済面積":"1171","供用開始年":"1990","公園名":"十ノ区第四公園","公園種別":"街区公園","所在地市区町村名":"横浜市","所在地都道府県名":"神奈川県","管理市区町村":"横浜市","管理都道府県・整備局":"神奈川県","都市計画決定":"2"}},{"type":"Feature","geometry":{"type":"Point","coordinates":[139.516451164,35.383890592]},"properties":{"供用済面積":"530","供用開始年":"1996","公園名":"十ノ区第五公園","公園種別":"街区公園","所在地市区町村名":"横浜市","所在地都道府県名":"神奈川県","管理市区町村":"横浜市","管理都道府県・整備局":"神奈川県","都市計画決定":"2"}},{"type":"Feature","geometry":{"type":"Point","coordinates":[139.519334781,35.387741349]},"properties":{"供用済面積":"1171","供用開始年":"1997","公園名":"十ノ区あじさい公園","公園種別":"街区公園","所在地市区町村名":"横浜市","所在地都道府県名":"神奈川県","管理市区町村":"横浜市","管理都道府県・整備局":"神奈川県","都市計画決定":"2"}},{"type":"Feature","geometry":{"type":"Point","coordinates":[139.52906107,35.396304471]},"properties":{"供用済面積":"618","供用開始年":"1985","公園名":"十八ノ区公園","公園種別":"街区公園","所在地市区町村名":"横浜市","所在地都道府県名":"神奈川県","管理市区町村":"横浜市","管理都道府県・整備局":"神奈川県","都市計画決定":"2"}},{"type":"Feature","geometry":{"type":"Point","coordinates":[139.528961258,35.397260548]},"properties":{"供用済面積":"1088","供用開始年":"1988","公園名":"十八ノ区第二公園","公園種別":"街区公園","所在地市区町村名":"横浜市","所在地都道府県名":"神奈川県","管理市区町村":"横浜市","管理都道府県・整備局":"神奈川県","都市計画決定":"2"}},{"type":"Feature","geometry":{"type":"Point","coordinates":[139.528488136,35.397076399]},"properties":{"供用済面積":"1180","供用開始年":"1991","公園名":"十八ノ区第三公園","公園種別":"街区公園","所在地市区町村名":"横浜市","所在地都道府県名":"神奈川県","管理市区町村":"横浜市","管理都道府県・整備局":"神奈川県","都市計画決定":"2"}},{"type":"Feature","geometry":{"type":"Point","coordinates":[139.559221517,35.429180453]},"properties":{"供用済面積":"4275","供用開始年":"1988","公園名":"白旗山公園","公園種別":"街区公園","所在地市区町村名":"横浜市","所在地都道府県名":"神奈川県","管理市区町村":"横浜市","管理都道府県・整備局":"神奈川県","都市計画決定":"1"}},{"type":"Feature","geometry":{"type":"Point","coordinates":[139.524971649,35.395886214]},"properties":{"供用済面積":"1688","供用開始年":"1980","公園名":"新沢池公園","公園種別":"街区公園","所在地市区町村名":"横浜市","所在地都道府県名":"神奈川県","管理市区町村":"横浜市","管理都道府県・整備局":"神奈川県","都市計画決定":"1"}},{"type":"Feature","geometry":{"type":"Point","coordinates":[139.574434995,35.427620598]},"properties":{"供用済面積":"290","供用開始年":"1973","公園名":"大郷山公園","公園種別":"街区公園","所在地市区町村名":"横浜市","所在地都道府県名":"神奈川県","管理市区町村":"横浜市","管理都道府県・整備局":"神奈川県","都市計画決定":"2"}},{"type":"Feature","geometry":{"type":"Point","coordinates":[139.575568867,35.428849025]},"properties":{"供用済面積":"1331","供用開始年":"1985","公園名":"大郷山第二公園","公園種別":"街区公園","所在地市区町村名":"横浜市","所在地都道府県名":"神奈川県","管理市区町村":"横浜市","管理都道府県・整備局":"神奈川県","都市計画決定":"2"}},{"type":"Feature","geometry":{"type":"Point","coordinates":[139.499251133,35.377670609]},"properties":{"供用済面積":"2705","供用開始年":"1975","公園名":"大正公園","公園種別":"街区公園","所在地市区町村名":"横浜市","所在地都道府県名":"神奈川県","管理市区町村":"横浜市","管理都道府県・整備局":"神奈川県","都市計画決定":"2"}},{"type":"Feature","geometry":{"type":"Point","coordinates":[139.500476184,35.376467302]},"properties":{"供用済面積":"1338","供用開始年":"1982","公園名":"大正第二公園","公園種別":"街区公園","所在地市区町村名":"横浜市","所在地都道府県名":"神奈川県","管理市区町村":"横浜市","管理都道府県・整備局":"神奈川県","都市計画決定":"2"}},{"type":"Feature","geometry":{"type":"Point","coordinates":[139.558465894,35.425276192]},"properties":{"供用済面積":"2526","供用開始年":"1988","公園名":"天王山公園","公園種別":"街区公園","所在地市区町村名":"横浜市","所在地都道府県名":"神奈川県","管理市区町村":"横浜市","管理都道府県・整備局":"神奈川県","都市計画決定":"1"}},{"type":"Feature","geometry":{"type":"Point","coordinates":[139.527959229,35.379299544]},"properties":{"供用済面積":"644","供用開始年":"1975","公園名":"戸塚下郷公園","公園種別":"街区公園","所在地市区町村名":"横浜市","所在地都道府県名":"神奈川県","管理市区町村":"横浜市","管理都道府県・整備局":"神奈川県","都市計画決定":"2"}},{"type":"Feature","geometry":{"type":"Point","coordinates":[139.526030222,35.383328952]},"properties":{"供用済面積":"1793","供用開始年":"1979","公園名":"戸塚町南第一公園","公園種別":"街区公園","所在地市区町村名":"横浜市","所在地都道府県名":"神奈川県","管理市区町村":"横浜市","管理都道府県・整備局":"神奈川県","都市計画決定":"2"}},{"type":"Feature","geometry":{"type":"Point","coordinates":[139.530465665,35.384360436]},"properties":{"供用済面積":"1612","供用開始年":"1979","公園名":"戸塚町南第二公園","公園種別":"街区公園","所在地市区町村名":"横浜市","所在地都道府県名":"神奈川県","管理市区町村":"横浜市","管理都道府県・整備局":"神奈川県","都市計画決定":"2"}},{"type":"Feature","geometry":{"type":"Point","coordinates":[139.529338218,35.385951522]},"properties":{"供用済面積":"237","供用開始年":"1977","公園名":"戸塚町南第三公園","公園種別":"街区公園","所在地市区町村名":"横浜市","所在地都道府県名":"神奈川県","管理市区町村":"横浜市","管理都道府県・整備局":"神奈川県","都市計画決定":"2"}},{"type":"Feature","geometry":{"type":"Point","coordinates":[139.522549199,35.402099097]},"properties":{"供用済面積":"366","供用開始年":"1979","公園名":"戸塚町北公園","公園種別":"街区公園","所在地市区町村名":"横浜市","所在地都道府県名":"神奈川県","管理市区町村":"横浜市","管理都道府県・整備局":"神奈川県","都市計画決定":"2"}},{"type":"Feature","geometry":{"type":"Point","coordinates":[139.526192389,35.401037398]},"properties":{"供用済面積":"882","供用開始年":"1998","公園名":"戸塚町ぜんば公園","公園種別":"街区公園","所在地市区町村名":"横浜市","所在地都道府県名":"神奈川県","管理市区町村":"横浜市","管理都道府県・整備局":"神奈川県","都市計画決定":"2"}},{"type":"Feature","geometry":{"type":"Point","coordinates":[139.5275739,35.39367531]},"properties":{"供用済面積":"782","供用開始年":"1988","公園名":"戸塚富塚公園","公園種別":"街区公園","所在地市区町村名":"横浜市","所在地都道府県名":"神奈川県","管理市区町村":"横浜市","管理都道府県・整備局":"神奈川県","都市計画決定":"2"}},{"type":"Feature","geometry":{"type":"Point","coordinates":[139.524095499,35.394510898]},"properties":{"供用済面積":"409","供用開始年":"1988","公園名":"戸塚宮ヶ谷公園","公園種別":"街区公園","所在地市区町村名":"横浜市","所在地都道府県名":"神奈川県","管理市区町村":"横浜市","管理都道府県・整備局":"神奈川県","都市計画決定":"2"}},{"type":"Feature","geometry":{"type":"Point","coordinates":[139.5231214,35.414630505]},"properties":{"供用済面積":"7490","供用開始年":"1982","公園名":"鳥が丘第一公園","公園種別":"街区公園","所在地市区町村名":"横浜市","所在地都道府県名":"神奈川県","管理市区町村":"横浜市","管理都道府県・整備局":"神奈川県","都市計画決定":"1"}},{"type":"Feature","geometry":{"type":"Point","coordinates":[139.525574132,35.41241995]},"properties":{"供用済面積":"1475","供用開始年":"1984","公園名":"鳥が丘第二公園","公園種別":"街区公園","所在地市区町村名":"横浜市","所在地都道府県名":"神奈川県","管理市区町村":"横浜市","管理都道府県・整備局":"神奈川県","都市計画決定":"1"}},{"type":"Feature","geometry":{"type":"Point","coordinates":[139.527289886,35.410416774]},"properties":{"供用済面積":"1235","供用開始年":"1982","公園名":"鳥が丘第三公園","公園種別":"街区公園","所在地市区町村名":"横浜市","所在地都道府県名":"神奈川県","管理市区町村":"横浜市","管理都道府県・整備局":"神奈川県","都市計画決定":"1"}},{"type":"Feature","geometry":{"type":"Point","coordinates":[139.52303696,35.409609517]},"properties":{"供用済面積":"1291","供用開始年":"1984","公園名":"鳥が丘第四公園","公園種別":"街区公園","所在地市区町村名":"横浜市","所在地都道府県名":"神奈川県","管理市区町村":"横浜市","管理都道府県・整備局":"神奈川県","都市計画決定":"1"}},{"type":"Feature","geometry":{"type":"Point","coordinates":[139.520518075,35.411537953]},"properties":{"供用済面積":"1503","供用開始年":"1984","公園名":"鳥が丘第五公園","公園種別":"街区公園","所在地市区町村名":"横浜市","所在地都道府県名":"神奈川県","管理市区町村":"横浜市","管理都道府県・整備局":"神奈川県","都市計画決定":"1"}},{"type":"Feature","geometry":{"type":"Point","coordinates":[139.49375923,35.390011208]},"properties":{"供用済面積":"5249","供用開始年":"1975","公園名":"ドリ－ムハイツ第一公園","公園種別":"街区公園","所在地市区町村名":"横浜市","所在地都道府県名":"神奈川県","管理市区町村":"横浜市","管理都道府県・整備局":"神奈川県","都市計画決定":"2"}},{"type":"Feature","geometry":{"type":"Point","coordinates":[139.496989956,35.38664765]},"properties":{"供用済面積":"2337","供用開始年":"1975","公園名":"ドリ－ムハイツ第二公園","公園種別":"街区公園","所在地市区町村名":"横浜市","所在地都道府県名":"神奈川県","管理市区町村":"横浜市","管理都道府県・整備局":"神奈川県","都市計画決定":"2"}},{"type":"Feature","geometry":{"type":"Point","coordinates":[139.541154079,35.423895285]},"properties":{"供用済面積":"1315","供用開始年":"1976","公園名":"名瀬内久根公園","公園種別":"街区公園","所在地市区町村名":"横浜市","所在地都道府県名":"神奈川県","管理市区町村":"横浜市","管理都道府県・整備局":"神奈川県","都市計画決定":"2"}},{"type":"Feature","geometry":{"type":"Point","coordinates":[139.543720295,35.425890769]},"properties":{"供用済面積":"313","供用開始年":"1988","公園名":"名瀬内久根第二公園","公園種別":"街区公園","所在地市区町村名":"横浜市","所在地都道府県名":"神奈川県","管理市区町村":"横浜市","管理都道府県・整備局":"神奈川県","都市計画決定":"2"}},{"type":"Feature","geometry":{"type":"Point","coordinates":[139.539848109,35.432833453]},"properties":{"供用済面積":"889","供用開始年":"2000","公園名":"名瀬桐ケ谷公園","公園種別":"街区公園","所在地市区町村名":"横浜市","所在地都道府県名":"神奈川県","管理市区町村":"横浜市","管理都道府県・整備局":"神奈川県","都市計画決定":"2"}},{"type":"Feature","geometry":{"type":"Point","coordinates":[139.540895864,35.434732819]},"properties":{"供用済面積":"8988","供用開始年":"1978","公園名":"名瀬下第一公園","公園種別":"街区公園","所在地市区町村名":"横浜市","所在地都道府県名":"神奈川県","管理市区町村":"横浜市","管理都道府県・整備局":"神奈川県","都市計画決定":"1"}},{"type":"Feature","geometry":{"type":"Point","coordinates":[139.543372618,35.431261946]},"properties":{"供用済面積":"2998","供用開始年":"1974","公園名":"名瀬下第二公園","公園種別":"街区公園","所在地市区町村名":"横浜市","所在地都道府県名":"神奈川県","管理市区町村":"横浜市","管理都道府県・整備局":"神奈川県","都市計画決定":"1"}},{"type":"Feature","geometry":{"type":"Point","coordinates":[139.542071494,35.427020467]},"properties":{"供用済面積":"2306","供用開始年":"1979","公園名":"名瀬下第三公園","公園種別":"街区公園","所在地市区町村名":"横浜市","所在地都道府県名":"神奈川県","管理市区町村":"横浜市","管理都道府県・整備局":"神奈川県","都市計画決定":"1"}},{"type":"Feature","geometry":{"type":"Point","coordinates":[139.545215364,35.428203183]},"properties":{"供用済面積":"800","供用開始年":"1975","公園名":"名瀬下第四公園","公園種別":"街区公園","所在地市区町村名":"横浜市","所在地都道府県名":"神奈川県","管理市区町村":"横浜市","管理都道府県・整備局":"神奈川県","都市計画決定":"1"}},{"type":"Feature","geometry":{"type":"Point","coordinates":[139.543076695,35.427081776]},"properties":{"供用済面積":"150","供用開始年":"1979","公園名":"名瀬下第五公園","公園種別":"街区公園","所在地市区町村名":"横浜市","所在地都道府県名":"神奈川県","管理市区町村":"横浜市","管理都道府県・整備局":"神奈川県","都市計画決定":"2"}},{"type":"Feature","geometry":{"type":"Point","coordinates":[139.542591732,35.428011724]},"properties":{"供用済面積":"150","供用開始年":"1979","公園名":"名瀬下第六公園","公園種別":"街区公園","所在地市区町村名":"横浜市","所在地都道府県名":"神奈川県","管理市区町村":"横浜市","管理都道府県・整備局":"神奈川県","都市計画決定":"2"}},{"type":"Feature","geometry":{"type":"Point","coordinates":[139.541816117,35.432481784]},"properties":{"供用済面積":"1274","供用開始年":"1984","公園名":"名瀬下第七公園","公園種別":"街区公園","所在地市区町村名":"横浜市","所在地都道府県名":"神奈川県","管理市区町村":"横浜市","管理都道府県・整備局":"神奈川県","都市計画決定":"1"}},{"type":"Feature","geometry":{"type":"Point","coordinates":[139.543068496,35.434914138]},"properties":{"供用済面積":"1017","供用開始年":"1986","公園名":"名瀬下第八公園","公園種別":"街区公園","所在地市区町村名":"横浜市","所在地都道府県名":"神奈川県","管理市区町村":"横浜市","管理都道府県・整備局":"神奈川県","都市計画決定":"1"}},{"type":"Feature","geometry":{"type":"Point","coordinates":[139.541887988,35.435173418]},"properties":{"供用済面積":"691","供用開始年":"1993","公園名":"名瀬下第九公園","公園種別":"街区公園","所在地市区町村名":"横浜市","所在地都道府県名":"神奈川県","管理市区町村":"横浜市","管理都道府県・整備局":"神奈川県","都市計画決定":"2"}},{"type":"Feature","geometry":{"type":"Point","coordinates":[139.531994021,35.439969338]},"properties":{"供用済面積":"937","供用開始年":"1976","公園名":"名瀬町第一公園","公園種別":"街区公園","所在地市区町村名":"横浜市","所在地都道府県名":"神奈川県","管理市区町村":"横浜市","管理都道府県・整備局":"神奈川県","都市計画決定":"2"}},{"type":"Feature","geometry":{"type":"Point","coordinates":[139.533885248,35.439608238]},"properties":{"供用済面積":"628","供用開始年":"1976","公園名":"名瀬町第二公園","公園種別":"街区公園","所在地市区町村名":"横浜市","所在地都道府県名":"神奈川県","管理市区町村":"横浜市","管理都道府県・整備局":"神奈川県","都市計画決定":"2"}},{"type":"Feature","geometry":{"type":"Point","coordinates":[139.531385739,35.441038996]},"properties":{"供用済面積":"1226","供用開始年":"1988","公園名":"名瀬町第三公園","公園種別":"街区公園","所在地市区町村名":"横浜市","所在地都道府県名":"神奈川県","管理市区町村":"横浜市","管理都道府県・整備局":"神奈川県","都市計画決定":"2"}},{"type":"Feature","geometry":{"type":"Point","coordinates":[139.540706788,35.421389661]},"properties":{"供用済面積":"1027","供用開始年":"1976","公園名":"名瀬町南公園","公園種別":"街区公園","所在地市区町村名":"横浜市","所在地都道府県名":"神奈川県","管理市区町村":"横浜市","管理都道府県・整備局":"神奈川県","都市計画決定":"2"}},{"type":"Feature","geometry":{"type":"Point","coordinates":[139.538273585,35.41832724]},"properties":{"供用済面積":"1184","供用開始年":"1981","公園名":"名瀬町南第二公園","公園種別":"街区公園","所在地市区町村名":"横浜市","所在地都道府県名":"神奈川県","管理市区町村":"横浜市","管理都道府県・整備局":"神奈川県","都市計画決定":"2"}},{"type":"Feature","geometry":{"type":"Point","coordinates":[139.528361882,35.40389429]},"properties":{"供用済面積":"998","供用開始年":"1985","公園名":"二十一の区公園","公園種別":"街区公園","所在地市区町村名":"横浜市","所在地都道府県名":"神奈川県","管理市区町村":"横浜市","管理都道府県・整備局":"神奈川県","都市計画決定":"2"}},{"type":"Feature","geometry":{"type":"Point","coordinates":[139.568095573,35.422186813]},"properties":{"供用済面積":"358","供用開始年":"1986","公園名":"筈井庄谷公園","公園種別":"街区公園","所在地市区町村名":"横浜市","所在地都道府県名":"神奈川県","管理市区町村":"横浜市","管理都道府県・整備局":"神奈川県","都市計画決定":"2"}},{"type":"Feature","geometry":{"type":"Point","coordinates":[139.517591326,35.378808817]},"properties":{"供用済面積":"2663","供用開始年":"1990","公園名":"原宿公園","公園種別":"街区公園","所在地市区町村名":"横浜市","所在地都道府県名":"神奈川県","管理市区町村":"横浜市","管理都道府県・整備局":"神奈川県","都市計画決定":"2"}},{"type":"Feature","geometry":{"type":"Point","coordinates":[139.516643125,35.38125582]},"properties":{"供用済面積":"1848","供用開始年":"1990","公園名":"原宿第二公園","公園種別":"街区公園","所在地市区町村名":"横浜市","所在地都道府県名":"神奈川県","管理市区町村":"横浜市","管理都道府県・整備局":"神奈川県","都市計画決定":"2"}},{"type":"Feature","geometry":{"type":"Point","coordinates":[139.514801152,35.381930598]},"properties":{"供用済面積":"1387","供用開始年":"1990","公園名":"原宿第三公園","公園種別":"街区公園","所在地市区町村名":"横浜市","所在地都道府県名":"神奈川県","管理市区町村":"横浜市","管理都道府県・整備局":"神奈川県","都市計画決定":"2"}},{"type":"Feature","geometry":{"type":"Point","coordinates":[139.495996368,35.372011385]},"properties":{"供用済面積":"166","供用開始年":"1974","公園名":"東俣野第一公園","公園種別":"街区公園","所在地市区町村名":"横浜市","所在地都道府県名":"神奈川県","管理市区町村":"横浜市","管理都道府県・整備局":"神奈川県","都市計画決定":"2"}},{"type":"Feature","geometry":{"type":"Point","coordinates":[139.496779251,35.369744633]},"properties":{"供用済面積":"610","供用開始年":"1974","公園名":"東俣野第二公園","公園種別":"街区公園","所在地市区町村名":"横浜市","所在地都道府県名":"神奈川県","管理市区町村":"横浜市","管理都道府県・整備局":"神奈川県","都市計画決定":"2"}},{"type":"Feature","geometry":{"type":"Point","coordinates":[139.489954132,35.362527844]},"properties":{"供用済面積":"197","供用開始年":"1977","公園名":"東俣野南公園","公園種別":"街区公園","所在地市区町村名":"横浜市","所在地都道府県名":"神奈川県","管理市区町村":"横浜市","管理都道府県・整備局":"神奈川県","都市計画決定":"2"}},{"type":"Feature","geometry":{"type":"Point","coordinates":[139.568634661,35.428877198]},"properties":{"供用済面積":"1518","供用開始年":"1972","公園名":"平戸第一公園","公園種別":"街区公園","所在地市区町村名":"横浜市","所在地都道府県名":"神奈川県","管理市区町村":"横浜市","管理都道府県・整備局":"神奈川県","都市計画決定":"1"}},{"type":"Feature","geometry":{"type":"Point","coordinates":[139.565414292,35.430459696]},"properties":{"供用済面積":"4515","供用開始年":"1973","公園名":"平戸第二公園","公園種別":"街区公園","所在地市区町村名":"横浜市","所在地都道府県名":"神奈川県","管理市区町村":"横浜市","管理都道府県・整備局":"神奈川県","都市計画決定":"1"}},{"type":"Feature","geometry":{"type":"Point","coordinates":[139.570226945,35.426840462]},"properties":{"供用済面積":"376","供用開始年":"1984","公園名":"平戸第四公園","公園種別":"街区公園","所在地市区町村名":"横浜市","所在地都道府県名":"神奈川県","管理市区町村":"横浜市","管理都道府県・整備局":"神奈川県","都市計画決定":"2"}},{"type":"Feature","geometry":{"type":"Point","coordinates":[139.573476182,35.43178963]},"properties":{"供用済面積":"300","供用開始年":"1988","公園名":"平戸第五公園","公園種別":"街区公園","所在地市区町村名":"横浜市","所在地都道府県名":"神奈川県","管理市区町村":"横浜市","管理都道府県・整備局":"神奈川県","都市計画決定":"2"}},{"type":"Feature","geometry":{"type":"Point","coordinates":[139.566792978,35.425270298]},"properties":{"供用済面積":"594","供用開始年":"1991","公園名":"平戸第六公園","公園種別":"街区公園","所在地市区町村名":"横浜市","所在地都道府県名":"神奈川県","管理市区町村":"横浜市","管理都道府県・整備局":"神奈川県","都市計画決定":"2"}},{"type":"Feature","geometry":{"type":"Point","coordinates":[139.565953104,35.420281508]},"properties":{"供用済面積":"269","供用開始年":"2000","公園名":"平戸桑の谷公園","公園種別":"街区公園","所在地市区町村名":"横浜市","所在地都道府県名":"神奈川県","管理市区町村":"横浜市","管理都道府県・整備局":"神奈川県","都市計画決定":"2"}},{"type":"Feature","geometry":{"type":"Point","coordinates":[139.563883125,35.422858244]},"properties":{"供用済面積":"814","供用開始年":"1978","公園名":"平戸坂下公園","公園種別":"街区公園","所在地市区町村名":"横浜市","所在地都道府県名":"神奈川県","管理市区町村":"横浜市","管理都道府県・整備局":"神奈川県","都市計画決定":"2"}},{"type":"Feature","geometry":{"type":"Point","coordinates":[139.564723004,35.428544491]},"properties":{"供用済面積":"300","供用開始年":"1989","公園名":"平戸新林公園","公園種別":"街区公園","所在地市区町村名":"横浜市","所在地都道府県名":"神奈川県","管理市区町村":"横浜市","管理都道府県・整備局":"神奈川県","都市計画決定":"2"}},{"type":"Feature","geometry":{"type":"Point","coordinates":[139.563992589,35.42904337]},"properties":{"供用済面積":"156","供用開始年":"1996","公園名":"平戸新林第二公園","公園種別":"街区公園","所在地市区町村名":"横浜市","所在地都道府県名":"神奈川県","管理市区町村":"横浜市","管理都道府県・整備局":"神奈川県","都市計画決定":"2"}},{"type":"Feature","geometry":{"type":"Point","coordinates":[139.569708083,35.424378808]},"properties":{"供用済面積":"1414","供用開始年":"1989","公園名":"平戸台公園","公園種別":"街区公園","所在地市区町村名":"横浜市","所在地都道府県名":"神奈川県","管理市区町村":"横浜市","管理都道府県・整備局":"神奈川県","都市計画決定":"2"}},{"type":"Feature","geometry":{"type":"Point","coordinates":[139.559206049,35.42122847]},"properties":{"供用済面積":"564","供用開始年":"1991","公園名":"平戸台第二公園","公園種別":"街区公園","所在地市区町村名":"横浜市","所在地都道府県名":"神奈川県","管理市区町村":"横浜市","管理都道府県・整備局":"神奈川県","都市計画決定":"2"}},{"type":"Feature","geometry":{"type":"Point","coordinates":[139.569099812,35.427748941]},"properties":{"供用済面積":"720","供用開始年":"1968","公園名":"平戸中公園","公園種別":"街区公園","所在地市区町村名":"横浜市","所在地都道府県名":"神奈川県","管理市区町村":"横浜市","管理都道府県・整備局":"神奈川県","都市計画決定":"2"}},{"type":"Feature","geometry":{"type":"Point","coordinates":[139.561997068,35.424378813]},"properties":{"供用済面積":"2605","供用開始年":"1989","公園名":"平戸本林公園","公園種別":"街区公園","所在地市区町村名":"横浜市","所在地都道府県名":"神奈川県","管理市区町村":"横浜市","管理都道府県・整備局":"神奈川県","都市計画決定":"2"}},{"type":"Feature","geometry":{"type":"Point","coordinates":[139.561835374,35.425202101]},"properties":{"供用済面積":"379","供用開始年":"1996","公園名":"平戸本林第二公園","公園種別":"街区公園","所在地市区町村名":"横浜市","所在地都道府県名":"神奈川県","管理市区町村":"横浜市","管理都道府県・整備局":"神奈川県","都市計画決定":"2"}},{"type":"Feature","geometry":{"type":"Point","coordinates":[139.564466034,35.426137137]},"properties":{"供用済面積":"7250","供用開始年":"1993","公園名":"平戸みはらし公園","公園種別":"街区公園","所在地市区町村名":"横浜市","所在地都道府県名":"神奈川県","管理市区町村":"横浜市","管理都道府県・整備局":"神奈川県","都市計画決定":"2"}},{"type":"Feature","geometry":{"type":"Point","coordinates":[139.50931116,35.382530596]},"properties":{"供用済面積":"2341","供用開始年":"1987","公園名":"深谷町えのき公園","公園種別":"街区公園","所在地市区町村名":"横浜市","所在地都道府県名":"神奈川県","管理市区町村":"横浜市","管理都道府県・整備局":"神奈川県","都市計画決定":"2"}},{"type":"Feature","geometry":{"type":"Point","coordinates":[139.501404318,35.384277499]},"properties":{"供用済面積":"265","供用開始年":"1995","公園名":"深谷町中丸公園","公園種別":"街区公園","所在地市区町村名":"横浜市","所在地都道府県名":"神奈川県","管理市区町村":"横浜市","管理都道府県・整備局":"神奈川県","都市計画決定":"2"}},{"type":"Feature","geometry":{"type":"Point","coordinates":[139.499881371,35.381686237]},"properties":{"供用済面積":"289","供用開始年":"1986","公園名":"深谷町子崎公園","公園種別":"街区公園","所在地市区町村名":"横浜市","所在地都道府県名":"神奈川県","管理市区町村":"横浜市","管理都道府県・整備局":"神奈川県","都市計画決定":"2"}},{"type":"Feature","geometry":{"type":"Point","coordinates":[139.502455654,35.389417394]},"properties":{"供用済面積":"1086","供用開始年":"1988","公園名":"深谷町東山公園","公園種別":"街区公園","所在地市区町村名":"横浜市","所在地都道府県名":"神奈川県","管理市区町村":"横浜市","管理都道府県・整備局":"神奈川県","都市計画決定":"2"}},{"type":"Feature","geometry":{"type":"Point","coordinates":[139.502598742,35.383468382]},"properties":{"供用済面積":"910","供用開始年":"1995","公園名":"深谷町前田公園","公園種別":"街区公園","所在地市区町村名":"横浜市","所在地都道府県名":"神奈川県","管理市区町村":"横浜市","管理都道府県・整備局":"神奈川県","都市計画決定":"2"}},{"type":"Feature","geometry":{"type":"Point","coordinates":[139.497177824,35.389095033]},"properties":{"供用済面積":"1325","供用開始年":"1989","公園名":"深谷町谷中公園","公園種別":"街区公園","所在地市区町村名":"横浜市","所在地都道府県名":"神奈川県","管理市区町村":"横浜市","管理都道府県・整備局":"神奈川県","都市計画決定":"2"}},{"type":"Feature","geometry":{"type":"Point","coordinates":[139.557595647,35.396992841]},"properties":{"供用済面積":"1044","供用開始年":"1974","公園名":"舞岡第一公園","公園種別":"街区公園","所在地市区町村名":"横浜市","所在地都道府県名":"神奈川県","管理市区町村":"横浜市","管理都道府県・整備局":"神奈川県","都市計画決定":"1"}},{"type":"Feature","geometry":{"type":"Point","coordinates":[139.556987306,35.391292926]},"properties":{"供用済面積":"2461","供用開始年":"1975","公園名":"舞岡第二公園","公園種別":"街区公園","所在地市区町村名":"横浜市","所在地都道府県名":"神奈川県","管理市区町村":"横浜市","管理都道府県・整備局":"神奈川県","都市計画決定":"1"}},{"type":"Feature","geometry":{"type":"Point","coordinates":[139.556808424,35.394443258]},"properties":{"供用済面積":"453","供用開始年":"1975","公園名":"舞岡第三公園","公園種別":"街区公園","所在地市区町村名":"横浜市","所在地都道府県名":"神奈川県","管理市区町村":"横浜市","管理都道府県・整備局":"神奈川県","都市計画決定":"2"}},{"type":"Feature","geometry":{"type":"Point","coordinates":[139.560059311,35.397657597]},"properties":{"供用済面積":"435","供用開始年":"1985","公園名":"舞岡第四公園","公園種別":"街区公園","所在地市区町村名":"横浜市","所在地都道府県名":"神奈川県","管理市区町村":"横浜市","管理都道府県・整備局":"神奈川県","都市計画決定":"2"}},{"type":"Feature","geometry":{"type":"Point","coordinates":[139.545286676,35.398355546]},"properties":{"供用済面積":"819","供用開始年":"1993","公園名":"舞岡熊之堂公園","公園種別":"街区公園","所在地市区町村名":"横浜市","所在地都道府県名":"神奈川県","管理市区町村":"横浜市","管理都道府県・整備局":"神奈川県","都市計画決定":"2"}},{"type":"Feature","geometry":{"type":"Point","coordinates":[139.544839518,35.411616283]},"properties":{"供用済面積":"534","供用開始年":"1988","公園名":"舞岡西根公園","公園種別":"街区公園","所在地市区町村名":"横浜市","所在地都道府県名":"神奈川県","管理市区町村":"横浜市","管理都道府県・整備局":"神奈川県","都市計画決定":"2"}},{"type":"Feature","geometry":{"type":"Point","coordinates":[139.549294369,35.411865379]},"properties":{"供用済面積":"2224","供用開始年":"1984","公園名":"舞岡西根第二公園","公園種別":"街区公園","所在地市区町村名":"横浜市","所在地都道府県名":"神奈川県","管理市区町村":"横浜市","管理都道府県・整備局":"神奈川県","都市計画決定":"2"}},{"type":"Feature","geometry":{"type":"Point","coordinates":[139.549061908,35.426181105]},"properties":{"供用済面積":"2750","供用開始年":"1977","公園名":"前田町公園","公園種別":"街区公園","所在地市区町村名":"横浜市","所在地都道府県名":"神奈川県","管理市区町村":"横浜市","管理都道府県・整備局":"神奈川県","都市計画決定":"2"}},{"type":"Feature","geometry":{"type":"Point","coordinates":[139.550551473,35.424410468]},"properties":{"供用済面積":"168","供用開始年":"1986","公園名":"前田町第二公園","公園種別":"街区公園","所在地市区町村名":"横浜市","所在地都道府県名":"神奈川県","管理市区町村":"横浜市","管理都道府県・整備局":"神奈川県","都市計画決定":"2"}},{"type":"Feature","geometry":{"type":"Point","coordinates":[139.546702383,35.426820225]},"properties":{"供用済面積":"589","供用開始年":"1988","公園名":"前田町第三公園","公園種別":"街区公園","所在地市区町村名":"横浜市","所在地都道府県名":"神奈川県","管理市区町村":"横浜市","管理都道府県・整備局":"神奈川県","都市計画決定":"2"}},{"type":"Feature","geometry":{"type":"Point","coordinates":[139.496809638,35.380986957]},"properties":{"供用済面積":"1139","供用開始年":"1970","公園名":"俣野町第一公園","公園種別":"街区公園","所在地市区町村名":"横浜市","所在地都道府県名":"神奈川県","管理市区町村":"横浜市","管理都道府県・整備局":"神奈川県","都市計画決定":"1"}},{"type":"Feature","geometry":{"type":"Point","coordinates":[139.529741291,35.401510536]},"properties":{"供用済面積":"465","供用開始年":"1976","公園名":"矢沢公園","公園種別":"街区公園","所在地市区町村名":"横浜市","所在地都道府県名":"神奈川県","管理市区町村":"横浜市","管理都道府県・整備局":"神奈川県","都市計画決定":"2"}},{"type":"Feature","geometry":{"type":"Point","coordinates":[139.521473859,35.40449506]},"properties":{"供用済面積":"1016","供用開始年":"1975","公園名":"矢部大久保公園","公園種別":"街区公園","所在地市区町村名":"横浜市","所在地都道府県名":"神奈川県","管理市区町村":"横浜市","管理都道府県・整備局":"神奈川県","都市計画決定":"2"}},{"type":"Feature","geometry":{"type":"Point","coordinates":[139.533358241,35.405280045]},"properties":{"供用済面積":"1431","供用開始年":"1997","公園名":"矢部蔵坪公園","公園種別":"街区公園","所在地市区町村名":"横浜市","所在地都道府県名":"神奈川県","管理市区町村":"横浜市","管理都道府県・整備局":"神奈川県","都市計画決定":"2"}},{"type":"Feature","geometry":{"type":"Point","coordinates":[139.528755514,35.40774796]},"properties":{"供用済面積":"1368","供用開始年":"1988","公園名":"矢部神明台公園","公園種別":"街区公園","所在地市区町村名":"横浜市","所在地都道府県名":"神奈川県","管理市区町村":"横浜市","管理都道府県・整備局":"神奈川県","都市計画決定":"2"}},{"type":"Feature","geometry":{"type":"Point","coordinates":[139.526161687,35.40808564]},"properties":{"供用済面積":"563","供用開始年":"1992","公園名":"矢部配郷公園","公園種別":"街区公園","所在地市区町村名":"横浜市","所在地都道府県名":"神奈川県","管理市区町村":"横浜市","管理都道府県・整備局":"神奈川県","都市計画決定":"2"}},{"type":"Feature","geometry":{"type":"Point","coordinates":[139.534465323,35.405637254]},"properties":{"供用済面積":"2409","供用開始年":"1973","公園名":"矢部東公園","公園種別":"街区公園","所在地市区町村名":"横浜市","所在地都道府県名":"神奈川県","管理市区町村":"横浜市","管理都道府県・整備局":"神奈川県","都市計画決定":"2"}},{"type":"Feature","geometry":{"type":"Point","coordinates":[139.531650132,35.406516343]},"properties":{"供用済面積":"1056","供用開始年":"1997","公園名":"矢部柳作公園","公園種別":"街区公園","所在地市区町村名":"横浜市","所在地都道府県名":"神奈川県","管理市区町村":"横浜市","管理都道府県・整備局":"神奈川県","都市計画決定":"2"}},{"type":"Feature","geometry":{"type":"Point","coordinates":[139.543230292,35.406031988]},"properties":{"供用済面積":"349","供用開始年":"2001","公園名":"吉田下打越公園","公園種別":"街区公園","所在地市区町村名":"横浜市","所在地都道府県名":"神奈川県","管理市区町村":"横浜市","管理都道府県・整備局":"神奈川県","都市計画決定":"2"}},{"type":"Feature","geometry":{"type":"Point","coordinates":[139.537200047,35.407454909]},"properties":{"供用済面積":"1275","供用開始年":"1978","公園名":"吉田町公園","公園種別":"街区公園","所在地市区町村名":"横浜市","所在地都道府県名":"神奈川県","管理市区町村":"横浜市","管理都道府県・整備局":"神奈川県","都市計画決定":"2"}},{"type":"Feature","geometry":{"type":"Point","coordinates":[139.542889377,35.408920182]},"properties":{"供用済面積":"2494","供用開始年":"1990","公園名":"吉田町第二公園","公園種別":"街区公園","所在地市区町村名":"横浜市","所在地都道府県名":"神奈川県","管理市区町村":"横浜市","管理都道府県・整備局":"神奈川県","都市計画決定":"1"}},{"type":"Feature","geometry":{"type":"Point","coordinates":[139.542477856,35.405271651]},"properties":{"供用済面積":"1596","供用開始年":"1997","公園名":"吉田町第三公園","公園種別":"街区公園","所在地市区町村名":"横浜市","所在地都道府県名":"神奈川県","管理市区町村":"横浜市","管理都道府県・整備局":"神奈川県","都市計画決定":"2"}},{"type":"Feature","geometry":{"type":"Point","coordinates":[139.544231127,35.399674293]},"properties":{"供用済面積":"2065","供用開始年":"2002","公園名":"吉田町大谷公園","公園種別":"街区公園","所在地市区町村名":"横浜市","所在地都道府県名":"神奈川県","管理市区町村":"横浜市","管理都道府県・整備局":"神奈川県","都市計画決定":"2"}},{"type":"Feature","geometry":{"type":"Point","coordinates":[139.577597304,35.343876699]},"properties":{"供用済面積":"9677","供用開始年":"1987","公園名":"上郷一号緑地","公園種別":"都市緑地","所在地市区町村名":"横浜市","所在地都道府県名":"神奈川県","管理市区町村":"横浜市","管理都道府県・整備局":"神奈川県","都市計画決定":"2"}},{"type":"Feature","geometry":{"type":"Point","coordinates":[139.578957015,35.342440726]},"properties":{"供用済面積":"5118","供用開始年":"1987","公園名":"上郷二号緑地","公園種別":"都市緑地","所在地市区町村名":"横浜市","所在地都道府県名":"神奈川県","管理市区町村":"横浜市","管理都道府県・整備局":"神奈川県","都市計画決定":"2"}},{"type":"Feature","geometry":{"type":"Point","coordinates":[139.581572682,35.34465914]},"properties":{"供用済面積":"2242","供用開始年":"1987","公園名":"上郷四号緑地","公園種別":"都市緑地","所在地市区町村名":"横浜市","所在地都道府県名":"神奈川県","管理市区町村":"横浜市","管理都道府県・整備局":"神奈川県","都市計画決定":"2"}},{"type":"Feature","geometry":{"type":"Point","coordinates":[139.581501122,35.346394019]},"properties":{"供用済面積":"11586","供用開始年":"1987","公園名":"上郷五号緑地","公園種別":"都市緑地","所在地市区町村名":"横浜市","所在地都道府県名":"神奈川県","管理市区町村":"横浜市","管理都道府県・整備局":"神奈川県","都市計画決定":"2"}},{"type":"Feature","geometry":{"type":"Point","coordinates":[139.581412583,35.350268927]},"properties":{"供用済面積":"7363","供用開始年":"1987","公園名":"上郷六号緑地","公園種別":"都市緑地","所在地市区町村名":"横浜市","所在地都道府県名":"神奈川県","管理市区町村":"横浜市","管理都道府県・整備局":"神奈川県","都市計画決定":"2"}},{"type":"Feature","geometry":{"type":"Point","coordinates":[139.585147355,35.356551267]},"properties":{"供用済面積":"49251","供用開始年":"1987","公園名":"上郷七号緑地","公園種別":"都市緑地","所在地市区町村名":"横浜市","所在地都道府県名":"神奈川県","管理市区町村":"横浜市","管理都道府県・整備局":"神奈川県","都市計画決定":"2"}},{"type":"Feature","geometry":{"type":"Point","coordinates":[139.588949175,35.356093363]},"properties":{"供用済面積":"1009","供用開始年":"1987","公園名":"上郷八号緑地","公園種別":"都市緑地","所在地市区町村名":"横浜市","所在地都道府県名":"神奈川県","管理市区町村":"横浜市","管理都道府県・整備局":"神奈川県","都市計画決定":"2"}},{"type":"Feature","geometry":{"type":"Point","coordinates":[139.589485874,35.35100155]},"properties":{"供用済面積":"63569","供用開始年":"1987","公園名":"上郷九号緑地","公園種別":"都市緑地","所在地市区町村名":"横浜市","所在地都道府県名":"神奈川県","管理市区町村":"横浜市","管理都道府県・整備局":"神奈川県","都市計画決定":"2"}},{"type":"Feature","geometry":{"type":"Point","coordinates":[139.586399618,35.336568658]},"properties":{"供用済面積":"5188","供用開始年":"1988","公園名":"長者ヶ久保一号緑地","公園種別":"都市緑地","所在地市区町村名":"横浜市","所在地都道府県名":"神奈川県","管理市区町村":"横浜市","管理都道府県・整備局":"神奈川県","都市計画決定":"2"}},{"type":"Feature","geometry":{"type":"Point","coordinates":[139.555247319,35.380819879]},"properties":{"供用済面積":"7000","供用開始年":"2009","公園名":"小菅ケ谷北公園","公園種別":"特殊公園（風致公園、動植物公園、歴史公園、墓園）","所在地市区町村名":"横浜市","所在地都道府県名":"神奈川県","管理市区町村":"横浜市","管理都道府県・整備局":"神奈川県","都市計画決定":"1"}},{"type":"Feature","geometry":{"type":"Point","coordinates":[139.529081778,35.376643872]},"properties":{"供用済面積":"49153","供用開始年":"1981","公園名":"金井公園","公園種別":"地区公園（カントリーパーク）","所在地市区町村名":"横浜市","所在地都道府県名":"神奈川県","管理市区町村":"横浜市","管理都道府県・整備局":"神奈川県","都市計画決定":"1"}},{"type":"Feature","geometry":{"type":"Point","coordinates":[139.563991395,35.365617672]},"properties":{"供用済面積":"88316","供用開始年":"2000","公園名":"本郷ふじやま公園","公園種別":"地区公園（カントリーパーク）","所在地市区町村名":"横浜市","所在地都道府県名":"神奈川県","管理市区町村":"横浜市","管理都道府県・整備局":"神奈川県","都市計画決定":"2"}},{"type":"Feature","geometry":{"type":"Point","coordinates":[139.537848256,35.365581056]},"properties":{"供用済面積":"10412","供用開始年":"1994","公園名":"飯島南公園","公園種別":"近隣公園","所在地市区町村名":"横浜市","所在地都道府県名":"神奈川県","管理市区町村":"横浜市","管理都道府県・整備局":"神奈川県","都市計画決定":"1"}},{"type":"Feature","geometry":{"type":"Point","coordinates":[139.574050884,35.357290643]},"properties":{"供用済面積":"11460","供用開始年":"1973","公園名":"いの山東公園","公園種別":"近隣公園","所在地市区町村名":"横浜市","所在地都道府県名":"神奈川県","管理市区町村":"横浜市","管理都道府県・整備局":"神奈川県","都市計画決定":"1"}},{"type":"Feature","geometry":{"type":"Point","coordinates":[139.538138938,35.358914072]},"properties":{"供用済面積":"11163","供用開始年":"2003","公園名":"笠間中央公園","公園種別":"近隣公園","所在地市区町村名":"横浜市","所在地都道府県名":"神奈川県","管理市区町村":"横浜市","管理都道府県・整備局":"神奈川県","都市計画決定":"2"}},{"type":"Feature","geometry":{"type":"Point","coordinates":[139.558176873,35.369262535]},"properties":{"供用済面積":"9716","供用開始年":"1995","公園名":"鍛冶ケ谷西公園","公園種別":"近隣公園","所在地市区町村名":"横浜市","所在地都道府県名":"神奈川県","管理市区町村":"横浜市","管理都道府県・整備局":"神奈川県","都市計画決定":"2"}},{"type":"Feature","geometry":{"type":"Point","coordinates":[139.567670869,35.353360672]},"properties":{"供用済面積":"11688","供用開始年":"1978","公園名":"桂山公園","公園種別":"近隣公園","所在地市区町村名":"横浜市","所在地都道府県名":"神奈川県","管理市区町村":"横浜市","管理都道府県・整備局":"神奈川県","都市計画決定":"2"}},{"type":"Feature","geometry":{"type":"Point","coordinates":[139.519442981,35.369921936]},"properties":{"供用済面積":"5139","供用開始年":"1993","公園名":"千秀公園","公園種別":"近隣公園","所在地市区町村名":"横浜市","所在地都道府県名":"神奈川県","管理市区町村":"横浜市","管理都道府県・整備局":"神奈川県","都市計画決定":"2"}},{"type":"Feature","geometry":{"type":"Point","coordinates":[139.562224635,35.361459963]},"properties":{"供用済面積":"8944","供用開始年":"2001","公園名":"中野町左近公園","公園種別":"近隣公園","所在地市区町村名":"横浜市","所在地都道府県名":"神奈川県","管理市区町村":"横浜市","管理都道府県・整備局":"神奈川県","都市計画決定":"2"}},{"type":"Feature","geometry":{"type":"Point","coordinates":[139.546838509,35.371918356]},"properties":{"供用済面積":"10483","供用開始年":"1976","公園名":"本郷台中央公園","公園種別":"近隣公園","所在地市区町村名":"横浜市","所在地都道府県名":"神奈川県","管理市区町村":"横浜市","管理都道府県・整備局":"神奈川県","都市計画決定":"2"}},{"type":"Feature","geometry":{"type":"Point","coordinates":[139.569730856,35.351970675]},"properties":{"供用済面積":"1407","供用開始年":"1978","公園名":"あさもや公園","公園種別":"街区公園","所在地市区町村名":"横浜市","所在地都道府県名":"神奈川県","管理市区町村":"横浜市","管理都道府県・整備局":"神奈川県","都市計画決定":"2"}},{"type":"Feature","geometry":{"type":"Point","coordinates":[139.571729243,35.367119556]},"properties":{"供用済面積":"4190","供用開始年":"1984","公園名":"虻名公園","公園種別":"街区公園","所在地市区町村名":"横浜市","所在地都道府県名":"神奈川県","管理市区町村":"横浜市","管理都道府県・整備局":"神奈川県","都市計画決定":"2"}},{"type":"Feature","geometry":{"type":"Point","coordinates":[139.557013823,35.350964964]},"properties":{"供用済面積":"4577","供用開始年":"1977","公園名":"荒井沢公園","公園種別":"街区公園","所在地市区町村名":"横浜市","所在地都道府県名":"神奈川県","管理市区町村":"横浜市","管理都道府県・整備局":"神奈川県","都市計画決定":"2"}},{"type":"Feature","geometry":{"type":"Point","coordinates":[139.554307837,35.35222876]},"properties":{"供用済面積":"2572","供用開始年":"1976","公園名":"荒井沢中谷公園","公園種別":"街区公園","所在地市区町村名":"横浜市","所在地都道府県名":"神奈川県","管理市区町村":"横浜市","管理都道府県・整備局":"神奈川県","都市計画決定":"2"}},{"type":"Feature","geometry":{"type":"Point","coordinates":[139.537624639,35.367430969]},"properties":{"供用済面積":"2206","供用開始年":"1991","公園名":"飯島三ノ宮公園","公園種別":"街区公園","所在地市区町村名":"横浜市","所在地都道府県名":"神奈川県","管理市区町村":"横浜市","管理都道府県・整備局":"神奈川県","都市計画決定":"2"}},{"type":"Feature","geometry":{"type":"Point","coordinates":[139.534941014,35.370251621]},"properties":{"供用済面積":"1603","供用開始年":"1999","公園名":"飯島下坂公園","公園種別":"街区公園","所在地市区町村名":"横浜市","所在地都道府県名":"神奈川県","管理市区町村":"横浜市","管理都道府県・整備局":"神奈川県","都市計画決定":"2"}},{"type":"Feature","geometry":{"type":"Point","coordinates":[139.534051026,35.367739429]},"properties":{"供用済面積":"567","供用開始年":"1988","公園名":"飯島すずみどう公園","公園種別":"街区公園","所在地市区町村名":"横浜市","所在地都道府県名":"神奈川県","管理市区町村":"横浜市","管理都道府県・整備局":"神奈川県","都市計画決定":"2"}},{"type":"Feature","geometry":{"type":"Point","coordinates":[139.538138977,35.36437221]},"properties":{"供用済面積":"1627","供用開始年":"1974","公園名":"飯島町第一公園","公園種別":"街区公園","所在地市区町村名":"横浜市","所在地都道府県名":"神奈川県","管理市区町村":"横浜市","管理都道府県・整備局":"神奈川県","都市計画決定":"2"}},{"type":"Feature","geometry":{"type":"Point","coordinates":[139.539566072,35.365509005]},"properties":{"供用済面積":"517","供用開始年":"1974","公園名":"飯島町第二公園","公園種別":"街区公園","所在地市区町村名":"横浜市","所在地都道府県名":"神奈川県","管理市区町村":"横浜市","管理都道府県・整備局":"神奈川県","都市計画決定":"2"}},{"type":"Feature","geometry":{"type":"Point","coordinates":[139.531832495,35.37395143]},"properties":{"供用済面積":"517","供用開始年":"1990","公園名":"飯島町久保公園","公園種別":"街区公園","所在地市区町村名":"横浜市","所在地都道府県名":"神奈川県","管理市区町村":"横浜市","管理都道府県・整備局":"神奈川県","都市計画決定":"2"}},{"type":"Feature","geometry":{"type":"Point","coordinates":[139.544221996,35.377559659]},"properties":{"供用済面積":"2348","供用開始年":"1998","公園名":"飯島わんわん池公園","公園種別":"街区公園","所在地市区町村名":"横浜市","所在地都道府県名":"神奈川県","管理市区町村":"横浜市","管理都道府県・整備局":"神奈川県","都市計画決定":"2"}},{"type":"Feature","geometry":{"type":"Point","coordinates":[139.577633146,35.352796519]},"properties":{"供用済面積":"1608","供用開始年":"1983","公園名":"鼬川公園","公園種別":"街区公園","所在地市区町村名":"横浜市","所在地都道府県名":"神奈川県","管理市区町村":"横浜市","管理都道府県・整備局":"神奈川県","都市計画決定":"2"}},{"type":"Feature","geometry":{"type":"Point","coordinates":[139.57233296,35.353364324]},"properties":{"供用済面積":"1202","供用開始年":"1974","公園名":"いの山南公園","公園種別":"街区公園","所在地市区町村名":"横浜市","所在地都道府県名":"神奈川県","管理市区町村":"横浜市","管理都道府県・整備局":"神奈川県","都市計画決定":"1"}},{"type":"Feature","geometry":{"type":"Point","coordinates":[139.572981543,35.359664984]},"properties":{"供用済面積":"2655","供用開始年":"1977","公園名":"尾月第一公園","公園種別":"街区公園","所在地市区町村名":"横浜市","所在地都道府県名":"神奈川県","管理市区町村":"横浜市","管理都道府県・整備局":"神奈川県","都市計画決定":"2"}},{"type":"Feature","geometry":{"type":"Point","coordinates":[139.572330923,35.362170625]},"properties":{"供用済面積":"1572","供用開始年":"1977","公園名":"尾月第二公園","公園種別":"街区公園","所在地市区町村名":"横浜市","所在地都道府県名":"神奈川県","管理市区町村":"横浜市","管理都道府県・整備局":"神奈川県","都市計画決定":"2"}},{"type":"Feature","geometry":{"type":"Point","coordinates":[139.546726636,35.364646944]},"properties":{"供用済面積":"385","供用開始年":"1967","公園名":"海里橋公園","公園種別":"街区公園","所在地市区町村名":"横浜市","所在地都道府県名":"神奈川県","管理市区町村":"横浜市","管理都道府県・整備局":"神奈川県","都市計画決定":"2"}},{"type":"Feature","geometry":{"type":"Point","coordinates":[139.533622155,35.355749406]},"properties":{"供用済面積":"279","供用開始年":"1977","公園名":"笠間岩井口公園","公園種別":"街区公園","所在地市区町村名":"横浜市","所在地都道府県名":"神奈川県","管理市区町村":"横浜市","管理都道府県・整備局":"神奈川県","都市計画決定":"2"}},{"type":"Feature","geometry":{"type":"Point","coordinates":[139.535969652,35.357412169]},"properties":{"供用済面積":"1880","供用開始年":"1987","公園名":"笠間岩井口第二公園","公園種別":"街区公園","所在地市区町村名":"横浜市","所在地都道府県名":"神奈川県","管理市区町村":"横浜市","管理都道府県・整備局":"神奈川県","都市計画決定":"2"}},{"type":"Feature","geometry":{"type":"Point","coordinates":[139.533621493,35.361459984]},"properties":{"供用済面積":"5306","供用開始年":"2004","公園名":"笠間三丁目公園","公園種別":"街区公園","所在地市区町村名":"横浜市","所在地都道府県名":"神奈川県","管理市区町村":"横浜市","管理都道府県・整備局":"神奈川県","都市計画決定":"2"}},{"type":"Feature","geometry":{"type":"Point","coordinates":[139.534717325,35.363419786]},"properties":{"供用済面積":"2108","供用開始年":"1984","公園名":"笠間扇子田公園","公園種別":"街区公園","所在地市区町村名":"横浜市","所在地都道府県名":"神奈川県","管理市区町村":"横浜市","管理都道府県・整備局":"神奈川県","都市計画決定":"2"}},{"type":"Feature","geometry":{"type":"Point","coordinates":[139.532816409,35.362082722]},"properties":{"供用済面積":"2685","供用開始年":"1984","公園名":"笠間台公園","公園種別":"街区公園","所在地市区町村名":"横浜市","所在地都道府県名":"神奈川県","管理市区町村":"横浜市","管理都道府県・整備局":"神奈川県","都市計画決定":"2"}},{"type":"Feature","geometry":{"type":"Point","coordinates":[139.537803508,35.361661461]},"properties":{"供用済面積":"1365","供用開始年":"1988","公園名":"笠間町第二公園","公園種別":"街区公園","所在地市区町村名":"横浜市","所在地都道府県名":"神奈川県","管理市区町村":"横浜市","管理都道府県・整備局":"神奈川県","都市計画決定":"2"}},{"type":"Feature","geometry":{"type":"Point","coordinates":[139.539212422,35.362613887]},"properties":{"供用済面積":"2947","供用開始年":"1970","公園名":"笠間町公園","公園種別":"街区公園","所在地市区町村名":"横浜市","所在地都道府県名":"神奈川県","管理市区町村":"横浜市","管理都道府県・整備局":"神奈川県","都市計画決定":"1"}},{"type":"Feature","geometry":{"type":"Point","coordinates":[139.559408546,35.374977994]},"properties":{"供用済面積":"508","供用開始年":"1988","公園名":"鍛冶ヶ谷第二公園","公園種別":"街区公園","所在地市区町村名":"横浜市","所在地都道府県名":"神奈川県","管理市区町村":"横浜市","管理都道府県・整備局":"神奈川県","都市計画決定":"2"}},{"type":"Feature","geometry":{"type":"Point","coordinates":[139.558033483,35.375668194]},"properties":{"供用済面積":"557","供用開始年":"1998","公園名":"鍛冶ヶ谷第三公園","公園種別":"街区公園","所在地市区町村名":"横浜市","所在地都道府県名":"神奈川県","管理市区町村":"横浜市","管理都道府県・整備局":"神奈川県","都市計画決定":"2"}},{"type":"Feature","geometry":{"type":"Point","coordinates":[139.562962719,35.37222971]},"properties":{"供用済面積":"2758","供用開始年":"2002","公園名":"鍛冶ヶ谷北谷公園","公園種別":"街区公園","所在地市区町村名":"横浜市","所在地都道府県名":"神奈川県","管理市区町村":"横浜市","管理都道府県・整備局":"神奈川県","都市計画決定":"2"}},{"type":"Feature","geometry":{"type":"Point","coordinates":[139.556767938,35.367192844]},"properties":{"供用済面積":"1384","供用開始年":"1984","公園名":"鍛冶ヶ谷中居公園","公園種別":"街区公園","所在地市区町村名":"横浜市","所在地都道府県名":"神奈川県","管理市区町村":"横浜市","管理都道府県・整備局":"神奈川県","都市計画決定":"2"}},{"type":"Feature","geometry":{"type":"Point","coordinates":[139.566700893,35.356700657]},"properties":{"供用済面積":"2174","供用開始年":"1978","公園名":"霞が淵公園","公園種別":"街区公園","所在地市区町村名":"横浜市","所在地都道府県名":"神奈川県","管理市区町村":"横浜市","管理都道府県・整備局":"神奈川県","都市計画決定":"2"}},{"type":"Feature","geometry":{"type":"Point","coordinates":[139.561460916,35.358660655]},"properties":{"供用済面積":"3545","供用開始年":"1973","公園名":"桂台第一公園","公園種別":"街区公園","所在地市区町村名":"横浜市","所在地都道府県名":"神奈川県","管理市区町村":"横浜市","管理都道府県・整備局":"神奈川県","都市計画決定":"2"}},{"type":"Feature","geometry":{"type":"Point","coordinates":[139.560435497,35.355690459]},"properties":{"供用済面積":"2670","供用開始年":"1973","公園名":"桂台第二公園","公園種別":"街区公園","所在地市区町村名":"横浜市","所在地都道府県名":"神奈川県","管理市区町村":"横浜市","管理都道府県・整備局":"神奈川県","都市計画決定":"2"}},{"type":"Feature","geometry":{"type":"Point","coordinates":[139.563476955,35.354664762]},"properties":{"供用済面積":"1737","供用開始年":"1973","公園名":"桂台第三公園","公園種別":"街区公園","所在地市区町村名":"横浜市","所在地都道府県名":"神奈川県","管理市区町村":"横浜市","管理都道府県・整備局":"神奈川県","都市計画決定":"2"}},{"type":"Feature","geometry":{"type":"Point","coordinates":[139.564220863,35.351520685]},"properties":{"供用済面積":"5777","供用開始年":"1978","公園名":"桂台第四公園","公園種別":"街区公園","所在地市区町村名":"横浜市","所在地都道府県名":"神奈川県","管理市区町村":"横浜市","管理都道府県・整備局":"神奈川県","都市計画決定":"2"}},{"type":"Feature","geometry":{"type":"Point","coordinates":[139.557707141,35.356917626]},"properties":{"供用済面積":"3190","供用開始年":"1987","公園名":"桂台第五公園","公園種別":"街区公園","所在地市区町村名":"横浜市","所在地都道府県名":"神奈川県","管理市区町村":"横浜市","管理都道府県・整備局":"神奈川県","都市計画決定":"2"}},{"type":"Feature","geometry":{"type":"Point","coordinates":[139.545586078,35.3632183]},"properties":{"供用済面積":"1042","供用開始年":"1977","公園名":"桂町平島公園","公園種別":"街区公園","所在地市区町村名":"横浜市","所在地都道府県名":"神奈川県","管理市区町村":"横浜市","管理都道府県・整備局":"神奈川県","都市計画決定":"2"}},{"type":"Feature","geometry":{"type":"Point","coordinates":[139.576492719,35.368822933]},"properties":{"供用済面積":"1129","供用開始年":"1984","公園名":"上郷深田公園","公園種別":"街区公園","所在地市区町村名":"横浜市","所在地都道府県名":"神奈川県","管理市区町村":"横浜市","管理都道府県・整備局":"神奈川県","都市計画決定":"2"}},{"type":"Feature","geometry":{"type":"Point","coordinates":[139.565434509,35.362692502]},"properties":{"供用済面積":"1813","供用開始年":"2002","公園名":"上郷六反町公園","公園種別":"街区公園","所在地市区町村名":"横浜市","所在地都道府県名":"神奈川県","管理市区町村":"横浜市","管理都道府県・整備局":"神奈川県","都市計画決定":"2"}},{"type":"Feature","geometry":{"type":"Point","coordinates":[139.576805701,35.354701381]},"properties":{"供用済面積":"1200","供用開始年":"1973","公園名":"上之公園","公園種別":"街区公園","所在地市区町村名":"横浜市","所在地都道府県名":"神奈川県","管理市区町村":"横浜市","管理都道府県・整備局":"神奈川県","都市計画決定":"1"}},{"type":"Feature","geometry":{"type":"Point","coordinates":[139.570074264,35.35924373]},"properties":{"供用済面積":"2632","供用開始年":"1970","公園名":"亀井公園","公園種別":"街区公園","所在地市区町村名":"横浜市","所在地都道府県名":"神奈川県","管理市区町村":"横浜市","管理都道府県・整備局":"神奈川県","都市計画決定":"1"}},{"type":"Feature","geometry":{"type":"Point","coordinates":[139.569515113,35.350012525]},"properties":{"供用済面積":"900","供用開始年":"1978","公園名":"草笛公園","公園種別":"街区公園","所在地市区町村名":"横浜市","所在地都道府県名":"神奈川県","管理市区町村":"横浜市","管理都道府県・整備局":"神奈川県","都市計画決定":"2"}},{"type":"Feature","geometry":{"type":"Point","coordinates":[139.549276036,35.356569624]},"properties":{"供用済面積":"635","供用開始年":"1977","公園名":"公田町西公園","公園種別":"街区公園","所在地市区町村名":"横浜市","所在地都道府県名":"神奈川県","管理市区町村":"横浜市","管理都道府県・整備局":"神奈川県","都市計画決定":"2"}},{"type":"Feature","geometry":{"type":"Point","coordinates":[139.556365313,35.355287515]},"properties":{"供用済面積":"656","供用開始年":"1976","公園名":"公田中谷公園","公園種別":"街区公園","所在地市区町村名":"横浜市","所在地都道府県名":"神奈川県","管理市区町村":"横浜市","管理都道府県・整備局":"神奈川県","都市計画決定":"2"}},{"type":"Feature","geometry":{"type":"Point","coordinates":[139.556946914,35.375654794]},"properties":{"供用済面積":"1816","供用開始年":"1976","公園名":"小菅ヶ谷第三公園","公園種別":"街区公園","所在地市区町村名":"横浜市","所在地都道府県名":"神奈川県","管理市区町村":"横浜市","管理都道府県・整備局":"神奈川県","都市計画決定":"2"}},{"type":"Feature","geometry":{"type":"Point","coordinates":[139.557841438,35.372467824]},"properties":{"供用済面積":"2533","供用開始年":"1974","公園名":"小菅ヶ谷第四公園","公園種別":"街区公園","所在地市区町村名":"横浜市","所在地都道府県名":"神奈川県","管理市区町村":"横浜市","管理都道府県・整備局":"神奈川県","都市計画決定":"2"}},{"type":"Feature","geometry":{"type":"Point","coordinates":[139.556641014,35.370510612]},"properties":{"供用済面積":"1164","供用開始年":"1980","公園名":"小菅ヶ谷第五公園","公園種別":"街区公園","所在地市区町村名":"横浜市","所在地都道府県名":"神奈川県","管理市区町村":"横浜市","管理都道府県・整備局":"神奈川県","都市計画決定":"2"}},{"type":"Feature","geometry":{"type":"Point","coordinates":[139.554997065,35.372937436]},"properties":{"供用済面積":"487","供用開始年":"1999","公園名":"小菅ヶ谷三丁目公園","公園種別":"街区公園","所在地市区町村名":"横浜市","所在地都道府県名":"神奈川県","管理市区町村":"横浜市","管理都道府県・整備局":"神奈川県","都市計画決定":"2"}},{"type":"Feature","geometry":{"type":"Point","coordinates":[139.551855393,35.370713317]},"properties":{"供用済面積":"526","供用開始年":"1997","公園名":"小菅ヶ谷瀧之前公園","公園種別":"街区公園","所在地市区町村名":"横浜市","所在地都道府県名":"神奈川県","管理市区町村":"横浜市","管理都道府県・整備局":"神奈川県","都市計画決定":"2"}},{"type":"Feature","geometry":{"type":"Point","coordinates":[139.555471035,35.372850605]},"properties":{"供用済面積":"278","供用開始年":"1991","公園名":"小菅ヶ谷宮ノ下公園","公園種別":"街区公園","所在地市区町村名":"横浜市","所在地都道府県名":"神奈川県","管理市区町村":"横浜市","管理都道府県・整備局":"神奈川県","都市計画決定":"2"}},{"type":"Feature","geometry":{"type":"Point","coordinates":[139.535365906,35.367980448]},"properties":{"供用済面積":"651","供用開始年":"1979","公園名":"小殿谷橋公園","公園種別":"街区公園","所在地市区町村名":"横浜市","所在地都道府県名":"神奈川県","管理市区町村":"横浜市","管理都道府県・整備局":"神奈川県","都市計画決定":"2"}},{"type":"Feature","geometry":{"type":"Point","coordinates":[139.557327131,35.378860074]},"properties":{"供用済面積":"2277","供用開始年":"1976","公園名":"小山台一丁目公園","公園種別":"街区公園","所在地市区町村名":"横浜市","所在地都道府県名":"神奈川県","管理市区町村":"横浜市","管理都道府県・整備局":"神奈川県","都市計画決定":"2"}},{"type":"Feature","geometry":{"type":"Point","coordinates":[139.569403328,35.35534244]},"properties":{"供用済面積":"1615","供用開始年":"1978","公園名":"笹舟公園","公園種別":"街区公園","所在地市区町村名":"横浜市","所在地都道府県名":"神奈川県","管理市区町村":"横浜市","管理都道府県・整備局":"神奈川県","都市計画決定":"2"}},{"type":"Feature","geometry":{"type":"Point","coordinates":[139.585370989,35.355708731]},"properties":{"供用済面積":"6424","供用開始年":"1977","公園名":"庄戸第一公園","公園種別":"街区公園","所在地市区町村名":"横浜市","所在地都道府県名":"神奈川県","管理市区町村":"横浜市","管理都道府県・整備局":"神奈川県","都市計画決定":"2"}},{"type":"Feature","geometry":{"type":"Point","coordinates":[139.589239894,35.354335042]},"properties":{"供用済面積":"4596","供用開始年":"1977","公園名":"庄戸第二公園","公園種別":"街区公園","所在地市区町村名":"横浜市","所在地都道府県名":"神奈川県","管理市区町村":"横浜市","管理都道府県・整備局":"神奈川県","都市計画決定":"2"}},{"type":"Feature","geometry":{"type":"Point","coordinates":[139.586600972,35.353291042]},"properties":{"供用済面積":"1629","供用開始年":"1977","公園名":"庄戸第三北公園","公園種別":"街区公園","所在地市区町村名":"横浜市","所在地都道府県名":"神奈川県","管理市区町村":"横浜市","管理都道府県・整備局":"神奈川県","都市計画決定":"2"}},{"type":"Feature","geometry":{"type":"Point","coordinates":[139.588390057,35.351477759]},"properties":{"供用済面積":"6657","供用開始年":"1977","公園名":"庄戸第三南公園","公園種別":"街区公園","所在地市区町村名":"横浜市","所在地都道府県名":"神奈川県","管理市区町村":"横浜市","管理都道府県・整備局":"神奈川県","都市計画決定":"2"}},{"type":"Feature","geometry":{"type":"Point","coordinates":[139.58241083,35.351760657]},"properties":{"供用済面積":"7576","供用開始年":"1977","公園名":"庄戸第四公園","公園種別":"街区公園","所在地市区町村名":"横浜市","所在地都道府県名":"神奈川県","管理市区町村":"横浜市","管理都道府県・整備局":"神奈川県","都市計画決定":"2"}},{"type":"Feature","geometry":{"type":"Point","coordinates":[139.583872583,35.349389758]},"properties":{"供用済面積":"4895","供用開始年":"1977","公園名":"庄戸第五西公園","公園種別":"街区公園","所在地市区町村名":"横浜市","所在地都道府県名":"神奈川県","管理市区町村":"横浜市","管理都道府県・整備局":"神奈川県","都市計画決定":"2"}},{"type":"Feature","geometry":{"type":"Point","coordinates":[139.586422034,35.348675439]},"properties":{"供用済面積":"3000","供用開始年":"1977","公園名":"庄戸第五東公園","公園種別":"街区公園","所在地市区町村名":"横浜市","所在地都道府県名":"神奈川県","管理市区町村":"横浜市","管理都道府県・整備局":"神奈川県","都市計画決定":"2"}},{"type":"Feature","geometry":{"type":"Point","coordinates":[139.552093879,35.359317011]},"properties":{"供用済面積":"1627","供用開始年":"1974","公園名":"たいら台公園","公園種別":"街区公園","所在地市区町村名":"横浜市","所在地都道府県名":"神奈川県","管理市区町村":"横浜市","管理都道府県・整備局":"神奈川県","都市計画決定":"2"}},{"type":"Feature","geometry":{"type":"Point","coordinates":[139.569403285,35.348675462]},"properties":{"供用済面積":"1094","供用開始年":"1979","公園名":"鳥の舞公園","公園種別":"街区公園","所在地市区町村名":"横浜市","所在地都道府県名":"神奈川県","管理市区町村":"横浜市","管理都道府県・整備局":"神奈川県","都市計画決定":"2"}},{"type":"Feature","geometry":{"type":"Point","coordinates":[139.52655455,35.35787007]},"properties":{"供用済面積":"2396","供用開始年":"1997","公園名":"長尾台けやき公園","公園種別":"街区公園","所在地市区町村名":"横浜市","所在地都道府県名":"神奈川県","管理市区町村":"横浜市","管理都道府県・整備局":"神奈川県","都市計画決定":"2"}},{"type":"Feature","geometry":{"type":"Point","coordinates":[139.527918745,35.359042284]},"properties":{"供用済面積":"331","供用開始年":"1983","公園名":"長尾台公園","公園種別":"街区公園","所在地市区町村名":"横浜市","所在地都道府県名":"神奈川県","管理市区町村":"横浜市","管理都道府県・整備局":"神奈川県","都市計画決定":"2"}},{"type":"Feature","geometry":{"type":"Point","coordinates":[139.583425301,35.347027013]},"properties":{"供用済面積":"635","供用開始年":"1977","公園名":"長倉公園","公園種別":"街区公園","所在地市区町村名":"横浜市","所在地都道府県名":"神奈川県","管理市区町村":"横浜市","管理都道府県・整備局":"神奈川県","都市計画決定":"2"}},{"type":"Feature","geometry":{"type":"Point","coordinates":[139.543796991,35.364903365]},"properties":{"供用済面積":"1538","供用開始年":"1979","公園名":"中坪公園","公園種別":"街区公園","所在地市区町村名":"横浜市","所在地都道府県名":"神奈川県","管理市区町村":"横浜市","管理都道府県・整備局":"神奈川県","都市計画決定":"2"}},{"type":"Feature","geometry":{"type":"Point","coordinates":[139.533903246,35.378353314]},"properties":{"供用済面積":"775","供用開始年":"1984","公園名":"長沼町第一公園","公園種別":"街区公園","所在地市区町村名":"横浜市","所在地都道府県名":"神奈川県","管理市区町村":"横浜市","管理都道府県・整備局":"神奈川県","都市計画決定":"2"}},{"type":"Feature","geometry":{"type":"Point","coordinates":[139.537624696,35.375233543]},"properties":{"供用済面積":"812","供用開始年":"1990","公園名":"長沼町第二公園","公園種別":"街区公園","所在地市区町村名":"横浜市","所在地都道府県名":"神奈川県","管理市区町村":"横浜市","管理都道府県・整備局":"神奈川県","都市計画決定":"2"}},{"type":"Feature","geometry":{"type":"Point","coordinates":[139.560189566,35.365031559]},"properties":{"供用済面積":"319","供用開始年":"2003","公園名":"中野町南河内公園","公園種別":"街区公園","所在地市区町村名":"横浜市","所在地都道府県名":"神奈川県","管理市区町村":"横浜市","管理都道府県・整備局":"神奈川県","都市計画決定":"2"}},{"type":"Feature","geometry":{"type":"Point","coordinates":[139.531295755,35.372449525]},"properties":{"供用済面積":"2498","供用開始年":"1978","公園名":"西飯島第一公園","公園種別":"街区公園","所在地市区町村名":"横浜市","所在地都道府県名":"神奈川県","管理市区町村":"横浜市","管理都道府県・整備局":"神奈川県","都市計画決定":"2"}},{"type":"Feature","geometry":{"type":"Point","coordinates":[139.532849706,35.370270761]},"properties":{"供用済面積":"1035","供用開始年":"1978","公園名":"西飯島第二公園","公園種別":"街区公園","所在地市区町村名":"横浜市","所在地都道府県名":"神奈川県","管理市区町村":"横浜市","管理都道府県・整備局":"神奈川県","都市計画決定":"2"}},{"type":"Feature","geometry":{"type":"Point","coordinates":[139.573965478,35.348693776]},"properties":{"供用済面積":"9760","供用開始年":"1975","公園名":"野七里第一公園","公園種別":"街区公園","所在地市区町村名":"横浜市","所在地都道府県名":"神奈川県","管理市区町村":"横浜市","管理都道府県・整備局":"神奈川県","都市計画決定":"2"}},{"type":"Feature","geometry":{"type":"Point","coordinates":[139.579198581,35.349096717]},"properties":{"供用済面積":"2171","供用開始年":"1975","公園名":"野七里第二公園","公園種別":"街区公園","所在地市区町村名":"横浜市","所在地都道府県名":"神奈川県","管理市区町村":"横浜市","管理都道府県・整備局":"神奈川県","都市計画決定":"2"}},{"type":"Feature","geometry":{"type":"Point","coordinates":[139.578020797,35.344440706]},"properties":{"供用済面積":"4166","供用開始年":"1975","公園名":"野七里第三公園","公園種別":"街区公園","所在地市区町村名":"横浜市","所在地都道府県名":"神奈川県","管理市区町村":"横浜市","管理都道府県・整備局":"神奈川県","都市計画決定":"2"}},{"type":"Feature","geometry":{"type":"Point","coordinates":[139.581144192,35.344316273]},"properties":{"供用済面積":"3528","供用開始年":"1975","公園名":"野七里第四公園","公園種別":"街区公園","所在地市区町村名":"横浜市","所在地都道府県名":"神奈川県","管理市区町村":"横浜市","管理都道府県・整備局":"神奈川県","都市計画決定":"2"}},{"type":"Feature","geometry":{"type":"Point","coordinates":[139.569604609,35.356972561]},"properties":{"供用済面積":"2432","供用開始年":"1978","公園名":"花籠公園","公園種別":"街区公園","所在地市区町村名":"横浜市","所在地都道府県名":"神奈川県","管理市区町村":"横浜市","管理都道府県・整備局":"神奈川県","都市計画決定":"2"}},{"type":"Feature","geometry":{"type":"Point","coordinates":[139.583895033,35.361276769]},"properties":{"供用済面積":"2402","供用開始年":"1975","公園名":"東上郷第一公園","公園種別":"街区公園","所在地市区町村名":"横浜市","所在地都道府県名":"神奈川県","管理市区町村":"横浜市","管理都道府県・整備局":"神奈川県","都市計画決定":"2"}},{"type":"Feature","geometry":{"type":"Point","coordinates":[139.583872643,35.358712539]},"properties":{"供用済面積":"3599","供用開始年":"1975","公園名":"東上郷第二公園","公園種別":"街区公園","所在地市区町村名":"横浜市","所在地都道府県名":"神奈川県","管理市区町村":"横浜市","管理都道府県・整備局":"神奈川県","都市計画決定":"2"}},{"type":"Feature","geometry":{"type":"Point","coordinates":[139.582843898,35.356349793]},"properties":{"供用済面積":"2088","供用開始年":"1975","公園名":"東上郷第三公園","公園種別":"街区公園","所在地市区町村名":"横浜市","所在地都道府県名":"神奈川県","管理市区町村":"横浜市","管理都道府県・整備局":"神奈川県","都市計画決定":"2"}},{"type":"Feature","geometry":{"type":"Point","coordinates":[139.553145001,35.36404251]},"properties":{"供用済面積":"1111","供用開始年":"1979","公園名":"本郷公園","公園種別":"街区公園","所在地市区町村名":"横浜市","所在地都道府県名":"神奈川県","管理市区町村":"横浜市","管理都道府県・整備局":"神奈川県","都市計画決定":"2"}},{"type":"Feature","geometry":{"type":"Point","coordinates":[139.545429573,35.369555607]},"properties":{"供用済面積":"1566","供用開始年":"1978","公園名":"本郷台二丁目公園","公園種別":"街区公園","所在地市区町村名":"横浜市","所在地都道府県名":"神奈川県","管理市区町村":"横浜市","管理都道府県・整備局":"神奈川県","都市計画決定":"2"}},{"type":"Feature","geometry":{"type":"Point","coordinates":[139.545832183,35.377394819]},"properties":{"供用済面積":"2204","供用開始年":"1989","公園名":"本郷台三丁目公園","公園種別":"街区公園","所在地市区町村名":"横浜市","所在地都道府県名":"神奈川県","管理市区町村":"横浜市","管理都道府県・整備局":"神奈川県","都市計画決定":"2"}},{"type":"Feature","geometry":{"type":"Point","coordinates":[139.548493441,35.375160274]},"properties":{"供用済面積":"1786","供用開始年":"1976","公園名":"本郷台四丁目第一公園","公園種別":"街区公園","所在地市区町村名":"横浜市","所在地都道府県名":"神奈川県","管理市区町村":"横浜市","管理都道府県・整備局":"神奈川県","都市計画決定":"2"}},{"type":"Feature","geometry":{"type":"Point","coordinates":[139.550304919,35.377614605]},"properties":{"供用済面積":"4030","供用開始年":"1976","公園名":"本郷台四丁目第二公園","公園種別":"街区公園","所在地市区町村名":"横浜市","所在地都道府県名":"神奈川県","管理市区町村":"横浜市","管理都道府県・整備局":"神奈川県","都市計画決定":"2"}},{"type":"Feature","geometry":{"type":"Point","coordinates":[139.552630783,35.382248528]},"properties":{"供用済面積":"4303","供用開始年":"1977","公園名":"本郷台赤坂公園","公園種別":"街区公園","所在地市区町村名":"横浜市","所在地都道府県名":"神奈川県","管理市区町村":"横浜市","管理都道府県・整備局":"神奈川県","都市計画決定":"2"}},{"type":"Feature","geometry":{"type":"Point","coordinates":[139.549365566,35.366771583]},"properties":{"供用済面積":"1981","供用開始年":"1996","公園名":"本郷台駅前公園","公園種別":"街区公園","所在地市区町村名":"横浜市","所在地都道府県名":"神奈川県","管理市区町村":"横浜市","管理都道府県・整備局":"神奈川県","都市計画決定":"2"}},{"type":"Feature","geometry":{"type":"Point","coordinates":[139.543981049,35.372620617]},"properties":{"供用済面積":"290","供用開始年":"1990","公園名":"本郷台大地原公園","公園種別":"街区公園","所在地市区町村名":"横浜市","所在地都道府県名":"神奈川県","管理市区町村":"横浜市","管理都道府県・整備局":"神奈川県","都市計画決定":"2"}},{"type":"Feature","geometry":{"type":"Point","coordinates":[139.554576299,35.366844847]},"properties":{"供用済面積":"6078","供用開始年":"1976","公園名":"本郷台公園","公園種別":"街区公園","所在地市区町村名":"横浜市","所在地都道府県名":"神奈川県","管理市区町村":"横浜市","管理都道府県・整備局":"神奈川県","都市計画決定":"1"}},{"type":"Feature","geometry":{"type":"Point","coordinates":[139.54859071,35.370976809]},"properties":{"供用済面積":"1299","供用開始年":"1985","公園名":"本郷台滝ノ前公園","公園種別":"街区公園","所在地市区町村名":"横浜市","所在地都道府県名":"神奈川県","管理市区町村":"横浜市","管理都道府県・整備局":"神奈川県","都市計画決定":"2"}},{"type":"Feature","geometry":{"type":"Point","coordinates":[139.545765007,35.366075579]},"properties":{"供用済面積":"1482","供用開始年":"1978","公園名":"本郷台西公園","公園種別":"街区公園","所在地市区町村名":"横浜市","所在地都道府県名":"神奈川県","管理市区町村":"横浜市","管理都道府県・整備局":"神奈川県","都市計画決定":"2"}},{"type":"Feature","geometry":{"type":"Point","coordinates":[139.571170171,35.370379795]},"properties":{"供用済面積":"843","供用開始年":"1972","公園名":"元大橋公園","公園種別":"街区公園","所在地市区町村名":"横浜市","所在地都道府県名":"神奈川県","管理市区町村":"横浜市","管理都道府県・整備局":"神奈川県","都市計画決定":"2"}},{"type":"Feature","geometry":{"type":"Point","coordinates":[139.566988031,35.352008959]},"properties":{"供用済面積":"1066","供用開始年":"1978","公園名":"ゆうもや公園","公園種別":"街区公園","所在地市区町村名":"横浜市","所在地都道府県名":"神奈川県","管理市区町村":"横浜市","管理都道府県・整備局":"神奈川県","都市計画決定":"2"}},{"type":"Feature","geometry":{"type":"Point","coordinates":[139.566920931,35.350415476]},"properties":{"供用済面積":"1021","供用開始年":"1978","公園名":"落柿公園","公園種別":"街区公園","所在地市区町村名":"横浜市","所在地都道府県名":"神奈川県","管理市区町村":"横浜市","管理都道府県・整備局":"神奈川県","都市計画決定":"2"}},{"type":"Feature","geometry":{"type":"Point","coordinates":[139.516222911,35.411206014]},"properties":{"供用済面積":"29566","供用開始年":"1975","公園名":"しらゆり公園","公園種別":"地区公園（カントリーパーク）","所在地市区町村名":"横浜市","所在地都道府県名":"神奈川県","管理市区町村":"横浜市","管理都道府県・整備局":"神奈川県","都市計画決定":"1"}},{"type":"Feature","geometry":{"type":"Point","coordinates":[139.48788794,35.389703117]},"properties":{"供用済面積":"34050","供用開始年":"1996","公園名":"天王森泉公園","公園種別":"地区公園（カントリーパーク）","所在地市区町村名":"横浜市","所在地都道府県名":"神奈川県","管理市区町村":"横浜市","管理都道府県・整備局":"神奈川県","都市計画決定":"1"}},{"type":"Feature","geometry":{"type":"Point","coordinates":[139.504213653,35.418642271]},"properties":{"供用済面積":"29000","供用開始年":"2001","公園名":"中田中央公園","公園種別":"地区公園（カントリーパーク）","所在地市区町村名":"横浜市","所在地都道府県名":"神奈川県","管理市区町村":"横浜市","管理都道府県・整備局":"神奈川県","都市計画決定":"1"}},{"type":"Feature","geometry":{"type":"Point","coordinates":[139.496475914,35.433093539]},"properties":{"供用済面積":"18167","供用開始年":"1984","公園名":"いずみ台公園","公園種別":"近隣公園","所在地市区町村名":"横浜市","所在地都道府県名":"神奈川県","管理市区町村":"横浜市","管理都道府県・整備局":"神奈川県","都市計画決定":"1"}},{"type":"Feature","geometry":{"type":"Point","coordinates":[139.489710738,35.412707913]},"properties":{"供用済面積":"12032","供用開始年":"1986","公園名":"泉中央公園","公園種別":"近隣公園","所在地市区町村名":"横浜市","所在地都道府県名":"神奈川県","管理市区町村":"横浜市","管理都道府県・整備局":"神奈川県","都市計画決定":"2"}},{"type":"Feature","geometry":{"type":"Point","coordinates":[139.515540987,35.433748334]},"properties":{"供用済面積":"15393","供用開始年":"2000","公園名":"新橋天神の森公園","公園種別":"近隣公園","所在地市区町村名":"横浜市","所在地都道府県名":"神奈川県","管理市区町村":"横浜市","管理都道府県・整備局":"神奈川県","都市計画決定":"2"}},{"type":"Feature","geometry":{"type":"Point","coordinates":[139.514227067,35.426902761]},"properties":{"供用済面積":"11687","供用開始年":"1989","公園名":"西が岡公園","公園種別":"近隣公園","所在地市区町村名":"横浜市","所在地都道府県名":"神奈川県","管理市区町村":"横浜市","管理都道府県・整備局":"神奈川県","都市計画決定":"2"}},{"type":"Feature","geometry":{"type":"Point","coordinates":[139.523424116,35.422078345]},"properties":{"供用済面積":"17494","供用開始年":"1990","公園名":"領家公園","公園種別":"近隣公園","所在地市区町村名":"横浜市","所在地都道府県名":"神奈川県","管理市区町村":"横浜市","管理都道府県・整備局":"神奈川県","都市計画決定":"2"}},{"type":"Feature","geometry":{"type":"Point","coordinates":[139.527038226,35.43964698]},"properties":{"供用済面積":"10001","供用開始年":"1988","公園名":"緑園東公園","公園種別":"近隣公園","所在地市区町村名":"横浜市","所在地都道府県名":"神奈川県","管理市区町村":"横浜市","管理都道府県・整備局":"神奈川県","都市計画決定":"2"}},{"type":"Feature","geometry":{"type":"Point","coordinates":[139.49277123,35.391300564]},"properties":{"供用済面積":"3324","供用開始年":"1991","公園名":"和泉アカシア公園","公園種別":"街区公園","所在地市区町村名":"横浜市","所在地都道府県名":"神奈川県","管理市区町村":"横浜市","管理都道府県・整備局":"神奈川県","都市計画決定":"2"}},{"type":"Feature","geometry":{"type":"Point","coordinates":[139.492204162,35.393073249]},"properties":{"供用済面積":"907","供用開始年":"1984","公園名":"和泉池田公園","公園種別":"街区公園","所在地市区町村名":"横浜市","所在地都道府県名":"神奈川県","管理市区町村":"横浜市","管理都道府県・整備局":"神奈川県","都市計画決定":"2"}},{"type":"Feature","geometry":{"type":"Point","coordinates":[139.496462314,35.40760144]},"properties":{"供用済面積":"1329","供用開始年":"2004","公園名":"泉が丘公園","公園種別":"街区公園","所在地市区町村名":"横浜市","所在地都道府県名":"神奈川県","管理市区町村":"横浜市","管理都道府県・整備局":"神奈川県","都市計画決定":"2"}},{"type":"Feature","geometry":{"type":"Point","coordinates":[139.505461669,35.434591779]},"properties":{"供用済面積":"2165","供用開始年":"1979","公園名":"泉新橋公園","公園種別":"街区公園","所在地市区町村名":"横浜市","所在地都道府県名":"神奈川県","管理市区町村":"横浜市","管理都道府県・整備局":"神奈川県","都市計画決定":"1"}},{"type":"Feature","geometry":{"type":"Point","coordinates":[139.494179669,35.418357689]},"properties":{"供用済面積":"179","供用開始年":"1984","公園名":"和泉銭亀公園","公園種別":"街区公園","所在地市区町村名":"横浜市","所在地都道府県名":"神奈川県","管理市区町村":"横浜市","管理都道府県・整備局":"神奈川県","都市計画決定":"2"}},{"type":"Feature","geometry":{"type":"Point","coordinates":[139.495138402,35.410253581]},"properties":{"供用済面積":"7514","供用開始年":"2009","公園名":"和泉町作右衛門公園","公園種別":"街区公園","所在地市区町村名":"横浜市","所在地都道府県名":"神奈川県","管理市区町村":"横浜市","管理都道府県・整備局":"神奈川県","都市計画決定":"2"}},{"type":"Feature","geometry":{"type":"Point","coordinates":[139.499877892,35.411576579]},"properties":{"供用済面積":"3000","供用開始年":"1973","公園名":"和泉町第二公園","公園種別":"街区公園","所在地市区町村名":"横浜市","所在地都道府県名":"神奈川県","管理市区町村":"横浜市","管理都道府県・整備局":"神奈川県","都市計画決定":"1"}},{"type":"Feature","geometry":{"type":"Point","coordinates":[139.492347427,35.412436835]},"properties":{"供用済面積":"1300","供用開始年":"1975","公園名":"和泉町第三公園","公園種別":"街区公園","所在地市区町村名":"横浜市","所在地都道府県名":"神奈川県","管理市区町村":"横浜市","管理都道府県・整備局":"神奈川県","都市計画決定":"2"}},{"type":"Feature","geometry":{"type":"Point","coordinates":[139.496033604,35.411954968]},"properties":{"供用済面積":"300","供用開始年":"1977","公園名":"和泉町公園","公園種別":"街区公園","所在地市区町村名":"横浜市","所在地都道府県名":"神奈川県","管理市区町村":"横浜市","管理都道府県・整備局":"神奈川県","都市計画決定":"2"}},{"type":"Feature","geometry":{"type":"Point","coordinates":[139.497911576,35.420759593]},"properties":{"供用済面積":"1945","供用開始年":"1993","公園名":"和泉町小谷山公園","公園種別":"街区公園","所在地市区町村名":"横浜市","所在地都道府県名":"神奈川県","管理市区町村":"横浜市","管理都道府県・整備局":"神奈川県","都市計画決定":"2"}},{"type":"Feature","geometry":{"type":"Point","coordinates":[139.497911495,35.409110666]},"properties":{"供用済面積":"1385","供用開始年":"2009","公園名":"和泉町十三本公園","公園種別":"街区公園","所在地市区町村名":"横浜市","所在地都道府県名":"神奈川県","管理市区町村":"横浜市","管理都道府県・整備局":"神奈川県","都市計画決定":"2"}},{"type":"Feature","geometry":{"type":"Point","coordinates":[139.489564021,35.398611783]},"properties":{"供用済面積":"150","供用開始年":"1976","公園名":"和泉土橋公園","公園種別":"街区公園","所在地市区町村名":"横浜市","所在地都道府県名":"神奈川県","管理市区町村":"横浜市","管理都道府県・整備局":"神奈川県","都市計画決定":"2"}},{"type":"Feature","geometry":{"type":"Point","coordinates":[139.487811571,35.440580425]},"properties":{"供用済面積":"2920","供用開始年":"1981","公園名":"内林第二公園","公園種別":"街区公園","所在地市区町村名":"横浜市","所在地都道府県名":"神奈川県","管理市区町村":"横浜市","管理都道府県・整備局":"神奈川県","都市計画決定":"1"}},{"type":"Feature","geometry":{"type":"Point","coordinates":[139.517699089,35.433826184]},"properties":{"供用済面積":"1973","供用開始年":"1972","公園名":"岡津第一公園","公園種別":"街区公園","所在地市区町村名":"横浜市","所在地都道府県名":"神奈川県","管理市区町村":"横浜市","管理都道府県・整備局":"神奈川県","都市計画決定":"1"}},{"type":"Feature","geometry":{"type":"Point","coordinates":[139.524162178,35.430602573]},"properties":{"供用済面積":"2694","供用開始年":"1993","公園名":"岡津公園","公園種別":"街区公園","所在地市区町村名":"横浜市","所在地都道府県名":"神奈川県","管理市区町村":"横浜市","管理都道府県・整備局":"神奈川県","都市計画決定":"2"}},{"type":"Feature","geometry":{"type":"Point","coordinates":[139.522730881,35.428368038]},"properties":{"供用済面積":"7229","供用開始年":"1995","公園名":"岡津鷹匠町公園","公園種別":"街区公園","所在地市区町村名":"横浜市","所在地都道府県名":"神奈川県","管理市区町村":"横浜市","管理都道府県・整備局":"神奈川県","都市計画決定":"2"}},{"type":"Feature","geometry":{"type":"Point","coordinates":[139.521985375,35.423422821]},"properties":{"供用済面積":"310","供用開始年":"1997","公園名":"岡津竹ノ鼻第二公園","公園種別":"街区公園","所在地市区町村名":"横浜市","所在地都道府県名":"神奈川県","管理市区町村":"横浜市","管理都道府県・整備局":"神奈川県","都市計画決定":"2"}},{"type":"Feature","geometry":{"type":"Point","coordinates":[139.520897034,35.424704847]},"properties":{"供用済面積":"2643","供用開始年":"1990","公園名":"岡津竹ノ鼻公園","公園種別":"街区公園","所在地市区町村名":"横浜市","所在地都道府県名":"神奈川県","管理市区町村":"横浜市","管理都道府県・整備局":"神奈川県","都市計画決定":"2"}},{"type":"Feature","geometry":{"type":"Point","coordinates":[139.522379043,35.424472108]},"properties":{"供用済面積":"391","供用開始年":"2000","公園名":"岡津竹ノ鼻第三公園","公園種別":"街区公園","所在地市区町村名":"横浜市","所在地都道府県名":"神奈川県","管理市区町村":"横浜市","管理都道府県・整備局":"神奈川県","都市計画決定":"2"}},{"type":"Feature","geometry":{"type":"Point","coordinates":[139.523991473,35.424400479]},"properties":{"供用済面積":"1878","供用開始年":"2000","公園名":"岡津南公園","公園種別":"街区公園","所在地市区町村名":"横浜市","所在地都道府県名":"神奈川県","管理市区町村":"横浜市","管理都道府県・整備局":"神奈川県","都市計画決定":"2"}},{"type":"Feature","geometry":{"type":"Point","coordinates":[139.525511476,35.424750479]},"properties":{"供用済面積":"594","供用開始年":"2001","公園名":"岡津南第二公園","公園種別":"街区公園","所在地市区町村名":"横浜市","所在地都道府県名":"神奈川県","管理市区町村":"横浜市","管理都道府県・整備局":"神奈川県","都市計画決定":"2"}},{"type":"Feature","geometry":{"type":"Point","coordinates":[139.527181295,35.432745536]},"properties":{"供用済面積":"842","供用開始年":"1977","公園名":"岡津宮ノ谷公園","公園種別":"街区公園","所在地市区町村名":"横浜市","所在地都道府県名":"神奈川県","管理市区町村":"横浜市","管理都道府県・整備局":"神奈川県","都市計画決定":"2"}},{"type":"Feature","geometry":{"type":"Point","coordinates":[139.515516327,35.425536394]},"properties":{"供用済面積":"2279","供用開始年":"1995","公園名":"桂坂公園","公園種別":"街区公園","所在地市区町村名":"横浜市","所在地都道府県名":"神奈川県","管理市区町村":"横浜市","管理都道府県・整備局":"神奈川県","都市計画決定":"2"}},{"type":"Feature","geometry":{"type":"Point","coordinates":[139.480329234,35.422378711]},"properties":{"供用済面積":"2347","供用開始年":"1967","公園名":"上飯田公園","公園種別":"街区公園","所在地市区町村名":"横浜市","所在地都道府県名":"神奈川県","管理市区町村":"横浜市","管理都道府県・整備局":"神奈川県","都市計画決定":"1"}},{"type":"Feature","geometry":{"type":"Point","coordinates":[139.480065133,35.426636769]},"properties":{"供用済面積":"886","供用開始年":"1967","公園名":"上飯田北公園","公園種別":"街区公園","所在地市区町村名":"横浜市","所在地都道府県名":"神奈川県","管理市区町村":"横浜市","管理都道府県・整備局":"神奈川県","都市計画決定":"2"}},{"type":"Feature","geometry":{"type":"Point","coordinates":[139.483775679,35.421484895]},"properties":{"供用済面積":"208","供用開始年":"1998","公園名":"上飯田池ノ上公園","公園種別":"街区公園","所在地市区町村名":"横浜市","所在地都道府県名":"神奈川県","管理市区町村":"横浜市","管理都道府県・整備局":"神奈川県","都市計画決定":"2"}},{"type":"Feature","geometry":{"type":"Point","coordinates":[139.475185669,35.43668345]},"properties":{"供用済面積":"1851","供用開始年":"1993","公園名":"上飯田クロ―バ―公園","公園種別":"街区公園","所在地市区町村名":"横浜市","所在地都道府県名":"神奈川県","管理市区町村":"横浜市","管理都道府県・整備局":"神奈川県","都市計画決定":"2"}},{"type":"Feature","geometry":{"type":"Point","coordinates":[139.482561092,35.416334459]},"properties":{"供用済面積":"1808","供用開始年":"1993","公園名":"上飯田けやき公園","公園種別":"街区公園","所在地市区町村名":"横浜市","所在地都道府県名":"神奈川県","管理市区町村":"横浜市","管理都道府県・整備局":"神奈川県","都市計画決定":"2"}},{"type":"Feature","geometry":{"type":"Point","coordinates":[139.480743436,35.419829408]},"properties":{"供用済面積":"306","供用開始年":"1976","公園名":"上飯田鶴島公園","公園種別":"街区公園","所在地市区町村名":"横浜市","所在地都道府県名":"神奈川県","管理市区町村":"横浜市","管理都道府県・整備局":"神奈川県","都市計画決定":"2"}},{"type":"Feature","geometry":{"type":"Point","coordinates":[139.476013068,35.427499845]},"properties":{"供用済面積":"6351","供用開始年":"1991","公園名":"上飯田西公園","公園種別":"街区公園","所在地市区町村名":"横浜市","所在地都道府県名":"神奈川県","管理市区町村":"横浜市","管理都道府県・整備局":"神奈川県","都市計画決定":"2"}},{"type":"Feature","geometry":{"type":"Point","coordinates":[139.483419867,35.418400494]},"properties":{"供用済面積":"1636","供用開始年":"1997","公園名":"上飯田南公園","公園種別":"街区公園","所在地市区町村名":"横浜市","所在地都道府県名":"神奈川県","管理市区町村":"横浜市","管理都道府県・整備局":"神奈川県","都市計画決定":"2"}},{"type":"Feature","geometry":{"type":"Point","coordinates":[139.482990551,35.427602418]},"properties":{"供用済面積":"900","供用開始年":"1979","公園名":"上飯田向原公園","公園種別":"街区公園","所在地市区町村名":"横浜市","所在地都道府県名":"神奈川県","管理市区町村":"横浜市","管理都道府県・整備局":"神奈川県","都市計画決定":"2"}},{"type":"Feature","geometry":{"type":"Point","coordinates":[139.511940639,35.430012483]},"properties":{"供用済面積":"151","供用開始年":"1988","公園名":"給田町公園","公園種別":"街区公園","所在地市区町村名":"横浜市","所在地都道府県名":"神奈川県","管理市区町村":"横浜市","管理都道府県・整備局":"神奈川県","都市計画決定":"2"}},{"type":"Feature","geometry":{"type":"Point","coordinates":[139.49374282,35.398487435]},"properties":{"供用済面積":"5601","供用開始年":"1987","公園名":"下和泉公園","公園種別":"街区公園","所在地市区町村名":"横浜市","所在地都道府県名":"神奈川県","管理市区町村":"横浜市","管理都道府県・整備局":"神奈川県","都市計画決定":"2"}},{"type":"Feature","geometry":{"type":"Point","coordinates":[139.490093266,35.397807626]},"properties":{"供用済面積":"5000","供用開始年":"1999","公園名":"下和泉ふれあい公園","公園種別":"街区公園","所在地市区町村名":"横浜市","所在地都道府県名":"神奈川県","管理市区町村":"横浜市","管理都道府県・整備局":"神奈川県","都市計画決定":"2"}},{"type":"Feature","geometry":{"type":"Point","coordinates":[139.50783509,35.434546291]},"properties":{"供用済面積":"461","供用開始年":"1983","公園名":"順礼坂公園","公園種別":"街区公園","所在地市区町村名":"横浜市","所在地都道府県名":"神奈川県","管理市区町村":"横浜市","管理都道府県・整備局":"神奈川県","都市計画決定":"2"}},{"type":"Feature","geometry":{"type":"Point","coordinates":[139.514589643,35.434603513]},"properties":{"供用済面積":"1126","供用開始年":"1997","公園名":"新橋第一公園","公園種別":"街区公園","所在地市区町村名":"横浜市","所在地都道府県名":"神奈川県","管理市区町村":"横浜市","管理都道府県・整備局":"神奈川県","都市計画決定":"2"}},{"type":"Feature","geometry":{"type":"Point","coordinates":[139.508105966,35.436854164]},"properties":{"供用済面積":"330","供用開始年":"1997","公園名":"新橋小谷公園","公園種別":"街区公園","所在地市区町村名":"横浜市","所在地都道府県名":"神奈川県","管理市区町村":"横浜市","管理都道府県・整備局":"神奈川県","都市計画決定":"2"}},{"type":"Feature","geometry":{"type":"Point","coordinates":[139.513559143,35.437534055]},"properties":{"供用済面積":"880","供用開始年":"1992","公園名":"新橋神明谷第二公園","公園種別":"街区公園","所在地市区町村名":"横浜市","所在地都道府県名":"神奈川県","管理市区町村":"横浜市","管理都道府県・整備局":"神奈川県","都市計画決定":"2"}},{"type":"Feature","geometry":{"type":"Point","coordinates":[139.513716595,35.43912827]},"properties":{"供用済面積":"2396","供用開始年":"1992","公園名":"新橋神明谷公園","公園種別":"街区公園","所在地市区町村名":"横浜市","所在地都道府県名":"神奈川県","管理市区町村":"横浜市","管理都道府県・整備局":"神奈川県","都市計画決定":"2"}},{"type":"Feature","geometry":{"type":"Point","coordinates":[139.517480796,35.430711742]},"properties":{"供用済面積":"4446","供用開始年":"1996","公園名":"新橋宮古公園","公園種別":"街区公園","所在地市区町村名":"横浜市","所在地都道府県名":"神奈川県","管理市区町村":"横浜市","管理都道府県・整備局":"神奈川県","都市計画決定":"2"}},{"type":"Feature","geometry":{"type":"Point","coordinates":[139.514374751,35.407103245]},"properties":{"供用済面積":"2645","供用開始年":"1988","公園名":"中田第九公園","公園種別":"街区公園","所在地市区町村名":"横浜市","所在地都道府県名":"神奈川県","管理市区町村":"横浜市","管理都道府県・整備局":"神奈川県","都市計画決定":"1"}},{"type":"Feature","geometry":{"type":"Point","coordinates":[139.50979467,35.408357521]},"properties":{"供用済面積":"1937","供用開始年":"1952","公園名":"中田町第一公園","公園種別":"街区公園","所在地市区町村名":"横浜市","所在地都道府県名":"神奈川県","管理市区町村":"横浜市","管理都道府県・整備局":"神奈川県","都市計画決定":"2"}},{"type":"Feature","geometry":{"type":"Point","coordinates":[139.509831339,35.406960525]},"properties":{"供用済面積":"1004","供用開始年":"1952","公園名":"中田町第二公園","公園種別":"街区公園","所在地市区町村名":"横浜市","所在地都道府県名":"神奈川県","管理市区町村":"横浜市","管理都道府県・整備局":"神奈川県","都市計画決定":"2"}},{"type":"Feature","geometry":{"type":"Point","coordinates":[139.51014939,35.411001004]},"properties":{"供用済面積":"493","供用開始年":"1974","公園名":"中田町第三公園","公園種別":"街区公園","所在地市区町村名":"横浜市","所在地都道府県名":"神奈川県","管理市区町村":"横浜市","管理都道府県・整備局":"神奈川県","都市計画決定":"2"}},{"type":"Feature","geometry":{"type":"Point","coordinates":[139.507189726,35.406470246]},"properties":{"供用済面積":"720","供用開始年":"1973","公園名":"中田町第四公園","公園種別":"街区公園","所在地市区町村名":"横浜市","所在地都道府県名":"神奈川県","管理市区町村":"横浜市","管理都道府県・整備局":"神奈川県","都市計画決定":"2"}},{"type":"Feature","geometry":{"type":"Point","coordinates":[139.503668788,35.406716415]},"properties":{"供用済面積":"1727","供用開始年":"1976","公園名":"中田町第五公園","公園種別":"街区公園","所在地市区町村名":"横浜市","所在地都道府県名":"神奈川県","管理市区町村":"横浜市","管理都道府県・整備局":"神奈川県","都市計画決定":"2"}},{"type":"Feature","geometry":{"type":"Point","coordinates":[139.504904055,35.416106288]},"properties":{"供用済面積":"152","供用開始年":"1983","公園名":"中田町第六公園","公園種別":"街区公園","所在地市区町村名":"横浜市","所在地都道府県名":"神奈川県","管理市区町村":"横浜市","管理都道府県・整備局":"神奈川県","都市計画決定":"2"}},{"type":"Feature","geometry":{"type":"Point","coordinates":[139.510741388,35.413540508]},"properties":{"供用済面積":"507","供用開始年":"1977","公園名":"中田町第八公園","公園種別":"街区公園","所在地市区町村名":"横浜市","所在地都道府県名":"神奈川県","管理市区町村":"横浜市","管理都道府県・整備局":"神奈川県","都市計画決定":"2"}},{"type":"Feature","geometry":{"type":"Point","coordinates":[139.50879274,35.403000476]},"properties":{"供用済面積":"1193","供用開始年":"1991","公園名":"中田町葛野公園","公園種別":"街区公園","所在地市区町村名":"横浜市","所在地都道府県名":"神奈川県","管理市区町村":"横浜市","管理都道府県・整備局":"神奈川県","都市計画決定":"2"}},{"type":"Feature","geometry":{"type":"Point","coordinates":[139.511712576,35.407759693]},"properties":{"供用済面積":"662","供用開始年":"1986","公園名":"中田町鯉久保公園","公園種別":"街区公園","所在地市区町村名":"横浜市","所在地都道府県名":"神奈川県","管理市区町村":"横浜市","管理都道府県・整備局":"神奈川県","都市計画決定":"2"}},{"type":"Feature","geometry":{"type":"Point","coordinates":[139.506602942,35.411381843]},"properties":{"供用済面積":"2866","供用開始年":"1995","公園名":"中田町丸の内公園","公園種別":"街区公園","所在地市区町村名":"横浜市","所在地都道府県名":"神奈川県","管理市区町村":"横浜市","管理都道府県・整備局":"神奈川県","都市計画決定":"2"}},{"type":"Feature","geometry":{"type":"Point","coordinates":[139.509250838,35.41629344]},"properties":{"供用済面積":"4104","供用開始年":"1995","公園名":"中田町宮ノ前公園","公園種別":"街区公園","所在地市区町村名":"横浜市","所在地都道府県名":"神奈川県","管理市区町村":"横浜市","管理都道府県・整備局":"神奈川県","都市計画決定":"2"}},{"type":"Feature","geometry":{"type":"Point","coordinates":[139.501601379,35.412500507]},"properties":{"供用済面積":"1100","供用開始年":"2005","公園名":"中田西一丁目公園","公園種別":"街区公園","所在地市区町村名":"横浜市","所在地都道府県名":"神奈川県","管理市区町村":"横浜市","管理都道府県・整備局":"神奈川県","都市計画決定":"2"}},{"type":"Feature","geometry":{"type":"Point","coordinates":[139.505057097,35.402555036]},"properties":{"供用済面積":"439","供用開始年":"1997","公園名":"中田西たまご公園","公園種別":"街区公園","所在地市区町村名":"横浜市","所在地都道府県名":"神奈川県","管理市区町村":"横浜市","管理都道府県・整備局":"神奈川県","都市計画決定":"2"}},{"type":"Feature","geometry":{"type":"Point","coordinates":[139.502612808,35.412258279]},"properties":{"供用済面積":"674","供用開始年":"1984","公園名":"中田広町公園","公園種別":"街区公園","所在地市区町村名":"横浜市","所在地都道府県名":"神奈川県","管理市区町村":"横浜市","管理都道府県・整備局":"神奈川県","都市計画決定":"2"}},{"type":"Feature","geometry":{"type":"Point","coordinates":[139.485475235,35.41665455]},"properties":{"供用済面積":"2714","供用開始年":"1967","公園名":"中和田公園","公園種別":"街区公園","所在地市区町村名":"横浜市","所在地都道府県名":"神奈川県","管理市区町村":"横浜市","管理都道府県・整備局":"神奈川県","都市計画決定":"2"}},{"type":"Feature","geometry":{"type":"Point","coordinates":[139.511111561,35.424932695]},"properties":{"供用済面積":"1980","供用開始年":"1989","公園名":"西が岡一丁目公園","公園種別":"街区公園","所在地市区町村名":"横浜市","所在地都道府県名":"神奈川県","管理市区町村":"横浜市","管理都道府県・整備局":"神奈川県","都市計画決定":"2"}},{"type":"Feature","geometry":{"type":"Point","coordinates":[139.515961451,35.421950485]},"properties":{"供用済面積":"2001","供用開始年":"1989","公園名":"西が岡二丁目公園","公園種別":"街区公園","所在地市区町村名":"横浜市","所在地都道府県名":"神奈川県","管理市区町村":"横浜市","管理都道府県・整備局":"神奈川県","都市計画決定":"2"}},{"type":"Feature","geometry":{"type":"Point","coordinates":[139.515963594,35.42369015]},"properties":{"供用済面積":"1513","供用開始年":"1990","公園名":"西が岡二丁目第二公園","公園種別":"街区公園","所在地市区町村名":"横浜市","所在地都道府県名":"神奈川県","管理市区町村":"横浜市","管理都道府県・整備局":"神奈川県","都市計画決定":"2"}},{"type":"Feature","geometry":{"type":"Point","coordinates":[139.517323276,35.419763211]},"properties":{"供用済面積":"7519","供用開始年":"1990","公園名":"西が岡三丁目公園","公園種別":"街区公園","所在地市区町村名":"横浜市","所在地都道府県名":"神奈川県","管理市区町村":"横浜市","管理都道府県・整備局":"神奈川県","都市計画決定":"2"}},{"type":"Feature","geometry":{"type":"Point","coordinates":[139.513287099,35.42312748]},"properties":{"供用済面積":"2102","供用開始年":"1988","公園名":"西が岡三丁目第二公園","公園種別":"街区公園","所在地市区町村名":"横浜市","所在地都道府県名":"神奈川県","管理市区町村":"横浜市","管理都道府県・整備局":"神奈川県","都市計画決定":"2"}},{"type":"Feature","geometry":{"type":"Point","coordinates":[139.482343026,35.44595058]},"properties":{"供用済面積":"1548","供用開始年":"1979","公園名":"日向山公園","公園種別":"街区公園","所在地市区町村名":"横浜市","所在地都道府県名":"神奈川県","管理市区町村":"横浜市","管理都道府県・整備局":"神奈川県","都市計画決定":"1"}},{"type":"Feature","geometry":{"type":"Point","coordinates":[139.479623286,35.400597422]},"properties":{"供用済面積":"717","供用開始年":"1970","公園名":"富士塚公園","公園種別":"街区公園","所在地市区町村名":"横浜市","所在地都道府県名":"神奈川県","管理市区町村":"横浜市","管理都道府県・整備局":"神奈川県","都市計画決定":"2"}},{"type":"Feature","geometry":{"type":"Point","coordinates":[139.509837751,35.427699138]},"properties":{"供用済面積":"6270","供用開始年":"1988","公園名":"弥生台東公園","公園種別":"街区公園","所在地市区町村名":"横浜市","所在地都道府県名":"神奈川県","管理市区町村":"横浜市","管理都道府県・整備局":"神奈川県","都市計画決定":"1"}},{"type":"Feature","geometry":{"type":"Point","coordinates":[139.50637405,35.42642141]},"properties":{"供用済面積":"3172","供用開始年":"1987","公園名":"弥生台南公園","公園種別":"街区公園","所在地市区町村名":"横浜市","所在地都道府県名":"神奈川県","管理市区町村":"横浜市","管理都道府県・整備局":"神奈川県","都市計画決定":"1"}},{"type":"Feature","geometry":{"type":"Point","coordinates":[139.508077288,35.428730685]},"properties":{"供用済面積":"1880","供用開始年":"1986","公園名":"弥生台北公園","公園種別":"街区公園","所在地市区町村名":"横浜市","所在地都道府県名":"神奈川県","管理市区町村":"横浜市","管理都道府県・整備局":"神奈川県","都市計画決定":"1"}},{"type":"Feature","geometry":{"type":"Point","coordinates":[139.506273887,35.430149071]},"properties":{"供用済面積":"1788","供用開始年":"1988","公園名":"弥生台駅前公園","公園種別":"街区公園","所在地市区町村名":"横浜市","所在地都道府県名":"神奈川県","管理市区町村":"横浜市","管理都道府県・整備局":"神奈川県","都市計画決定":"1"}},{"type":"Feature","geometry":{"type":"Point","coordinates":[139.503397005,35.428648633]},"properties":{"供用済面積":"3091","供用開始年":"1987","公園名":"弥生台西公園","公園種別":"街区公園","所在地市区町村名":"横浜市","所在地都道府県名":"神奈川県","管理市区町村":"横浜市","管理都道府県・整備局":"神奈川県","都市計画決定":"1"}},{"type":"Feature","geometry":{"type":"Point","coordinates":[139.507571469,35.424780474]},"properties":{"供用済面積":"310","供用開始年":"1992","公園名":"弥生台南第二公園","公園種別":"街区公園","所在地市区町村名":"横浜市","所在地都道府県名":"神奈川県","管理市区町村":"横浜市","管理都道府県・整備局":"神奈川県","都市計画決定":"2"}},{"type":"Feature","geometry":{"type":"Point","coordinates":[139.490575059,35.431308922]},"properties":{"供用済面積":"1995","供用開始年":"1980","公園名":"八幡山公園","公園種別":"街区公園","所在地市区町村名":"横浜市","所在地都道府県名":"神奈川県","管理市区町村":"横浜市","管理都道府県・整備局":"神奈川県","都市計画決定":"1"}},{"type":"Feature","geometry":{"type":"Point","coordinates":[139.524493638,35.419500162]},"properties":{"供用済面積":"1535","供用開始年":"1990","公園名":"領家二丁目公園","公園種別":"街区公園","所在地市区町村名":"横浜市","所在地都道府県名":"神奈川県","管理市区町村":"横浜市","管理都道府県・整備局":"神奈川県","都市計画決定":"2"}},{"type":"Feature","geometry":{"type":"Point","coordinates":[139.522318435,35.419376383]},"properties":{"供用済面積":"3446","供用開始年":"1990","公園名":"領家三丁目公園","公園種別":"街区公園","所在地市区町村名":"横浜市","所在地都道府県名":"神奈川県","管理市区町村":"横浜市","管理都道府県・整備局":"神奈川県","都市計画決定":"2"}},{"type":"Feature","geometry":{"type":"Point","coordinates":[139.521001415,35.4165605]},"properties":{"供用済面積":"1962","供用開始年":"1990","公園名":"領家四丁目公園","公園種別":"街区公園","所在地市区町村名":"横浜市","所在地都道府県名":"神奈川県","管理市区町村":"横浜市","管理都道府県・整備局":"神奈川県","都市計画決定":"2"}},{"type":"Feature","geometry":{"type":"Point","coordinates":[139.522790884,35.436936227]},"properties":{"供用済面積":"1795","供用開始年":"1988","公園名":"緑園稲荷谷公園","公園種別":"街区公園","所在地市区町村名":"横浜市","所在地都道府県名":"神奈川県","管理市区町村":"横浜市","管理都道府県・整備局":"神奈川県","都市計画決定":"1"}},{"type":"Feature","geometry":{"type":"Point","coordinates":[139.528816604,35.441929875]},"properties":{"供用済面積":"2001","供用開始年":"1993","公園名":"緑園北ノ入公園","公園種別":"街区公園","所在地市区町村名":"横浜市","所在地都道府県名":"神奈川県","管理市区町村":"横浜市","管理都道府県・整備局":"神奈川県","都市計画決定":"1"}},{"type":"Feature","geometry":{"type":"Point","coordinates":[139.519742296,35.441601655]},"properties":{"供用済面積":"2743","供用開始年":"1988","公園名":"緑園子易谷公園","公園種別":"街区公園","所在地市区町村名":"横浜市","所在地都道府県名":"神奈川県","管理市区町村":"横浜市","管理都道府県・整備局":"神奈川県","都市計画決定":"1"}},{"type":"Feature","geometry":{"type":"Point","coordinates":[139.516865411,35.439737829]},"properties":{"供用済面積":"3999","供用開始年":"1988","公園名":"緑園神明谷公園","公園種別":"街区公園","所在地市区町村名":"横浜市","所在地都道府県名":"神奈川県","管理市区町村":"横浜市","管理都道府県・整備局":"神奈川県","都市計画決定":"1"}},{"type":"Feature","geometry":{"type":"Point","coordinates":[139.523807153,35.445047988]},"properties":{"供用済面積":"2973","供用開始年":"1988","公園名":"緑園須郷台公園","公園種別":"街区公園","所在地市区町村名":"横浜市","所在地都道府県名":"神奈川県","管理市区町村":"横浜市","管理都道府県・整備局":"神奈川県","都市計画決定":"1"}},{"type":"Feature","geometry":{"type":"Point","coordinates":[139.519727954,35.437076886]},"properties":{"供用済面積":"3000","供用開始年":"1993","公園名":"緑園東田谷公園","公園種別":"街区公園","所在地市区町村名":"横浜市","所在地都道府県名":"神奈川県","管理市区町村":"横浜市","管理都道府県・整備局":"神奈川県","都市計画決定":"1"}},{"type":"Feature","geometry":{"type":"Point","coordinates":[139.472224075,35.474564439]},"properties":{"供用済面積":"36000","供用開始年":"2002","公園名":"瀬谷本郷公園","公園種別":"地区公園（カントリーパーク）","所在地市区町村名":"横浜市","所在地都道府県名":"神奈川県","管理市区町村":"横浜市","管理都道府県・整備局":"神奈川県","都市計画決定":"1"}},{"type":"Feature","geometry":{"type":"Point","coordinates":[139.494236977,35.450885623]},"properties":{"供用済面積":"45366","供用開始年":"1995","公園名":"瀬谷貉窪公園","公園種別":"地区公園（カントリーパーク）","所在地市区町村名":"横浜市","所在地都道府県名":"神奈川県","管理市区町村":"横浜市","管理都道府県・整備局":"神奈川県","都市計画決定":"1"}},{"type":"Feature","geometry":{"type":"Point","coordinates":[139.505128944,35.44251599]},"properties":{"供用済面積":"19065","供用開始年":"1994","公園名":"阿久和大久保原公園","公園種別":"近隣公園","所在地市区町村名":"横浜市","所在地都道府県名":"神奈川県","管理市区町村":"横浜市","管理都道府県・整備局":"神奈川県","都市計画決定":"2"}},{"type":"Feature","geometry":{"type":"Point","coordinates":[139.474013306,35.493695066]},"properties":{"供用済面積":"9548","供用開始年":"2000","公園名":"上瀬谷公園","公園種別":"近隣公園","所在地市区町村名":"横浜市","所在地都道府県名":"神奈川県","管理市区町村":"横浜市","管理都道府県・整備局":"神奈川県","都市計画決定":"2"}},{"type":"Feature","geometry":{"type":"Point","coordinates":[139.479008368,35.478843045]},"properties":{"供用済面積":"12350","供用開始年":"1985","公園名":"瀬谷中央公園","公園種別":"近隣公園","所在地市区町村名":"横浜市","所在地都道府県名":"神奈川県","管理市区町村":"横浜市","管理都道府県・整備局":"神奈川県","都市計画決定":"1"}},{"type":"Feature","geometry":{"type":"Point","coordinates":[139.50434185,35.457625892]},"properties":{"供用済面積":"35433","供用開始年":"1992","公園名":"長屋門公園","公園種別":"近隣公園","所在地市区町村名":"横浜市","所在地都道府県名":"神奈川県","管理市区町村":"横浜市","管理都道府県・整備局":"神奈川県","都市計画決定":"1"}},{"type":"Feature","geometry":{"type":"Point","coordinates":[139.4963983,35.464213763]},"properties":{"供用済面積":"15592","供用開始年":"1995","公園名":"二ツ橋南公園","公園種別":"近隣公園","所在地市区町村名":"横浜市","所在地都道府県名":"神奈川県","管理市区町村":"横浜市","管理都道府県・整備局":"神奈川県","都市計画決定":"1"}},{"type":"Feature","geometry":{"type":"Point","coordinates":[139.486078761,35.460943263]},"properties":{"供用済面積":"30317","供用開始年":"1995","公園名":"南台こどものもり公園","公園種別":"近隣公園","所在地市区町村名":"横浜市","所在地都道府県名":"神奈川県","管理市区町村":"横浜市","管理都道府県・整備局":"神奈川県","都市計画決定":"1"}},{"type":"Feature","geometry":{"type":"Point","coordinates":[139.4873384,35.478210055]},"properties":{"供用済面積":"2917","供用開始年":"1978","公園名":"相沢公園","公園種別":"街区公園","所在地市区町村名":"横浜市","所在地都道府県名":"神奈川県","管理市区町村":"横浜市","管理都道府県・整備局":"神奈川県","都市計画決定":"2"}},{"type":"Feature","geometry":{"type":"Point","coordinates":[139.485355881,35.480111359]},"properties":{"供用済面積":"1156","供用開始年":"1991","公園名":"相沢六丁目公園","公園種別":"街区公園","所在地市区町村名":"横浜市","所在地都道府県名":"神奈川県","管理市区町村":"横浜市","管理都道府県・整備局":"神奈川県","都市計画決定":"2"}},{"type":"Feature","geometry":{"type":"Point","coordinates":[139.487194435,35.480629511]},"properties":{"供用済面積":"979","供用開始年":"1991","公園名":"相沢六丁目第二公園","公園種別":"街区公園","所在地市区町村名":"横浜市","所在地都道府県名":"神奈川県","管理市区町村":"横浜市","管理都道府県・整備局":"神奈川県","都市計画決定":"2"}},{"type":"Feature","geometry":{"type":"Point","coordinates":[139.486621773,35.469960353]},"properties":{"供用済面積":"150","供用開始年":"1977","公園名":"相沢南公園","公園種別":"街区公園","所在地市区町村名":"横浜市","所在地都道府県名":"神奈川県","管理市区町村":"横浜市","管理都道府県・整備局":"神奈川県","都市計画決定":"2"}},{"type":"Feature","geometry":{"type":"Point","coordinates":[139.483974887,35.476533776]},"properties":{"供用済面積":"2739","供用開始年":"1997","公園名":"相沢四丁目公園","公園種別":"街区公園","所在地市区町村名":"横浜市","所在地都道府県名":"神奈川県","管理市区町村":"横浜市","管理都道府県・整備局":"神奈川県","都市計画決定":"2"}},{"type":"Feature","geometry":{"type":"Point","coordinates":[139.497385741,35.443981253]},"properties":{"供用済面積":"268","供用開始年":"1993","公園名":"阿久和雨池公園","公園種別":"街区公園","所在地市区町村名":"横浜市","所在地都道府県名":"神奈川県","管理市区町村":"横浜市","管理都道府県・整備局":"神奈川県","都市計画決定":"2"}},{"type":"Feature","geometry":{"type":"Point","coordinates":[139.496441709,35.459720383]},"properties":{"供用済面積":"624","供用開始年":"1986","公園名":"阿久和運上野公園","公園種別":"街区公園","所在地市区町村名":"横浜市","所在地都道府県名":"神奈川県","管理市区町村":"横浜市","管理都道府県・整備局":"神奈川県","都市計画決定":"2"}},{"type":"Feature","geometry":{"type":"Point","coordinates":[139.505601713,35.459310389]},"properties":{"供用済面積":"583","供用開始年":"1987","公園名":"阿久和大原公園","公園種別":"街区公園","所在地市区町村名":"横浜市","所在地都道府県名":"神奈川県","管理市区町村":"横浜市","管理都道府県・整備局":"神奈川県","都市計画決定":"2"}},{"type":"Feature","geometry":{"type":"Point","coordinates":[139.497294955,35.441844659]},"properties":{"供用済面積":"5606","供用開始年":"1985","公園名":"阿久和蟹沢公園","公園種別":"街区公園","所在地市区町村名":"横浜市","所在地都道府県名":"神奈川県","管理市区町村":"横浜市","管理都道府県・整備局":"神奈川県","都市計画決定":"2"}},{"type":"Feature","geometry":{"type":"Point","coordinates":[139.505615672,35.454941509]},"properties":{"供用済面積":"2474","供用開始年":"1977","公園名":"阿久和小金第一公園","公園種別":"街区公園","所在地市区町村名":"横浜市","所在地都道府県名":"神奈川県","管理市区町村":"横浜市","管理都道府県・整備局":"神奈川県","都市計画決定":"2"}},{"type":"Feature","geometry":{"type":"Point","coordinates":[139.503354238,35.453194903]},"properties":{"供用済面積":"1883","供用開始年":"1977","公園名":"阿久和小金第二公園","公園種別":"街区公園","所在地市区町村名":"横浜市","所在地都道府県名":"神奈川県","管理市区町村":"横浜市","管理都道府県・整備局":"神奈川県","都市計画決定":"2"}},{"type":"Feature","geometry":{"type":"Point","coordinates":[139.506646189,35.454367121]},"properties":{"供用済面積":"491","供用開始年":"1987","公園名":"阿久和小金第三公園","公園種別":"街区公園","所在地市区町村名":"横浜市","所在地都道府県名":"神奈川県","管理市区町村":"横浜市","管理都道府県・整備局":"神奈川県","都市計画決定":"2"}},{"type":"Feature","geometry":{"type":"Point","coordinates":[139.49797253,35.455228035]},"properties":{"供用済面積":"156","供用開始年":"1976","公園名":"阿久和沢谷公園","公園種別":"街区公園","所在地市区町村名":"横浜市","所在地都道府県名":"神奈川県","管理市区町村":"横浜市","管理都道府県・整備局":"神奈川県","都市計画決定":"2"}},{"type":"Feature","geometry":{"type":"Point","coordinates":[139.496631693,35.457260389]},"properties":{"供用済面積":"262","供用開始年":"2001","公園名":"阿久和西一丁目公園","公園種別":"街区公園","所在地市区町村名":"横浜市","所在地都道府県名":"神奈川県","管理市区町村":"横浜市","管理都道府県・整備局":"神奈川県","都市計画決定":"2"}},{"type":"Feature","geometry":{"type":"Point","coordinates":[139.507075532,35.449115584]},"properties":{"供用済面積":"1712","供用開始年":"1976","公園名":"阿久和東公園","公園種別":"街区公園","所在地市区町村名":"横浜市","所在地都道府県名":"神奈川県","管理市区町村":"横浜市","管理都道府県・整備局":"神奈川県","都市計画決定":"2"}},{"type":"Feature","geometry":{"type":"Point","coordinates":[139.505319275,35.449747852]},"properties":{"供用済面積":"165","供用開始年":"1977","公園名":"阿久和東第二公園","公園種別":"街区公園","所在地市区町村名":"横浜市","所在地都道府県名":"神奈川県","管理市区町村":"横浜市","管理都道府県・整備局":"神奈川県","都市計画決定":"2"}},{"type":"Feature","geometry":{"type":"Point","coordinates":[139.507676686,35.451061469]},"properties":{"供用済面積":"618","供用開始年":"1997","公園名":"阿久和東第三公園","公園種別":"街区公園","所在地市区町村名":"横浜市","所在地都道府県名":"神奈川県","管理市区町村":"横浜市","管理都道府県・整備局":"神奈川県","都市計画決定":"2"}},{"type":"Feature","geometry":{"type":"Point","coordinates":[139.501665304,35.44980719]},"properties":{"供用済面積":"3169","供用開始年":"1998","公園名":"阿久和東宮ノ腰公園","公園種別":"街区公園","所在地市区町村名":"横浜市","所在地都道府県名":"神奈川県","管理市区町村":"横浜市","管理都道府県・整備局":"神奈川県","都市計画決定":"2"}},{"type":"Feature","geometry":{"type":"Point","coordinates":[139.501329507,35.44594403]},"properties":{"供用済面積":"227","供用開始年":"1999","公園名":"阿久和南二丁目公園","公園種別":"街区公園","所在地市区町村名":"横浜市","所在地都道府県名":"神奈川県","管理市区町村":"横浜市","管理都道府県・整備局":"神奈川県","都市計画決定":"2"}},{"type":"Feature","geometry":{"type":"Point","coordinates":[139.501264575,35.452772902]},"properties":{"供用済面積":"1019","供用開始年":"1976","公園名":"阿久和向原公園","公園種別":"街区公園","所在地市区町村名":"横浜市","所在地都道府県名":"神奈川県","管理市区町村":"横浜市","管理都道府県・整備局":"神奈川県","都市計画決定":"2"}},{"type":"Feature","geometry":{"type":"Point","coordinates":[139.501350455,35.454203009]},"properties":{"供用済面積":"8595","供用開始年":"1987","公園名":"阿久和向原第二公園","公園種別":"街区公園","所在地市区町村名":"横浜市","所在地都道府県名":"神奈川県","管理市区町村":"横浜市","管理都道府県・整備局":"神奈川県","都市計画決定":"2"}},{"type":"Feature","geometry":{"type":"Point","coordinates":[139.494666538,35.475771847]},"properties":{"供用済面積":"3553","供用開始年":"1978","公園名":"東野第一公園","公園種別":"街区公園","所在地市区町村名":"横浜市","所在地都道府県名":"神奈川県","管理市区町村":"横浜市","管理都道府県・整備局":"神奈川県","都市計画決定":"2"}},{"type":"Feature","geometry":{"type":"Point","coordinates":[139.492977609,35.47313435]},"properties":{"供用済面積":"1277","供用開始年":"1978","公園名":"東野第二公園","公園種別":"街区公園","所在地市区町村名":"横浜市","所在地都道府県名":"神奈川県","管理市区町村":"横浜市","管理都道府県・整備局":"神奈川県","都市計画決定":"2"}},{"type":"Feature","geometry":{"type":"Point","coordinates":[139.491188529,35.476170402]},"properties":{"供用済面積":"1016","供用開始年":"1978","公園名":"東野第三公園","公園種別":"街区公園","所在地市区町村名":"横浜市","所在地都道府県名":"神奈川県","管理市区町村":"横浜市","管理都道府県・整備局":"神奈川県","都市計画決定":"2"}},{"type":"Feature","geometry":{"type":"Point","coordinates":[139.495181346,35.476929324]},"properties":{"供用済面積":"150","供用開始年":"1980","公園名":"東野第四公園","公園種別":"街区公園","所在地市区町村名":"横浜市","所在地都道府県名":"神奈川県","管理市区町村":"横浜市","管理都道府県・整備局":"神奈川県","都市計画決定":"2"}},{"type":"Feature","geometry":{"type":"Point","coordinates":[139.492605508,35.477506731]},"properties":{"供用済面積":"1097","供用開始年":"1992","公園名":"東野第五公園","公園種別":"街区公園","所在地市区町村名":"横浜市","所在地都道府県名":"神奈川県","管理市区町村":"横浜市","管理都道府県・整備局":"神奈川県","都市計画決定":"2"}},{"type":"Feature","geometry":{"type":"Point","coordinates":[139.475916883,35.489979127]},"properties":{"供用済面積":"683","供用開始年":"1996","公園名":"上瀬谷町東公園","公園種別":"街区公園","所在地市区町村名":"横浜市","所在地都道府県名":"神奈川県","管理市区町村":"横浜市","管理都道府県・整備局":"神奈川県","都市計画決定":"2"}},{"type":"Feature","geometry":{"type":"Point","coordinates":[139.474413705,35.458154032]},"properties":{"供用済面積":"182","供用開始年":"1983","公園名":"北村第一公園","公園種別":"街区公園","所在地市区町村名":"横浜市","所在地都道府県名":"神奈川県","管理市区町村":"横浜市","管理都道府県・整備局":"神奈川県","都市計画決定":"2"}},{"type":"Feature","geometry":{"type":"Point","coordinates":[139.471837806,35.49987266]},"properties":{"供用済面積":"1749","供用開始年":"2002","公園名":"五貫目町公園","公園種別":"街区公園","所在地市区町村名":"横浜市","所在地都道府県名":"神奈川県","管理市区町村":"横浜市","管理都道府県・整備局":"神奈川県","都市計画決定":"2"}},{"type":"Feature","geometry":{"type":"Point","coordinates":[139.474843196,35.456817046]},"properties":{"供用済面積":"1510","供用開始年":"1975","公園名":"下瀬谷第一公園","公園種別":"街区公園","所在地市区町村名":"横浜市","所在地都道府県名":"神奈川県","管理市区町村":"横浜市","管理都道府県・整備局":"神奈川県","都市計画決定":"1"}},{"type":"Feature","geometry":{"type":"Point","coordinates":[139.478721931,35.452819779]},"properties":{"供用済面積":"2557","供用開始年":"1974","公園名":"下瀬谷第二公園","公園種別":"街区公園","所在地市区町村名":"横浜市","所在地都道府県名":"神奈川県","管理市区町村":"横浜市","管理都道府県・整備局":"神奈川県","都市計画決定":"1"}},{"type":"Feature","geometry":{"type":"Point","coordinates":[139.483631269,35.459454545]},"properties":{"供用済面積":"609","供用開始年":"1989","公園名":"下瀬谷二丁目公園","公園種別":"街区公園","所在地市区町村名":"横浜市","所在地都道府県名":"神奈川県","管理市区町村":"横浜市","管理都道府県・整備局":"神奈川県","都市計画決定":"2"}},{"type":"Feature","geometry":{"type":"Point","coordinates":[139.483216175,35.455949604]},"properties":{"供用済面積":"1595","供用開始年":"1977","公園名":"下瀬谷第三公園","公園種別":"街区公園","所在地市区町村名":"横浜市","所在地都道府県名":"神奈川県","管理市区町村":"横浜市","管理都道府県・整備局":"神奈川県","都市計画決定":"2"}},{"type":"Feature","geometry":{"type":"Point","coordinates":[139.480625518,35.450698067]},"properties":{"供用済面積":"2009","供用開始年":"1975","公園名":"下瀬谷第四公園","公園種別":"街区公園","所在地市区町村名":"横浜市","所在地都道府県名":"神奈川県","管理市区町村":"横浜市","管理都道府県・整備局":"神奈川県","都市計画決定":"2"}},{"type":"Feature","geometry":{"type":"Point","coordinates":[139.48384602,35.468363414]},"properties":{"供用済面積":"1723","供用開始年":"1990","公園名":"瀬谷四丁目公園","公園種別":"街区公園","所在地市区町村名":"横浜市","所在地都道府県名":"神奈川県","管理市区町村":"横浜市","管理都道府県・整備局":"神奈川県","都市計画決定":"2"}},{"type":"Feature","geometry":{"type":"Point","coordinates":[139.482572208,35.472548233]},"properties":{"供用済面積":"3000","供用開始年":"2004","公園名":"瀬谷駅北口公園","公園種別":"街区公園","所在地市区町村名":"横浜市","所在地都道府県名":"神奈川県","管理市区町村":"横浜市","管理都道府県・整備局":"神奈川県","都市計画決定":"2"}},{"type":"Feature","geometry":{"type":"Point","coordinates":[139.489213247,35.458446442]},"properties":{"供用済面積":"1950","供用開始年":"1989","公園名":"瀬谷第一公園","公園種別":"街区公園","所在地市区町村名":"横浜市","所在地都道府県名":"神奈川県","管理市区町村":"横浜市","管理都道府県・整備局":"神奈川県","都市計画決定":"2"}},{"type":"Feature","geometry":{"type":"Point","coordinates":[139.489556791,35.46361593]},"properties":{"供用済面積":"2651","供用開始年":"1962","公園名":"瀬谷第二公園","公園種別":"街区公園","所在地市区町村名":"横浜市","所在地都道府県名":"神奈川県","管理市区町村":"横浜市","管理都道府県・整備局":"神奈川県","都市計画決定":"1"}},{"type":"Feature","geometry":{"type":"Point","coordinates":[139.487209511,35.46680436]},"properties":{"供用済面積":"3340","供用開始年":"1980","公園名":"瀬谷第三公園","公園種別":"街区公園","所在地市区町村名":"横浜市","所在地都道府県名":"神奈川県","管理市区町村":"横浜市","管理都道府県・整備局":"神奈川県","都市計画決定":"1"}},{"type":"Feature","geometry":{"type":"Point","coordinates":[139.486551353,35.501396568]},"properties":{"供用済面積":"4472","供用開始年":"1984","公園名":"瀬谷土橋公園","公園種別":"街区公園","所在地市区町村名":"横浜市","所在地都道府県名":"神奈川県","管理市区町村":"横浜市","管理都道府県・整備局":"神奈川県","都市計画決定":"2"}},{"type":"Feature","geometry":{"type":"Point","coordinates":[139.473254574,35.471317398]},"properties":{"供用済面積":"930","供用開始年":"1973","公園名":"大門第一公園","公園種別":"街区公園","所在地市区町村名":"横浜市","所在地都道府県名":"神奈川県","管理市区町村":"横浜市","管理都道府県・整備局":"神奈川県","都市計画決定":"2"}},{"type":"Feature","geometry":{"type":"Point","coordinates":[139.475916858,35.486380415]},"properties":{"供用済面積":"1756","供用開始年":"2004","公園名":"竹村町公園","公園種別":"街区公園","所在地市区町村名":"横浜市","所在地都道府県名":"神奈川県","管理市区町村":"横浜市","管理都道府県・整備局":"神奈川県","都市計画決定":"2"}},{"type":"Feature","geometry":{"type":"Point","coordinates":[139.481026488,35.481515712]},"properties":{"供用済面積":"1463","供用開始年":"1991","公園名":"中屋敷三丁目公園","公園種別":"街区公園","所在地市区町村名":"横浜市","所在地都道府県名":"神奈川県","管理市区町村":"横浜市","管理都道府県・整備局":"神奈川県","都市計画決定":"2"}},{"type":"Feature","geometry":{"type":"Point","coordinates":[139.470692677,35.483836695]},"properties":{"供用済面積":"4136","供用開始年":"1994","公園名":"中屋敷中央公園","公園種別":"街区公園","所在地市区町村名":"横浜市","所在地都道府県名":"神奈川県","管理市区町村":"横浜市","管理都道府県・整備局":"神奈川県","都市計画決定":"2"}},{"type":"Feature","geometry":{"type":"Point","coordinates":[139.473841354,35.463826916]},"properties":{"供用済面積":"1776","供用開始年":"1970","公園名":"橋戸南公園","公園種別":"街区公園","所在地市区町村名":"横浜市","所在地都道府県名":"神奈川県","管理市区町村":"横浜市","管理都道府県・整備局":"神奈川県","都市計画決定":"2"}},{"type":"Feature","geometry":{"type":"Point","coordinates":[139.474931714,35.462430362]},"properties":{"供用済面積":"222","供用開始年":"1976","公園名":"橋戸南第二公園","公園種別":"街区公園","所在地市区町村名":"横浜市","所在地都道府県名":"神奈川県","管理市区町村":"横浜市","管理都道府県・整備局":"神奈川県","都市計画決定":"2"}},{"type":"Feature","geometry":{"type":"Point","coordinates":[139.473712518,35.461564533]},"properties":{"供用済面積":"1514","供用開始年":"1976","公園名":"橋戸南第三公園","公園種別":"街区公園","所在地市区町村名":"横浜市","所在地都道府県名":"神奈川県","管理市区町村":"横浜市","管理都道府県・整備局":"神奈川県","都市計画決定":"2"}},{"type":"Feature","geometry":{"type":"Point","coordinates":[139.475055884,35.467975667]},"properties":{"供用済面積":"1765","供用開始年":"1970","公園名":"橋戸北公園","公園種別":"街区公園","所在地市区町村名":"横浜市","所在地都道府県名":"神奈川県","管理市区町村":"横浜市","管理都道府県・整備局":"神奈川県","都市計画決定":"1"}},{"type":"Feature","geometry":{"type":"Point","coordinates":[139.478015927,35.468239929]},"properties":{"供用済面積":"1498","供用開始年":"1993","公園名":"橋戸北第二公園","公園種別":"街区公園","所在地市区町村名":"横浜市","所在地都道府県名":"神奈川県","管理市区町村":"横浜市","管理都道府県・整備局":"神奈川県","都市計画決定":"1"}},{"type":"Feature","geometry":{"type":"Point","coordinates":[139.478534954,35.463506261]},"properties":{"供用済面積":"1386","供用開始年":"1996","公園名":"橋戸三丁目公園","公園種別":"街区公園","所在地市区町村名":"横浜市","所在地都道府県名":"神奈川県","管理市区町村":"横浜市","管理都道府県・整備局":"神奈川県","都市計画決定":"2"}},{"type":"Feature","geometry":{"type":"Point","coordinates":[139.482547143,35.462897326]},"properties":{"供用済面積":"3213","供用開始年":"1990","公園名":"橋戸原公園","公園種別":"街区公園","所在地市区町村名":"横浜市","所在地都道府県名":"神奈川県","管理市区町村":"横浜市","管理都道府県・整備局":"神奈川県","都市計画決定":"2"}},{"type":"Feature","geometry":{"type":"Point","coordinates":[139.484833803,35.462931788]},"properties":{"供用済面積":"1894","供用開始年":"1990","公園名":"橋戸東公園","公園種別":"街区公園","所在地市区町村名":"横浜市","所在地都道府県名":"神奈川県","管理市区町村":"横浜市","管理都道府県・整備局":"神奈川県","都市計画決定":"2"}},{"type":"Feature","geometry":{"type":"Point","coordinates":[139.48640489,35.444893304]},"properties":{"供用済面積":"7582","供用開始年":"1979","公園名":"日向山下原公園","公園種別":"街区公園","所在地市区町村名":"横浜市","所在地都道府県名":"神奈川県","管理市区町村":"横浜市","管理都道府県・整備局":"神奈川県","都市計画決定":"1"}},{"type":"Feature","geometry":{"type":"Point","coordinates":[139.493543673,35.463487933]},"properties":{"供用済面積":"186","供用開始年":"1977","公園名":"二ツ橋第二公園","公園種別":"街区公園","所在地市区町村名":"横浜市","所在地都道府県名":"神奈川県","管理市区町村":"横浜市","管理都道府県・整備局":"神奈川県","都市計画決定":"2"}},{"type":"Feature","geometry":{"type":"Point","coordinates":[139.496103001,35.467478255]},"properties":{"供用済面積":"209","供用開始年":"2002","公園名":"二ツ橋谷公園","公園種別":"街区公園","所在地市区町村名":"横浜市","所在地都道府県名":"神奈川県","管理市区町村":"横浜市","管理都道府県・整備局":"神奈川県","都市計画決定":"2"}},{"type":"Feature","geometry":{"type":"Point","coordinates":[139.487656415,35.481984957]},"properties":{"供用済面積":"7787","供用開始年":"1966","公園名":"細谷戸公園","公園種別":"街区公園","所在地市区町村名":"横浜市","所在地都道府県名":"神奈川県","管理市区町村":"横浜市","管理都道府県・整備局":"神奈川県","都市計画決定":"1"}},{"type":"Feature","geometry":{"type":"Point","coordinates":[139.478815598,35.474444245]},"properties":{"供用済面積":"2497","供用開始年":"1993","公園名":"本郷三丁目公園","公園種別":"街区公園","所在地市区町村名":"横浜市","所在地都道府県名":"神奈川県","管理市区町村":"横浜市","管理都道府県・整備局":"神奈川県","都市計画決定":"1"}},{"type":"Feature","geometry":{"type":"Point","coordinates":[139.48181776,35.478798769]},"properties":{"供用済面積":"533","供用開始年":"1989","公園名":"本郷四丁目公園","公園種別":"街区公園","所在地市区町村名":"横浜市","所在地都道府県名":"神奈川県","管理市区町村":"横浜市","管理都道府県・整備局":"神奈川県","都市計画決定":"2"}},{"type":"Feature","geometry":{"type":"Point","coordinates":[139.481565252,35.480568144]},"properties":{"供用済面積":"4120","供用開始年":"1993","公園名":"本郷四丁目第二公園","公園種別":"街区公園","所在地市区町村名":"横浜市","所在地都道府県名":"神奈川県","管理市区町村":"横浜市","管理都道府県・整備局":"神奈川県","都市計画決定":"2"}},{"type":"Feature","geometry":{"type":"Point","coordinates":[139.47665183,35.479230322]},"properties":{"供用済面積":"783","供用開始年":"2008","公園名":"本郷二丁目公園","公園種別":"街区公園","所在地市区町村名":"横浜市","所在地都道府県名":"神奈川県","管理市区町村":"横浜市","管理都道府県・整備局":"神奈川県","都市計画決定":"2"}},{"type":"Feature","geometry":{"type":"Point","coordinates":[139.502902676,35.459967517]},"properties":{"供用済面積":"928","供用開始年":"2004","公園名":"三ツ境大原第三公園","公園種別":"街区公園","所在地市区町村名":"横浜市","所在地都道府県名":"神奈川県","管理市区町村":"横浜市","管理都道府県・整備局":"神奈川県","都市計画決定":"2"}},{"type":"Feature","geometry":{"type":"Point","coordinates":[139.499451654,35.463127128]},"properties":{"供用済面積":"1650","供用開始年":"1965","公園名":"三ッ境公園","公園種別":"街区公園","所在地市区町村名":"横浜市","所在地都道府県名":"神奈川県","管理市区町村":"横浜市","管理都道府県・整備局":"神奈川県","都市計画決定":"2"}},{"type":"Feature","geometry":{"type":"Point","coordinates":[139.499704181,35.464172665]},"properties":{"供用済面積":"723","供用開始年":"1969","公園名":"三ッ境第二公園","公園種別":"街区公園","所在地市区町村名":"横浜市","所在地都道府県名":"神奈川県","管理市区町村":"横浜市","管理都道府県・整備局":"神奈川県","都市計画決定":"2"}},{"type":"Feature","geometry":{"type":"Point","coordinates":[139.503281496,35.465919072]},"properties":{"供用済面積":"695","供用開始年":"1979","公園名":"三ッ境第三公園","公園種別":"街区公園","所在地市区町村名":"横浜市","所在地都道府県名":"神奈川県","管理市区町村":"横浜市","管理都道府県・整備局":"神奈川県","都市計画決定":"2"}},{"type":"Feature","geometry":{"type":"Point","coordinates":[139.504462426,35.462730151]},"properties":{"供用済面積":"398","供用開始年":"1975","公園名":"三ツ境第四公園","公園種別":"街区公園","所在地市区町村名":"横浜市","所在地都道府県名":"神奈川県","管理市区町村":"横浜市","管理都道府県・整備局":"神奈川県","都市計画決定":"2"}},{"type":"Feature","geometry":{"type":"Point","coordinates":[139.499086904,35.46155306]},"properties":{"供用済面積":"948","供用開始年":"1961","公園名":"三ツ境第五公園","公園種別":"街区公園","所在地市区町村名":"横浜市","所在地都道府県名":"神奈川県","管理市区町村":"横浜市","管理都道府県・整備局":"神奈川県","都市計画決定":"2"}},{"type":"Feature","geometry":{"type":"Point","coordinates":[139.497911728,35.462280378]},"properties":{"供用済面積":"437","供用開始年":"1982","公園名":"三ツ境第六公園","公園種別":"街区公園","所在地市区町村名":"横浜市","所在地都道府県名":"神奈川県","管理市区町村":"横浜市","管理都道府県・整備局":"神奈川県","都市計画決定":"2"}},{"type":"Feature","geometry":{"type":"Point","coordinates":[139.497391717,35.460870381]},"properties":{"供用済面積":"150","供用開始年":"1980","公園名":"三ツ境第七公園","公園種別":"街区公園","所在地市区町村名":"横浜市","所在地都道府県名":"神奈川県","管理市区町村":"横浜市","管理都道府県・整備局":"神奈川県","都市計画決定":"2"}},{"type":"Feature","geometry":{"type":"Point","coordinates":[139.500443802,35.458068709]},"properties":{"供用済面積":"450","供用開始年":"1975","公園名":"三ツ境大原公園","公園種別":"街区公園","所在地市区町村名":"横浜市","所在地都道府県名":"神奈川県","管理市区町村":"横浜市","管理都道府県・整備局":"神奈川県","都市計画決定":"2"}},{"type":"Feature","geometry":{"type":"Point","coordinates":[139.501261318,35.458967928]},"properties":{"供用済面積":"1648","供用開始年":"1978","公園名":"三ッ境大原第二公園","公園種別":"街区公園","所在地市区町村名":"横浜市","所在地都道府県名":"神奈川県","管理市区町村":"横浜市","管理都道府県・整備局":"神奈川県","都市計画決定":"1"}},{"type":"Feature","geometry":{"type":"Point","coordinates":[139.500010226,35.458769738]},"properties":{"供用済面積":"190","供用開始年":"1998","公園名":"三ツ境第八公園","公園種別":"街区公園","所在地市区町村名":"横浜市","所在地都道府県名":"神奈川県","管理市区町村":"横浜市","管理都道府県・整備局":"神奈川県","都市計画決定":"2"}},{"type":"Feature","geometry":{"type":"Point","coordinates":[139.503099097,35.461599023]},"properties":{"供用済面積":"904","供用開始年":"1965","公園名":"三ッ境東原公園","公園種別":"街区公園","所在地市区町村名":"横浜市","所在地都道府県名":"神奈川県","管理市区町村":"横浜市","管理都道府県・整備局":"神奈川県","都市計画決定":"2"}},{"type":"Feature","geometry":{"type":"Point","coordinates":[139.487274708,35.450339321]},"properties":{"供用済面積":"3130","供用開始年":"1991","公園名":"南瀬谷一丁目公園","公園種別":"街区公園","所在地市区町村名":"横浜市","所在地都道府県名":"神奈川県","管理市区町村":"横浜市","管理都道府県・整備局":"神奈川県","都市計画決定":"2"}},{"type":"Feature","geometry":{"type":"Point","coordinates":[139.487976217,35.461748373]},"properties":{"供用済面積":"7765","供用開始年":"1986","公園名":"南台公園","公園種別":"街区公園","所在地市区町村名":"横浜市","所在地都道府県名":"神奈川県","管理市区町村":"横浜市","管理都道府県・整備局":"神奈川県","都市計画決定":"2"}},{"type":"Feature","geometry":{"type":"Point","coordinates":[139.492278273,35.465048478]},"properties":{"供用済面積":"641","供用開始年":"1992","公園名":"南台第二公園","公園種別":"街区公園","所在地市区町村名":"横浜市","所在地都道府県名":"神奈川県","管理市区町村":"横浜市","管理都道府県・整備局":"神奈川県","都市計画決定":"2"}},{"type":"Feature","geometry":{"type":"Point","coordinates":[139.490136585,35.4553947]},"properties":{"供用済面積":"1603","供用開始年":"1976","公園名":"宮沢町公園","公園種別":"街区公園","所在地市区町村名":"横浜市","所在地都道府県名":"神奈川県","管理市区町村":"横浜市","管理都道府県・整備局":"神奈川県","都市計画決定":"1"}},{"type":"Feature","geometry":{"type":"Point","coordinates":[139.493798083,35.458921964]},"properties":{"供用済面積":"4021","供用開始年":"1981","公園名":"宮沢町第二公園","公園種別":"街区公園","所在地市区町村名":"横浜市","所在地都道府県名":"神奈川県","管理市区町村":"横浜市","管理都道府県・整備局":"神奈川県","都市計画決定":"1"}},{"type":"Feature","geometry":{"type":"Point","coordinates":[139.489547404,35.45951942]},"properties":{"供用済面積":"3198","供用開始年":"1984","公園名":"宮沢町第四公園","公園種別":"街区公園","所在地市区町村名":"横浜市","所在地都道府県名":"神奈川県","管理市区町村":"横浜市","管理都道府県・整備局":"神奈川県","都市計画決定":"2"}},{"type":"Feature","geometry":{"type":"Point","coordinates":[139.492395248,35.462885844]},"properties":{"供用済面積":"1950","供用開始年":"1994","公園名":"宮沢町第五公園","公園種別":"街区公園","所在地市区町村名":"横浜市","所在地都道府県名":"神奈川県","管理市区町村":"横浜市","管理都道府県・整備局":"神奈川県","都市計画決定":"2"}},{"type":"Feature","geometry":{"type":"Point","coordinates":[139.472067986,35.498261944]},"properties":{"供用済面積":"676","供用開始年":"1984","公園名":"目黒町公園","公園種別":"街区公園","所在地市区町村名":"横浜市","所在地都道府県名":"神奈川県","管理市区町村":"横浜市","管理都道府県・整備局":"神奈川県","都市計画決定":"2"}},{"type":"Feature","geometry":{"type":"Point","coordinates":[139.484707534,35.460105374]},"properties":{"供用済面積":"590","供用開始年":"1975","公園名":"谷戸尻公園","公園種別":"街区公園","所在地市区町村名":"横浜市","所在地都道府県名":"神奈川県","管理市区町村":"横浜市","管理都道府県・整備局":"神奈川県","都市計画決定":"2"}},{"type":"Feature","geometry":{"type":"Point","coordinates":[139.501233362,35.472835738]},"properties":{"供用済面積":"1557","供用開始年":"1965","公園名":"楽老北公園","公園種別":"街区公園","所在地市区町村名":"横浜市","所在地都道府県名":"神奈川県","管理市区町村":"横浜市","管理都道府県・整備局":"神奈川県","都市計画決定":"2"}},{"type":"Feature","geometry":{"type":"Point","coordinates":[139.499549902,35.470078262]},"properties":{"供用済面積":"1199","供用開始年":"2007","公園名":"楽老中公園","公園種別":"街区公園","所在地市区町村名":"横浜市","所在地都道府県名":"神奈川県","管理市区町村":"横浜市","管理都道府県・整備局":"神奈川県","都市計画決定":"2"}},{"type":"Feature","geometry":{"type":"Point","coordinates":[139.501050965,35.469021225]},"properties":{"供用済面積":"3770","供用開始年":"1966","公園名":"楽老南公園","公園種別":"街区公園","所在地市区町村名":"横浜市","所在地都道府県名":"神奈川県","管理市区町村":"横浜市","管理都道府県・整備局":"神奈川県","都市計画決定":"1"}},{"type":"Feature","geometry":{"type":"Point","coordinates":[139.485033696,35.548016131]},"properties":{"供用済面積":"6496","供用開始年":"2010","公園名":"奈良しぜん緑地","公園種別":"都市緑地","所在地市区町村名":"横浜市","所在地都道府県名":"神奈川県","管理市区町村":"横浜市","管理都道府県・整備局":"神奈川県","都市計画決定":"2"}}],"name":"14100_yokohama-shi_city_2023_park","type":"FeatureCollection"}